{
  "type": "FeatureCollection",
  "name": "arunachal_pradesh_landslides",
  "features": [
    {
      "type": "Feature",
      "properties": {
        "landslide_id": "AR/ES/82P04/2022/001",
        "zone_name": "NH-13 Slide 1 - NH-13",
        "state": "Arunachal Pradesh",
        "district": "East Siang",
        "toposheet": "82P04",
        "hazard_type": "LANDSLIDE",
        "risk_level": "HIGH",
        "historical_event_count": 1
      },
      "geometry": {
        "type": "Polygon",
        "coordinates": [
          [
            [
              95.24219444444444,
              28.1425
            ],
            [
              95.24217999862445,
              28.142205948579008
            ],
            [
              95.24213680028565,
              28.14191472903395
            ],
            [
              95.24206526545163,
              28.141629145968235
            ],
            [
              95.24196608304197,
              28.1413519497029
            ],
            [
              95.24184020823748,
              28.14108580978952
            ],
            [
              95.24168885328135,
              28.14083328930094
            ],
            [
              95.24151347580452,
              28.140596820147508
            ],
            [
              95.241315764788,
              28.14037867965644
            ],
            [
              95.24109762429693,
              28.14018096863991
            ],
            [
              95.24086115514349,
              28.140005591163092
            ],
            [
              95.24060863465492,
              28.139854236206954
            ],
            [
              95.24034249474153,
              28.139728361402465
            ],
            [
              95.2400652984762,
              28.139629178992802
            ],
            [
              95.23977971541048,
              28.13955764415879
            ],
            [
              95.23948849586543,
              28.13951444581998
            ],
            [
              95.23919444444444,
              28.139499999999998
            ],
            [
              95.23890039302344,
              28.13951444581998
            ],
            [
              95.2386091734784,
              28.13955764415879
            ],
            [
              95.23832359041268,
              28.139629178992802
            ],
            [
              95.23804639414735,
              28.139728361402465
            ],
            [
              95.23778025423395,
              28.139854236206954
            ],
            [
              95.23752773374538,
              28.140005591163092
            ],
            [
              95.23729126459195,
              28.14018096863991
            ],
            [
              95.23707312410087,
              28.14037867965644
            ],
            [
              95.23687541308435,
              28.140596820147508
            ],
            [
              95.23670003560753,
              28.14083328930094
            ],
            [
              95.2365486806514,
              28.14108580978952
            ],
            [
              95.2364228058469,
              28.1413519497029
            ],
            [
              95.23632362343724,
              28.141629145968235
            ],
            [
              95.23625208860322,
              28.14191472903395
            ],
            [
              95.23620889026442,
              28.142205948579008
            ],
            [
              95.23619444444444,
              28.1425
            ],
            [
              95.23620889026442,
              28.14279405142099
            ],
            [
              95.23625208860322,
              28.143085270966047
            ],
            [
              95.23632362343724,
              28.14337085403176
            ],
            [
              95.2364228058469,
              28.143648050297095
            ],
            [
              95.2365486806514,
              28.143914190210477
            ],
            [
              95.23670003560753,
              28.144166710699057
            ],
            [
              95.23687541308435,
              28.14440317985249
            ],
            [
              95.23707312410087,
              28.144621320343557
            ],
            [
              95.23729126459195,
              28.144819031360086
            ],
            [
              95.23752773374538,
              28.144994408836904
            ],
            [
              95.23778025423395,
              28.145145763793042
            ],
            [
              95.23804639414735,
              28.14527163859753
            ],
            [
              95.23832359041268,
              28.145370821007194
            ],
            [
              95.2386091734784,
              28.145442355841208
            ],
            [
              95.23890039302344,
              28.145485554180016
            ],
            [
              95.23919444444444,
              28.1455
            ],
            [
              95.23948849586543,
              28.145485554180016
            ],
            [
              95.23977971541048,
              28.145442355841208
            ],
            [
              95.2400652984762,
              28.145370821007194
            ],
            [
              95.24034249474153,
              28.14527163859753
            ],
            [
              95.24060863465492,
              28.145145763793042
            ],
            [
              95.24086115514349,
              28.144994408836904
            ],
            [
              95.24109762429693,
              28.144819031360086
            ],
            [
              95.241315764788,
              28.144621320343557
            ],
            [
              95.24151347580452,
              28.14440317985249
            ],
            [
              95.24168885328135,
              28.144166710699057
            ],
            [
              95.24184020823748,
              28.143914190210477
            ],
            [
              95.24196608304197,
              28.143648050297095
            ],
            [
              95.24206526545163,
              28.14337085403176
            ],
            [
              95.24213680028565,
              28.143085270966047
            ],
            [
              95.24217999862445,
              28.14279405142099
            ],
            [
              95.24219444444444,
              28.1425
            ]
          ]
        ]
      }
    },
    {
      "type": "Feature",
      "properties": {
        "landslide_id": "AR/ES/82P04/2022/002",
        "zone_name": "NH-13 Slide 2 - NH-13",
        "state": "Arunachal Pradesh",
        "district": "East Siang",
        "toposheet": "82P04",
        "hazard_type": "LANDSLIDE",
        "risk_level": "HIGH",
        "historical_event_count": 1
      },
      "geometry": {
        "type": "Polygon",
        "coordinates": [
          [
            [
              95.24216666666666,
              28.14530555555556
            ],
            [
              95.24215222084668,
              28.14501150413457
            ],
            [
              95.24210902250788,
              28.14472028458951
            ],
            [
              95.24203748767385,
              28.144434701523796
            ],
            [
              95.2419383052642,
              28.144157505258462
            ],
            [
              95.2418124304597,
              28.14389136534508
            ],
            [
              95.24166107550357,
              28.1436388448565
            ],
            [
              95.24148569802675,
              28.14340237570307
            ],
            [
              95.24128798701022,
              28.143184235212
            ],
            [
              95.24106984651915,
              28.14298652419547
            ],
            [
              95.24083337736572,
              28.142811146718653
            ],
            [
              95.24058085687714,
              28.142659791762515
            ],
            [
              95.24031471696375,
              28.142533916958026
            ],
            [
              95.24003752069842,
              28.142434734548363
            ],
            [
              95.2397519376327,
              28.14236319971435
            ],
            [
              95.23946071808766,
              28.14232000137554
            ],
            [
              95.23916666666666,
              28.14230555555556
            ],
            [
              95.23887261524567,
              28.14232000137554
            ],
            [
              95.23858139570062,
              28.14236319971435
            ],
            [
              95.2382958126349,
              28.142434734548363
            ],
            [
              95.23801861636957,
              28.142533916958026
            ],
            [
              95.23775247645618,
              28.142659791762515
            ],
            [
              95.2374999559676,
              28.142811146718653
            ],
            [
              95.23726348681417,
              28.14298652419547
            ],
            [
              95.2370453463231,
              28.143184235212
            ],
            [
              95.23684763530657,
              28.14340237570307
            ],
            [
              95.23667225782975,
              28.1436388448565
            ],
            [
              95.23652090287362,
              28.14389136534508
            ],
            [
              95.23639502806913,
              28.144157505258462
            ],
            [
              95.23629584565947,
              28.144434701523796
            ],
            [
              95.23622431082545,
              28.14472028458951
            ],
            [
              95.23618111248665,
              28.14501150413457
            ],
            [
              95.23616666666666,
              28.14530555555556
            ],
            [
              95.23618111248665,
              28.14559960697655
            ],
            [
              95.23622431082545,
              28.145890826521608
            ],
            [
              95.23629584565947,
              28.146176409587323
            ],
            [
              95.23639502806913,
              28.146453605852656
            ],
            [
              95.23652090287362,
              28.14671974576604
            ],
            [
              95.23667225782975,
              28.14697226625462
            ],
            [
              95.23684763530657,
              28.14720873540805
            ],
            [
              95.2370453463231,
              28.147426875899118
            ],
            [
              95.23726348681417,
              28.147624586915647
            ],
            [
              95.2374999559676,
              28.147799964392465
            ],
            [
              95.23775247645618,
              28.147951319348604
            ],
            [
              95.23801861636957,
              28.148077194153093
            ],
            [
              95.2382958126349,
              28.148176376562756
            ],
            [
              95.23858139570062,
              28.14824791139677
            ],
            [
              95.23887261524567,
              28.148291109735577
            ],
            [
              95.23916666666666,
              28.14830555555556
            ],
            [
              95.23946071808766,
              28.148291109735577
            ],
            [
              95.2397519376327,
              28.14824791139677
            ],
            [
              95.24003752069842,
              28.148176376562756
            ],
            [
              95.24031471696375,
              28.148077194153093
            ],
            [
              95.24058085687714,
              28.147951319348604
            ],
            [
              95.24083337736572,
              28.147799964392465
            ],
            [
              95.24106984651915,
              28.147624586915647
            ],
            [
              95.24128798701022,
              28.147426875899118
            ],
            [
              95.24148569802675,
              28.14720873540805
            ],
            [
              95.24166107550357,
              28.14697226625462
            ],
            [
              95.2418124304597,
              28.14671974576604
            ],
            [
              95.2419383052642,
              28.146453605852656
            ],
            [
              95.24203748767385,
              28.146176409587323
            ],
            [
              95.24210902250788,
              28.145890826521608
            ],
            [
              95.24215222084668,
              28.14559960697655
            ],
            [
              95.24216666666666,
              28.14530555555556
            ]
          ]
        ]
      }
    },
    {
      "type": "Feature",
      "properties": {
        "landslide_id": "AR/ES/82P04/2022/003",
        "zone_name": "NH-13 Slide 3 - NH-13",
        "state": "Arunachal Pradesh",
        "district": "East Siang",
        "toposheet": "82P04",
        "hazard_type": "LANDSLIDE",
        "risk_level": "HIGH",
        "historical_event_count": 1
      },
      "geometry": {
        "type": "Polygon",
        "coordinates": [
          [
            [
              95.22783333333334,
              28.147805555555557
            ],
            [
              95.22781888751335,
              28.147511504134567
            ],
            [
              95.22777568917455,
              28.14722028458951
            ],
            [
              95.22770415434053,
              28.146934701523794
            ],
            [
              95.22760497193087,
              28.14665750525846
            ],
            [
              95.22747909712638,
              28.146391365345078
            ],
            [
              95.22732774217025,
              28.146138844856498
            ],
            [
              95.22715236469342,
              28.145902375703066
            ],
            [
              95.2269546536769,
              28.145684235212
            ],
            [
              95.22673651318583,
              28.14548652419547
            ],
            [
              95.22650004403239,
              28.14531114671865
            ],
            [
              95.22624752354382,
              28.145159791762513
            ],
            [
              95.22598138363043,
              28.145033916958024
            ],
            [
              95.2257041873651,
              28.14493473454836
            ],
            [
              95.22541860429938,
              28.144863199714347
            ],
            [
              95.22512738475433,
              28.14482000137554
            ],
            [
              95.22483333333334,
              28.144805555555557
            ],
            [
              95.22453928191234,
              28.14482000137554
            ],
            [
              95.2242480623673,
              28.144863199714347
            ],
            [
              95.22396247930158,
              28.14493473454836
            ],
            [
              95.22368528303625,
              28.145033916958024
            ],
            [
              95.22341914312285,
              28.145159791762513
            ],
            [
              95.22316662263428,
              28.14531114671865
            ],
            [
              95.22293015348085,
              28.14548652419547
            ],
            [
              95.22271201298977,
              28.145684235212
            ],
            [
              95.22251430197325,
              28.145902375703066
            ],
            [
              95.22233892449643,
              28.146138844856498
            ],
            [
              95.2221875695403,
              28.146391365345078
            ],
            [
              95.2220616947358,
              28.14665750525846
            ],
            [
              95.22196251232614,
              28.146934701523794
            ],
            [
              95.22189097749212,
              28.14722028458951
            ],
            [
              95.22184777915332,
              28.147511504134567
            ],
            [
              95.22183333333334,
              28.147805555555557
            ],
            [
              95.22184777915332,
              28.148099606976547
            ],
            [
              95.22189097749212,
              28.148390826521606
            ],
            [
              95.22196251232614,
              28.14867640958732
            ],
            [
              95.2220616947358,
              28.148953605852654
            ],
            [
              95.2221875695403,
              28.149219745766036
            ],
            [
              95.22233892449643,
              28.149472266254616
            ],
            [
              95.22251430197325,
              28.149708735408048
            ],
            [
              95.22271201298977,
              28.149926875899116
            ],
            [
              95.22293015348085,
              28.150124586915645
            ],
            [
              95.22316662263428,
              28.150299964392463
            ],
            [
              95.22341914312285,
              28.1504513193486
            ],
            [
              95.22368528303625,
              28.15057719415309
            ],
            [
              95.22396247930158,
              28.150676376562753
            ],
            [
              95.2242480623673,
              28.150747911396767
            ],
            [
              95.22453928191234,
              28.150791109735575
            ],
            [
              95.22483333333334,
              28.150805555555557
            ],
            [
              95.22512738475433,
              28.150791109735575
            ],
            [
              95.22541860429938,
              28.150747911396767
            ],
            [
              95.2257041873651,
              28.150676376562753
            ],
            [
              95.22598138363043,
              28.15057719415309
            ],
            [
              95.22624752354382,
              28.1504513193486
            ],
            [
              95.22650004403239,
              28.150299964392463
            ],
            [
              95.22673651318583,
              28.150124586915645
            ],
            [
              95.2269546536769,
              28.149926875899116
            ],
            [
              95.22715236469342,
              28.149708735408048
            ],
            [
              95.22732774217025,
              28.149472266254616
            ],
            [
              95.22747909712638,
              28.149219745766036
            ],
            [
              95.22760497193087,
              28.148953605852654
            ],
            [
              95.22770415434053,
              28.14867640958732
            ],
            [
              95.22777568917455,
              28.148390826521606
            ],
            [
              95.22781888751335,
              28.148099606976547
            ],
            [
              95.22783333333334,
              28.147805555555557
            ]
          ]
        ]
      }
    },
    {
      "type": "Feature",
      "properties": {
        "landslide_id": "AR/ES/82P04/2022/004",
        "zone_name": "NH-13 Slide 4 - NH-13",
        "state": "Arunachal Pradesh",
        "district": "East Siang",
        "toposheet": "82P04",
        "hazard_type": "LANDSLIDE",
        "risk_level": "HIGH",
        "historical_event_count": 1
      },
      "geometry": {
        "type": "Polygon",
        "coordinates": [
          [
            [
              95.18469444444445,
              28.15411111111111
            ],
            [
              95.18467999862446,
              28.15381705969012
            ],
            [
              95.18463680028566,
              28.15352584014506
            ],
            [
              95.18456526545164,
              28.153240257079347
            ],
            [
              95.18446608304198,
              28.152963060814013
            ],
            [
              95.18434020823749,
              28.15269692090063
            ],
            [
              95.18418885328136,
              28.15244440041205
            ],
            [
              95.18401347580453,
              28.15220793125862
            ],
            [
              95.18381576478801,
              28.15198979076755
            ],
            [
              95.18359762429694,
              28.151792079751022
            ],
            [
              95.1833611551435,
              28.151616702274204
            ],
            [
              95.18310863465493,
              28.151465347318066
            ],
            [
              95.18284249474154,
              28.151339472513577
            ],
            [
              95.1825652984762,
              28.151240290103914
            ],
            [
              95.18227971541049,
              28.1511687552699
            ],
            [
              95.18198849586544,
              28.151125556931092
            ],
            [
              95.18169444444445,
              28.15111111111111
            ],
            [
              95.18140039302345,
              28.151125556931092
            ],
            [
              95.1811091734784,
              28.1511687552699
            ],
            [
              95.18082359041269,
              28.151240290103914
            ],
            [
              95.18054639414736,
              28.151339472513577
            ],
            [
              95.18028025423396,
              28.151465347318066
            ],
            [
              95.18002773374539,
              28.151616702274204
            ],
            [
              95.17979126459196,
              28.151792079751022
            ],
            [
              95.17957312410088,
              28.15198979076755
            ],
            [
              95.17937541308436,
              28.15220793125862
            ],
            [
              95.17920003560754,
              28.15244440041205
            ],
            [
              95.1790486806514,
              28.15269692090063
            ],
            [
              95.17892280584691,
              28.152963060814013
            ],
            [
              95.17882362343725,
              28.153240257079347
            ],
            [
              95.17875208860323,
              28.15352584014506
            ],
            [
              95.17870889026443,
              28.15381705969012
            ],
            [
              95.17869444444445,
              28.15411111111111
            ],
            [
              95.17870889026443,
              28.1544051625321
            ],
            [
              95.17875208860323,
              28.15469638207716
            ],
            [
              95.17882362343725,
              28.154981965142873
            ],
            [
              95.17892280584691,
              28.155259161408207
            ],
            [
              95.1790486806514,
              28.15552530132159
            ],
            [
              95.17920003560754,
              28.15577782181017
            ],
            [
              95.17937541308436,
              28.1560142909636
            ],
            [
              95.17957312410088,
              28.15623243145467
            ],
            [
              95.17979126459196,
              28.156430142471198
            ],
            [
              95.18002773374539,
              28.156605519948016
            ],
            [
              95.18028025423396,
              28.156756874904154
            ],
            [
              95.18054639414736,
              28.156882749708643
            ],
            [
              95.18082359041269,
              28.156981932118306
            ],
            [
              95.1811091734784,
              28.15705346695232
            ],
            [
              95.18140039302345,
              28.157096665291128
            ],
            [
              95.18169444444445,
              28.15711111111111
            ],
            [
              95.18198849586544,
              28.157096665291128
            ],
            [
              95.18227971541049,
              28.15705346695232
            ],
            [
              95.1825652984762,
              28.156981932118306
            ],
            [
              95.18284249474154,
              28.156882749708643
            ],
            [
              95.18310863465493,
              28.156756874904154
            ],
            [
              95.1833611551435,
              28.156605519948016
            ],
            [
              95.18359762429694,
              28.156430142471198
            ],
            [
              95.18381576478801,
              28.15623243145467
            ],
            [
              95.18401347580453,
              28.1560142909636
            ],
            [
              95.18418885328136,
              28.15577782181017
            ],
            [
              95.18434020823749,
              28.15552530132159
            ],
            [
              95.18446608304198,
              28.155259161408207
            ],
            [
              95.18456526545164,
              28.154981965142873
            ],
            [
              95.18463680028566,
              28.15469638207716
            ],
            [
              95.18467999862446,
              28.1544051625321
            ],
            [
              95.18469444444445,
              28.15411111111111
            ]
          ]
        ]
      }
    },
    {
      "type": "Feature",
      "properties": {
        "landslide_id": "AR/S/82P04/2022/005",
        "zone_name": "NH-13 Slide 5 - NH-13",
        "state": "Arunachal Pradesh",
        "district": "East Siang",
        "toposheet": "82P04",
        "hazard_type": "LANDSLIDE",
        "risk_level": "HIGH",
        "historical_event_count": 1
      },
      "geometry": {
        "type": "Polygon",
        "coordinates": [
          [
            [
              95.14844444444444,
              28.13505555555556
            ],
            [
              95.14842999862445,
              28.13476150413457
            ],
            [
              95.14838680028565,
              28.13447028458951
            ],
            [
              95.14831526545163,
              28.134184701523797
            ],
            [
              95.14821608304197,
              28.133907505258463
            ],
            [
              95.14809020823748,
              28.13364136534508
            ],
            [
              95.14793885328135,
              28.1333888448565
            ],
            [
              95.14776347580452,
              28.13315237570307
            ],
            [
              95.147565764788,
              28.132934235212
            ],
            [
              95.14734762429693,
              28.132736524195472
            ],
            [
              95.14711115514349,
              28.132561146718654
            ],
            [
              95.14685863465492,
              28.132409791762516
            ],
            [
              95.14659249474153,
              28.132283916958027
            ],
            [
              95.1463152984762,
              28.132184734548364
            ],
            [
              95.14602971541048,
              28.13211319971435
            ],
            [
              95.14573849586543,
              28.132070001375542
            ],
            [
              95.14544444444444,
              28.13205555555556
            ],
            [
              95.14515039302344,
              28.132070001375542
            ],
            [
              95.1448591734784,
              28.13211319971435
            ],
            [
              95.14457359041268,
              28.132184734548364
            ],
            [
              95.14429639414735,
              28.132283916958027
            ],
            [
              95.14403025423395,
              28.132409791762516
            ],
            [
              95.14377773374538,
              28.132561146718654
            ],
            [
              95.14354126459195,
              28.132736524195472
            ],
            [
              95.14332312410087,
              28.132934235212
            ],
            [
              95.14312541308435,
              28.13315237570307
            ],
            [
              95.14295003560753,
              28.1333888448565
            ],
            [
              95.1427986806514,
              28.13364136534508
            ],
            [
              95.1426728058469,
              28.133907505258463
            ],
            [
              95.14257362343724,
              28.134184701523797
            ],
            [
              95.14250208860322,
              28.13447028458951
            ],
            [
              95.14245889026442,
              28.13476150413457
            ],
            [
              95.14244444444444,
              28.13505555555556
            ],
            [
              95.14245889026442,
              28.13534960697655
            ],
            [
              95.14250208860322,
              28.13564082652161
            ],
            [
              95.14257362343724,
              28.135926409587324
            ],
            [
              95.1426728058469,
              28.136203605852657
            ],
            [
              95.1427986806514,
              28.13646974576604
            ],
            [
              95.14295003560753,
              28.13672226625462
            ],
            [
              95.14312541308435,
              28.13695873540805
            ],
            [
              95.14332312410087,
              28.13717687589912
            ],
            [
              95.14354126459195,
              28.137374586915648
            ],
            [
              95.14377773374538,
              28.137549964392466
            ],
            [
              95.14403025423395,
              28.137701319348604
            ],
            [
              95.14429639414735,
              28.137827194153093
            ],
            [
              95.14457359041268,
              28.137926376562756
            ],
            [
              95.1448591734784,
              28.13799791139677
            ],
            [
              95.14515039302344,
              28.13804110973558
            ],
            [
              95.14544444444444,
              28.13805555555556
            ],
            [
              95.14573849586543,
              28.13804110973558
            ],
            [
              95.14602971541048,
              28.13799791139677
            ],
            [
              95.1463152984762,
              28.137926376562756
            ],
            [
              95.14659249474153,
              28.137827194153093
            ],
            [
              95.14685863465492,
              28.137701319348604
            ],
            [
              95.14711115514349,
              28.137549964392466
            ],
            [
              95.14734762429693,
              28.137374586915648
            ],
            [
              95.147565764788,
              28.13717687589912
            ],
            [
              95.14776347580452,
              28.13695873540805
            ],
            [
              95.14793885328135,
              28.13672226625462
            ],
            [
              95.14809020823748,
              28.13646974576604
            ],
            [
              95.14821608304197,
              28.136203605852657
            ],
            [
              95.14831526545163,
              28.135926409587324
            ],
            [
              95.14838680028565,
              28.13564082652161
            ],
            [
              95.14842999862445,
              28.13534960697655
            ],
            [
              95.14844444444444,
              28.13505555555556
            ]
          ]
        ]
      }
    },
    {
      "type": "Feature",
      "properties": {
        "landslide_id": "AR/S/82P04/2022/006",
        "zone_name": "NH-13 Slide 6 - NH-13",
        "state": "Arunachal Pradesh",
        "district": "East Siang",
        "toposheet": "82P04",
        "hazard_type": "LANDSLIDE",
        "risk_level": "HIGH",
        "historical_event_count": 1
      },
      "geometry": {
        "type": "Polygon",
        "coordinates": [
          [
            [
              95.13918611111112,
              28.131694444444445
            ],
            [
              95.13917166529113,
              28.131400393023455
            ],
            [
              95.13912846695233,
              28.131109173478396
            ],
            [
              95.13905693211831,
              28.13082359041268
            ],
            [
              95.13895774970865,
              28.13054639414735
            ],
            [
              95.13883187490416,
              28.130280254233966
            ],
            [
              95.13868051994802,
              28.130027733745386
            ],
            [
              95.1385051424712,
              28.129791264591955
            ],
            [
              95.13830743145468,
              28.129573124100887
            ],
            [
              95.1380892909636,
              28.129375413084357
            ],
            [
              95.13785282181017,
              28.12920003560754
            ],
            [
              95.1376003013216,
              28.1290486806514
            ],
            [
              95.1373341614082,
              28.128922805846912
            ],
            [
              95.13705696514288,
              28.12882362343725
            ],
            [
              95.13677138207716,
              28.128752088603235
            ],
            [
              95.13648016253211,
              28.128708890264427
            ],
            [
              95.13618611111112,
              28.128694444444445
            ],
            [
              95.13589205969012,
              28.128708890264427
            ],
            [
              95.13560084014507,
              28.128752088603235
            ],
            [
              95.13531525707936,
              28.12882362343725
            ],
            [
              95.13503806081403,
              28.128922805846912
            ],
            [
              95.13477192090063,
              28.1290486806514
            ],
            [
              95.13451940041206,
              28.12920003560754
            ],
            [
              95.13428293125862,
              28.129375413084357
            ],
            [
              95.13406479076755,
              28.129573124100887
            ],
            [
              95.13386707975103,
              28.129791264591955
            ],
            [
              95.1336917022742,
              28.130027733745386
            ],
            [
              95.13354034731807,
              28.130280254233966
            ],
            [
              95.13341447251358,
              28.13054639414735
            ],
            [
              95.13331529010392,
              28.13082359041268
            ],
            [
              95.1332437552699,
              28.131109173478396
            ],
            [
              95.1332005569311,
              28.131400393023455
            ],
            [
              95.13318611111112,
              28.131694444444445
            ],
            [
              95.1332005569311,
              28.131988495865436
            ],
            [
              95.1332437552699,
              28.132279715410494
            ],
            [
              95.13331529010392,
              28.13256529847621
            ],
            [
              95.13341447251358,
              28.132842494741542
            ],
            [
              95.13354034731807,
              28.133108634654924
            ],
            [
              95.1336917022742,
              28.133361155143504
            ],
            [
              95.13386707975103,
              28.133597624296936
            ],
            [
              95.13406479076755,
              28.133815764788004
            ],
            [
              95.13428293125862,
              28.134013475804533
            ],
            [
              95.13451940041206,
              28.13418885328135
            ],
            [
              95.13477192090063,
              28.13434020823749
            ],
            [
              95.13503806081403,
              28.13446608304198
            ],
            [
              95.13531525707936,
              28.13456526545164
            ],
            [
              95.13560084014507,
              28.134636800285655
            ],
            [
              95.13589205969012,
              28.134679998624463
            ],
            [
              95.13618611111112,
              28.134694444444445
            ],
            [
              95.13648016253211,
              28.134679998624463
            ],
            [
              95.13677138207716,
              28.134636800285655
            ],
            [
              95.13705696514288,
              28.13456526545164
            ],
            [
              95.1373341614082,
              28.13446608304198
            ],
            [
              95.1376003013216,
              28.13434020823749
            ],
            [
              95.13785282181017,
              28.13418885328135
            ],
            [
              95.1380892909636,
              28.134013475804533
            ],
            [
              95.13830743145468,
              28.133815764788004
            ],
            [
              95.1385051424712,
              28.133597624296936
            ],
            [
              95.13868051994802,
              28.133361155143504
            ],
            [
              95.13883187490416,
              28.133108634654924
            ],
            [
              95.13895774970865,
              28.132842494741542
            ],
            [
              95.13905693211831,
              28.13256529847621
            ],
            [
              95.13912846695233,
              28.132279715410494
            ],
            [
              95.13917166529113,
              28.131988495865436
            ],
            [
              95.13918611111112,
              28.131694444444445
            ]
          ]
        ]
      }
    },
    {
      "type": "Feature",
      "properties": {
        "landslide_id": "AR/S/82P04/2022/007",
        "zone_name": "NH-13 Slide 7 - NH-13",
        "state": "Arunachal Pradesh",
        "district": "East Siang",
        "toposheet": "82P04",
        "hazard_type": "LANDSLIDE",
        "risk_level": "HIGH",
        "historical_event_count": 1
      },
      "geometry": {
        "type": "Polygon",
        "coordinates": [
          [
            [
              95.22129444444444,
              28.153033333333333
            ],
            [
              95.22127999862445,
              28.152739281912343
            ],
            [
              95.22123680028565,
              28.152448062367284
            ],
            [
              95.22116526545163,
              28.15216247930157
            ],
            [
              95.22106608304198,
              28.151885283036236
            ],
            [
              95.22094020823748,
              28.151619143122854
            ],
            [
              95.22078885328135,
              28.151366622634274
            ],
            [
              95.22061347580453,
              28.151130153480842
            ],
            [
              95.220415764788,
              28.150912012989775
            ],
            [
              95.22019762429693,
              28.150714301973245
            ],
            [
              95.2199611551435,
              28.150538924496427
            ],
            [
              95.21970863465492,
              28.15038756954029
            ],
            [
              95.21944249474153,
              28.1502616947358
            ],
            [
              95.2191652984762,
              28.150162512326137
            ],
            [
              95.21887971541048,
              28.150090977492123
            ],
            [
              95.21858849586543,
              28.150047779153315
            ],
            [
              95.21829444444444,
              28.150033333333333
            ],
            [
              95.21800039302344,
              28.150047779153315
            ],
            [
              95.2177091734784,
              28.150090977492123
            ],
            [
              95.21742359041268,
              28.150162512326137
            ],
            [
              95.21714639414735,
              28.1502616947358
            ],
            [
              95.21688025423396,
              28.15038756954029
            ],
            [
              95.21662773374538,
              28.150538924496427
            ],
            [
              95.21639126459195,
              28.150714301973245
            ],
            [
              95.21617312410088,
              28.150912012989775
            ],
            [
              95.21597541308435,
              28.151130153480842
            ],
            [
              95.21580003560753,
              28.151366622634274
            ],
            [
              95.2156486806514,
              28.151619143122854
            ],
            [
              95.2155228058469,
              28.151885283036236
            ],
            [
              95.21542362343725,
              28.15216247930157
            ],
            [
              95.21535208860323,
              28.152448062367284
            ],
            [
              95.21530889026442,
              28.152739281912343
            ],
            [
              95.21529444444444,
              28.153033333333333
            ],
            [
              95.21530889026442,
              28.153327384754324
            ],
            [
              95.21535208860323,
              28.153618604299382
            ],
            [
              95.21542362343725,
              28.153904187365097
            ],
            [
              95.2155228058469,
              28.15418138363043
            ],
            [
              95.2156486806514,
              28.154447523543812
            ],
            [
              95.21580003560753,
              28.154700044032392
            ],
            [
              95.21597541308435,
              28.154936513185824
            ],
            [
              95.21617312410088,
              28.15515465367689
            ],
            [
              95.21639126459195,
              28.15535236469342
            ],
            [
              95.21662773374538,
              28.15552774217024
            ],
            [
              95.21688025423396,
              28.155679097126377
            ],
            [
              95.21714639414735,
              28.155804971930866
            ],
            [
              95.21742359041268,
              28.15590415434053
            ],
            [
              95.2177091734784,
              28.155975689174543
            ],
            [
              95.21800039302344,
              28.15601888751335
            ],
            [
              95.21829444444444,
              28.156033333333333
            ],
            [
              95.21858849586543,
              28.15601888751335
            ],
            [
              95.21887971541048,
              28.155975689174543
            ],
            [
              95.2191652984762,
              28.15590415434053
            ],
            [
              95.21944249474153,
              28.155804971930866
            ],
            [
              95.21970863465492,
              28.155679097126377
            ],
            [
              95.2199611551435,
              28.15552774217024
            ],
            [
              95.22019762429693,
              28.15535236469342
            ],
            [
              95.220415764788,
              28.15515465367689
            ],
            [
              95.22061347580453,
              28.154936513185824
            ],
            [
              95.22078885328135,
              28.154700044032392
            ],
            [
              95.22094020823748,
              28.154447523543812
            ],
            [
              95.22106608304198,
              28.15418138363043
            ],
            [
              95.22116526545163,
              28.153904187365097
            ],
            [
              95.22123680028565,
              28.153618604299382
            ],
            [
              95.22127999862445,
              28.153327384754324
            ],
            [
              95.22129444444444,
              28.153033333333333
            ]
          ]
        ]
      }
    },
    {
      "type": "Feature",
      "properties": {
        "landslide_id": "AR/ES/82P04/2022/008",
        "zone_name": "Pasighat-Yingkiong road Slide 1 - NH-13 (Pasighat-Yingkiong road)",
        "state": "Arunachal Pradesh Photo 7(a) 77",
        "district": "East Siang",
        "toposheet": "82P04",
        "hazard_type": "LANDSLIDE",
        "risk_level": "HIGH",
        "historical_event_count": 1
      },
      "geometry": {
        "type": "Polygon",
        "coordinates": [
          [
            [
              95.2436388888889,
              28.169611111111116
            ],
            [
              95.24362444306891,
              28.169317059690126
            ],
            [
              95.24358124473011,
              28.169025840145068
            ],
            [
              95.24350970989609,
              28.168740257079353
            ],
            [
              95.24341052748643,
              28.16846306081402
            ],
            [
              95.24328465268194,
              28.168196920900638
            ],
            [
              95.2431332977258,
              28.167944400412058
            ],
            [
              95.24295792024898,
              28.167707931258626
            ],
            [
              95.24276020923246,
              28.167489790767558
            ],
            [
              95.24254206874139,
              28.16729207975103
            ],
            [
              95.24230559958795,
              28.16711670227421
            ],
            [
              95.24205307909938,
              28.166965347318072
            ],
            [
              95.24178693918599,
              28.166839472513583
            ],
            [
              95.24150974292066,
              28.16674029010392
            ],
            [
              95.24122415985494,
              28.166668755269907
            ],
            [
              95.24093294030989,
              28.1666255569311
            ],
            [
              95.2406388888889,
              28.166611111111116
            ],
            [
              95.2403448374679,
              28.1666255569311
            ],
            [
              95.24005361792285,
              28.166668755269907
            ],
            [
              95.23976803485714,
              28.16674029010392
            ],
            [
              95.2394908385918,
              28.166839472513583
            ],
            [
              95.23922469867841,
              28.166965347318072
            ],
            [
              95.23897217818984,
              28.16711670227421
            ],
            [
              95.2387357090364,
              28.16729207975103
            ],
            [
              95.23851756854533,
              28.167489790767558
            ],
            [
              95.23831985752881,
              28.167707931258626
            ],
            [
              95.23814448005199,
              28.167944400412058
            ],
            [
              95.23799312509585,
              28.168196920900638
            ],
            [
              95.23786725029136,
              28.16846306081402
            ],
            [
              95.2377680678817,
              28.168740257079353
            ],
            [
              95.23769653304768,
              28.169025840145068
            ],
            [
              95.23765333470888,
              28.169317059690126
            ],
            [
              95.2376388888889,
              28.169611111111116
            ],
            [
              95.23765333470888,
              28.169905162532107
            ],
            [
              95.23769653304768,
              28.170196382077165
            ],
            [
              95.2377680678817,
              28.17048196514288
            ],
            [
              95.23786725029136,
              28.170759161408213
            ],
            [
              95.23799312509585,
              28.171025301321595
            ],
            [
              95.23814448005199,
              28.171277821810175
            ],
            [
              95.23831985752881,
              28.171514290963607
            ],
            [
              95.23851756854533,
              28.171732431454675
            ],
            [
              95.2387357090364,
              28.171930142471204
            ],
            [
              95.23897217818984,
              28.172105519948023
            ],
            [
              95.23922469867841,
              28.17225687490416
            ],
            [
              95.2394908385918,
              28.17238274970865
            ],
            [
              95.23976803485714,
              28.172481932118313
            ],
            [
              95.24005361792285,
              28.172553466952326
            ],
            [
              95.2403448374679,
              28.172596665291135
            ],
            [
              95.2406388888889,
              28.172611111111117
            ],
            [
              95.24093294030989,
              28.172596665291135
            ],
            [
              95.24122415985494,
              28.172553466952326
            ],
            [
              95.24150974292066,
              28.172481932118313
            ],
            [
              95.24178693918599,
              28.17238274970865
            ],
            [
              95.24205307909938,
              28.17225687490416
            ],
            [
              95.24230559958795,
              28.172105519948023
            ],
            [
              95.24254206874139,
              28.171930142471204
            ],
            [
              95.24276020923246,
              28.171732431454675
            ],
            [
              95.24295792024898,
              28.171514290963607
            ],
            [
              95.2431332977258,
              28.171277821810175
            ],
            [
              95.24328465268194,
              28.171025301321595
            ],
            [
              95.24341052748643,
              28.170759161408213
            ],
            [
              95.24350970989609,
              28.17048196514288
            ],
            [
              95.24358124473011,
              28.170196382077165
            ],
            [
              95.24362444306891,
              28.169905162532107
            ],
            [
              95.2436388888889,
              28.169611111111116
            ]
          ]
        ]
      }
    },
    {
      "type": "Feature",
      "properties": {
        "landslide_id": "AR/ES/82P04/2022/009",
        "zone_name": "Pasighat-Yingkiong road Slide 2 - NH-13 (Pasighat-Yingkiong road)",
        "state": "Arunachal Pradesh",
        "district": "East Siang",
        "toposheet": "82P04",
        "hazard_type": "LANDSLIDE",
        "risk_level": "HIGH",
        "historical_event_count": 1
      },
      "geometry": {
        "type": "Polygon",
        "coordinates": [
          [
            [
              95.23872222222222,
              28.16938888888889
            ],
            [
              95.23870777640224,
              28.1690948374679
            ],
            [
              95.23866457806344,
              28.16880361792284
            ],
            [
              95.23859304322941,
              28.168518034857126
            ],
            [
              95.23849386081976,
              28.168240838591792
            ],
            [
              95.23836798601526,
              28.16797469867841
            ],
            [
              95.23821663105913,
              28.16772217818983
            ],
            [
              95.23804125358231,
              28.1674857090364
            ],
            [
              95.23784354256578,
              28.16726756854533
            ],
            [
              95.23762540207471,
              28.1670698575288
            ],
            [
              95.23738893292128,
              28.166894480051983
            ],
            [
              95.2371364124327,
              28.166743125095845
            ],
            [
              95.23687027251931,
              28.166617250291356
            ],
            [
              95.23659307625398,
              28.166518067881693
            ],
            [
              95.23630749318826,
              28.16644653304768
            ],
            [
              95.23601627364322,
              28.16640333470887
            ],
            [
              95.23572222222222,
              28.16638888888889
            ],
            [
              95.23542817080123,
              28.16640333470887
            ],
            [
              95.23513695125618,
              28.16644653304768
            ],
            [
              95.23485136819046,
              28.166518067881693
            ],
            [
              95.23457417192513,
              28.166617250291356
            ],
            [
              95.23430803201174,
              28.166743125095845
            ],
            [
              95.23405551152317,
              28.166894480051983
            ],
            [
              95.23381904236973,
              28.1670698575288
            ],
            [
              95.23360090187866,
              28.16726756854533
            ],
            [
              95.23340319086213,
              28.1674857090364
            ],
            [
              95.23322781338531,
              28.16772217818983
            ],
            [
              95.23307645842918,
              28.16797469867841
            ],
            [
              95.23295058362469,
              28.168240838591792
            ],
            [
              95.23285140121503,
              28.168518034857126
            ],
            [
              95.23277986638101,
              28.16880361792284
            ],
            [
              95.23273666804221,
              28.1690948374679
            ],
            [
              95.23272222222222,
              28.16938888888889
            ],
            [
              95.23273666804221,
              28.16968294030988
            ],
            [
              95.23277986638101,
              28.169974159854938
            ],
            [
              95.23285140121503,
              28.170259742920653
            ],
            [
              95.23295058362469,
              28.170536939185986
            ],
            [
              95.23307645842918,
              28.170803079099368
            ],
            [
              95.23322781338531,
              28.171055599587948
            ],
            [
              95.23340319086213,
              28.17129206874138
            ],
            [
              95.23360090187866,
              28.171510209232448
            ],
            [
              95.23381904236973,
              28.171707920248977
            ],
            [
              95.23405551152317,
              28.171883297725795
            ],
            [
              95.23430803201174,
              28.172034652681933
            ],
            [
              95.23457417192513,
              28.172160527486422
            ],
            [
              95.23485136819046,
              28.172259709896085
            ],
            [
              95.23513695125618,
              28.1723312447301
            ],
            [
              95.23542817080123,
              28.172374443068907
            ],
            [
              95.23572222222222,
              28.17238888888889
            ],
            [
              95.23601627364322,
              28.172374443068907
            ],
            [
              95.23630749318826,
              28.1723312447301
            ],
            [
              95.23659307625398,
              28.172259709896085
            ],
            [
              95.23687027251931,
              28.172160527486422
            ],
            [
              95.2371364124327,
              28.172034652681933
            ],
            [
              95.23738893292128,
              28.171883297725795
            ],
            [
              95.23762540207471,
              28.171707920248977
            ],
            [
              95.23784354256578,
              28.171510209232448
            ],
            [
              95.23804125358231,
              28.17129206874138
            ],
            [
              95.23821663105913,
              28.171055599587948
            ],
            [
              95.23836798601526,
              28.170803079099368
            ],
            [
              95.23849386081976,
              28.170536939185986
            ],
            [
              95.23859304322941,
              28.170259742920653
            ],
            [
              95.23866457806344,
              28.169974159854938
            ],
            [
              95.23870777640224,
              28.16968294030988
            ],
            [
              95.23872222222222,
              28.16938888888889
            ]
          ]
        ]
      }
    },
    {
      "type": "Feature",
      "properties": {
        "landslide_id": "AR/ES/82P04/2022/010",
        "zone_name": "Pasighat-Yingkiong road Slide 3 - NH-513",
        "state": "Arunachal Pradesh",
        "district": "East Siang",
        "toposheet": "82P04",
        "hazard_type": "LANDSLIDE",
        "risk_level": "HIGH",
        "historical_event_count": 1
      },
      "geometry": {
        "type": "Polygon",
        "coordinates": [
          [
            [
              95.22691666666668,
              28.169583333333332
            ],
            [
              95.2269022208467,
              28.16928928191234
            ],
            [
              95.2268590225079,
              28.168998062367283
            ],
            [
              95.22678748767387,
              28.16871247930157
            ],
            [
              95.22668830526422,
              28.168435283036235
            ],
            [
              95.22656243045972,
              28.168169143122853
            ],
            [
              95.22641107550359,
              28.167916622634273
            ],
            [
              95.22623569802677,
              28.16768015348084
            ],
            [
              95.22603798701024,
              28.167462012989773
            ],
            [
              95.22581984651917,
              28.167264301973244
            ],
            [
              95.22558337736574,
              28.167088924496426
            ],
            [
              95.22533085687716,
              28.166937569540288
            ],
            [
              95.22506471696377,
              28.1668116947358
            ],
            [
              95.22478752069844,
              28.166712512326136
            ],
            [
              95.22450193763272,
              28.166640977492122
            ],
            [
              95.22421071808768,
              28.166597779153314
            ],
            [
              95.22391666666668,
              28.16658333333333
            ],
            [
              95.22362261524569,
              28.166597779153314
            ],
            [
              95.22333139570064,
              28.166640977492122
            ],
            [
              95.22304581263492,
              28.166712512326136
            ],
            [
              95.22276861636959,
              28.1668116947358
            ],
            [
              95.2225024764562,
              28.166937569540288
            ],
            [
              95.22224995596763,
              28.167088924496426
            ],
            [
              95.22201348681419,
              28.167264301973244
            ],
            [
              95.22179534632312,
              28.167462012989773
            ],
            [
              95.2215976353066,
              28.16768015348084
            ],
            [
              95.22142225782977,
              28.167916622634273
            ],
            [
              95.22127090287364,
              28.168169143122853
            ],
            [
              95.22114502806915,
              28.168435283036235
            ],
            [
              95.22104584565949,
              28.16871247930157
            ],
            [
              95.22097431082547,
              28.168998062367283
            ],
            [
              95.22093111248667,
              28.16928928191234
            ],
            [
              95.22091666666668,
              28.169583333333332
            ],
            [
              95.22093111248667,
              28.169877384754322
            ],
            [
              95.22097431082547,
              28.17016860429938
            ],
            [
              95.22104584565949,
              28.170454187365095
            ],
            [
              95.22114502806915,
              28.17073138363043
            ],
            [
              95.22127090287364,
              28.17099752354381
            ],
            [
              95.22142225782977,
              28.17125004403239
            ],
            [
              95.2215976353066,
              28.171486513185823
            ],
            [
              95.22179534632312,
              28.17170465367689
            ],
            [
              95.22201348681419,
              28.17190236469342
            ],
            [
              95.22224995596763,
              28.172077742170238
            ],
            [
              95.2225024764562,
              28.172229097126376
            ],
            [
              95.22276861636959,
              28.172354971930865
            ],
            [
              95.22304581263492,
              28.172454154340528
            ],
            [
              95.22333139570064,
              28.17252568917454
            ],
            [
              95.22362261524569,
              28.17256888751335
            ],
            [
              95.22391666666668,
              28.172583333333332
            ],
            [
              95.22421071808768,
              28.17256888751335
            ],
            [
              95.22450193763272,
              28.17252568917454
            ],
            [
              95.22478752069844,
              28.172454154340528
            ],
            [
              95.22506471696377,
              28.172354971930865
            ],
            [
              95.22533085687716,
              28.172229097126376
            ],
            [
              95.22558337736574,
              28.172077742170238
            ],
            [
              95.22581984651917,
              28.17190236469342
            ],
            [
              95.22603798701024,
              28.17170465367689
            ],
            [
              95.22623569802677,
              28.171486513185823
            ],
            [
              95.22641107550359,
              28.17125004403239
            ],
            [
              95.22656243045972,
              28.17099752354381
            ],
            [
              95.22668830526422,
              28.17073138363043
            ],
            [
              95.22678748767387,
              28.170454187365095
            ],
            [
              95.2268590225079,
              28.17016860429938
            ],
            [
              95.2269022208467,
              28.169877384754322
            ],
            [
              95.22691666666668,
              28.169583333333332
            ]
          ]
        ]
      }
    },
    {
      "type": "Feature",
      "properties": {
        "landslide_id": "AR/ES/82P04/2022/011",
        "zone_name": "Pasighat-Yingkiong road Slide 4 - NH-513",
        "state": "Arunachal Pradesh",
        "district": "East Siang",
        "toposheet": "82P04",
        "hazard_type": "LANDSLIDE",
        "risk_level": "HIGH",
        "historical_event_count": 1
      },
      "geometry": {
        "type": "Polygon",
        "coordinates": [
          [
            [
              95.22486111111112,
              28.17555555555556
            ],
            [
              95.22484666529114,
              28.17526150413457
            ],
            [
              95.22480346695234,
              28.174970284589513
            ],
            [
              95.22473193211832,
              28.1746847015238
            ],
            [
              95.22463274970866,
              28.174407505258465
            ],
            [
              95.22450687490416,
              28.174141365345083
            ],
            [
              95.22435551994803,
              28.173888844856503
            ],
            [
              95.22418014247121,
              28.17365237570307
            ],
            [
              95.22398243145469,
              28.173434235212003
            ],
            [
              95.22376429096362,
              28.173236524195474
            ],
            [
              95.22352782181018,
              28.173061146718656
            ],
            [
              95.2232753013216,
              28.172909791762518
            ],
            [
              95.22300916140821,
              28.17278391695803
            ],
            [
              95.22273196514288,
              28.172684734548366
            ],
            [
              95.22244638207717,
              28.172613199714352
            ],
            [
              95.22215516253212,
              28.172570001375544
            ],
            [
              95.22186111111112,
              28.17255555555556
            ],
            [
              95.22156705969013,
              28.172570001375544
            ],
            [
              95.22127584014508,
              28.172613199714352
            ],
            [
              95.22099025707936,
              28.172684734548366
            ],
            [
              95.22071306081403,
              28.17278391695803
            ],
            [
              95.22044692090064,
              28.172909791762518
            ],
            [
              95.22019440041207,
              28.173061146718656
            ],
            [
              95.21995793125863,
              28.173236524195474
            ],
            [
              95.21973979076756,
              28.173434235212003
            ],
            [
              95.21954207975104,
              28.17365237570307
            ],
            [
              95.21936670227421,
              28.173888844856503
            ],
            [
              95.21921534731808,
              28.174141365345083
            ],
            [
              95.21908947251359,
              28.174407505258465
            ],
            [
              95.21899029010393,
              28.1746847015238
            ],
            [
              95.21891875526991,
              28.174970284589513
            ],
            [
              95.21887555693111,
              28.17526150413457
            ],
            [
              95.21886111111112,
              28.17555555555556
            ],
            [
              95.21887555693111,
              28.175849606976552
            ],
            [
              95.21891875526991,
              28.17614082652161
            ],
            [
              95.21899029010393,
              28.176426409587325
            ],
            [
              95.21908947251359,
              28.17670360585266
            ],
            [
              95.21921534731808,
              28.17696974576604
            ],
            [
              95.21936670227421,
              28.17722226625462
            ],
            [
              95.21954207975104,
              28.177458735408052
            ],
            [
              95.21973979076756,
              28.17767687589912
            ],
            [
              95.21995793125863,
              28.17787458691565
            ],
            [
              95.22019440041207,
              28.178049964392468
            ],
            [
              95.22044692090064,
              28.178201319348606
            ],
            [
              95.22071306081403,
              28.178327194153095
            ],
            [
              95.22099025707936,
              28.178426376562758
            ],
            [
              95.22127584014508,
              28.17849791139677
            ],
            [
              95.22156705969013,
              28.17854110973558
            ],
            [
              95.22186111111112,
              28.178555555555562
            ],
            [
              95.22215516253212,
              28.17854110973558
            ],
            [
              95.22244638207717,
              28.17849791139677
            ],
            [
              95.22273196514288,
              28.178426376562758
            ],
            [
              95.22300916140821,
              28.178327194153095
            ],
            [
              95.2232753013216,
              28.178201319348606
            ],
            [
              95.22352782181018,
              28.178049964392468
            ],
            [
              95.22376429096362,
              28.17787458691565
            ],
            [
              95.22398243145469,
              28.17767687589912
            ],
            [
              95.22418014247121,
              28.177458735408052
            ],
            [
              95.22435551994803,
              28.17722226625462
            ],
            [
              95.22450687490416,
              28.17696974576604
            ],
            [
              95.22463274970866,
              28.17670360585266
            ],
            [
              95.22473193211832,
              28.176426409587325
            ],
            [
              95.22480346695234,
              28.17614082652161
            ],
            [
              95.22484666529114,
              28.175849606976552
            ],
            [
              95.22486111111112,
              28.17555555555556
            ]
          ]
        ]
      }
    },
    {
      "type": "Feature",
      "properties": {
        "landslide_id": "AR/US/82P04/2022/012",
        "zone_name": "Pasighat-Yingkiong road Slide 5 - NH-513",
        "state": "Arunachal Pradesh",
        "district": "Upper Siang",
        "toposheet": "82P04",
        "hazard_type": "LANDSLIDE",
        "risk_level": "HIGH",
        "historical_event_count": 1
      },
      "geometry": {
        "type": "Polygon",
        "coordinates": [
          [
            [
              95.22894444444444,
              28.18113888888889
            ],
            [
              95.22892999862445,
              28.180844837467898
            ],
            [
              95.22888680028565,
              28.18055361792284
            ],
            [
              95.22881526545163,
              28.180268034857125
            ],
            [
              95.22871608304197,
              28.17999083859179
            ],
            [
              95.22859020823748,
              28.17972469867841
            ],
            [
              95.22843885328135,
              28.17947217818983
            ],
            [
              95.22826347580452,
              28.179235709036398
            ],
            [
              95.228065764788,
              28.17901756854533
            ],
            [
              95.22784762429693,
              28.1788198575288
            ],
            [
              95.22761115514349,
              28.178644480051982
            ],
            [
              95.22735863465492,
              28.178493125095844
            ],
            [
              95.22709249474153,
              28.178367250291355
            ],
            [
              95.2268152984762,
              28.178268067881692
            ],
            [
              95.22652971541048,
              28.17819653304768
            ],
            [
              95.22623849586543,
              28.17815333470887
            ],
            [
              95.22594444444444,
              28.17813888888889
            ],
            [
              95.22565039302344,
              28.17815333470887
            ],
            [
              95.2253591734784,
              28.17819653304768
            ],
            [
              95.22507359041268,
              28.178268067881692
            ],
            [
              95.22479639414735,
              28.178367250291355
            ],
            [
              95.22453025423395,
              28.178493125095844
            ],
            [
              95.22427773374538,
              28.178644480051982
            ],
            [
              95.22404126459195,
              28.1788198575288
            ],
            [
              95.22382312410087,
              28.17901756854533
            ],
            [
              95.22362541308435,
              28.179235709036398
            ],
            [
              95.22345003560753,
              28.17947217818983
            ],
            [
              95.2232986806514,
              28.17972469867841
            ],
            [
              95.2231728058469,
              28.17999083859179
            ],
            [
              95.22307362343724,
              28.180268034857125
            ],
            [
              95.22300208860322,
              28.18055361792284
            ],
            [
              95.22295889026442,
              28.180844837467898
            ],
            [
              95.22294444444444,
              28.18113888888889
            ],
            [
              95.22295889026442,
              28.18143294030988
            ],
            [
              95.22300208860322,
              28.181724159854937
            ],
            [
              95.22307362343724,
              28.182009742920652
            ],
            [
              95.2231728058469,
              28.182286939185985
            ],
            [
              95.2232986806514,
              28.182553079099367
            ],
            [
              95.22345003560753,
              28.182805599587947
            ],
            [
              95.22362541308435,
              28.18304206874138
            ],
            [
              95.22382312410087,
              28.183260209232447
            ],
            [
              95.22404126459195,
              28.183457920248976
            ],
            [
              95.22427773374538,
              28.183633297725795
            ],
            [
              95.22453025423395,
              28.183784652681933
            ],
            [
              95.22479639414735,
              28.18391052748642
            ],
            [
              95.22507359041268,
              28.184009709896085
            ],
            [
              95.2253591734784,
              28.1840812447301
            ],
            [
              95.22565039302344,
              28.184124443068907
            ],
            [
              95.22594444444444,
              28.18413888888889
            ],
            [
              95.22623849586543,
              28.184124443068907
            ],
            [
              95.22652971541048,
              28.1840812447301
            ],
            [
              95.2268152984762,
              28.184009709896085
            ],
            [
              95.22709249474153,
              28.18391052748642
            ],
            [
              95.22735863465492,
              28.183784652681933
            ],
            [
              95.22761115514349,
              28.183633297725795
            ],
            [
              95.22784762429693,
              28.183457920248976
            ],
            [
              95.228065764788,
              28.183260209232447
            ],
            [
              95.22826347580452,
              28.18304206874138
            ],
            [
              95.22843885328135,
              28.182805599587947
            ],
            [
              95.22859020823748,
              28.182553079099367
            ],
            [
              95.22871608304197,
              28.182286939185985
            ],
            [
              95.22881526545163,
              28.182009742920652
            ],
            [
              95.22888680028565,
              28.181724159854937
            ],
            [
              95.22892999862445,
              28.18143294030988
            ],
            [
              95.22894444444444,
              28.18113888888889
            ]
          ]
        ]
      }
    },
    {
      "type": "Feature",
      "properties": {
        "landslide_id": "AR/US/82P04/2022/013",
        "zone_name": "Yagrung village Slide 1 - Yagrung village",
        "state": "Arunachal Pradesh",
        "district": "Upper Siang",
        "toposheet": "82P04 Photo 12(a)&(b) 87",
        "hazard_type": "LANDSLIDE",
        "risk_level": "HIGH",
        "historical_event_count": 1
      },
      "geometry": {
        "type": "Polygon",
        "coordinates": [
          [
            [
              95.24233333333332,
              28.013166666666667
            ],
            [
              95.24231888751333,
              28.012872615245676
            ],
            [
              95.24227568917453,
              28.012581395700618
            ],
            [
              95.24220415434051,
              28.012295812634903
            ],
            [
              95.24210497193086,
              28.01201861636957
            ],
            [
              95.24197909712636,
              28.011752476456188
            ],
            [
              95.24182774217023,
              28.011499955967608
            ],
            [
              95.24165236469341,
              28.011263486814176
            ],
            [
              95.24145465367688,
              28.011045346323108
            ],
            [
              95.24123651318581,
              28.01084763530658
            ],
            [
              95.24100004403238,
              28.01067225782976
            ],
            [
              95.2407475235438,
              28.010520902873623
            ],
            [
              95.24048138363041,
              28.010395028069134
            ],
            [
              95.24020418736508,
              28.01029584565947
            ],
            [
              95.23991860429936,
              28.010224310825457
            ],
            [
              95.23962738475431,
              28.01018111248665
            ],
            [
              95.23933333333332,
              28.010166666666667
            ],
            [
              95.23903928191233,
              28.01018111248665
            ],
            [
              95.23874806236728,
              28.010224310825457
            ],
            [
              95.23846247930156,
              28.01029584565947
            ],
            [
              95.23818528303623,
              28.010395028069134
            ],
            [
              95.23791914312284,
              28.010520902873623
            ],
            [
              95.23766662263426,
              28.01067225782976
            ],
            [
              95.23743015348083,
              28.01084763530658
            ],
            [
              95.23721201298976,
              28.011045346323108
            ],
            [
              95.23701430197323,
              28.011263486814176
            ],
            [
              95.23683892449641,
              28.011499955967608
            ],
            [
              95.23668756954028,
              28.011752476456188
            ],
            [
              95.23656169473578,
              28.01201861636957
            ],
            [
              95.23646251232613,
              28.012295812634903
            ],
            [
              95.2363909774921,
              28.012581395700618
            ],
            [
              95.2363477791533,
              28.012872615245676
            ],
            [
              95.23633333333332,
              28.013166666666667
            ],
            [
              95.2363477791533,
              28.013460718087657
            ],
            [
              95.2363909774921,
              28.013751937632716
            ],
            [
              95.23646251232613,
              28.01403752069843
            ],
            [
              95.23656169473578,
              28.014314716963764
            ],
            [
              95.23668756954028,
              28.014580856877146
            ],
            [
              95.23683892449641,
              28.014833377365726
            ],
            [
              95.23701430197323,
              28.015069846519157
            ],
            [
              95.23721201298976,
              28.015287987010225
            ],
            [
              95.23743015348083,
              28.015485698026755
            ],
            [
              95.23766662263426,
              28.015661075503573
            ],
            [
              95.23791914312284,
              28.01581243045971
            ],
            [
              95.23818528303623,
              28.0159383052642
            ],
            [
              95.23846247930156,
              28.016037487673863
            ],
            [
              95.23874806236728,
              28.016109022507877
            ],
            [
              95.23903928191233,
              28.016152220846685
            ],
            [
              95.23933333333332,
              28.016166666666667
            ],
            [
              95.23962738475431,
              28.016152220846685
            ],
            [
              95.23991860429936,
              28.016109022507877
            ],
            [
              95.24020418736508,
              28.016037487673863
            ],
            [
              95.24048138363041,
              28.0159383052642
            ],
            [
              95.2407475235438,
              28.01581243045971
            ],
            [
              95.24100004403238,
              28.015661075503573
            ],
            [
              95.24123651318581,
              28.015485698026755
            ],
            [
              95.24145465367688,
              28.015287987010225
            ],
            [
              95.24165236469341,
              28.015069846519157
            ],
            [
              95.24182774217023,
              28.014833377365726
            ],
            [
              95.24197909712636,
              28.014580856877146
            ],
            [
              95.24210497193086,
              28.014314716963764
            ],
            [
              95.24220415434051,
              28.01403752069843
            ],
            [
              95.24227568917453,
              28.013751937632716
            ],
            [
              95.24231888751333,
              28.013460718087657
            ],
            [
              95.24233333333332,
              28.013166666666667
            ]
          ]
        ]
      }
    },
    {
      "type": "Feature",
      "properties": {
        "landslide_id": "AR/ES/82P04/2022/014",
        "zone_name": "Yagrung village Slide 2 - Yagrung village",
        "state": "Arunachal Pradesh",
        "district": "East Siang",
        "toposheet": "82P04",
        "hazard_type": "LANDSLIDE",
        "risk_level": "HIGH",
        "historical_event_count": 1
      },
      "geometry": {
        "type": "Polygon",
        "coordinates": [
          [
            [
              95.23838333333332,
              28.03329722222222
            ],
            [
              95.23836888751333,
              28.03300317080123
            ],
            [
              95.23832568917453,
              28.03271195125617
            ],
            [
              95.23825415434051,
              28.032426368190457
            ],
            [
              95.23815497193085,
              28.032149171925123
            ],
            [
              95.23802909712636,
              28.03188303201174
            ],
            [
              95.23787774217023,
              28.03163051152316
            ],
            [
              95.2377023646934,
              28.03139404236973
            ],
            [
              95.23750465367688,
              28.03117590187866
            ],
            [
              95.23728651318581,
              28.030978190862132
            ],
            [
              95.23705004403237,
              28.030802813385314
            ],
            [
              95.2367975235438,
              28.030651458429176
            ],
            [
              95.2365313836304,
              28.030525583624687
            ],
            [
              95.23625418736508,
              28.030426401215024
            ],
            [
              95.23596860429936,
              28.03035486638101
            ],
            [
              95.23567738475431,
              28.030311668042202
            ],
            [
              95.23538333333332,
              28.03029722222222
            ],
            [
              95.23508928191232,
              28.030311668042202
            ],
            [
              95.23479806236728,
              28.03035486638101
            ],
            [
              95.23451247930156,
              28.030426401215024
            ],
            [
              95.23423528303623,
              28.030525583624687
            ],
            [
              95.23396914312283,
              28.030651458429176
            ],
            [
              95.23371662263426,
              28.030802813385314
            ],
            [
              95.23348015348083,
              28.030978190862132
            ],
            [
              95.23326201298975,
              28.03117590187866
            ],
            [
              95.23306430197323,
              28.03139404236973
            ],
            [
              95.23288892449641,
              28.03163051152316
            ],
            [
              95.23273756954028,
              28.03188303201174
            ],
            [
              95.23261169473578,
              28.032149171925123
            ],
            [
              95.23251251232612,
              28.032426368190457
            ],
            [
              95.2324409774921,
              28.03271195125617
            ],
            [
              95.2323977791533,
              28.03300317080123
            ],
            [
              95.23238333333332,
              28.03329722222222
            ],
            [
              95.2323977791533,
              28.03359127364321
            ],
            [
              95.2324409774921,
              28.03388249318827
            ],
            [
              95.23251251232612,
              28.034168076253984
            ],
            [
              95.23261169473578,
              28.034445272519317
            ],
            [
              95.23273756954028,
              28.0347114124327
            ],
            [
              95.23288892449641,
              28.03496393292128
            ],
            [
              95.23306430197323,
              28.03520040207471
            ],
            [
              95.23326201298975,
              28.03541854256578
            ],
            [
              95.23348015348083,
              28.035616253582308
            ],
            [
              95.23371662263426,
              28.035791631059126
            ],
            [
              95.23396914312283,
              28.035942986015264
            ],
            [
              95.23423528303623,
              28.036068860819753
            ],
            [
              95.23451247930156,
              28.036168043229416
            ],
            [
              95.23479806236728,
              28.03623957806343
            ],
            [
              95.23508928191232,
              28.03628277640224
            ],
            [
              95.23538333333332,
              28.03629722222222
            ],
            [
              95.23567738475431,
              28.03628277640224
            ],
            [
              95.23596860429936,
              28.03623957806343
            ],
            [
              95.23625418736508,
              28.036168043229416
            ],
            [
              95.2365313836304,
              28.036068860819753
            ],
            [
              95.2367975235438,
              28.035942986015264
            ],
            [
              95.23705004403237,
              28.035791631059126
            ],
            [
              95.23728651318581,
              28.035616253582308
            ],
            [
              95.23750465367688,
              28.03541854256578
            ],
            [
              95.2377023646934,
              28.03520040207471
            ],
            [
              95.23787774217023,
              28.03496393292128
            ],
            [
              95.23802909712636,
              28.0347114124327
            ],
            [
              95.23815497193085,
              28.034445272519317
            ],
            [
              95.23825415434051,
              28.034168076253984
            ],
            [
              95.23832568917453,
              28.03388249318827
            ],
            [
              95.23836888751333,
              28.03359127364321
            ],
            [
              95.23838333333332,
              28.03329722222222
            ]
          ]
        ]
      }
    },
    {
      "type": "Feature",
      "properties": {
        "landslide_id": "AR/US/82P04/2022/015",
        "zone_name": "Pasighat-Yingkiong road Slide 6 - NH-13 (Pasighat-Yingkiong road) Photo 14(a) 91",
        "state": "Arunachal Pradesh",
        "district": "Upper Siang",
        "toposheet": "82P04",
        "hazard_type": "LANDSLIDE",
        "risk_level": "HIGH",
        "historical_event_count": 1
      },
      "geometry": {
        "type": "Polygon",
        "coordinates": [
          [
            [
              95.22891666666666,
              28.1915
            ],
            [
              95.22890222084668,
              28.19120594857901
            ],
            [
              95.22885902250788,
              28.190914729033953
            ],
            [
              95.22878748767386,
              28.190629145968238
            ],
            [
              95.2286883052642,
              28.190351949702904
            ],
            [
              95.2285624304597,
              28.190085809789522
            ],
            [
              95.22841107550357,
              28.189833289300942
            ],
            [
              95.22823569802675,
              28.18959682014751
            ],
            [
              95.22803798701023,
              28.189378679656443
            ],
            [
              95.22781984651915,
              28.189180968639914
            ],
            [
              95.22758337736572,
              28.189005591163095
            ],
            [
              95.22733085687715,
              28.188854236206957
            ],
            [
              95.22706471696375,
              28.188728361402468
            ],
            [
              95.22678752069842,
              28.188629178992805
            ],
            [
              95.2265019376327,
              28.18855764415879
            ],
            [
              95.22621071808766,
              28.188514445819983
            ],
            [
              95.22591666666666,
              28.1885
            ],
            [
              95.22562261524567,
              28.188514445819983
            ],
            [
              95.22533139570062,
              28.18855764415879
            ],
            [
              95.2250458126349,
              28.188629178992805
            ],
            [
              95.22476861636957,
              28.188728361402468
            ],
            [
              95.22450247645618,
              28.188854236206957
            ],
            [
              95.22424995596761,
              28.189005591163095
            ],
            [
              95.22401348681417,
              28.189180968639914
            ],
            [
              95.2237953463231,
              28.189378679656443
            ],
            [
              95.22359763530658,
              28.18959682014751
            ],
            [
              95.22342225782975,
              28.189833289300942
            ],
            [
              95.22327090287362,
              28.190085809789522
            ],
            [
              95.22314502806913,
              28.190351949702904
            ],
            [
              95.22304584565947,
              28.190629145968238
            ],
            [
              95.22297431082545,
              28.190914729033953
            ],
            [
              95.22293111248665,
              28.19120594857901
            ],
            [
              95.22291666666666,
              28.1915
            ],
            [
              95.22293111248665,
              28.19179405142099
            ],
            [
              95.22297431082545,
              28.19208527096605
            ],
            [
              95.22304584565947,
              28.192370854031765
            ],
            [
              95.22314502806913,
              28.192648050297098
            ],
            [
              95.22327090287362,
              28.19291419021048
            ],
            [
              95.22342225782975,
              28.19316671069906
            ],
            [
              95.22359763530658,
              28.193403179852492
            ],
            [
              95.2237953463231,
              28.19362132034356
            ],
            [
              95.22401348681417,
              28.19381903136009
            ],
            [
              95.22424995596761,
              28.193994408836907
            ],
            [
              95.22450247645618,
              28.194145763793045
            ],
            [
              95.22476861636957,
              28.194271638597534
            ],
            [
              95.2250458126349,
              28.194370821007197
            ],
            [
              95.22533139570062,
              28.19444235584121
            ],
            [
              95.22562261524567,
              28.19448555418002
            ],
            [
              95.22591666666666,
              28.1945
            ],
            [
              95.22621071808766,
              28.19448555418002
            ],
            [
              95.2265019376327,
              28.19444235584121
            ],
            [
              95.22678752069842,
              28.194370821007197
            ],
            [
              95.22706471696375,
              28.194271638597534
            ],
            [
              95.22733085687715,
              28.194145763793045
            ],
            [
              95.22758337736572,
              28.193994408836907
            ],
            [
              95.22781984651915,
              28.19381903136009
            ],
            [
              95.22803798701023,
              28.19362132034356
            ],
            [
              95.22823569802675,
              28.193403179852492
            ],
            [
              95.22841107550357,
              28.19316671069906
            ],
            [
              95.2285624304597,
              28.19291419021048
            ],
            [
              95.2286883052642,
              28.192648050297098
            ],
            [
              95.22878748767386,
              28.192370854031765
            ],
            [
              95.22885902250788,
              28.19208527096605
            ],
            [
              95.22890222084668,
              28.19179405142099
            ],
            [
              95.22891666666666,
              28.1915
            ]
          ]
        ]
      }
    },
    {
      "type": "Feature",
      "properties": {
        "landslide_id": "AR/US/82P04/2022/016",
        "zone_name": "Pasighat-Yingkiong road Slide 7 - NH-513",
        "state": "Arunachal Pradesh",
        "district": "Upper Siang",
        "toposheet": "82P04",
        "hazard_type": "LANDSLIDE",
        "risk_level": "HIGH",
        "historical_event_count": 1
      },
      "geometry": {
        "type": "Polygon",
        "coordinates": [
          [
            [
              95.21725,
              28.26688888888889
            ],
            [
              95.21723555418002,
              28.2665948374679
            ],
            [
              95.21719235584122,
              28.26630361792284
            ],
            [
              95.2171208210072,
              28.266018034857126
            ],
            [
              95.21702163859754,
              28.265740838591793
            ],
            [
              95.21689576379305,
              28.26547469867841
            ],
            [
              95.21674440883692,
              28.26522217818983
            ],
            [
              95.2165690313601,
              28.2649857090364
            ],
            [
              95.21637132034357,
              28.26476756854533
            ],
            [
              95.2161531798525,
              28.2645698575288
            ],
            [
              95.21591671069906,
              28.264394480051983
            ],
            [
              95.21566419021049,
              28.264243125095845
            ],
            [
              95.2153980502971,
              28.264117250291356
            ],
            [
              95.21512085403177,
              28.264018067881693
            ],
            [
              95.21483527096605,
              28.26394653304768
            ],
            [
              95.214544051421,
              28.26390333470887
            ],
            [
              95.21425,
              28.26388888888889
            ],
            [
              95.21395594857901,
              28.26390333470887
            ],
            [
              95.21366472903397,
              28.26394653304768
            ],
            [
              95.21337914596825,
              28.264018067881693
            ],
            [
              95.21310194970292,
              28.264117250291356
            ],
            [
              95.21283580978952,
              28.264243125095845
            ],
            [
              95.21258328930095,
              28.264394480051983
            ],
            [
              95.21234682014752,
              28.2645698575288
            ],
            [
              95.21212867965644,
              28.26476756854533
            ],
            [
              95.21193096863992,
              28.2649857090364
            ],
            [
              95.2117555911631,
              28.26522217818983
            ],
            [
              95.21160423620697,
              28.26547469867841
            ],
            [
              95.21147836140247,
              28.265740838591793
            ],
            [
              95.21137917899281,
              28.266018034857126
            ],
            [
              95.2113076441588,
              28.26630361792284
            ],
            [
              95.21126444581999,
              28.2665948374679
            ],
            [
              95.21125,
              28.26688888888889
            ],
            [
              95.21126444581999,
              28.26718294030988
            ],
            [
              95.2113076441588,
              28.267474159854938
            ],
            [
              95.21137917899281,
              28.267759742920653
            ],
            [
              95.21147836140247,
              28.268036939185986
            ],
            [
              95.21160423620697,
              28.26830307909937
            ],
            [
              95.2117555911631,
              28.26855559958795
            ],
            [
              95.21193096863992,
              28.26879206874138
            ],
            [
              95.21212867965644,
              28.269010209232448
            ],
            [
              95.21234682014752,
              28.269207920248977
            ],
            [
              95.21258328930095,
              28.269383297725796
            ],
            [
              95.21283580978952,
              28.269534652681934
            ],
            [
              95.21310194970292,
              28.269660527486423
            ],
            [
              95.21337914596825,
              28.269759709896086
            ],
            [
              95.21366472903397,
              28.2698312447301
            ],
            [
              95.21395594857901,
              28.269874443068908
            ],
            [
              95.21425,
              28.26988888888889
            ],
            [
              95.214544051421,
              28.269874443068908
            ],
            [
              95.21483527096605,
              28.2698312447301
            ],
            [
              95.21512085403177,
              28.269759709896086
            ],
            [
              95.2153980502971,
              28.269660527486423
            ],
            [
              95.21566419021049,
              28.269534652681934
            ],
            [
              95.21591671069906,
              28.269383297725796
            ],
            [
              95.2161531798525,
              28.269207920248977
            ],
            [
              95.21637132034357,
              28.269010209232448
            ],
            [
              95.2165690313601,
              28.26879206874138
            ],
            [
              95.21674440883692,
              28.26855559958795
            ],
            [
              95.21689576379305,
              28.26830307909937
            ],
            [
              95.21702163859754,
              28.268036939185986
            ],
            [
              95.2171208210072,
              28.267759742920653
            ],
            [
              95.21719235584122,
              28.267474159854938
            ],
            [
              95.21723555418002,
              28.26718294030988
            ],
            [
              95.21725,
              28.26688888888889
            ]
          ]
        ]
      }
    },
    {
      "type": "Feature",
      "properties": {
        "landslide_id": "AR/US/82P04/2022/017",
        "zone_name": "Pasighat-Yingkiong road Slide 8 - NH-513",
        "state": "Arunachal Pradesh",
        "district": "Upper Siang",
        "toposheet": "82P03",
        "hazard_type": "LANDSLIDE",
        "risk_level": "HIGH",
        "historical_event_count": 1
      },
      "geometry": {
        "type": "Polygon",
        "coordinates": [
          [
            [
              95.21141666666666,
              28.272
            ],
            [
              95.21140222084668,
              28.271705948579008
            ],
            [
              95.21135902250788,
              28.27141472903395
            ],
            [
              95.21128748767386,
              28.271129145968235
            ],
            [
              95.2111883052642,
              28.2708519497029
            ],
            [
              95.2110624304597,
              28.27058580978952
            ],
            [
              95.21091107550357,
              28.27033328930094
            ],
            [
              95.21073569802675,
              28.270096820147508
            ],
            [
              95.21053798701023,
              28.26987867965644
            ],
            [
              95.21031984651916,
              28.26968096863991
            ],
            [
              95.21008337736572,
              28.269505591163092
            ],
            [
              95.20983085687715,
              28.269354236206954
            ],
            [
              95.20956471696375,
              28.269228361402465
            ],
            [
              95.20928752069842,
              28.269129178992802
            ],
            [
              95.2090019376327,
              28.26905764415879
            ],
            [
              95.20871071808766,
              28.26901444581998
            ],
            [
              95.20841666666666,
              28.269
            ],
            [
              95.20812261524567,
              28.26901444581998
            ],
            [
              95.20783139570062,
              28.26905764415879
            ],
            [
              95.2075458126349,
              28.269129178992802
            ],
            [
              95.20726861636957,
              28.269228361402465
            ],
            [
              95.20700247645618,
              28.269354236206954
            ],
            [
              95.20674995596761,
              28.269505591163092
            ],
            [
              95.20651348681417,
              28.26968096863991
            ],
            [
              95.2062953463231,
              28.26987867965644
            ],
            [
              95.20609763530658,
              28.270096820147508
            ],
            [
              95.20592225782976,
              28.27033328930094
            ],
            [
              95.20577090287362,
              28.27058580978952
            ],
            [
              95.20564502806913,
              28.2708519497029
            ],
            [
              95.20554584565947,
              28.271129145968235
            ],
            [
              95.20547431082545,
              28.27141472903395
            ],
            [
              95.20543111248665,
              28.271705948579008
            ],
            [
              95.20541666666666,
              28.272
            ],
            [
              95.20543111248665,
              28.27229405142099
            ],
            [
              95.20547431082545,
              28.272585270966047
            ],
            [
              95.20554584565947,
              28.272870854031762
            ],
            [
              95.20564502806913,
              28.273148050297095
            ],
            [
              95.20577090287362,
              28.273414190210477
            ],
            [
              95.20592225782976,
              28.273666710699057
            ],
            [
              95.20609763530658,
              28.27390317985249
            ],
            [
              95.2062953463231,
              28.274121320343557
            ],
            [
              95.20651348681417,
              28.274319031360086
            ],
            [
              95.20674995596761,
              28.274494408836905
            ],
            [
              95.20700247645618,
              28.274645763793043
            ],
            [
              95.20726861636957,
              28.27477163859753
            ],
            [
              95.2075458126349,
              28.274870821007195
            ],
            [
              95.20783139570062,
              28.27494235584121
            ],
            [
              95.20812261524567,
              28.274985554180017
            ],
            [
              95.20841666666666,
              28.275
            ],
            [
              95.20871071808766,
              28.274985554180017
            ],
            [
              95.2090019376327,
              28.27494235584121
            ],
            [
              95.20928752069842,
              28.274870821007195
            ],
            [
              95.20956471696375,
              28.27477163859753
            ],
            [
              95.20983085687715,
              28.274645763793043
            ],
            [
              95.21008337736572,
              28.274494408836905
            ],
            [
              95.21031984651916,
              28.274319031360086
            ],
            [
              95.21053798701023,
              28.274121320343557
            ],
            [
              95.21073569802675,
              28.27390317985249
            ],
            [
              95.21091107550357,
              28.273666710699057
            ],
            [
              95.2110624304597,
              28.273414190210477
            ],
            [
              95.2111883052642,
              28.273148050297095
            ],
            [
              95.21128748767386,
              28.272870854031762
            ],
            [
              95.21135902250788,
              28.272585270966047
            ],
            [
              95.21140222084668,
              28.27229405142099
            ],
            [
              95.21141666666666,
              28.272
            ]
          ]
        ]
      }
    },
    {
      "type": "Feature",
      "properties": {
        "landslide_id": "AR/US/82P03/2022/018",
        "zone_name": "Pasighat-Yingkiong road Slide 9 - NH-513",
        "state": "Arunachal Pradesh",
        "district": "Upper Siang",
        "toposheet": "82P03",
        "hazard_type": "LANDSLIDE",
        "risk_level": "HIGH",
        "historical_event_count": 1
      },
      "geometry": {
        "type": "Polygon",
        "coordinates": [
          [
            [
              95.20455555555556,
              28.2805
            ],
            [
              95.20454110973557,
              28.28020594857901
            ],
            [
              95.20449791139677,
              28.27991472903395
            ],
            [
              95.20442637656275,
              28.279629145968237
            ],
            [
              95.2043271941531,
              28.279351949702903
            ],
            [
              95.2042013193486,
              28.27908580978952
            ],
            [
              95.20404996439247,
              28.27883328930094
            ],
            [
              95.20387458691565,
              28.27859682014751
            ],
            [
              95.20367687589912,
              28.27837867965644
            ],
            [
              95.20345873540805,
              28.278180968639912
            ],
            [
              95.20322226625461,
              28.278005591163094
            ],
            [
              95.20296974576604,
              28.277854236206956
            ],
            [
              95.20270360585265,
              28.277728361402467
            ],
            [
              95.20242640958732,
              28.277629178992804
            ],
            [
              95.2021408265216,
              28.27755764415879
            ],
            [
              95.20184960697655,
              28.277514445819982
            ],
            [
              95.20155555555556,
              28.2775
            ],
            [
              95.20126150413456,
              28.277514445819982
            ],
            [
              95.20097028458952,
              28.27755764415879
            ],
            [
              95.2006847015238,
              28.277629178992804
            ],
            [
              95.20040750525847,
              28.277728361402467
            ],
            [
              95.20014136534508,
              28.277854236206956
            ],
            [
              95.1998888448565,
              28.278005591163094
            ],
            [
              95.19965237570307,
              28.278180968639912
            ],
            [
              95.199434235212,
              28.27837867965644
            ],
            [
              95.19923652419547,
              28.27859682014751
            ],
            [
              95.19906114671865,
              28.27883328930094
            ],
            [
              95.19890979176252,
              28.27908580978952
            ],
            [
              95.19878391695802,
              28.279351949702903
            ],
            [
              95.19868473454837,
              28.279629145968237
            ],
            [
              95.19861319971434,
              28.27991472903395
            ],
            [
              95.19857000137554,
              28.28020594857901
            ],
            [
              95.19855555555556,
              28.2805
            ],
            [
              95.19857000137554,
              28.28079405142099
            ],
            [
              95.19861319971434,
              28.28108527096605
            ],
            [
              95.19868473454837,
              28.281370854031763
            ],
            [
              95.19878391695802,
              28.281648050297097
            ],
            [
              95.19890979176252,
              28.28191419021048
            ],
            [
              95.19906114671865,
              28.28216671069906
            ],
            [
              95.19923652419547,
              28.28240317985249
            ],
            [
              95.199434235212,
              28.28262132034356
            ],
            [
              95.19965237570307,
              28.282819031360088
            ],
            [
              95.1998888448565,
              28.282994408836906
            ],
            [
              95.20014136534508,
              28.283145763793044
            ],
            [
              95.20040750525847,
              28.283271638597533
            ],
            [
              95.2006847015238,
              28.283370821007196
            ],
            [
              95.20097028458952,
              28.28344235584121
            ],
            [
              95.20126150413456,
              28.283485554180018
            ],
            [
              95.20155555555556,
              28.2835
            ],
            [
              95.20184960697655,
              28.283485554180018
            ],
            [
              95.2021408265216,
              28.28344235584121
            ],
            [
              95.20242640958732,
              28.283370821007196
            ],
            [
              95.20270360585265,
              28.283271638597533
            ],
            [
              95.20296974576604,
              28.283145763793044
            ],
            [
              95.20322226625461,
              28.282994408836906
            ],
            [
              95.20345873540805,
              28.282819031360088
            ],
            [
              95.20367687589912,
              28.28262132034356
            ],
            [
              95.20387458691565,
              28.28240317985249
            ],
            [
              95.20404996439247,
              28.28216671069906
            ],
            [
              95.2042013193486,
              28.28191419021048
            ],
            [
              95.2043271941531,
              28.281648050297097
            ],
            [
              95.20442637656275,
              28.281370854031763
            ],
            [
              95.20449791139677,
              28.28108527096605
            ],
            [
              95.20454110973557,
              28.28079405142099
            ],
            [
              95.20455555555556,
              28.2805
            ]
          ]
        ]
      }
    },
    {
      "type": "Feature",
      "properties": {
        "landslide_id": "AR/US/82P03/2022/019",
        "zone_name": "Pasighat-Yingkiong road Slide 10 - NH-513",
        "state": "Arunachal Pradesh",
        "district": "Upper Siang",
        "toposheet": "82P03",
        "hazard_type": "LANDSLIDE",
        "risk_level": "HIGH",
        "historical_event_count": 1
      },
      "geometry": {
        "type": "Polygon",
        "coordinates": [
          [
            [
              95.20047222222225,
              28.3105
            ],
            [
              95.20045777640226,
              28.31020594857901
            ],
            [
              95.20041457806346,
              28.309914729033952
            ],
            [
              95.20034304322944,
              28.309629145968238
            ],
            [
              95.20024386081978,
              28.309351949702904
            ],
            [
              95.20011798601529,
              28.309085809789522
            ],
            [
              95.19996663105916,
              28.308833289300942
            ],
            [
              95.19979125358233,
              28.30859682014751
            ],
            [
              95.19959354256581,
              28.308378679656443
            ],
            [
              95.19937540207474,
              28.308180968639913
            ],
            [
              95.1991389329213,
              28.308005591163095
            ],
            [
              95.19888641243273,
              28.307854236206957
            ],
            [
              95.19862027251934,
              28.307728361402468
            ],
            [
              95.198343076254,
              28.307629178992805
            ],
            [
              95.19805749318829,
              28.30755764415879
            ],
            [
              95.19776627364324,
              28.307514445819983
            ],
            [
              95.19747222222225,
              28.3075
            ],
            [
              95.19717817080125,
              28.307514445819983
            ],
            [
              95.1968869512562,
              28.30755764415879
            ],
            [
              95.19660136819049,
              28.307629178992805
            ],
            [
              95.19632417192516,
              28.307728361402468
            ],
            [
              95.19605803201176,
              28.307854236206957
            ],
            [
              95.19580551152319,
              28.308005591163095
            ],
            [
              95.19556904236975,
              28.308180968639913
            ],
            [
              95.19535090187868,
              28.308378679656443
            ],
            [
              95.19515319086216,
              28.30859682014751
            ],
            [
              95.19497781338534,
              28.308833289300942
            ],
            [
              95.1948264584292,
              28.309085809789522
            ],
            [
              95.19470058362471,
              28.309351949702904
            ],
            [
              95.19460140121505,
              28.309629145968238
            ],
            [
              95.19452986638103,
              28.309914729033952
            ],
            [
              95.19448666804223,
              28.31020594857901
            ],
            [
              95.19447222222225,
              28.3105
            ],
            [
              95.19448666804223,
              28.31079405142099
            ],
            [
              95.19452986638103,
              28.31108527096605
            ],
            [
              95.19460140121505,
              28.311370854031765
            ],
            [
              95.19470058362471,
              28.311648050297098
            ],
            [
              95.1948264584292,
              28.31191419021048
            ],
            [
              95.19497781338534,
              28.31216671069906
            ],
            [
              95.19515319086216,
              28.31240317985249
            ],
            [
              95.19535090187868,
              28.31262132034356
            ],
            [
              95.19556904236975,
              28.31281903136009
            ],
            [
              95.19580551152319,
              28.312994408836907
            ],
            [
              95.19605803201176,
              28.313145763793045
            ],
            [
              95.19632417192516,
              28.313271638597534
            ],
            [
              95.19660136819049,
              28.313370821007197
            ],
            [
              95.1968869512562,
              28.31344235584121
            ],
            [
              95.19717817080125,
              28.31348555418002
            ],
            [
              95.19747222222225,
              28.3135
            ],
            [
              95.19776627364324,
              28.31348555418002
            ],
            [
              95.19805749318829,
              28.31344235584121
            ],
            [
              95.198343076254,
              28.313370821007197
            ],
            [
              95.19862027251934,
              28.313271638597534
            ],
            [
              95.19888641243273,
              28.313145763793045
            ],
            [
              95.1991389329213,
              28.312994408836907
            ],
            [
              95.19937540207474,
              28.31281903136009
            ],
            [
              95.19959354256581,
              28.31262132034356
            ],
            [
              95.19979125358233,
              28.31240317985249
            ],
            [
              95.19996663105916,
              28.31216671069906
            ],
            [
              95.20011798601529,
              28.31191419021048
            ],
            [
              95.20024386081978,
              28.311648050297098
            ],
            [
              95.20034304322944,
              28.311370854031765
            ],
            [
              95.20041457806346,
              28.31108527096605
            ],
            [
              95.20045777640226,
              28.31079405142099
            ],
            [
              95.20047222222225,
              28.3105
            ]
          ]
        ]
      }
    },
    {
      "type": "Feature",
      "properties": {
        "landslide_id": "AR/US/82P03/2022/020",
        "zone_name": "Pasighat-Yingkiong road Slide 11 - NH-513",
        "state": "Arunachal Pradesh",
        "district": "Upper Siang",
        "toposheet": "82P03",
        "hazard_type": "LANDSLIDE",
        "risk_level": "HIGH",
        "historical_event_count": 1
      },
      "geometry": {
        "type": "Polygon",
        "coordinates": [
          [
            [
              95.23366666666666,
              28.378694444444445
            ],
            [
              95.23365222084668,
              28.378400393023455
            ],
            [
              95.23360902250788,
              28.378109173478396
            ],
            [
              95.23353748767386,
              28.37782359041268
            ],
            [
              95.2334383052642,
              28.37754639414735
            ],
            [
              95.2333124304597,
              28.377280254233966
            ],
            [
              95.23316107550357,
              28.377027733745386
            ],
            [
              95.23298569802675,
              28.376791264591954
            ],
            [
              95.23278798701023,
              28.376573124100887
            ],
            [
              95.23256984651916,
              28.376375413084357
            ],
            [
              95.23233337736572,
              28.37620003560754
            ],
            [
              95.23208085687715,
              28.3760486806514
            ],
            [
              95.23181471696375,
              28.375922805846912
            ],
            [
              95.23153752069842,
              28.37582362343725
            ],
            [
              95.2312519376327,
              28.375752088603235
            ],
            [
              95.23096071808766,
              28.375708890264427
            ],
            [
              95.23066666666666,
              28.375694444444445
            ],
            [
              95.23037261524567,
              28.375708890264427
            ],
            [
              95.23008139570062,
              28.375752088603235
            ],
            [
              95.2297958126349,
              28.37582362343725
            ],
            [
              95.22951861636957,
              28.375922805846912
            ],
            [
              95.22925247645618,
              28.3760486806514
            ],
            [
              95.22899995596761,
              28.37620003560754
            ],
            [
              95.22876348681417,
              28.376375413084357
            ],
            [
              95.2285453463231,
              28.376573124100887
            ],
            [
              95.22834763530658,
              28.376791264591954
            ],
            [
              95.22817225782975,
              28.377027733745386
            ],
            [
              95.22802090287362,
              28.377280254233966
            ],
            [
              95.22789502806913,
              28.37754639414735
            ],
            [
              95.22779584565947,
              28.37782359041268
            ],
            [
              95.22772431082545,
              28.378109173478396
            ],
            [
              95.22768111248665,
              28.378400393023455
            ],
            [
              95.22766666666666,
              28.378694444444445
            ],
            [
              95.22768111248665,
              28.378988495865435
            ],
            [
              95.22772431082545,
              28.379279715410494
            ],
            [
              95.22779584565947,
              28.37956529847621
            ],
            [
              95.22789502806913,
              28.379842494741542
            ],
            [
              95.22802090287362,
              28.380108634654924
            ],
            [
              95.22817225782975,
              28.380361155143504
            ],
            [
              95.22834763530658,
              28.380597624296936
            ],
            [
              95.2285453463231,
              28.380815764788004
            ],
            [
              95.22876348681417,
              28.381013475804533
            ],
            [
              95.22899995596761,
              28.38118885328135
            ],
            [
              95.22925247645618,
              28.38134020823749
            ],
            [
              95.22951861636957,
              28.38146608304198
            ],
            [
              95.2297958126349,
              28.38156526545164
            ],
            [
              95.23008139570062,
              28.381636800285655
            ],
            [
              95.23037261524567,
              28.381679998624463
            ],
            [
              95.23066666666666,
              28.381694444444445
            ],
            [
              95.23096071808766,
              28.381679998624463
            ],
            [
              95.2312519376327,
              28.381636800285655
            ],
            [
              95.23153752069842,
              28.38156526545164
            ],
            [
              95.23181471696375,
              28.38146608304198
            ],
            [
              95.23208085687715,
              28.38134020823749
            ],
            [
              95.23233337736572,
              28.38118885328135
            ],
            [
              95.23256984651916,
              28.381013475804533
            ],
            [
              95.23278798701023,
              28.380815764788004
            ],
            [
              95.23298569802675,
              28.380597624296936
            ],
            [
              95.23316107550357,
              28.380361155143504
            ],
            [
              95.2333124304597,
              28.380108634654924
            ],
            [
              95.2334383052642,
              28.379842494741542
            ],
            [
              95.23353748767386,
              28.37956529847621
            ],
            [
              95.23360902250788,
              28.379279715410494
            ],
            [
              95.23365222084668,
              28.378988495865435
            ],
            [
              95.23366666666666,
              28.378694444444445
            ]
          ]
        ]
      }
    },
    {
      "type": "Feature",
      "properties": {
        "landslide_id": "AR/US/82P03/2022/021",
        "zone_name": "Pasighat-Yingkiong road Slide 12 - NH-513",
        "state": "Arunachal Pradesh",
        "district": "Upper Siang",
        "toposheet": "82P03",
        "hazard_type": "LANDSLIDE",
        "risk_level": "HIGH",
        "historical_event_count": 1
      },
      "geometry": {
        "type": "Polygon",
        "coordinates": [
          [
            [
              95.23680555555556,
              28.384833333333333
            ],
            [
              95.23679110973558,
              28.384539281912343
            ],
            [
              95.23674791139678,
              28.384248062367284
            ],
            [
              95.23667637656276,
              28.38396247930157
            ],
            [
              95.2365771941531,
              28.383685283036236
            ],
            [
              95.2364513193486,
              28.383419143122854
            ],
            [
              95.23629996439247,
              28.383166622634274
            ],
            [
              95.23612458691565,
              28.382930153480842
            ],
            [
              95.23592687589912,
              28.382712012989774
            ],
            [
              95.23570873540805,
              28.382514301973245
            ],
            [
              95.23547226625462,
              28.382338924496427
            ],
            [
              95.23521974576605,
              28.38218756954029
            ],
            [
              95.23495360585265,
              28.3820616947358
            ],
            [
              95.23467640958732,
              28.381962512326137
            ],
            [
              95.2343908265216,
              28.381890977492123
            ],
            [
              95.23409960697656,
              28.381847779153315
            ],
            [
              95.23380555555556,
              28.381833333333333
            ],
            [
              95.23351150413457,
              28.381847779153315
            ],
            [
              95.23322028458952,
              28.381890977492123
            ],
            [
              95.2329347015238,
              28.381962512326137
            ],
            [
              95.23265750525847,
              28.3820616947358
            ],
            [
              95.23239136534508,
              28.38218756954029
            ],
            [
              95.23213884485651,
              28.382338924496427
            ],
            [
              95.23190237570307,
              28.382514301973245
            ],
            [
              95.231684235212,
              28.382712012989774
            ],
            [
              95.23148652419547,
              28.382930153480842
            ],
            [
              95.23131114671865,
              28.383166622634274
            ],
            [
              95.23115979176252,
              28.383419143122854
            ],
            [
              95.23103391695803,
              28.383685283036236
            ],
            [
              95.23093473454837,
              28.38396247930157
            ],
            [
              95.23086319971435,
              28.384248062367284
            ],
            [
              95.23082000137555,
              28.384539281912343
            ],
            [
              95.23080555555556,
              28.384833333333333
            ],
            [
              95.23082000137555,
              28.385127384754323
            ],
            [
              95.23086319971435,
              28.38541860429938
            ],
            [
              95.23093473454837,
              28.385704187365096
            ],
            [
              95.23103391695803,
              28.38598138363043
            ],
            [
              95.23115979176252,
              28.386247523543812
            ],
            [
              95.23131114671865,
              28.386500044032392
            ],
            [
              95.23148652419547,
              28.386736513185824
            ],
            [
              95.231684235212,
              28.38695465367689
            ],
            [
              95.23190237570307,
              28.38715236469342
            ],
            [
              95.23213884485651,
              28.38732774217024
            ],
            [
              95.23239136534508,
              28.387479097126377
            ],
            [
              95.23265750525847,
              28.387604971930866
            ],
            [
              95.2329347015238,
              28.38770415434053
            ],
            [
              95.23322028458952,
              28.387775689174543
            ],
            [
              95.23351150413457,
              28.38781888751335
            ],
            [
              95.23380555555556,
              28.387833333333333
            ],
            [
              95.23409960697656,
              28.38781888751335
            ],
            [
              95.2343908265216,
              28.387775689174543
            ],
            [
              95.23467640958732,
              28.38770415434053
            ],
            [
              95.23495360585265,
              28.387604971930866
            ],
            [
              95.23521974576605,
              28.387479097126377
            ],
            [
              95.23547226625462,
              28.38732774217024
            ],
            [
              95.23570873540805,
              28.38715236469342
            ],
            [
              95.23592687589912,
              28.38695465367689
            ],
            [
              95.23612458691565,
              28.386736513185824
            ],
            [
              95.23629996439247,
              28.386500044032392
            ],
            [
              95.2364513193486,
              28.386247523543812
            ],
            [
              95.2365771941531,
              28.38598138363043
            ],
            [
              95.23667637656276,
              28.385704187365096
            ],
            [
              95.23674791139678,
              28.38541860429938
            ],
            [
              95.23679110973558,
              28.385127384754323
            ],
            [
              95.23680555555556,
              28.384833333333333
            ]
          ]
        ]
      }
    },
    {
      "type": "Feature",
      "properties": {
        "landslide_id": "AR/US/82P03/2022/022",
        "zone_name": "Pasighat-Yingkiong road Slide 13 - NH-513",
        "state": "Arunachal Pradesh",
        "district": "Upper Siang",
        "toposheet": "82P03",
        "hazard_type": "LANDSLIDE",
        "risk_level": "HIGH",
        "historical_event_count": 1
      },
      "geometry": {
        "type": "Polygon",
        "coordinates": [
          [
            [
              95.22419444444444,
              28.36641666666667
            ],
            [
              95.22417999862445,
              28.36612261524568
            ],
            [
              95.22413680028565,
              28.36583139570062
            ],
            [
              95.22406526545163,
              28.365545812634906
            ],
            [
              95.22396608304197,
              28.365268616369573
            ],
            [
              95.22384020823748,
              28.36500247645619
            ],
            [
              95.22368885328135,
              28.36474995596761
            ],
            [
              95.22351347580452,
              28.36451348681418
            ],
            [
              95.223315764788,
              28.36429534632311
            ],
            [
              95.22309762429693,
              28.36409763530658
            ],
            [
              95.22286115514349,
              28.363922257829763
            ],
            [
              95.22260863465492,
              28.363770902873625
            ],
            [
              95.22234249474153,
              28.363645028069136
            ],
            [
              95.2220652984762,
              28.363545845659473
            ],
            [
              95.22177971541048,
              28.36347431082546
            ],
            [
              95.22148849586543,
              28.36343111248665
            ],
            [
              95.22119444444444,
              28.36341666666667
            ],
            [
              95.22090039302344,
              28.36343111248665
            ],
            [
              95.2206091734784,
              28.36347431082546
            ],
            [
              95.22032359041268,
              28.363545845659473
            ],
            [
              95.22004639414735,
              28.363645028069136
            ],
            [
              95.21978025423395,
              28.363770902873625
            ],
            [
              95.21952773374538,
              28.363922257829763
            ],
            [
              95.21929126459194,
              28.36409763530658
            ],
            [
              95.21907312410087,
              28.36429534632311
            ],
            [
              95.21887541308435,
              28.36451348681418
            ],
            [
              95.21870003560753,
              28.36474995596761
            ],
            [
              95.2185486806514,
              28.36500247645619
            ],
            [
              95.2184228058469,
              28.365268616369573
            ],
            [
              95.21832362343724,
              28.365545812634906
            ],
            [
              95.21825208860322,
              28.36583139570062
            ],
            [
              95.21820889026442,
              28.36612261524568
            ],
            [
              95.21819444444444,
              28.36641666666667
            ],
            [
              95.21820889026442,
              28.36671071808766
            ],
            [
              95.21825208860322,
              28.36700193763272
            ],
            [
              95.21832362343724,
              28.367287520698433
            ],
            [
              95.2184228058469,
              28.367564716963766
            ],
            [
              95.2185486806514,
              28.36783085687715
            ],
            [
              95.21870003560753,
              28.36808337736573
            ],
            [
              95.21887541308435,
              28.36831984651916
            ],
            [
              95.21907312410087,
              28.368537987010228
            ],
            [
              95.21929126459194,
              28.368735698026757
            ],
            [
              95.21952773374538,
              28.368911075503576
            ],
            [
              95.21978025423395,
              28.369062430459714
            ],
            [
              95.22004639414735,
              28.369188305264203
            ],
            [
              95.22032359041268,
              28.369287487673866
            ],
            [
              95.2206091734784,
              28.36935902250788
            ],
            [
              95.22090039302344,
              28.369402220846688
            ],
            [
              95.22119444444444,
              28.36941666666667
            ],
            [
              95.22148849586543,
              28.369402220846688
            ],
            [
              95.22177971541048,
              28.36935902250788
            ],
            [
              95.2220652984762,
              28.369287487673866
            ],
            [
              95.22234249474153,
              28.369188305264203
            ],
            [
              95.22260863465492,
              28.369062430459714
            ],
            [
              95.22286115514349,
              28.368911075503576
            ],
            [
              95.22309762429693,
              28.368735698026757
            ],
            [
              95.223315764788,
              28.368537987010228
            ],
            [
              95.22351347580452,
              28.36831984651916
            ],
            [
              95.22368885328135,
              28.36808337736573
            ],
            [
              95.22384020823748,
              28.36783085687715
            ],
            [
              95.22396608304197,
              28.367564716963766
            ],
            [
              95.22406526545163,
              28.367287520698433
            ],
            [
              95.22413680028565,
              28.36700193763272
            ],
            [
              95.22417999862445,
              28.36671071808766
            ],
            [
              95.22419444444444,
              28.36641666666667
            ]
          ]
        ]
      }
    },
    {
      "type": "Feature",
      "properties": {
        "landslide_id": "AR/US/82P03/2022/023",
        "zone_name": "Pasighat-Yingkiong road Slide 14 - NH-513",
        "state": "Arunachal Pradesh",
        "district": "Upper Siang",
        "toposheet": "82P03",
        "hazard_type": "LANDSLIDE",
        "risk_level": "HIGH",
        "historical_event_count": 1
      },
      "geometry": {
        "type": "Polygon",
        "coordinates": [
          [
            [
              95.20669444444444,
              28.32288888888889
            ],
            [
              95.20667999862445,
              28.3225948374679
            ],
            [
              95.20663680028565,
              28.32230361792284
            ],
            [
              95.20656526545163,
              28.322018034857127
            ],
            [
              95.20646608304197,
              28.321740838591793
            ],
            [
              95.20634020823748,
              28.32147469867841
            ],
            [
              95.20618885328135,
              28.32122217818983
            ],
            [
              95.20601347580453,
              28.3209857090364
            ],
            [
              95.205815764788,
              28.32076756854533
            ],
            [
              95.20559762429693,
              28.320569857528803
            ],
            [
              95.20536115514349,
              28.320394480051984
            ],
            [
              95.20510863465492,
              28.320243125095846
            ],
            [
              95.20484249474153,
              28.320117250291357
            ],
            [
              95.2045652984762,
              28.320018067881694
            ],
            [
              95.20427971541048,
              28.31994653304768
            ],
            [
              95.20398849586543,
              28.319903334708872
            ],
            [
              95.20369444444444,
              28.31988888888889
            ],
            [
              95.20340039302344,
              28.319903334708872
            ],
            [
              95.2031091734784,
              28.31994653304768
            ],
            [
              95.20282359041268,
              28.320018067881694
            ],
            [
              95.20254639414735,
              28.320117250291357
            ],
            [
              95.20228025423395,
              28.320243125095846
            ],
            [
              95.20202773374538,
              28.320394480051984
            ],
            [
              95.20179126459195,
              28.320569857528803
            ],
            [
              95.20157312410088,
              28.32076756854533
            ],
            [
              95.20137541308435,
              28.3209857090364
            ],
            [
              95.20120003560753,
              28.32122217818983
            ],
            [
              95.2010486806514,
              28.32147469867841
            ],
            [
              95.2009228058469,
              28.321740838591793
            ],
            [
              95.20082362343724,
              28.322018034857127
            ],
            [
              95.20075208860322,
              28.32230361792284
            ],
            [
              95.20070889026442,
              28.3225948374679
            ],
            [
              95.20069444444444,
              28.32288888888889
            ],
            [
              95.20070889026442,
              28.32318294030988
            ],
            [
              95.20075208860322,
              28.32347415985494
            ],
            [
              95.20082362343724,
              28.323759742920654
            ],
            [
              95.2009228058469,
              28.324036939185987
            ],
            [
              95.2010486806514,
              28.32430307909937
            ],
            [
              95.20120003560753,
              28.32455559958795
            ],
            [
              95.20137541308435,
              28.32479206874138
            ],
            [
              95.20157312410088,
              28.32501020923245
            ],
            [
              95.20179126459195,
              28.325207920248978
            ],
            [
              95.20202773374538,
              28.325383297725796
            ],
            [
              95.20228025423395,
              28.325534652681934
            ],
            [
              95.20254639414735,
              28.325660527486423
            ],
            [
              95.20282359041268,
              28.325759709896086
            ],
            [
              95.2031091734784,
              28.3258312447301
            ],
            [
              95.20340039302344,
              28.32587444306891
            ],
            [
              95.20369444444444,
              28.32588888888889
            ],
            [
              95.20398849586543,
              28.32587444306891
            ],
            [
              95.20427971541048,
              28.3258312447301
            ],
            [
              95.2045652984762,
              28.325759709896086
            ],
            [
              95.20484249474153,
              28.325660527486423
            ],
            [
              95.20510863465492,
              28.325534652681934
            ],
            [
              95.20536115514349,
              28.325383297725796
            ],
            [
              95.20559762429693,
              28.325207920248978
            ],
            [
              95.205815764788,
              28.32501020923245
            ],
            [
              95.20601347580453,
              28.32479206874138
            ],
            [
              95.20618885328135,
              28.32455559958795
            ],
            [
              95.20634020823748,
              28.32430307909937
            ],
            [
              95.20646608304197,
              28.324036939185987
            ],
            [
              95.20656526545163,
              28.323759742920654
            ],
            [
              95.20663680028565,
              28.32347415985494
            ],
            [
              95.20667999862445,
              28.32318294030988
            ],
            [
              95.20669444444444,
              28.32288888888889
            ]
          ]
        ]
      }
    },
    {
      "type": "Feature",
      "properties": {
        "landslide_id": "AR/US/82P03/2022/024",
        "zone_name": "Pasighat-Yingkiong road Slide 15 - NH-513",
        "state": "Arunachal Pradesh",
        "district": "Upper Siang",
        "toposheet": "82P03",
        "hazard_type": "LANDSLIDE",
        "risk_level": "HIGH",
        "historical_event_count": 1
      },
      "geometry": {
        "type": "Polygon",
        "coordinates": [
          [
            [
              95.19836111111113,
              28.301694444444447
            ],
            [
              95.19834666529114,
              28.301400393023457
            ],
            [
              95.19830346695234,
              28.301109173478398
            ],
            [
              95.19823193211832,
              28.300823590412683
            ],
            [
              95.19813274970866,
              28.30054639414735
            ],
            [
              95.19800687490417,
              28.300280254233968
            ],
            [
              95.19785551994804,
              28.300027733745388
            ],
            [
              95.19768014247121,
              28.299791264591956
            ],
            [
              95.19748243145469,
              28.29957312410089
            ],
            [
              95.19726429096362,
              28.29937541308436
            ],
            [
              95.19702782181018,
              28.29920003560754
            ],
            [
              95.19677530132161,
              28.299048680651403
            ],
            [
              95.19650916140822,
              28.298922805846914
            ],
            [
              95.19623196514289,
              28.29882362343725
            ],
            [
              95.19594638207717,
              28.298752088603237
            ],
            [
              95.19565516253212,
              28.29870889026443
            ],
            [
              95.19536111111113,
              28.298694444444447
            ],
            [
              95.19506705969013,
              28.29870889026443
            ],
            [
              95.19477584014508,
              28.298752088603237
            ],
            [
              95.19449025707937,
              28.29882362343725
            ],
            [
              95.19421306081404,
              28.298922805846914
            ],
            [
              95.19394692090064,
              28.299048680651403
            ],
            [
              95.19369440041207,
              28.29920003560754
            ],
            [
              95.19345793125864,
              28.29937541308436
            ],
            [
              95.19323979076756,
              28.29957312410089
            ],
            [
              95.19304207975104,
              28.299791264591956
            ],
            [
              95.19286670227422,
              28.300027733745388
            ],
            [
              95.19271534731809,
              28.300280254233968
            ],
            [
              95.19258947251359,
              28.30054639414735
            ],
            [
              95.19249029010393,
              28.300823590412683
            ],
            [
              95.19241875526991,
              28.301109173478398
            ],
            [
              95.19237555693111,
              28.301400393023457
            ],
            [
              95.19236111111113,
              28.301694444444447
            ],
            [
              95.19237555693111,
              28.301988495865437
            ],
            [
              95.19241875526991,
              28.302279715410496
            ],
            [
              95.19249029010393,
              28.30256529847621
            ],
            [
              95.19258947251359,
              28.302842494741544
            ],
            [
              95.19271534731809,
              28.303108634654926
            ],
            [
              95.19286670227422,
              28.303361155143506
            ],
            [
              95.19304207975104,
              28.303597624296938
            ],
            [
              95.19323979076756,
              28.303815764788006
            ],
            [
              95.19345793125864,
              28.304013475804535
            ],
            [
              95.19369440041207,
              28.304188853281353
            ],
            [
              95.19394692090064,
              28.30434020823749
            ],
            [
              95.19421306081404,
              28.30446608304198
            ],
            [
              95.19449025707937,
              28.304565265451643
            ],
            [
              95.19477584014508,
              28.304636800285657
            ],
            [
              95.19506705969013,
              28.304679998624465
            ],
            [
              95.19536111111113,
              28.304694444444447
            ],
            [
              95.19565516253212,
              28.304679998624465
            ],
            [
              95.19594638207717,
              28.304636800285657
            ],
            [
              95.19623196514289,
              28.304565265451643
            ],
            [
              95.19650916140822,
              28.30446608304198
            ],
            [
              95.19677530132161,
              28.30434020823749
            ],
            [
              95.19702782181018,
              28.304188853281353
            ],
            [
              95.19726429096362,
              28.304013475804535
            ],
            [
              95.19748243145469,
              28.303815764788006
            ],
            [
              95.19768014247121,
              28.303597624296938
            ],
            [
              95.19785551994804,
              28.303361155143506
            ],
            [
              95.19800687490417,
              28.303108634654926
            ],
            [
              95.19813274970866,
              28.302842494741544
            ],
            [
              95.19823193211832,
              28.30256529847621
            ],
            [
              95.19830346695234,
              28.302279715410496
            ],
            [
              95.19834666529114,
              28.301988495865437
            ],
            [
              95.19836111111113,
              28.301694444444447
            ]
          ]
        ]
      }
    },
    {
      "type": "Feature",
      "properties": {
        "landslide_id": "AR/US/82P03/2022/025",
        "zone_name": "Pasighat-Yingkiong road Slide 16 - NH-513",
        "state": "Arunachal Pradesh",
        "district": "Upper Siang",
        "toposheet": "82P03",
        "hazard_type": "LANDSLIDE",
        "risk_level": "HIGH",
        "historical_event_count": 1
      },
      "geometry": {
        "type": "Polygon",
        "coordinates": [
          [
            [
              95.20211111111112,
              28.29155555555556
            ],
            [
              95.20209666529114,
              28.29126150413457
            ],
            [
              95.20205346695234,
              28.290970284589513
            ],
            [
              95.20198193211831,
              28.290684701523798
            ],
            [
              95.20188274970866,
              28.290407505258464
            ],
            [
              95.20175687490416,
              28.290141365345082
            ],
            [
              95.20160551994803,
              28.289888844856502
            ],
            [
              95.20143014247121,
              28.28965237570307
            ],
            [
              95.20123243145468,
              28.289434235212003
            ],
            [
              95.20101429096361,
              28.289236524195474
            ],
            [
              95.20077782181018,
              28.289061146718655
            ],
            [
              95.2005253013216,
              28.288909791762517
            ],
            [
              95.20025916140821,
              28.288783916958028
            ],
            [
              95.19998196514288,
              28.288684734548365
            ],
            [
              95.19969638207716,
              28.28861319971435
            ],
            [
              95.19940516253212,
              28.288570001375543
            ],
            [
              95.19911111111112,
              28.28855555555556
            ],
            [
              95.19881705969013,
              28.288570001375543
            ],
            [
              95.19852584014508,
              28.28861319971435
            ],
            [
              95.19824025707936,
              28.288684734548365
            ],
            [
              95.19796306081403,
              28.288783916958028
            ],
            [
              95.19769692090064,
              28.288909791762517
            ],
            [
              95.19744440041207,
              28.289061146718655
            ],
            [
              95.19720793125863,
              28.289236524195474
            ],
            [
              95.19698979076756,
              28.289434235212003
            ],
            [
              95.19679207975103,
              28.28965237570307
            ],
            [
              95.19661670227421,
              28.289888844856502
            ],
            [
              95.19646534731808,
              28.290141365345082
            ],
            [
              95.19633947251359,
              28.290407505258464
            ],
            [
              95.19624029010393,
              28.290684701523798
            ],
            [
              95.19616875526991,
              28.290970284589513
            ],
            [
              95.19612555693111,
              28.29126150413457
            ],
            [
              95.19611111111112,
              28.29155555555556
            ],
            [
              95.19612555693111,
              28.29184960697655
            ],
            [
              95.19616875526991,
              28.29214082652161
            ],
            [
              95.19624029010393,
              28.292426409587325
            ],
            [
              95.19633947251359,
              28.292703605852658
            ],
            [
              95.19646534731808,
              28.29296974576604
            ],
            [
              95.19661670227421,
              28.29322226625462
            ],
            [
              95.19679207975103,
              28.293458735408052
            ],
            [
              95.19698979076756,
              28.29367687589912
            ],
            [
              95.19720793125863,
              28.29387458691565
            ],
            [
              95.19744440041207,
              28.294049964392467
            ],
            [
              95.19769692090064,
              28.294201319348605
            ],
            [
              95.19796306081403,
              28.294327194153094
            ],
            [
              95.19824025707936,
              28.294426376562757
            ],
            [
              95.19852584014508,
              28.29449791139677
            ],
            [
              95.19881705969013,
              28.29454110973558
            ],
            [
              95.19911111111112,
              28.29455555555556
            ],
            [
              95.19940516253212,
              28.29454110973558
            ],
            [
              95.19969638207716,
              28.29449791139677
            ],
            [
              95.19998196514288,
              28.294426376562757
            ],
            [
              95.20025916140821,
              28.294327194153094
            ],
            [
              95.2005253013216,
              28.294201319348605
            ],
            [
              95.20077782181018,
              28.294049964392467
            ],
            [
              95.20101429096361,
              28.29387458691565
            ],
            [
              95.20123243145468,
              28.29367687589912
            ],
            [
              95.20143014247121,
              28.293458735408052
            ],
            [
              95.20160551994803,
              28.29322226625462
            ],
            [
              95.20175687490416,
              28.29296974576604
            ],
            [
              95.20188274970866,
              28.292703605852658
            ],
            [
              95.20198193211831,
              28.292426409587325
            ],
            [
              95.20205346695234,
              28.29214082652161
            ],
            [
              95.20209666529114,
              28.29184960697655
            ],
            [
              95.20211111111112,
              28.29155555555556
            ]
          ]
        ]
      }
    },
    {
      "type": "Feature",
      "properties": {
        "landslide_id": "AR/WS/82P04/2022/026",
        "zone_name": "Northwest of Rotung Slide 1 - NH-13",
        "state": "Arunachal Pradesh",
        "district": "West Siang",
        "toposheet": "82P04",
        "hazard_type": "LANDSLIDE",
        "risk_level": "HIGH",
        "historical_event_count": 1
      },
      "geometry": {
        "type": "Polygon",
        "coordinates": [
          [
            [
              95.11425,
              28.13361111111111
            ],
            [
              95.11423555418001,
              28.13331705969012
            ],
            [
              95.11419235584121,
              28.133025840145063
            ],
            [
              95.11412082100719,
              28.132740257079348
            ],
            [
              95.11402163859754,
              28.132463060814015
            ],
            [
              95.11389576379304,
              28.132196920900633
            ],
            [
              95.11374440883691,
              28.131944400412053
            ],
            [
              95.11356903136009,
              28.13170793125862
            ],
            [
              95.11337132034356,
              28.131489790767553
            ],
            [
              95.11315317985249,
              28.131292079751024
            ],
            [
              95.11291671069905,
              28.131116702274205
            ],
            [
              95.11266419021048,
              28.130965347318067
            ],
            [
              95.11239805029709,
              28.13083947251358
            ],
            [
              95.11212085403176,
              28.130740290103915
            ],
            [
              95.11183527096604,
              28.1306687552699
            ],
            [
              95.11154405142099,
              28.130625556931093
            ],
            [
              95.11125,
              28.13061111111111
            ],
            [
              95.110955948579,
              28.130625556931093
            ],
            [
              95.11066472903396,
              28.1306687552699
            ],
            [
              95.11037914596824,
              28.130740290103915
            ],
            [
              95.11010194970291,
              28.13083947251358
            ],
            [
              95.10983580978952,
              28.130965347318067
            ],
            [
              95.10958328930094,
              28.131116702274205
            ],
            [
              95.10934682014751,
              28.131292079751024
            ],
            [
              95.10912867965644,
              28.131489790767553
            ],
            [
              95.10893096863991,
              28.13170793125862
            ],
            [
              95.10875559116309,
              28.131944400412053
            ],
            [
              95.10860423620696,
              28.132196920900633
            ],
            [
              95.10847836140246,
              28.132463060814015
            ],
            [
              95.1083791789928,
              28.132740257079348
            ],
            [
              95.10830764415878,
              28.133025840145063
            ],
            [
              95.10826444581998,
              28.13331705969012
            ],
            [
              95.10825,
              28.13361111111111
            ],
            [
              95.10826444581998,
              28.133905162532102
            ],
            [
              95.10830764415878,
              28.13419638207716
            ],
            [
              95.1083791789928,
              28.134481965142875
            ],
            [
              95.10847836140246,
              28.13475916140821
            ],
            [
              95.10860423620696,
              28.13502530132159
            ],
            [
              95.10875559116309,
              28.13527782181017
            ],
            [
              95.10893096863991,
              28.135514290963602
            ],
            [
              95.10912867965644,
              28.13573243145467
            ],
            [
              95.10934682014751,
              28.1359301424712
            ],
            [
              95.10958328930094,
              28.136105519948018
            ],
            [
              95.10983580978952,
              28.136256874904156
            ],
            [
              95.11010194970291,
              28.136382749708645
            ],
            [
              95.11037914596824,
              28.136481932118308
            ],
            [
              95.11066472903396,
              28.13655346695232
            ],
            [
              95.110955948579,
              28.13659666529113
            ],
            [
              95.11125,
              28.13661111111111
            ],
            [
              95.11154405142099,
              28.13659666529113
            ],
            [
              95.11183527096604,
              28.13655346695232
            ],
            [
              95.11212085403176,
              28.136481932118308
            ],
            [
              95.11239805029709,
              28.136382749708645
            ],
            [
              95.11266419021048,
              28.136256874904156
            ],
            [
              95.11291671069905,
              28.136105519948018
            ],
            [
              95.11315317985249,
              28.1359301424712
            ],
            [
              95.11337132034356,
              28.13573243145467
            ],
            [
              95.11356903136009,
              28.135514290963602
            ],
            [
              95.11374440883691,
              28.13527782181017
            ],
            [
              95.11389576379304,
              28.13502530132159
            ],
            [
              95.11402163859754,
              28.13475916140821
            ],
            [
              95.11412082100719,
              28.134481965142875
            ],
            [
              95.11419235584121,
              28.13419638207716
            ],
            [
              95.11423555418001,
              28.133905162532102
            ],
            [
              95.11425,
              28.13361111111111
            ]
          ]
        ]
      }
    },
    {
      "type": "Feature",
      "properties": {
        "landslide_id": "AR/WS/82P04/2022/027",
        "zone_name": "Northwest of Yembung camp Slide - NH-13",
        "state": "Arunachal Pradesh",
        "district": "West Siang",
        "toposheet": "82P04",
        "hazard_type": "LANDSLIDE",
        "risk_level": "HIGH",
        "historical_event_count": 1
      },
      "geometry": {
        "type": "Polygon",
        "coordinates": [
          [
            [
              95.02811111111112,
              28.17480555555556
            ],
            [
              95.02809666529113,
              28.17451150413457
            ],
            [
              95.02805346695233,
              28.174220284589513
            ],
            [
              95.02798193211831,
              28.173934701523798
            ],
            [
              95.02788274970865,
              28.173657505258465
            ],
            [
              95.02775687490416,
              28.173391365345083
            ],
            [
              95.02760551994803,
              28.173138844856503
            ],
            [
              95.0274301424712,
              28.17290237570307
            ],
            [
              95.02723243145468,
              28.172684235212003
            ],
            [
              95.0270142909636,
              28.172486524195474
            ],
            [
              95.02677782181017,
              28.172311146718656
            ],
            [
              95.0265253013216,
              28.172159791762518
            ],
            [
              95.0262591614082,
              28.17203391695803
            ],
            [
              95.02598196514288,
              28.171934734548365
            ],
            [
              95.02569638207716,
              28.171863199714352
            ],
            [
              95.02540516253211,
              28.171820001375544
            ],
            [
              95.02511111111112,
              28.17180555555556
            ],
            [
              95.02481705969012,
              28.171820001375544
            ],
            [
              95.02452584014507,
              28.171863199714352
            ],
            [
              95.02424025707936,
              28.171934734548365
            ],
            [
              95.02396306081403,
              28.17203391695803
            ],
            [
              95.02369692090063,
              28.172159791762518
            ],
            [
              95.02344440041206,
              28.172311146718656
            ],
            [
              95.02320793125863,
              28.172486524195474
            ],
            [
              95.02298979076755,
              28.172684235212003
            ],
            [
              95.02279207975103,
              28.17290237570307
            ],
            [
              95.0226167022742,
              28.173138844856503
            ],
            [
              95.02246534731808,
              28.173391365345083
            ],
            [
              95.02233947251358,
              28.173657505258465
            ],
            [
              95.02224029010392,
              28.173934701523798
            ],
            [
              95.0221687552699,
              28.174220284589513
            ],
            [
              95.0221255569311,
              28.17451150413457
            ],
            [
              95.02211111111112,
              28.17480555555556
            ],
            [
              95.0221255569311,
              28.175099606976552
            ],
            [
              95.0221687552699,
              28.17539082652161
            ],
            [
              95.02224029010392,
              28.175676409587325
            ],
            [
              95.02233947251358,
              28.17595360585266
            ],
            [
              95.02246534731808,
              28.17621974576604
            ],
            [
              95.0226167022742,
              28.17647226625462
            ],
            [
              95.02279207975103,
              28.176708735408052
            ],
            [
              95.02298979076755,
              28.17692687589912
            ],
            [
              95.02320793125863,
              28.17712458691565
            ],
            [
              95.02344440041206,
              28.177299964392468
            ],
            [
              95.02369692090063,
              28.177451319348606
            ],
            [
              95.02396306081403,
              28.177577194153095
            ],
            [
              95.02424025707936,
              28.177676376562758
            ],
            [
              95.02452584014507,
              28.17774791139677
            ],
            [
              95.02481705969012,
              28.17779110973558
            ],
            [
              95.02511111111112,
              28.17780555555556
            ],
            [
              95.02540516253211,
              28.17779110973558
            ],
            [
              95.02569638207716,
              28.17774791139677
            ],
            [
              95.02598196514288,
              28.177676376562758
            ],
            [
              95.0262591614082,
              28.177577194153095
            ],
            [
              95.0265253013216,
              28.177451319348606
            ],
            [
              95.02677782181017,
              28.177299964392468
            ],
            [
              95.0270142909636,
              28.17712458691565
            ],
            [
              95.02723243145468,
              28.17692687589912
            ],
            [
              95.0274301424712,
              28.176708735408052
            ],
            [
              95.02760551994803,
              28.17647226625462
            ],
            [
              95.02775687490416,
              28.17621974576604
            ],
            [
              95.02788274970865,
              28.17595360585266
            ],
            [
              95.02798193211831,
              28.175676409587325
            ],
            [
              95.02805346695233,
              28.17539082652161
            ],
            [
              95.02809666529113,
              28.175099606976552
            ],
            [
              95.02811111111112,
              28.17480555555556
            ]
          ]
        ]
      }
    },
    {
      "type": "Feature",
      "properties": {
        "landslide_id": "AR/S/82P04/2022/028",
        "zone_name": "Northwest of Yembung camp Slide - NH-13",
        "state": "Arunachal Pradesh",
        "district": "Siang",
        "toposheet": "82P04",
        "hazard_type": "LANDSLIDE",
        "risk_level": "HIGH",
        "historical_event_count": 1
      },
      "geometry": {
        "type": "Polygon",
        "coordinates": [
          [
            [
              95.11425,
              28.13361111111111
            ],
            [
              95.11423555418001,
              28.13331705969012
            ],
            [
              95.11419235584121,
              28.133025840145063
            ],
            [
              95.11412082100719,
              28.132740257079348
            ],
            [
              95.11402163859754,
              28.132463060814015
            ],
            [
              95.11389576379304,
              28.132196920900633
            ],
            [
              95.11374440883691,
              28.131944400412053
            ],
            [
              95.11356903136009,
              28.13170793125862
            ],
            [
              95.11337132034356,
              28.131489790767553
            ],
            [
              95.11315317985249,
              28.131292079751024
            ],
            [
              95.11291671069905,
              28.131116702274205
            ],
            [
              95.11266419021048,
              28.130965347318067
            ],
            [
              95.11239805029709,
              28.13083947251358
            ],
            [
              95.11212085403176,
              28.130740290103915
            ],
            [
              95.11183527096604,
              28.1306687552699
            ],
            [
              95.11154405142099,
              28.130625556931093
            ],
            [
              95.11125,
              28.13061111111111
            ],
            [
              95.110955948579,
              28.130625556931093
            ],
            [
              95.11066472903396,
              28.1306687552699
            ],
            [
              95.11037914596824,
              28.130740290103915
            ],
            [
              95.11010194970291,
              28.13083947251358
            ],
            [
              95.10983580978952,
              28.130965347318067
            ],
            [
              95.10958328930094,
              28.131116702274205
            ],
            [
              95.10934682014751,
              28.131292079751024
            ],
            [
              95.10912867965644,
              28.131489790767553
            ],
            [
              95.10893096863991,
              28.13170793125862
            ],
            [
              95.10875559116309,
              28.131944400412053
            ],
            [
              95.10860423620696,
              28.132196920900633
            ],
            [
              95.10847836140246,
              28.132463060814015
            ],
            [
              95.1083791789928,
              28.132740257079348
            ],
            [
              95.10830764415878,
              28.133025840145063
            ],
            [
              95.10826444581998,
              28.13331705969012
            ],
            [
              95.10825,
              28.13361111111111
            ],
            [
              95.10826444581998,
              28.133905162532102
            ],
            [
              95.10830764415878,
              28.13419638207716
            ],
            [
              95.1083791789928,
              28.134481965142875
            ],
            [
              95.10847836140246,
              28.13475916140821
            ],
            [
              95.10860423620696,
              28.13502530132159
            ],
            [
              95.10875559116309,
              28.13527782181017
            ],
            [
              95.10893096863991,
              28.135514290963602
            ],
            [
              95.10912867965644,
              28.13573243145467
            ],
            [
              95.10934682014751,
              28.1359301424712
            ],
            [
              95.10958328930094,
              28.136105519948018
            ],
            [
              95.10983580978952,
              28.136256874904156
            ],
            [
              95.11010194970291,
              28.136382749708645
            ],
            [
              95.11037914596824,
              28.136481932118308
            ],
            [
              95.11066472903396,
              28.13655346695232
            ],
            [
              95.110955948579,
              28.13659666529113
            ],
            [
              95.11125,
              28.13661111111111
            ],
            [
              95.11154405142099,
              28.13659666529113
            ],
            [
              95.11183527096604,
              28.13655346695232
            ],
            [
              95.11212085403176,
              28.136481932118308
            ],
            [
              95.11239805029709,
              28.136382749708645
            ],
            [
              95.11266419021048,
              28.136256874904156
            ],
            [
              95.11291671069905,
              28.136105519948018
            ],
            [
              95.11315317985249,
              28.1359301424712
            ],
            [
              95.11337132034356,
              28.13573243145467
            ],
            [
              95.11356903136009,
              28.135514290963602
            ],
            [
              95.11374440883691,
              28.13527782181017
            ],
            [
              95.11389576379304,
              28.13502530132159
            ],
            [
              95.11402163859754,
              28.13475916140821
            ],
            [
              95.11412082100719,
              28.134481965142875
            ],
            [
              95.11419235584121,
              28.13419638207716
            ],
            [
              95.11423555418001,
              28.133905162532102
            ],
            [
              95.11425,
              28.13361111111111
            ]
          ]
        ]
      }
    },
    {
      "type": "Feature",
      "properties": {
        "landslide_id": "AR/S/82P04/2022/029",
        "zone_name": "South of Jeru Slide 1 - NH-13",
        "state": "Arunachal Pradesh",
        "district": "Siang",
        "toposheet": "82P04",
        "hazard_type": "LANDSLIDE",
        "risk_level": "HIGH",
        "historical_event_count": 1
      },
      "geometry": {
        "type": "Polygon",
        "coordinates": [
          [
            [
              95.02811111111112,
              28.17480555555556
            ],
            [
              95.02809666529113,
              28.17451150413457
            ],
            [
              95.02805346695233,
              28.174220284589513
            ],
            [
              95.02798193211831,
              28.173934701523798
            ],
            [
              95.02788274970865,
              28.173657505258465
            ],
            [
              95.02775687490416,
              28.173391365345083
            ],
            [
              95.02760551994803,
              28.173138844856503
            ],
            [
              95.0274301424712,
              28.17290237570307
            ],
            [
              95.02723243145468,
              28.172684235212003
            ],
            [
              95.0270142909636,
              28.172486524195474
            ],
            [
              95.02677782181017,
              28.172311146718656
            ],
            [
              95.0265253013216,
              28.172159791762518
            ],
            [
              95.0262591614082,
              28.17203391695803
            ],
            [
              95.02598196514288,
              28.171934734548365
            ],
            [
              95.02569638207716,
              28.171863199714352
            ],
            [
              95.02540516253211,
              28.171820001375544
            ],
            [
              95.02511111111112,
              28.17180555555556
            ],
            [
              95.02481705969012,
              28.171820001375544
            ],
            [
              95.02452584014507,
              28.171863199714352
            ],
            [
              95.02424025707936,
              28.171934734548365
            ],
            [
              95.02396306081403,
              28.17203391695803
            ],
            [
              95.02369692090063,
              28.172159791762518
            ],
            [
              95.02344440041206,
              28.172311146718656
            ],
            [
              95.02320793125863,
              28.172486524195474
            ],
            [
              95.02298979076755,
              28.172684235212003
            ],
            [
              95.02279207975103,
              28.17290237570307
            ],
            [
              95.0226167022742,
              28.173138844856503
            ],
            [
              95.02246534731808,
              28.173391365345083
            ],
            [
              95.02233947251358,
              28.173657505258465
            ],
            [
              95.02224029010392,
              28.173934701523798
            ],
            [
              95.0221687552699,
              28.174220284589513
            ],
            [
              95.0221255569311,
              28.17451150413457
            ],
            [
              95.02211111111112,
              28.17480555555556
            ],
            [
              95.0221255569311,
              28.175099606976552
            ],
            [
              95.0221687552699,
              28.17539082652161
            ],
            [
              95.02224029010392,
              28.175676409587325
            ],
            [
              95.02233947251358,
              28.17595360585266
            ],
            [
              95.02246534731808,
              28.17621974576604
            ],
            [
              95.0226167022742,
              28.17647226625462
            ],
            [
              95.02279207975103,
              28.176708735408052
            ],
            [
              95.02298979076755,
              28.17692687589912
            ],
            [
              95.02320793125863,
              28.17712458691565
            ],
            [
              95.02344440041206,
              28.177299964392468
            ],
            [
              95.02369692090063,
              28.177451319348606
            ],
            [
              95.02396306081403,
              28.177577194153095
            ],
            [
              95.02424025707936,
              28.177676376562758
            ],
            [
              95.02452584014507,
              28.17774791139677
            ],
            [
              95.02481705969012,
              28.17779110973558
            ],
            [
              95.02511111111112,
              28.17780555555556
            ],
            [
              95.02540516253211,
              28.17779110973558
            ],
            [
              95.02569638207716,
              28.17774791139677
            ],
            [
              95.02598196514288,
              28.177676376562758
            ],
            [
              95.0262591614082,
              28.177577194153095
            ],
            [
              95.0265253013216,
              28.177451319348606
            ],
            [
              95.02677782181017,
              28.177299964392468
            ],
            [
              95.0270142909636,
              28.17712458691565
            ],
            [
              95.02723243145468,
              28.17692687589912
            ],
            [
              95.0274301424712,
              28.176708735408052
            ],
            [
              95.02760551994803,
              28.17647226625462
            ],
            [
              95.02775687490416,
              28.17621974576604
            ],
            [
              95.02788274970865,
              28.17595360585266
            ],
            [
              95.02798193211831,
              28.175676409587325
            ],
            [
              95.02805346695233,
              28.17539082652161
            ],
            [
              95.02809666529113,
              28.175099606976552
            ],
            [
              95.02811111111112,
              28.17480555555556
            ]
          ]
        ]
      }
    },
    {
      "type": "Feature",
      "properties": {
        "landslide_id": "AR/S/82L16/2022/030",
        "zone_name": "South of Jeru Slide 2 - NH-13",
        "state": "Arunachal Pradesh",
        "district": "Siang",
        "toposheet": "82L16",
        "hazard_type": "LANDSLIDE",
        "risk_level": "HIGH",
        "historical_event_count": 1
      },
      "geometry": {
        "type": "Polygon",
        "coordinates": [
          [
            [
              94.98791666666666,
              28.192444444444444
            ],
            [
              94.98790222084668,
              28.192150393023454
            ],
            [
              94.98785902250788,
              28.191859173478395
            ],
            [
              94.98778748767386,
              28.19157359041268
            ],
            [
              94.9876883052642,
              28.191296394147347
            ],
            [
              94.9875624304597,
              28.191030254233965
            ],
            [
              94.98741107550357,
              28.190777733745385
            ],
            [
              94.98723569802675,
              28.190541264591953
            ],
            [
              94.98703798701023,
              28.190323124100885
            ],
            [
              94.98681984651915,
              28.190125413084356
            ],
            [
              94.98658337736572,
              28.189950035607538
            ],
            [
              94.98633085687715,
              28.1897986806514
            ],
            [
              94.98606471696375,
              28.18967280584691
            ],
            [
              94.98578752069842,
              28.189573623437248
            ],
            [
              94.9855019376327,
              28.189502088603234
            ],
            [
              94.98521071808766,
              28.189458890264426
            ],
            [
              94.98491666666666,
              28.189444444444444
            ],
            [
              94.98462261524567,
              28.189458890264426
            ],
            [
              94.98433139570062,
              28.189502088603234
            ],
            [
              94.9840458126349,
              28.189573623437248
            ],
            [
              94.98376861636957,
              28.18967280584691
            ],
            [
              94.98350247645618,
              28.1897986806514
            ],
            [
              94.98324995596761,
              28.189950035607538
            ],
            [
              94.98301348681417,
              28.190125413084356
            ],
            [
              94.9827953463231,
              28.190323124100885
            ],
            [
              94.98259763530658,
              28.190541264591953
            ],
            [
              94.98242225782975,
              28.190777733745385
            ],
            [
              94.98227090287362,
              28.191030254233965
            ],
            [
              94.98214502806913,
              28.191296394147347
            ],
            [
              94.98204584565947,
              28.19157359041268
            ],
            [
              94.98197431082545,
              28.191859173478395
            ],
            [
              94.98193111248665,
              28.192150393023454
            ],
            [
              94.98191666666666,
              28.192444444444444
            ],
            [
              94.98193111248665,
              28.192738495865434
            ],
            [
              94.98197431082545,
              28.193029715410493
            ],
            [
              94.98204584565947,
              28.193315298476207
            ],
            [
              94.98214502806913,
              28.19359249474154
            ],
            [
              94.98227090287362,
              28.193858634654923
            ],
            [
              94.98242225782975,
              28.194111155143503
            ],
            [
              94.98259763530658,
              28.194347624296935
            ],
            [
              94.9827953463231,
              28.194565764788003
            ],
            [
              94.98301348681417,
              28.194763475804532
            ],
            [
              94.98324995596761,
              28.19493885328135
            ],
            [
              94.98350247645618,
              28.195090208237488
            ],
            [
              94.98376861636957,
              28.195216083041977
            ],
            [
              94.9840458126349,
              28.19531526545164
            ],
            [
              94.98433139570062,
              28.195386800285654
            ],
            [
              94.98462261524567,
              28.195429998624462
            ],
            [
              94.98491666666666,
              28.195444444444444
            ],
            [
              94.98521071808766,
              28.195429998624462
            ],
            [
              94.9855019376327,
              28.195386800285654
            ],
            [
              94.98578752069842,
              28.19531526545164
            ],
            [
              94.98606471696375,
              28.195216083041977
            ],
            [
              94.98633085687715,
              28.195090208237488
            ],
            [
              94.98658337736572,
              28.19493885328135
            ],
            [
              94.98681984651915,
              28.194763475804532
            ],
            [
              94.98703798701023,
              28.194565764788003
            ],
            [
              94.98723569802675,
              28.194347624296935
            ],
            [
              94.98741107550357,
              28.194111155143503
            ],
            [
              94.9875624304597,
              28.193858634654923
            ],
            [
              94.9876883052642,
              28.19359249474154
            ],
            [
              94.98778748767386,
              28.193315298476207
            ],
            [
              94.98785902250788,
              28.193029715410493
            ],
            [
              94.98790222084668,
              28.192738495865434
            ],
            [
              94.98791666666666,
              28.192444444444444
            ]
          ]
        ]
      }
    },
    {
      "type": "Feature",
      "properties": {
        "landslide_id": "AR/S/82P04/2022/031",
        "zone_name": "South of Jeru Slide 3 - NH-13",
        "state": "Arunachal Pradesh",
        "district": "Siang",
        "toposheet": "82P04",
        "hazard_type": "LANDSLIDE",
        "risk_level": "HIGH",
        "historical_event_count": 1
      },
      "geometry": {
        "type": "Polygon",
        "coordinates": [
          [
            [
              94.22811111111112,
              28.22675
            ],
            [
              94.22809666529113,
              28.22645594857901
            ],
            [
              94.22805346695233,
              28.22616472903395
            ],
            [
              94.22798193211831,
              28.225879145968236
            ],
            [
              94.22788274970866,
              28.225601949702902
            ],
            [
              94.22775687490416,
              28.22533580978952
            ],
            [
              94.22760551994803,
              28.22508328930094
            ],
            [
              94.2274301424712,
              28.22484682014751
            ],
            [
              94.22723243145468,
              28.22462867965644
            ],
            [
              94.22701429096361,
              28.22443096863991
            ],
            [
              94.22677782181017,
              28.224255591163093
            ],
            [
              94.2265253013216,
              28.224104236206955
            ],
            [
              94.22625916140821,
              28.223978361402466
            ],
            [
              94.22598196514288,
              28.223879178992803
            ],
            [
              94.22569638207716,
              28.22380764415879
            ],
            [
              94.22540516253211,
              28.22376444581998
            ],
            [
              94.22511111111112,
              28.22375
            ],
            [
              94.22481705969012,
              28.22376444581998
            ],
            [
              94.22452584014508,
              28.22380764415879
            ],
            [
              94.22424025707936,
              28.223879178992803
            ],
            [
              94.22396306081403,
              28.223978361402466
            ],
            [
              94.22369692090064,
              28.224104236206955
            ],
            [
              94.22344440041206,
              28.224255591163093
            ],
            [
              94.22320793125863,
              28.22443096863991
            ],
            [
              94.22298979076756,
              28.22462867965644
            ],
            [
              94.22279207975103,
              28.22484682014751
            ],
            [
              94.22261670227421,
              28.22508328930094
            ],
            [
              94.22246534731808,
              28.22533580978952
            ],
            [
              94.22233947251358,
              28.225601949702902
            ],
            [
              94.22224029010393,
              28.225879145968236
            ],
            [
              94.2221687552699,
              28.22616472903395
            ],
            [
              94.2221255569311,
              28.22645594857901
            ],
            [
              94.22211111111112,
              28.22675
            ],
            [
              94.2221255569311,
              28.22704405142099
            ],
            [
              94.2221687552699,
              28.227335270966048
            ],
            [
              94.22224029010393,
              28.227620854031763
            ],
            [
              94.22233947251358,
              28.227898050297096
            ],
            [
              94.22246534731808,
              28.228164190210478
            ],
            [
              94.22261670227421,
              28.228416710699058
            ],
            [
              94.22279207975103,
              28.22865317985249
            ],
            [
              94.22298979076756,
              28.228871320343558
            ],
            [
              94.22320793125863,
              28.229069031360087
            ],
            [
              94.22344440041206,
              28.229244408836905
            ],
            [
              94.22369692090064,
              28.229395763793043
            ],
            [
              94.22396306081403,
              28.229521638597532
            ],
            [
              94.22424025707936,
              28.229620821007195
            ],
            [
              94.22452584014508,
              28.22969235584121
            ],
            [
              94.22481705969012,
              28.229735554180017
            ],
            [
              94.22511111111112,
              28.22975
            ],
            [
              94.22540516253211,
              28.229735554180017
            ],
            [
              94.22569638207716,
              28.22969235584121
            ],
            [
              94.22598196514288,
              28.229620821007195
            ],
            [
              94.22625916140821,
              28.229521638597532
            ],
            [
              94.2265253013216,
              28.229395763793043
            ],
            [
              94.22677782181017,
              28.229244408836905
            ],
            [
              94.22701429096361,
              28.229069031360087
            ],
            [
              94.22723243145468,
              28.228871320343558
            ],
            [
              94.2274301424712,
              28.22865317985249
            ],
            [
              94.22760551994803,
              28.228416710699058
            ],
            [
              94.22775687490416,
              28.228164190210478
            ],
            [
              94.22788274970866,
              28.227898050297096
            ],
            [
              94.22798193211831,
              28.227620854031763
            ],
            [
              94.22805346695233,
              28.227335270966048
            ],
            [
              94.22809666529113,
              28.22704405142099
            ],
            [
              94.22811111111112,
              28.22675
            ]
          ]
        ]
      }
    },
    {
      "type": "Feature",
      "properties": {
        "landslide_id": "AR/S/82P04/2022/032",
        "zone_name": "South of Jeru Slide 4 Photo 31(a)&(b) 125 - NH-13",
        "state": "Arunachal Pradesh",
        "district": "Siang",
        "toposheet": "82P04",
        "hazard_type": "LANDSLIDE",
        "risk_level": "HIGH",
        "historical_event_count": 1
      },
      "geometry": {
        "type": "Polygon",
        "coordinates": [
          [
            [
              94.22386111111112,
              28.24238888888889
            ],
            [
              94.22384666529113,
              28.2420948374679
            ],
            [
              94.22380346695233,
              28.24180361792284
            ],
            [
              94.22373193211831,
              28.241518034857126
            ],
            [
              94.22363274970866,
              28.241240838591793
            ],
            [
              94.22350687490416,
              28.24097469867841
            ],
            [
              94.22335551994803,
              28.24072217818983
            ],
            [
              94.22318014247121,
              28.2404857090364
            ],
            [
              94.22298243145468,
              28.24026756854533
            ],
            [
              94.22276429096361,
              28.240069857528802
            ],
            [
              94.22252782181017,
              28.239894480051984
            ],
            [
              94.2222753013216,
              28.239743125095845
            ],
            [
              94.22200916140821,
              28.239617250291356
            ],
            [
              94.22173196514288,
              28.239518067881693
            ],
            [
              94.22144638207716,
              28.23944653304768
            ],
            [
              94.22115516253211,
              28.23940333470887
            ],
            [
              94.22086111111112,
              28.23938888888889
            ],
            [
              94.22056705969013,
              28.23940333470887
            ],
            [
              94.22027584014508,
              28.23944653304768
            ],
            [
              94.21999025707936,
              28.239518067881693
            ],
            [
              94.21971306081403,
              28.239617250291356
            ],
            [
              94.21944692090064,
              28.239743125095845
            ],
            [
              94.21919440041206,
              28.239894480051984
            ],
            [
              94.21895793125863,
              28.240069857528802
            ],
            [
              94.21873979076756,
              28.24026756854533
            ],
            [
              94.21854207975103,
              28.2404857090364
            ],
            [
              94.21836670227421,
              28.24072217818983
            ],
            [
              94.21821534731808,
              28.24097469867841
            ],
            [
              94.21808947251358,
              28.241240838591793
            ],
            [
              94.21799029010393,
              28.241518034857126
            ],
            [
              94.2179187552699,
              28.24180361792284
            ],
            [
              94.2178755569311,
              28.2420948374679
            ],
            [
              94.21786111111112,
              28.24238888888889
            ],
            [
              94.2178755569311,
              28.24268294030988
            ],
            [
              94.2179187552699,
              28.24297415985494
            ],
            [
              94.21799029010393,
              28.243259742920653
            ],
            [
              94.21808947251358,
              28.243536939185987
            ],
            [
              94.21821534731808,
              28.24380307909937
            ],
            [
              94.21836670227421,
              28.24405559958795
            ],
            [
              94.21854207975103,
              28.24429206874138
            ],
            [
              94.21873979076756,
              28.24451020923245
            ],
            [
              94.21895793125863,
              28.244707920248977
            ],
            [
              94.21919440041206,
              28.244883297725796
            ],
            [
              94.21944692090064,
              28.245034652681934
            ],
            [
              94.21971306081403,
              28.245160527486423
            ],
            [
              94.21999025707936,
              28.245259709896086
            ],
            [
              94.22027584014508,
              28.2453312447301
            ],
            [
              94.22056705969013,
              28.245374443068908
            ],
            [
              94.22086111111112,
              28.24538888888889
            ],
            [
              94.22115516253211,
              28.245374443068908
            ],
            [
              94.22144638207716,
              28.2453312447301
            ],
            [
              94.22173196514288,
              28.245259709896086
            ],
            [
              94.22200916140821,
              28.245160527486423
            ],
            [
              94.2222753013216,
              28.245034652681934
            ],
            [
              94.22252782181017,
              28.244883297725796
            ],
            [
              94.22276429096361,
              28.244707920248977
            ],
            [
              94.22298243145468,
              28.24451020923245
            ],
            [
              94.22318014247121,
              28.24429206874138
            ],
            [
              94.22335551994803,
              28.24405559958795
            ],
            [
              94.22350687490416,
              28.24380307909937
            ],
            [
              94.22363274970866,
              28.243536939185987
            ],
            [
              94.22373193211831,
              28.243259742920653
            ],
            [
              94.22380346695233,
              28.24297415985494
            ],
            [
              94.22384666529113,
              28.24268294030988
            ],
            [
              94.22386111111112,
              28.24238888888889
            ]
          ]
        ]
      }
    },
    {
      "type": "Feature",
      "properties": {
        "landslide_id": "AR/LD/83M01/2022/033",
        "zone_name": "West of Ledum Slide 1 - Near to Ledum village",
        "state": "Arunachal Pradesh",
        "district": "Lower Dibang valley",
        "toposheet": "83M01",
        "hazard_type": "LANDSLIDE",
        "risk_level": "HIGH",
        "historical_event_count": 1
      },
      "geometry": {
        "type": "Polygon",
        "coordinates": [
          [
            [
              95.12058611111112,
              27.944388888888888
            ],
            [
              95.12057166529114,
              27.944094837467897
            ],
            [
              95.12052846695234,
              27.94380361792284
            ],
            [
              95.12045693211832,
              27.943518034857124
            ],
            [
              95.12035774970866,
              27.94324083859179
            ],
            [
              95.12023187490416,
              27.94297469867841
            ],
            [
              95.12008051994803,
              27.94272217818983
            ],
            [
              95.11990514247121,
              27.942485709036397
            ],
            [
              95.11970743145469,
              27.94226756854533
            ],
            [
              95.11948929096361,
              27.9420698575288
            ],
            [
              95.11925282181018,
              27.94189448005198
            ],
            [
              95.1190003013216,
              27.941743125095844
            ],
            [
              95.11873416140821,
              27.941617250291355
            ],
            [
              95.11845696514288,
              27.94151806788169
            ],
            [
              95.11817138207716,
              27.941446533047678
            ],
            [
              95.11788016253212,
              27.94140333470887
            ],
            [
              95.11758611111112,
              27.941388888888888
            ],
            [
              95.11729205969013,
              27.94140333470887
            ],
            [
              95.11700084014508,
              27.941446533047678
            ],
            [
              95.11671525707936,
              27.94151806788169
            ],
            [
              95.11643806081403,
              27.941617250291355
            ],
            [
              95.11617192090064,
              27.941743125095844
            ],
            [
              95.11591940041207,
              27.94189448005198
            ],
            [
              95.11568293125863,
              27.9420698575288
            ],
            [
              95.11546479076756,
              27.94226756854533
            ],
            [
              95.11526707975104,
              27.942485709036397
            ],
            [
              95.11509170227421,
              27.94272217818983
            ],
            [
              95.11494034731808,
              27.94297469867841
            ],
            [
              95.11481447251359,
              27.94324083859179
            ],
            [
              95.11471529010393,
              27.943518034857124
            ],
            [
              95.11464375526991,
              27.94380361792284
            ],
            [
              95.11460055693111,
              27.944094837467897
            ],
            [
              95.11458611111112,
              27.944388888888888
            ],
            [
              95.11460055693111,
              27.944682940309878
            ],
            [
              95.11464375526991,
              27.944974159854937
            ],
            [
              95.11471529010393,
              27.94525974292065
            ],
            [
              95.11481447251359,
              27.945536939185985
            ],
            [
              95.11494034731808,
              27.945803079099367
            ],
            [
              95.11509170227421,
              27.946055599587947
            ],
            [
              95.11526707975104,
              27.94629206874138
            ],
            [
              95.11546479076756,
              27.946510209232446
            ],
            [
              95.11568293125863,
              27.946707920248976
            ],
            [
              95.11591940041207,
              27.946883297725794
            ],
            [
              95.11617192090064,
              27.947034652681932
            ],
            [
              95.11643806081403,
              27.94716052748642
            ],
            [
              95.11671525707936,
              27.947259709896084
            ],
            [
              95.11700084014508,
              27.947331244730098
            ],
            [
              95.11729205969013,
              27.947374443068906
            ],
            [
              95.11758611111112,
              27.947388888888888
            ],
            [
              95.11788016253212,
              27.947374443068906
            ],
            [
              95.11817138207716,
              27.947331244730098
            ],
            [
              95.11845696514288,
              27.947259709896084
            ],
            [
              95.11873416140821,
              27.94716052748642
            ],
            [
              95.1190003013216,
              27.947034652681932
            ],
            [
              95.11925282181018,
              27.946883297725794
            ],
            [
              95.11948929096361,
              27.946707920248976
            ],
            [
              95.11970743145469,
              27.946510209232446
            ],
            [
              95.11990514247121,
              27.94629206874138
            ],
            [
              95.12008051994803,
              27.946055599587947
            ],
            [
              95.12023187490416,
              27.945803079099367
            ],
            [
              95.12035774970866,
              27.945536939185985
            ],
            [
              95.12045693211832,
              27.94525974292065
            ],
            [
              95.12052846695234,
              27.944974159854937
            ],
            [
              95.12057166529114,
              27.944682940309878
            ],
            [
              95.12058611111112,
              27.944388888888888
            ]
          ]
        ]
      }
    },
    {
      "type": "Feature",
      "properties": {
        "landslide_id": "AR/LD/83M01/2022/034",
        "zone_name": "West of Ledum Slide 2 - Near to Ledum village",
        "state": "Arunachal Pradesh",
        "district": "Lower Dibang Valley",
        "toposheet": "83M01",
        "hazard_type": "LANDSLIDE",
        "risk_level": "HIGH",
        "historical_event_count": 1
      },
      "geometry": {
        "type": "Polygon",
        "coordinates": [
          [
            [
              95.07705555555556,
              27.951305555555557
            ],
            [
              95.07704110973557,
              27.951011504134566
            ],
            [
              95.07699791139677,
              27.950720284589508
            ],
            [
              95.07692637656275,
              27.950434701523793
            ],
            [
              95.0768271941531,
              27.95015750525846
            ],
            [
              95.0767013193486,
              27.949891365345078
            ],
            [
              95.07654996439247,
              27.949638844856498
            ],
            [
              95.07637458691565,
              27.949402375703066
            ],
            [
              95.07617687589912,
              27.949184235211998
            ],
            [
              95.07595873540805,
              27.94898652419547
            ],
            [
              95.07572226625462,
              27.94881114671865
            ],
            [
              95.07546974576604,
              27.948659791762513
            ],
            [
              95.07520360585265,
              27.948533916958024
            ],
            [
              95.07492640958732,
              27.94843473454836
            ],
            [
              95.0746408265216,
              27.948363199714347
            ],
            [
              95.07434960697655,
              27.94832000137554
            ],
            [
              95.07405555555556,
              27.948305555555557
            ],
            [
              95.07376150413457,
              27.94832000137554
            ],
            [
              95.07347028458952,
              27.948363199714347
            ],
            [
              95.0731847015238,
              27.94843473454836
            ],
            [
              95.07290750525847,
              27.948533916958024
            ],
            [
              95.07264136534508,
              27.948659791762513
            ],
            [
              95.0723888448565,
              27.94881114671865
            ],
            [
              95.07215237570307,
              27.94898652419547
            ],
            [
              95.071934235212,
              27.949184235211998
            ],
            [
              95.07173652419547,
              27.949402375703066
            ],
            [
              95.07156114671865,
              27.949638844856498
            ],
            [
              95.07140979176252,
              27.949891365345078
            ],
            [
              95.07128391695802,
              27.95015750525846
            ],
            [
              95.07118473454837,
              27.950434701523793
            ],
            [
              95.07111319971435,
              27.950720284589508
            ],
            [
              95.07107000137555,
              27.951011504134566
            ],
            [
              95.07105555555556,
              27.951305555555557
            ],
            [
              95.07107000137555,
              27.951599606976547
            ],
            [
              95.07111319971435,
              27.951890826521606
            ],
            [
              95.07118473454837,
              27.95217640958732
            ],
            [
              95.07128391695802,
              27.952453605852654
            ],
            [
              95.07140979176252,
              27.952719745766036
            ],
            [
              95.07156114671865,
              27.952972266254616
            ],
            [
              95.07173652419547,
              27.953208735408047
            ],
            [
              95.071934235212,
              27.953426875899115
            ],
            [
              95.07215237570307,
              27.953624586915645
            ],
            [
              95.0723888448565,
              27.953799964392463
            ],
            [
              95.07264136534508,
              27.9539513193486
            ],
            [
              95.07290750525847,
              27.95407719415309
            ],
            [
              95.0731847015238,
              27.954176376562753
            ],
            [
              95.07347028458952,
              27.954247911396767
            ],
            [
              95.07376150413457,
              27.954291109735575
            ],
            [
              95.07405555555556,
              27.954305555555557
            ],
            [
              95.07434960697655,
              27.954291109735575
            ],
            [
              95.0746408265216,
              27.954247911396767
            ],
            [
              95.07492640958732,
              27.954176376562753
            ],
            [
              95.07520360585265,
              27.95407719415309
            ],
            [
              95.07546974576604,
              27.9539513193486
            ],
            [
              95.07572226625462,
              27.953799964392463
            ],
            [
              95.07595873540805,
              27.953624586915645
            ],
            [
              95.07617687589912,
              27.953426875899115
            ],
            [
              95.07637458691565,
              27.953208735408047
            ],
            [
              95.07654996439247,
              27.952972266254616
            ],
            [
              95.0767013193486,
              27.952719745766036
            ],
            [
              95.0768271941531,
              27.952453605852654
            ],
            [
              95.07692637656275,
              27.95217640958732
            ],
            [
              95.07699791139677,
              27.951890826521606
            ],
            [
              95.07704110973557,
              27.951599606976547
            ],
            [
              95.07705555555556,
              27.951305555555557
            ]
          ]
        ]
      }
    },
    {
      "type": "Feature",
      "properties": {
        "landslide_id": "AR/US/82P03/2022/035",
        "zone_name": "North of Damro-Gingkong Slide 1 - Pasighat-Yingkiong road",
        "state": "Arunachal Pradesh",
        "district": "Upper Siang",
        "toposheet": "82P03",
        "hazard_type": "LANDSLIDE",
        "risk_level": "HIGH",
        "historical_event_count": 1
      },
      "geometry": {
        "type": "Polygon",
        "coordinates": [
          [
            [
              95.23663888888888,
              27.459166666666665
            ],
            [
              95.23662444306889,
              27.458872615245674
            ],
            [
              95.23658124473009,
              27.458581395700616
            ],
            [
              95.23650970989607,
              27.4582958126349
            ],
            [
              95.23641052748641,
              27.458018616369568
            ],
            [
              95.23628465268192,
              27.457752476456186
            ],
            [
              95.23613329772579,
              27.457499955967606
            ],
            [
              95.23595792024896,
              27.457263486814174
            ],
            [
              95.23576020923244,
              27.457045346323106
            ],
            [
              95.23554206874137,
              27.456847635306577
            ],
            [
              95.23530559958793,
              27.45667225782976
            ],
            [
              95.23505307909936,
              27.45652090287362
            ],
            [
              95.23478693918597,
              27.45639502806913
            ],
            [
              95.23450974292064,
              27.45629584565947
            ],
            [
              95.23422415985492,
              27.456224310825455
            ],
            [
              95.23393294030987,
              27.456181112486647
            ],
            [
              95.23363888888888,
              27.456166666666665
            ],
            [
              95.23334483746788,
              27.456181112486647
            ],
            [
              95.23305361792283,
              27.456224310825455
            ],
            [
              95.23276803485712,
              27.45629584565947
            ],
            [
              95.23249083859179,
              27.45639502806913
            ],
            [
              95.2322246986784,
              27.45652090287362
            ],
            [
              95.23197217818982,
              27.45667225782976
            ],
            [
              95.23173570903639,
              27.456847635306577
            ],
            [
              95.23151756854531,
              27.457045346323106
            ],
            [
              95.23131985752879,
              27.457263486814174
            ],
            [
              95.23114448005197,
              27.457499955967606
            ],
            [
              95.23099312509584,
              27.457752476456186
            ],
            [
              95.23086725029134,
              27.458018616369568
            ],
            [
              95.23076806788168,
              27.4582958126349
            ],
            [
              95.23069653304766,
              27.458581395700616
            ],
            [
              95.23065333470886,
              27.458872615245674
            ],
            [
              95.23063888888888,
              27.459166666666665
            ],
            [
              95.23065333470886,
              27.459460718087655
            ],
            [
              95.23069653304766,
              27.459751937632713
            ],
            [
              95.23076806788168,
              27.460037520698428
            ],
            [
              95.23086725029134,
              27.46031471696376
            ],
            [
              95.23099312509584,
              27.460580856877144
            ],
            [
              95.23114448005197,
              27.460833377365724
            ],
            [
              95.23131985752879,
              27.461069846519155
            ],
            [
              95.23151756854531,
              27.461287987010223
            ],
            [
              95.23173570903639,
              27.461485698026753
            ],
            [
              95.23197217818982,
              27.46166107550357
            ],
            [
              95.2322246986784,
              27.46181243045971
            ],
            [
              95.23249083859179,
              27.461938305264198
            ],
            [
              95.23276803485712,
              27.46203748767386
            ],
            [
              95.23305361792283,
              27.462109022507875
            ],
            [
              95.23334483746788,
              27.462152220846683
            ],
            [
              95.23363888888888,
              27.462166666666665
            ],
            [
              95.23393294030987,
              27.462152220846683
            ],
            [
              95.23422415985492,
              27.462109022507875
            ],
            [
              95.23450974292064,
              27.46203748767386
            ],
            [
              95.23478693918597,
              27.461938305264198
            ],
            [
              95.23505307909936,
              27.46181243045971
            ],
            [
              95.23530559958793,
              27.46166107550357
            ],
            [
              95.23554206874137,
              27.461485698026753
            ],
            [
              95.23576020923244,
              27.461287987010223
            ],
            [
              95.23595792024896,
              27.461069846519155
            ],
            [
              95.23613329772579,
              27.460833377365724
            ],
            [
              95.23628465268192,
              27.460580856877144
            ],
            [
              95.23641052748641,
              27.46031471696376
            ],
            [
              95.23650970989607,
              27.460037520698428
            ],
            [
              95.23658124473009,
              27.459751937632713
            ],
            [
              95.23662444306889,
              27.459460718087655
            ],
            [
              95.23663888888888,
              27.459166666666665
            ]
          ]
        ]
      }
    },
    {
      "type": "Feature",
      "properties": {
        "landslide_id": "AR/US/82P03/2022/036",
        "zone_name": "North of Damro-Gingkong Slide 2 - Pasighat-Yingkiong road",
        "state": "Arunachal Pradesh",
        "district": "Upper Siang",
        "toposheet": "82P03",
        "hazard_type": "LANDSLIDE",
        "risk_level": "HIGH",
        "historical_event_count": 1
      },
      "geometry": {
        "type": "Polygon",
        "coordinates": [
          [
            [
              95.242,
              28.45283333333333
            ],
            [
              95.24198555418002,
              28.45253928191234
            ],
            [
              95.24194235584122,
              28.452248062367282
            ],
            [
              95.2418708210072,
              28.451962479301567
            ],
            [
              95.24177163859754,
              28.451685283036234
            ],
            [
              95.24164576379304,
              28.451419143122852
            ],
            [
              95.24149440883691,
              28.451166622634272
            ],
            [
              95.24131903136009,
              28.45093015348084
            ],
            [
              95.24112132034357,
              28.450712012989772
            ],
            [
              95.2409031798525,
              28.450514301973243
            ],
            [
              95.24066671069906,
              28.450338924496425
            ],
            [
              95.24041419021049,
              28.450187569540287
            ],
            [
              95.2401480502971,
              28.450061694735798
            ],
            [
              95.23987085403176,
              28.449962512326135
            ],
            [
              95.23958527096605,
              28.44989097749212
            ],
            [
              95.239294051421,
              28.449847779153313
            ],
            [
              95.239,
              28.44983333333333
            ],
            [
              95.23870594857901,
              28.449847779153313
            ],
            [
              95.23841472903396,
              28.44989097749212
            ],
            [
              95.23812914596824,
              28.449962512326135
            ],
            [
              95.23785194970291,
              28.450061694735798
            ],
            [
              95.23758580978952,
              28.450187569540287
            ],
            [
              95.23733328930095,
              28.450338924496425
            ],
            [
              95.23709682014751,
              28.450514301973243
            ],
            [
              95.23687867965644,
              28.450712012989772
            ],
            [
              95.23668096863992,
              28.45093015348084
            ],
            [
              95.2365055911631,
              28.451166622634272
            ],
            [
              95.23635423620696,
              28.451419143122852
            ],
            [
              95.23622836140247,
              28.451685283036234
            ],
            [
              95.23612917899281,
              28.451962479301567
            ],
            [
              95.23605764415879,
              28.452248062367282
            ],
            [
              95.23601444581999,
              28.45253928191234
            ],
            [
              95.236,
              28.45283333333333
            ],
            [
              95.23601444581999,
              28.45312738475432
            ],
            [
              95.23605764415879,
              28.45341860429938
            ],
            [
              95.23612917899281,
              28.453704187365094
            ],
            [
              95.23622836140247,
              28.453981383630428
            ],
            [
              95.23635423620696,
              28.45424752354381
            ],
            [
              95.2365055911631,
              28.45450004403239
            ],
            [
              95.23668096863992,
              28.45473651318582
            ],
            [
              95.23687867965644,
              28.45495465367689
            ],
            [
              95.23709682014751,
              28.45515236469342
            ],
            [
              95.23733328930095,
              28.455327742170237
            ],
            [
              95.23758580978952,
              28.455479097126375
            ],
            [
              95.23785194970291,
              28.455604971930864
            ],
            [
              95.23812914596824,
              28.455704154340527
            ],
            [
              95.23841472903396,
              28.45577568917454
            ],
            [
              95.23870594857901,
              28.45581888751335
            ],
            [
              95.239,
              28.45583333333333
            ],
            [
              95.239294051421,
              28.45581888751335
            ],
            [
              95.23958527096605,
              28.45577568917454
            ],
            [
              95.23987085403176,
              28.455704154340527
            ],
            [
              95.2401480502971,
              28.455604971930864
            ],
            [
              95.24041419021049,
              28.455479097126375
            ],
            [
              95.24066671069906,
              28.455327742170237
            ],
            [
              95.2409031798525,
              28.45515236469342
            ],
            [
              95.24112132034357,
              28.45495465367689
            ],
            [
              95.24131903136009,
              28.45473651318582
            ],
            [
              95.24149440883691,
              28.45450004403239
            ],
            [
              95.24164576379304,
              28.45424752354381
            ],
            [
              95.24177163859754,
              28.453981383630428
            ],
            [
              95.2418708210072,
              28.453704187365094
            ],
            [
              95.24194235584122,
              28.45341860429938
            ],
            [
              95.24198555418002,
              28.45312738475432
            ],
            [
              95.242,
              28.45283333333333
            ]
          ]
        ]
      }
    },
    {
      "type": "Feature",
      "properties": {
        "landslide_id": "AR/US/82P03/2022/037",
        "zone_name": "North of Damro-Gingkong Slide 3 - Pasighat-Yingkiong road",
        "state": "Arunachal Pradesh",
        "district": "Upper Siang",
        "toposheet": "82P03",
        "hazard_type": "LANDSLIDE",
        "risk_level": "HIGH",
        "historical_event_count": 1
      },
      "geometry": {
        "type": "Polygon",
        "coordinates": [
          [
            [
              95.24233333333332,
              28.452527777777775
            ],
            [
              95.24231888751333,
              28.452233726356784
            ],
            [
              95.24227568917453,
              28.451942506811726
            ],
            [
              95.24220415434051,
              28.45165692374601
            ],
            [
              95.24210497193086,
              28.451379727480678
            ],
            [
              95.24197909712636,
              28.451113587567296
            ],
            [
              95.24182774217023,
              28.450861067078716
            ],
            [
              95.24165236469341,
              28.450624597925284
            ],
            [
              95.24145465367688,
              28.450406457434216
            ],
            [
              95.24123651318581,
              28.450208746417687
            ],
            [
              95.24100004403238,
              28.45003336894087
            ],
            [
              95.2407475235438,
              28.44988201398473
            ],
            [
              95.24048138363041,
              28.44975613918024
            ],
            [
              95.24020418736508,
              28.44965695677058
            ],
            [
              95.23991860429936,
              28.449585421936565
            ],
            [
              95.23962738475431,
              28.449542223597756
            ],
            [
              95.23933333333332,
              28.449527777777774
            ],
            [
              95.23903928191233,
              28.449542223597756
            ],
            [
              95.23874806236728,
              28.449585421936565
            ],
            [
              95.23846247930156,
              28.44965695677058
            ],
            [
              95.23818528303623,
              28.44975613918024
            ],
            [
              95.23791914312284,
              28.44988201398473
            ],
            [
              95.23766662263426,
              28.45003336894087
            ],
            [
              95.23743015348083,
              28.450208746417687
            ],
            [
              95.23721201298976,
              28.450406457434216
            ],
            [
              95.23701430197323,
              28.450624597925284
            ],
            [
              95.23683892449641,
              28.450861067078716
            ],
            [
              95.23668756954028,
              28.451113587567296
            ],
            [
              95.23656169473578,
              28.451379727480678
            ],
            [
              95.23646251232613,
              28.45165692374601
            ],
            [
              95.2363909774921,
              28.451942506811726
            ],
            [
              95.2363477791533,
              28.452233726356784
            ],
            [
              95.23633333333332,
              28.452527777777775
            ],
            [
              95.2363477791533,
              28.452821829198765
            ],
            [
              95.2363909774921,
              28.453113048743823
            ],
            [
              95.23646251232613,
              28.453398631809538
            ],
            [
              95.23656169473578,
              28.45367582807487
            ],
            [
              95.23668756954028,
              28.453941967988253
            ],
            [
              95.23683892449641,
              28.454194488476833
            ],
            [
              95.23701430197323,
              28.454430957630265
            ],
            [
              95.23721201298976,
              28.454649098121333
            ],
            [
              95.23743015348083,
              28.454846809137862
            ],
            [
              95.23766662263426,
              28.45502218661468
            ],
            [
              95.23791914312284,
              28.45517354157082
            ],
            [
              95.23818528303623,
              28.455299416375308
            ],
            [
              95.23846247930156,
              28.45539859878497
            ],
            [
              95.23874806236728,
              28.455470133618984
            ],
            [
              95.23903928191233,
              28.455513331957793
            ],
            [
              95.23933333333332,
              28.455527777777775
            ],
            [
              95.23962738475431,
              28.455513331957793
            ],
            [
              95.23991860429936,
              28.455470133618984
            ],
            [
              95.24020418736508,
              28.45539859878497
            ],
            [
              95.24048138363041,
              28.455299416375308
            ],
            [
              95.2407475235438,
              28.45517354157082
            ],
            [
              95.24100004403238,
              28.45502218661468
            ],
            [
              95.24123651318581,
              28.454846809137862
            ],
            [
              95.24145465367688,
              28.454649098121333
            ],
            [
              95.24165236469341,
              28.454430957630265
            ],
            [
              95.24182774217023,
              28.454194488476833
            ],
            [
              95.24197909712636,
              28.453941967988253
            ],
            [
              95.24210497193086,
              28.45367582807487
            ],
            [
              95.24220415434051,
              28.453398631809538
            ],
            [
              95.24227568917453,
              28.453113048743823
            ],
            [
              95.24231888751333,
              28.452821829198765
            ],
            [
              95.24233333333332,
              28.452527777777775
            ]
          ]
        ]
      }
    },
    {
      "type": "Feature",
      "properties": {
        "landslide_id": "AR/US/82P03/2022/038",
        "zone_name": "Dumro-Kumko Slide 1 - NH 513",
        "state": "Arunachal Pradesh",
        "district": "Upper Siang",
        "toposheet": "82P03",
        "hazard_type": "LANDSLIDE",
        "risk_level": "HIGH",
        "historical_event_count": 1
      },
      "geometry": {
        "type": "Polygon",
        "coordinates": [
          [
            [
              95.25008333333334,
              28.415027777777777
            ],
            [
              95.25006888751335,
              28.414733726356786
            ],
            [
              95.25002568917455,
              28.414442506811728
            ],
            [
              95.24995415434053,
              28.414156923746013
            ],
            [
              95.24985497193087,
              28.41387972748068
            ],
            [
              95.24972909712638,
              28.413613587567298
            ],
            [
              95.24957774217025,
              28.413361067078718
            ],
            [
              95.24940236469342,
              28.413124597925286
            ],
            [
              95.2492046536769,
              28.412906457434218
            ],
            [
              95.24898651318583,
              28.41270874641769
            ],
            [
              95.24875004403239,
              28.41253336894087
            ],
            [
              95.24849752354382,
              28.412382013984733
            ],
            [
              95.24823138363043,
              28.412256139180244
            ],
            [
              95.2479541873651,
              28.41215695677058
            ],
            [
              95.24766860429938,
              28.412085421936567
            ],
            [
              95.24737738475433,
              28.41204222359776
            ],
            [
              95.24708333333334,
              28.412027777777777
            ],
            [
              95.24678928191234,
              28.41204222359776
            ],
            [
              95.2464980623673,
              28.412085421936567
            ],
            [
              95.24621247930158,
              28.41215695677058
            ],
            [
              95.24593528303625,
              28.412256139180244
            ],
            [
              95.24566914312285,
              28.412382013984733
            ],
            [
              95.24541662263428,
              28.41253336894087
            ],
            [
              95.24518015348085,
              28.41270874641769
            ],
            [
              95.24496201298977,
              28.412906457434218
            ],
            [
              95.24476430197325,
              28.413124597925286
            ],
            [
              95.24458892449643,
              28.413361067078718
            ],
            [
              95.2444375695403,
              28.413613587567298
            ],
            [
              95.2443116947358,
              28.41387972748068
            ],
            [
              95.24421251232614,
              28.414156923746013
            ],
            [
              95.24414097749212,
              28.414442506811728
            ],
            [
              95.24409777915332,
              28.414733726356786
            ],
            [
              95.24408333333334,
              28.415027777777777
            ],
            [
              95.24409777915332,
              28.415321829198767
            ],
            [
              95.24414097749212,
              28.415613048743825
            ],
            [
              95.24421251232614,
              28.41589863180954
            ],
            [
              95.2443116947358,
              28.416175828074874
            ],
            [
              95.2444375695403,
              28.416441967988256
            ],
            [
              95.24458892449643,
              28.416694488476836
            ],
            [
              95.24476430197325,
              28.416930957630267
            ],
            [
              95.24496201298977,
              28.417149098121335
            ],
            [
              95.24518015348085,
              28.417346809137864
            ],
            [
              95.24541662263428,
              28.417522186614683
            ],
            [
              95.24566914312285,
              28.41767354157082
            ],
            [
              95.24593528303625,
              28.41779941637531
            ],
            [
              95.24621247930158,
              28.417898598784973
            ],
            [
              95.2464980623673,
              28.417970133618986
            ],
            [
              95.24678928191234,
              28.418013331957795
            ],
            [
              95.24708333333334,
              28.418027777777777
            ],
            [
              95.24737738475433,
              28.418013331957795
            ],
            [
              95.24766860429938,
              28.417970133618986
            ],
            [
              95.2479541873651,
              28.417898598784973
            ],
            [
              95.24823138363043,
              28.41779941637531
            ],
            [
              95.24849752354382,
              28.41767354157082
            ],
            [
              95.24875004403239,
              28.417522186614683
            ],
            [
              95.24898651318583,
              28.417346809137864
            ],
            [
              95.2492046536769,
              28.417149098121335
            ],
            [
              95.24940236469342,
              28.416930957630267
            ],
            [
              95.24957774217025,
              28.416694488476836
            ],
            [
              95.24972909712638,
              28.416441967988256
            ],
            [
              95.24985497193087,
              28.416175828074874
            ],
            [
              95.24995415434053,
              28.41589863180954
            ],
            [
              95.25002568917455,
              28.415613048743825
            ],
            [
              95.25006888751335,
              28.415321829198767
            ],
            [
              95.25008333333334,
              28.415027777777777
            ]
          ]
        ]
      }
    },
    {
      "type": "Feature",
      "properties": {
        "landslide_id": "AR/US/82P03/2022/039",
        "zone_name": "Dumro-Kumko Slide 2 - NH 513",
        "state": "Arunachal Pradesh",
        "district": "Upper Siang",
        "toposheet": "82P03 Photo 38(a) 138",
        "hazard_type": "LANDSLIDE",
        "risk_level": "HIGH",
        "historical_event_count": 1
      },
      "geometry": {
        "type": "Polygon",
        "coordinates": [
          [
            [
              95.25072222222222,
              28.41272222222222
            ],
            [
              95.25070777640224,
              28.41242817080123
            ],
            [
              95.25066457806344,
              28.412136951256173
            ],
            [
              95.25059304322942,
              28.411851368190458
            ],
            [
              95.25049386081976,
              28.411574171925125
            ],
            [
              95.25036798601526,
              28.411308032011743
            ],
            [
              95.25021663105913,
              28.411055511523163
            ],
            [
              95.25004125358231,
              28.41081904236973
            ],
            [
              95.24984354256578,
              28.410600901878663
            ],
            [
              95.24962540207471,
              28.410403190862134
            ],
            [
              95.24938893292128,
              28.410227813385315
            ],
            [
              95.2491364124327,
              28.410076458429177
            ],
            [
              95.24887027251931,
              28.40995058362469
            ],
            [
              95.24859307625398,
              28.409851401215025
            ],
            [
              95.24830749318826,
              28.40977986638101
            ],
            [
              95.24801627364322,
              28.409736668042203
            ],
            [
              95.24772222222222,
              28.40972222222222
            ],
            [
              95.24742817080123,
              28.409736668042203
            ],
            [
              95.24713695125618,
              28.40977986638101
            ],
            [
              95.24685136819046,
              28.409851401215025
            ],
            [
              95.24657417192513,
              28.40995058362469
            ],
            [
              95.24630803201174,
              28.410076458429177
            ],
            [
              95.24605551152317,
              28.410227813385315
            ],
            [
              95.24581904236973,
              28.410403190862134
            ],
            [
              95.24560090187866,
              28.410600901878663
            ],
            [
              95.24540319086213,
              28.41081904236973
            ],
            [
              95.24522781338531,
              28.411055511523163
            ],
            [
              95.24507645842918,
              28.411308032011743
            ],
            [
              95.24495058362469,
              28.411574171925125
            ],
            [
              95.24485140121503,
              28.411851368190458
            ],
            [
              95.24477986638101,
              28.412136951256173
            ],
            [
              95.24473666804221,
              28.41242817080123
            ],
            [
              95.24472222222222,
              28.41272222222222
            ],
            [
              95.24473666804221,
              28.413016273643212
            ],
            [
              95.24477986638101,
              28.41330749318827
            ],
            [
              95.24485140121503,
              28.413593076253985
            ],
            [
              95.24495058362469,
              28.41387027251932
            ],
            [
              95.24507645842918,
              28.4141364124327
            ],
            [
              95.24522781338531,
              28.41438893292128
            ],
            [
              95.24540319086213,
              28.414625402074712
            ],
            [
              95.24560090187866,
              28.41484354256578
            ],
            [
              95.24581904236973,
              28.41504125358231
            ],
            [
              95.24605551152317,
              28.415216631059128
            ],
            [
              95.24630803201174,
              28.415367986015266
            ],
            [
              95.24657417192513,
              28.415493860819755
            ],
            [
              95.24685136819046,
              28.415593043229418
            ],
            [
              95.24713695125618,
              28.41566457806343
            ],
            [
              95.24742817080123,
              28.41570777640224
            ],
            [
              95.24772222222222,
              28.41572222222222
            ],
            [
              95.24801627364322,
              28.41570777640224
            ],
            [
              95.24830749318826,
              28.41566457806343
            ],
            [
              95.24859307625398,
              28.415593043229418
            ],
            [
              95.24887027251931,
              28.415493860819755
            ],
            [
              95.2491364124327,
              28.415367986015266
            ],
            [
              95.24938893292128,
              28.415216631059128
            ],
            [
              95.24962540207471,
              28.41504125358231
            ],
            [
              95.24984354256578,
              28.41484354256578
            ],
            [
              95.25004125358231,
              28.414625402074712
            ],
            [
              95.25021663105913,
              28.41438893292128
            ],
            [
              95.25036798601526,
              28.4141364124327
            ],
            [
              95.25049386081976,
              28.41387027251932
            ],
            [
              95.25059304322942,
              28.413593076253985
            ],
            [
              95.25066457806344,
              28.41330749318827
            ],
            [
              95.25070777640224,
              28.413016273643212
            ],
            [
              95.25072222222222,
              28.41272222222222
            ]
          ]
        ]
      }
    },
    {
      "type": "Feature",
      "properties": {
        "landslide_id": "AR/US/82P03/2022/040",
        "zone_name": "Dumro-Kumko Slide 3 - NH 513",
        "state": "Arunachal Pradesh",
        "district": "Upper Siang",
        "toposheet": "82P03",
        "hazard_type": "LANDSLIDE",
        "risk_level": "HIGH",
        "historical_event_count": 1
      },
      "geometry": {
        "type": "Polygon",
        "coordinates": [
          [
            [
              95.24894444444443,
              28.402416666666664
            ],
            [
              95.24892999862445,
              28.402122615245673
            ],
            [
              95.24888680028565,
              28.401831395700615
            ],
            [
              95.24881526545163,
              28.4015458126349
            ],
            [
              95.24871608304197,
              28.401268616369567
            ],
            [
              95.24859020823747,
              28.401002476456185
            ],
            [
              95.24843885328134,
              28.400749955967605
            ],
            [
              95.24826347580452,
              28.400513486814173
            ],
            [
              95.248065764788,
              28.400295346323105
            ],
            [
              95.24784762429692,
              28.400097635306576
            ],
            [
              95.24761115514349,
              28.399922257829758
            ],
            [
              95.24735863465492,
              28.39977090287362
            ],
            [
              95.24709249474152,
              28.39964502806913
            ],
            [
              95.24681529847619,
              28.399545845659468
            ],
            [
              95.24652971541047,
              28.399474310825454
            ],
            [
              95.24623849586543,
              28.399431112486646
            ],
            [
              95.24594444444443,
              28.399416666666664
            ],
            [
              95.24565039302344,
              28.399431112486646
            ],
            [
              95.24535917347839,
              28.399474310825454
            ],
            [
              95.24507359041267,
              28.399545845659468
            ],
            [
              95.24479639414734,
              28.39964502806913
            ],
            [
              95.24453025423395,
              28.39977090287362
            ],
            [
              95.24427773374538,
              28.399922257829758
            ],
            [
              95.24404126459194,
              28.400097635306576
            ],
            [
              95.24382312410087,
              28.400295346323105
            ],
            [
              95.24362541308435,
              28.400513486814173
            ],
            [
              95.24345003560752,
              28.400749955967605
            ],
            [
              95.24329868065139,
              28.401002476456185
            ],
            [
              95.2431728058469,
              28.401268616369567
            ],
            [
              95.24307362343724,
              28.4015458126349
            ],
            [
              95.24300208860322,
              28.401831395700615
            ],
            [
              95.24295889026442,
              28.402122615245673
            ],
            [
              95.24294444444443,
              28.402416666666664
            ],
            [
              95.24295889026442,
              28.402710718087654
            ],
            [
              95.24300208860322,
              28.403001937632713
            ],
            [
              95.24307362343724,
              28.403287520698427
            ],
            [
              95.2431728058469,
              28.40356471696376
            ],
            [
              95.24329868065139,
              28.403830856877143
            ],
            [
              95.24345003560752,
              28.404083377365723
            ],
            [
              95.24362541308435,
              28.404319846519154
            ],
            [
              95.24382312410087,
              28.404537987010222
            ],
            [
              95.24404126459194,
              28.40473569802675
            ],
            [
              95.24427773374538,
              28.40491107550357
            ],
            [
              95.24453025423395,
              28.405062430459708
            ],
            [
              95.24479639414734,
              28.405188305264197
            ],
            [
              95.24507359041267,
              28.40528748767386
            ],
            [
              95.24535917347839,
              28.405359022507874
            ],
            [
              95.24565039302344,
              28.405402220846682
            ],
            [
              95.24594444444443,
              28.405416666666664
            ],
            [
              95.24623849586543,
              28.405402220846682
            ],
            [
              95.24652971541047,
              28.405359022507874
            ],
            [
              95.24681529847619,
              28.40528748767386
            ],
            [
              95.24709249474152,
              28.405188305264197
            ],
            [
              95.24735863465492,
              28.405062430459708
            ],
            [
              95.24761115514349,
              28.40491107550357
            ],
            [
              95.24784762429692,
              28.40473569802675
            ],
            [
              95.248065764788,
              28.404537987010222
            ],
            [
              95.24826347580452,
              28.404319846519154
            ],
            [
              95.24843885328134,
              28.404083377365723
            ],
            [
              95.24859020823747,
              28.403830856877143
            ],
            [
              95.24871608304197,
              28.40356471696376
            ],
            [
              95.24881526545163,
              28.403287520698427
            ],
            [
              95.24888680028565,
              28.403001937632713
            ],
            [
              95.24892999862445,
              28.402710718087654
            ],
            [
              95.24894444444443,
              28.402416666666664
            ]
          ]
        ]
      }
    },
    {
      "type": "Feature",
      "properties": {
        "landslide_id": "AR/US/82P03/2022/041",
        "zone_name": "Pasi-Tinali Slide 1 - NH 513",
        "state": "Arunachal Pradesh",
        "district": "Upper Siang",
        "toposheet": "82P03",
        "hazard_type": "LANDSLIDE",
        "risk_level": "HIGH",
        "historical_event_count": 1
      },
      "geometry": {
        "type": "Polygon",
        "coordinates": [
          [
            [
              95.24436111111112,
              28.39911111111111
            ],
            [
              95.24434666529113,
              28.39881705969012
            ],
            [
              95.24430346695233,
              28.398525840145062
            ],
            [
              95.24423193211831,
              28.398240257079348
            ],
            [
              95.24413274970865,
              28.397963060814014
            ],
            [
              95.24400687490416,
              28.397696920900632
            ],
            [
              95.24385551994803,
              28.397444400412052
            ],
            [
              95.2436801424712,
              28.39720793125862
            ],
            [
              95.24348243145468,
              28.396989790767552
            ],
            [
              95.24326429096361,
              28.396792079751023
            ],
            [
              95.24302782181017,
              28.396616702274205
            ],
            [
              95.2427753013216,
              28.396465347318067
            ],
            [
              95.24250916140821,
              28.396339472513578
            ],
            [
              95.24223196514288,
              28.396240290103915
            ],
            [
              95.24194638207716,
              28.3961687552699
            ],
            [
              95.24165516253211,
              28.396125556931093
            ],
            [
              95.24136111111112,
              28.39611111111111
            ],
            [
              95.24106705969012,
              28.396125556931093
            ],
            [
              95.24077584014508,
              28.3961687552699
            ],
            [
              95.24049025707936,
              28.396240290103915
            ],
            [
              95.24021306081403,
              28.396339472513578
            ],
            [
              95.23994692090064,
              28.396465347318067
            ],
            [
              95.23969440041206,
              28.396616702274205
            ],
            [
              95.23945793125863,
              28.396792079751023
            ],
            [
              95.23923979076756,
              28.396989790767552
            ],
            [
              95.23904207975103,
              28.39720793125862
            ],
            [
              95.23886670227421,
              28.397444400412052
            ],
            [
              95.23871534731808,
              28.397696920900632
            ],
            [
              95.23858947251358,
              28.397963060814014
            ],
            [
              95.23849029010393,
              28.398240257079348
            ],
            [
              95.2384187552699,
              28.398525840145062
            ],
            [
              95.2383755569311,
              28.39881705969012
            ],
            [
              95.23836111111112,
              28.39911111111111
            ],
            [
              95.2383755569311,
              28.3994051625321
            ],
            [
              95.2384187552699,
              28.39969638207716
            ],
            [
              95.23849029010393,
              28.399981965142874
            ],
            [
              95.23858947251358,
              28.400259161408208
            ],
            [
              95.23871534731808,
              28.40052530132159
            ],
            [
              95.23886670227421,
              28.40077782181017
            ],
            [
              95.23904207975103,
              28.4010142909636
            ],
            [
              95.23923979076756,
              28.40123243145467
            ],
            [
              95.23945793125863,
              28.4014301424712
            ],
            [
              95.23969440041206,
              28.401605519948017
            ],
            [
              95.23994692090064,
              28.401756874904155
            ],
            [
              95.24021306081403,
              28.401882749708644
            ],
            [
              95.24049025707936,
              28.401981932118307
            ],
            [
              95.24077584014508,
              28.40205346695232
            ],
            [
              95.24106705969012,
              28.40209666529113
            ],
            [
              95.24136111111112,
              28.40211111111111
            ],
            [
              95.24165516253211,
              28.40209666529113
            ],
            [
              95.24194638207716,
              28.40205346695232
            ],
            [
              95.24223196514288,
              28.401981932118307
            ],
            [
              95.24250916140821,
              28.401882749708644
            ],
            [
              95.2427753013216,
              28.401756874904155
            ],
            [
              95.24302782181017,
              28.401605519948017
            ],
            [
              95.24326429096361,
              28.4014301424712
            ],
            [
              95.24348243145468,
              28.40123243145467
            ],
            [
              95.2436801424712,
              28.4010142909636
            ],
            [
              95.24385551994803,
              28.40077782181017
            ],
            [
              95.24400687490416,
              28.40052530132159
            ],
            [
              95.24413274970865,
              28.400259161408208
            ],
            [
              95.24423193211831,
              28.399981965142874
            ],
            [
              95.24430346695233,
              28.39969638207716
            ],
            [
              95.24434666529113,
              28.3994051625321
            ],
            [
              95.24436111111112,
              28.39911111111111
            ]
          ]
        ]
      }
    },
    {
      "type": "Feature",
      "properties": {
        "landslide_id": "AR/US/82P03/2022/042",
        "zone_name": "Pasi-Tinali Slide 2 - NH 513",
        "state": "Arunachal Pradesh",
        "district": "Upper Siang",
        "toposheet": "82P03",
        "hazard_type": "LANDSLIDE",
        "risk_level": "HIGH",
        "historical_event_count": 1
      },
      "geometry": {
        "type": "Polygon",
        "coordinates": [
          [
            [
              95.24383333333331,
              28.38672222222222
            ],
            [
              95.24381888751333,
              28.38642817080123
            ],
            [
              95.24377568917453,
              28.386136951256173
            ],
            [
              95.2437041543405,
              28.38585136819046
            ],
            [
              95.24360497193085,
              28.385574171925125
            ],
            [
              95.24347909712635,
              28.385308032011743
            ],
            [
              95.24332774217022,
              28.385055511523163
            ],
            [
              95.2431523646934,
              28.38481904236973
            ],
            [
              95.24295465367688,
              28.384600901878663
            ],
            [
              95.2427365131858,
              28.384403190862134
            ],
            [
              95.24250004403237,
              28.384227813385316
            ],
            [
              95.2422475235438,
              28.384076458429178
            ],
            [
              95.2419813836304,
              28.38395058362469
            ],
            [
              95.24170418736507,
              28.383851401215026
            ],
            [
              95.24141860429935,
              28.383779866381012
            ],
            [
              95.24112738475431,
              28.383736668042204
            ],
            [
              95.24083333333331,
              28.38372222222222
            ],
            [
              95.24053928191232,
              28.383736668042204
            ],
            [
              95.24024806236727,
              28.383779866381012
            ],
            [
              95.23996247930155,
              28.383851401215026
            ],
            [
              95.23968528303622,
              28.38395058362469
            ],
            [
              95.23941914312283,
              28.384076458429178
            ],
            [
              95.23916662263426,
              28.384227813385316
            ],
            [
              95.23893015348082,
              28.384403190862134
            ],
            [
              95.23871201298975,
              28.384600901878663
            ],
            [
              95.23851430197323,
              28.38481904236973
            ],
            [
              95.2383389244964,
              28.385055511523163
            ],
            [
              95.23818756954027,
              28.385308032011743
            ],
            [
              95.23806169473578,
              28.385574171925125
            ],
            [
              95.23796251232612,
              28.38585136819046
            ],
            [
              95.2378909774921,
              28.386136951256173
            ],
            [
              95.2378477791533,
              28.38642817080123
            ],
            [
              95.23783333333331,
              28.38672222222222
            ],
            [
              95.2378477791533,
              28.387016273643212
            ],
            [
              95.2378909774921,
              28.38730749318827
            ],
            [
              95.23796251232612,
              28.387593076253985
            ],
            [
              95.23806169473578,
              28.38787027251932
            ],
            [
              95.23818756954027,
              28.3881364124327
            ],
            [
              95.2383389244964,
              28.38838893292128
            ],
            [
              95.23851430197323,
              28.388625402074712
            ],
            [
              95.23871201298975,
              28.38884354256578
            ],
            [
              95.23893015348082,
              28.38904125358231
            ],
            [
              95.23916662263426,
              28.389216631059128
            ],
            [
              95.23941914312283,
              28.389367986015266
            ],
            [
              95.23968528303622,
              28.389493860819755
            ],
            [
              95.23996247930155,
              28.389593043229418
            ],
            [
              95.24024806236727,
              28.38966457806343
            ],
            [
              95.24053928191232,
              28.38970777640224
            ],
            [
              95.24083333333331,
              28.389722222222222
            ],
            [
              95.24112738475431,
              28.38970777640224
            ],
            [
              95.24141860429935,
              28.38966457806343
            ],
            [
              95.24170418736507,
              28.389593043229418
            ],
            [
              95.2419813836304,
              28.389493860819755
            ],
            [
              95.2422475235438,
              28.389367986015266
            ],
            [
              95.24250004403237,
              28.389216631059128
            ],
            [
              95.2427365131858,
              28.38904125358231
            ],
            [
              95.24295465367688,
              28.38884354256578
            ],
            [
              95.2431523646934,
              28.388625402074712
            ],
            [
              95.24332774217022,
              28.38838893292128
            ],
            [
              95.24347909712635,
              28.3881364124327
            ],
            [
              95.24360497193085,
              28.38787027251932
            ],
            [
              95.2437041543405,
              28.387593076253985
            ],
            [
              95.24377568917453,
              28.38730749318827
            ],
            [
              95.24381888751333,
              28.387016273643212
            ],
            [
              95.24383333333331,
              28.38672222222222
            ]
          ]
        ]
      }
    },
    {
      "type": "Feature",
      "properties": {
        "landslide_id": "AR/US/82P03/2022/043",
        "zone_name": "Pasi-Tinali Slide 3 - NH 513",
        "state": "Arunachal Pradesh",
        "district": "Upper Siang",
        "toposheet": "82P03 Photo 42(a)&(b) 146",
        "hazard_type": "LANDSLIDE",
        "risk_level": "HIGH",
        "historical_event_count": 1
      },
      "geometry": {
        "type": "Polygon",
        "coordinates": [
          [
            [
              95.24311111111112,
              28.386805555555554
            ],
            [
              95.24309666529113,
              28.386511504134564
            ],
            [
              95.24305346695233,
              28.386220284589506
            ],
            [
              95.24298193211831,
              28.38593470152379
            ],
            [
              95.24288274970866,
              28.385657505258457
            ],
            [
              95.24275687490416,
              28.385391365345075
            ],
            [
              95.24260551994803,
              28.385138844856495
            ],
            [
              95.2424301424712,
              28.384902375703064
            ],
            [
              95.24223243145468,
              28.384684235211996
            ],
            [
              95.24201429096361,
              28.384486524195466
            ],
            [
              95.24177782181017,
              28.384311146718648
            ],
            [
              95.2415253013216,
              28.38415979176251
            ],
            [
              95.24125916140821,
              28.38403391695802
            ],
            [
              95.24098196514288,
              28.383934734548358
            ],
            [
              95.24069638207716,
              28.383863199714344
            ],
            [
              95.24040516253211,
              28.383820001375536
            ],
            [
              95.24011111111112,
              28.383805555555554
            ],
            [
              95.23981705969013,
              28.383820001375536
            ],
            [
              95.23952584014508,
              28.383863199714344
            ],
            [
              95.23924025707936,
              28.383934734548358
            ],
            [
              95.23896306081403,
              28.38403391695802
            ],
            [
              95.23869692090064,
              28.38415979176251
            ],
            [
              95.23844440041206,
              28.384311146718648
            ],
            [
              95.23820793125863,
              28.384486524195466
            ],
            [
              95.23798979076756,
              28.384684235211996
            ],
            [
              95.23779207975103,
              28.384902375703064
            ],
            [
              95.23761670227421,
              28.385138844856495
            ],
            [
              95.23746534731808,
              28.385391365345075
            ],
            [
              95.23733947251358,
              28.385657505258457
            ],
            [
              95.23724029010393,
              28.38593470152379
            ],
            [
              95.2371687552699,
              28.386220284589506
            ],
            [
              95.2371255569311,
              28.386511504134564
            ],
            [
              95.23711111111112,
              28.386805555555554
            ],
            [
              95.2371255569311,
              28.387099606976545
            ],
            [
              95.2371687552699,
              28.387390826521603
            ],
            [
              95.23724029010393,
              28.387676409587318
            ],
            [
              95.23733947251358,
              28.38795360585265
            ],
            [
              95.23746534731808,
              28.388219745766033
            ],
            [
              95.23761670227421,
              28.388472266254613
            ],
            [
              95.23779207975103,
              28.388708735408045
            ],
            [
              95.23798979076756,
              28.388926875899113
            ],
            [
              95.23820793125863,
              28.389124586915642
            ],
            [
              95.23844440041206,
              28.38929996439246
            ],
            [
              95.23869692090064,
              28.3894513193486
            ],
            [
              95.23896306081403,
              28.389577194153087
            ],
            [
              95.23924025707936,
              28.38967637656275
            ],
            [
              95.23952584014508,
              28.389747911396764
            ],
            [
              95.23981705969013,
              28.389791109735572
            ],
            [
              95.24011111111112,
              28.389805555555554
            ],
            [
              95.24040516253211,
              28.389791109735572
            ],
            [
              95.24069638207716,
              28.389747911396764
            ],
            [
              95.24098196514288,
              28.38967637656275
            ],
            [
              95.24125916140821,
              28.389577194153087
            ],
            [
              95.2415253013216,
              28.3894513193486
            ],
            [
              95.24177782181017,
              28.38929996439246
            ],
            [
              95.24201429096361,
              28.389124586915642
            ],
            [
              95.24223243145468,
              28.388926875899113
            ],
            [
              95.2424301424712,
              28.388708735408045
            ],
            [
              95.24260551994803,
              28.388472266254613
            ],
            [
              95.24275687490416,
              28.388219745766033
            ],
            [
              95.24288274970866,
              28.38795360585265
            ],
            [
              95.24298193211831,
              28.387676409587318
            ],
            [
              95.24305346695233,
              28.387390826521603
            ],
            [
              95.24309666529113,
              28.387099606976545
            ],
            [
              95.24311111111112,
              28.386805555555554
            ]
          ]
        ]
      }
    },
    {
      "type": "Feature",
      "properties": {
        "landslide_id": "AR/US/82P03/2022/044",
        "zone_name": "Dumro-Kumko Slide 5 - NH 513",
        "state": "Arunachal Pradesh",
        "district": "Upper Siang",
        "toposheet": "82P03",
        "hazard_type": "LANDSLIDE",
        "risk_level": "HIGH",
        "historical_event_count": 1
      },
      "geometry": {
        "type": "Polygon",
        "coordinates": [
          [
            [
              95.24694444444444,
              28.40213888888889
            ],
            [
              95.24692999862445,
              28.4018448374679
            ],
            [
              95.24688680028565,
              28.40155361792284
            ],
            [
              95.24681526545163,
              28.401268034857125
            ],
            [
              95.24671608304197,
              28.40099083859179
            ],
            [
              95.24659020823748,
              28.40072469867841
            ],
            [
              95.24643885328135,
              28.40047217818983
            ],
            [
              95.24626347580453,
              28.400235709036398
            ],
            [
              95.246065764788,
              28.40001756854533
            ],
            [
              95.24584762429693,
              28.3998198575288
            ],
            [
              95.2456111551435,
              28.399644480051982
            ],
            [
              95.24535863465492,
              28.399493125095844
            ],
            [
              95.24509249474153,
              28.399367250291355
            ],
            [
              95.2448152984762,
              28.399268067881692
            ],
            [
              95.24452971541048,
              28.39919653304768
            ],
            [
              95.24423849586543,
              28.39915333470887
            ],
            [
              95.24394444444444,
              28.39913888888889
            ],
            [
              95.24365039302344,
              28.39915333470887
            ],
            [
              95.2433591734784,
              28.39919653304768
            ],
            [
              95.24307359041268,
              28.399268067881692
            ],
            [
              95.24279639414735,
              28.399367250291355
            ],
            [
              95.24253025423396,
              28.399493125095844
            ],
            [
              95.24227773374538,
              28.399644480051982
            ],
            [
              95.24204126459195,
              28.3998198575288
            ],
            [
              95.24182312410088,
              28.40001756854533
            ],
            [
              95.24162541308435,
              28.400235709036398
            ],
            [
              95.24145003560753,
              28.40047217818983
            ],
            [
              95.2412986806514,
              28.40072469867841
            ],
            [
              95.2411728058469,
              28.40099083859179
            ],
            [
              95.24107362343725,
              28.401268034857125
            ],
            [
              95.24100208860322,
              28.40155361792284
            ],
            [
              95.24095889026442,
              28.4018448374679
            ],
            [
              95.24094444444444,
              28.40213888888889
            ],
            [
              95.24095889026442,
              28.40243294030988
            ],
            [
              95.24100208860322,
              28.402724159854937
            ],
            [
              95.24107362343725,
              28.403009742920652
            ],
            [
              95.2411728058469,
              28.403286939185985
            ],
            [
              95.2412986806514,
              28.403553079099368
            ],
            [
              95.24145003560753,
              28.403805599587947
            ],
            [
              95.24162541308435,
              28.40404206874138
            ],
            [
              95.24182312410088,
              28.404260209232447
            ],
            [
              95.24204126459195,
              28.404457920248976
            ],
            [
              95.24227773374538,
              28.404633297725795
            ],
            [
              95.24253025423396,
              28.404784652681933
            ],
            [
              95.24279639414735,
              28.40491052748642
            ],
            [
              95.24307359041268,
              28.405009709896085
            ],
            [
              95.2433591734784,
              28.4050812447301
            ],
            [
              95.24365039302344,
              28.405124443068907
            ],
            [
              95.24394444444444,
              28.40513888888889
            ],
            [
              95.24423849586543,
              28.405124443068907
            ],
            [
              95.24452971541048,
              28.4050812447301
            ],
            [
              95.2448152984762,
              28.405009709896085
            ],
            [
              95.24509249474153,
              28.40491052748642
            ],
            [
              95.24535863465492,
              28.404784652681933
            ],
            [
              95.2456111551435,
              28.404633297725795
            ],
            [
              95.24584762429693,
              28.404457920248976
            ],
            [
              95.246065764788,
              28.404260209232447
            ],
            [
              95.24626347580453,
              28.40404206874138
            ],
            [
              95.24643885328135,
              28.403805599587947
            ],
            [
              95.24659020823748,
              28.403553079099368
            ],
            [
              95.24671608304197,
              28.403286939185985
            ],
            [
              95.24681526545163,
              28.403009742920652
            ],
            [
              95.24688680028565,
              28.402724159854937
            ],
            [
              95.24692999862445,
              28.40243294030988
            ],
            [
              95.24694444444444,
              28.40213888888889
            ]
          ]
        ]
      }
    },
    {
      "type": "Feature",
      "properties": {
        "landslide_id": "AR/US/82P03/2022/046",
        "zone_name": "Mariyang Slide 1 - NH 513",
        "state": "Arunachal Pradesh",
        "district": "Upper Siang",
        "toposheet": "82P03",
        "hazard_type": "LANDSLIDE",
        "risk_level": "HIGH",
        "historical_event_count": 1
      },
      "geometry": {
        "type": "Polygon",
        "coordinates": [
          [
            [
              95.21641666666667,
              28.4875
            ],
            [
              95.21640222084669,
              28.48720594857901
            ],
            [
              95.21635902250789,
              28.486914729033952
            ],
            [
              95.21628748767387,
              28.486629145968237
            ],
            [
              95.21618830526421,
              28.486351949702904
            ],
            [
              95.21606243045971,
              28.48608580978952
            ],
            [
              95.21591107550358,
              28.485833289300942
            ],
            [
              95.21573569802676,
              28.48559682014751
            ],
            [
              95.21553798701024,
              28.485378679656442
            ],
            [
              95.21531984651917,
              28.485180968639913
            ],
            [
              95.21508337736573,
              28.485005591163095
            ],
            [
              95.21483085687716,
              28.484854236206957
            ],
            [
              95.21456471696376,
              28.484728361402468
            ],
            [
              95.21428752069843,
              28.484629178992805
            ],
            [
              95.21400193763272,
              28.48455764415879
            ],
            [
              95.21371071808767,
              28.484514445819983
            ],
            [
              95.21341666666667,
              28.4845
            ],
            [
              95.21312261524568,
              28.484514445819983
            ],
            [
              95.21283139570063,
              28.48455764415879
            ],
            [
              95.21254581263491,
              28.484629178992805
            ],
            [
              95.21226861636958,
              28.484728361402468
            ],
            [
              95.21200247645619,
              28.484854236206957
            ],
            [
              95.21174995596762,
              28.485005591163095
            ],
            [
              95.21151348681418,
              28.485180968639913
            ],
            [
              95.21129534632311,
              28.485378679656442
            ],
            [
              95.21109763530659,
              28.48559682014751
            ],
            [
              95.21092225782976,
              28.485833289300942
            ],
            [
              95.21077090287363,
              28.48608580978952
            ],
            [
              95.21064502806914,
              28.486351949702904
            ],
            [
              95.21054584565948,
              28.486629145968237
            ],
            [
              95.21047431082546,
              28.486914729033952
            ],
            [
              95.21043111248666,
              28.48720594857901
            ],
            [
              95.21041666666667,
              28.4875
            ],
            [
              95.21043111248666,
              28.48779405142099
            ],
            [
              95.21047431082546,
              28.48808527096605
            ],
            [
              95.21054584565948,
              28.488370854031764
            ],
            [
              95.21064502806914,
              28.488648050297098
            ],
            [
              95.21077090287363,
              28.48891419021048
            ],
            [
              95.21092225782976,
              28.48916671069906
            ],
            [
              95.21109763530659,
              28.48940317985249
            ],
            [
              95.21129534632311,
              28.48962132034356
            ],
            [
              95.21151348681418,
              28.48981903136009
            ],
            [
              95.21174995596762,
              28.489994408836907
            ],
            [
              95.21200247645619,
              28.490145763793045
            ],
            [
              95.21226861636958,
              28.490271638597534
            ],
            [
              95.21254581263491,
              28.490370821007197
            ],
            [
              95.21283139570063,
              28.49044235584121
            ],
            [
              95.21312261524568,
              28.49048555418002
            ],
            [
              95.21341666666667,
              28.4905
            ],
            [
              95.21371071808767,
              28.49048555418002
            ],
            [
              95.21400193763272,
              28.49044235584121
            ],
            [
              95.21428752069843,
              28.490370821007197
            ],
            [
              95.21456471696376,
              28.490271638597534
            ],
            [
              95.21483085687716,
              28.490145763793045
            ],
            [
              95.21508337736573,
              28.489994408836907
            ],
            [
              95.21531984651917,
              28.48981903136009
            ],
            [
              95.21553798701024,
              28.48962132034356
            ],
            [
              95.21573569802676,
              28.48940317985249
            ],
            [
              95.21591107550358,
              28.48916671069906
            ],
            [
              95.21606243045971,
              28.48891419021048
            ],
            [
              95.21618830526421,
              28.488648050297098
            ],
            [
              95.21628748767387,
              28.488370854031764
            ],
            [
              95.21635902250789,
              28.48808527096605
            ],
            [
              95.21640222084669,
              28.48779405142099
            ],
            [
              95.21641666666667,
              28.4875
            ]
          ]
        ]
      }
    },
    {
      "type": "Feature",
      "properties": {
        "landslide_id": "AR/US/82P03/2022/047",
        "zone_name": "Mariyang Slide 2 - NH 513",
        "state": "Arunachal Pradesh",
        "district": "Upper Siang",
        "toposheet": "82P03 Photo 46(a) &(b) 154",
        "hazard_type": "LANDSLIDE",
        "risk_level": "HIGH",
        "historical_event_count": 1
      },
      "geometry": {
        "type": "Polygon",
        "coordinates": [
          [
            [
              95.21005555555556,
              28.48405555555556
            ],
            [
              95.21004110973557,
              28.48376150413457
            ],
            [
              95.20999791139677,
              28.48347028458951
            ],
            [
              95.20992637656275,
              28.483184701523797
            ],
            [
              95.20982719415309,
              28.482907505258463
            ],
            [
              95.2097013193486,
              28.48264136534508
            ],
            [
              95.20954996439247,
              28.4823888448565
            ],
            [
              95.20937458691564,
              28.48215237570307
            ],
            [
              95.20917687589912,
              28.481934235212
            ],
            [
              95.20895873540805,
              28.481736524195473
            ],
            [
              95.20872226625461,
              28.481561146718654
            ],
            [
              95.20846974576604,
              28.481409791762516
            ],
            [
              95.20820360585265,
              28.481283916958027
            ],
            [
              95.20792640958732,
              28.481184734548364
            ],
            [
              95.2076408265216,
              28.48111319971435
            ],
            [
              95.20734960697655,
              28.481070001375542
            ],
            [
              95.20705555555556,
              28.48105555555556
            ],
            [
              95.20676150413456,
              28.481070001375542
            ],
            [
              95.20647028458951,
              28.48111319971435
            ],
            [
              95.2061847015238,
              28.481184734548364
            ],
            [
              95.20590750525847,
              28.481283916958027
            ],
            [
              95.20564136534507,
              28.481409791762516
            ],
            [
              95.2053888448565,
              28.481561146718654
            ],
            [
              95.20515237570307,
              28.481736524195473
            ],
            [
              95.204934235212,
              28.481934235212
            ],
            [
              95.20473652419547,
              28.48215237570307
            ],
            [
              95.20456114671865,
              28.4823888448565
            ],
            [
              95.20440979176252,
              28.48264136534508
            ],
            [
              95.20428391695802,
              28.482907505258463
            ],
            [
              95.20418473454836,
              28.483184701523797
            ],
            [
              95.20411319971434,
              28.48347028458951
            ],
            [
              95.20407000137554,
              28.48376150413457
            ],
            [
              95.20405555555556,
              28.48405555555556
            ],
            [
              95.20407000137554,
              28.48434960697655
            ],
            [
              95.20411319971434,
              28.48464082652161
            ],
            [
              95.20418473454836,
              28.484926409587324
            ],
            [
              95.20428391695802,
              28.485203605852657
            ],
            [
              95.20440979176252,
              28.48546974576604
            ],
            [
              95.20456114671865,
              28.48572226625462
            ],
            [
              95.20473652419547,
              28.48595873540805
            ],
            [
              95.204934235212,
              28.48617687589912
            ],
            [
              95.20515237570307,
              28.486374586915648
            ],
            [
              95.2053888448565,
              28.486549964392466
            ],
            [
              95.20564136534507,
              28.486701319348604
            ],
            [
              95.20590750525847,
              28.486827194153094
            ],
            [
              95.2061847015238,
              28.486926376562757
            ],
            [
              95.20647028458951,
              28.48699791139677
            ],
            [
              95.20676150413456,
              28.48704110973558
            ],
            [
              95.20705555555556,
              28.48705555555556
            ],
            [
              95.20734960697655,
              28.48704110973558
            ],
            [
              95.2076408265216,
              28.48699791139677
            ],
            [
              95.20792640958732,
              28.486926376562757
            ],
            [
              95.20820360585265,
              28.486827194153094
            ],
            [
              95.20846974576604,
              28.486701319348604
            ],
            [
              95.20872226625461,
              28.486549964392466
            ],
            [
              95.20895873540805,
              28.486374586915648
            ],
            [
              95.20917687589912,
              28.48617687589912
            ],
            [
              95.20937458691564,
              28.48595873540805
            ],
            [
              95.20954996439247,
              28.48572226625462
            ],
            [
              95.2097013193486,
              28.48546974576604
            ],
            [
              95.20982719415309,
              28.485203605852657
            ],
            [
              95.20992637656275,
              28.484926409587324
            ],
            [
              95.20999791139677,
              28.48464082652161
            ],
            [
              95.21004110973557,
              28.48434960697655
            ],
            [
              95.21005555555556,
              28.48405555555556
            ]
          ]
        ]
      }
    },
    {
      "type": "Feature",
      "properties": {
        "landslide_id": "AR/US/82P02/2022/048",
        "zone_name": "Yingkiong road Slide 1 - NH 513",
        "state": "Arunachal Pradesh",
        "district": "Upper Siang",
        "toposheet": "82P02",
        "hazard_type": "LANDSLIDE",
        "risk_level": "HIGH",
        "historical_event_count": 1
      },
      "geometry": {
        "type": "Polygon",
        "coordinates": [
          [
            [
              95.03872222222222,
              28.62697222222222
            ],
            [
              95.03870777640223,
              28.62667817080123
            ],
            [
              95.03866457806343,
              28.626386951256173
            ],
            [
              95.03859304322941,
              28.626101368190458
            ],
            [
              95.03849386081976,
              28.625824171925125
            ],
            [
              95.03836798601526,
              28.625558032011742
            ],
            [
              95.03821663105913,
              28.625305511523162
            ],
            [
              95.0380412535823,
              28.62506904236973
            ],
            [
              95.03784354256578,
              28.624850901878663
            ],
            [
              95.03762540207471,
              28.624653190862134
            ],
            [
              95.03738893292127,
              28.624477813385315
            ],
            [
              95.0371364124327,
              28.624326458429177
            ],
            [
              95.03687027251931,
              28.624200583624688
            ],
            [
              95.03659307625398,
              28.624101401215025
            ],
            [
              95.03630749318826,
              28.62402986638101
            ],
            [
              95.03601627364321,
              28.623986668042203
            ],
            [
              95.03572222222222,
              28.62397222222222
            ],
            [
              95.03542817080123,
              28.623986668042203
            ],
            [
              95.03513695125618,
              28.62402986638101
            ],
            [
              95.03485136819046,
              28.624101401215025
            ],
            [
              95.03457417192513,
              28.624200583624688
            ],
            [
              95.03430803201174,
              28.624326458429177
            ],
            [
              95.03405551152316,
              28.624477813385315
            ],
            [
              95.03381904236973,
              28.624653190862134
            ],
            [
              95.03360090187866,
              28.624850901878663
            ],
            [
              95.03340319086213,
              28.62506904236973
            ],
            [
              95.03322781338531,
              28.625305511523162
            ],
            [
              95.03307645842918,
              28.625558032011742
            ],
            [
              95.03295058362468,
              28.625824171925125
            ],
            [
              95.03285140121503,
              28.626101368190458
            ],
            [
              95.032779866381,
              28.626386951256173
            ],
            [
              95.0327366680422,
              28.62667817080123
            ],
            [
              95.03272222222222,
              28.62697222222222
            ],
            [
              95.0327366680422,
              28.62726627364321
            ],
            [
              95.032779866381,
              28.62755749318827
            ],
            [
              95.03285140121503,
              28.627843076253985
            ],
            [
              95.03295058362468,
              28.62812027251932
            ],
            [
              95.03307645842918,
              28.6283864124327
            ],
            [
              95.03322781338531,
              28.62863893292128
            ],
            [
              95.03340319086213,
              28.628875402074712
            ],
            [
              95.03360090187866,
              28.62909354256578
            ],
            [
              95.03381904236973,
              28.62929125358231
            ],
            [
              95.03405551152316,
              28.629466631059127
            ],
            [
              95.03430803201174,
              28.629617986015266
            ],
            [
              95.03457417192513,
              28.629743860819755
            ],
            [
              95.03485136819046,
              28.629843043229418
            ],
            [
              95.03513695125618,
              28.62991457806343
            ],
            [
              95.03542817080123,
              28.62995777640224
            ],
            [
              95.03572222222222,
              28.62997222222222
            ],
            [
              95.03601627364321,
              28.62995777640224
            ],
            [
              95.03630749318826,
              28.62991457806343
            ],
            [
              95.03659307625398,
              28.629843043229418
            ],
            [
              95.03687027251931,
              28.629743860819755
            ],
            [
              95.0371364124327,
              28.629617986015266
            ],
            [
              95.03738893292127,
              28.629466631059127
            ],
            [
              95.03762540207471,
              28.62929125358231
            ],
            [
              95.03784354256578,
              28.62909354256578
            ],
            [
              95.0380412535823,
              28.628875402074712
            ],
            [
              95.03821663105913,
              28.62863893292128
            ],
            [
              95.03836798601526,
              28.6283864124327
            ],
            [
              95.03849386081976,
              28.62812027251932
            ],
            [
              95.03859304322941,
              28.627843076253985
            ],
            [
              95.03866457806343,
              28.62755749318827
            ],
            [
              95.03870777640223,
              28.62726627364321
            ],
            [
              95.03872222222222,
              28.62697222222222
            ]
          ]
        ]
      }
    },
    {
      "type": "Feature",
      "properties": {
        "landslide_id": "AR/US/82P02/2022/049",
        "zone_name": "Yingkiong road Slide 2 - NH 513",
        "state": "Arunachal Pradesh",
        "district": "Upper Siang",
        "toposheet": "82P02",
        "hazard_type": "LANDSLIDE",
        "risk_level": "HIGH",
        "historical_event_count": 1
      },
      "geometry": {
        "type": "Polygon",
        "coordinates": [
          [
            [
              95.04652777777778,
              28.622722222222222
            ],
            [
              95.0465133319578,
              28.622428170801232
            ],
            [
              95.046470133619,
              28.622136951256174
            ],
            [
              95.04639859878498,
              28.62185136819046
            ],
            [
              95.04629941637532,
              28.621574171925126
            ],
            [
              95.04617354157082,
              28.621308032011743
            ],
            [
              95.04602218661469,
              28.621055511523164
            ],
            [
              95.04584680913787,
              28.62081904236973
            ],
            [
              95.04564909812134,
              28.620600901878664
            ],
            [
              95.04543095763027,
              28.620403190862135
            ],
            [
              95.04519448847684,
              28.620227813385316
            ],
            [
              95.04494196798827,
              28.62007645842918
            ],
            [
              95.04467582807487,
              28.61995058362469
            ],
            [
              95.04439863180954,
              28.619851401215026
            ],
            [
              95.04411304874382,
              28.619779866381013
            ],
            [
              95.04382182919878,
              28.619736668042204
            ],
            [
              95.04352777777778,
              28.619722222222222
            ],
            [
              95.04323372635679,
              28.619736668042204
            ],
            [
              95.04294250681174,
              28.619779866381013
            ],
            [
              95.04265692374602,
              28.619851401215026
            ],
            [
              95.0423797274807,
              28.61995058362469
            ],
            [
              95.0421135875673,
              28.62007645842918
            ],
            [
              95.04186106707873,
              28.620227813385316
            ],
            [
              95.04162459792529,
              28.620403190862135
            ],
            [
              95.04140645743422,
              28.620600901878664
            ],
            [
              95.0412087464177,
              28.62081904236973
            ],
            [
              95.04103336894087,
              28.621055511523164
            ],
            [
              95.04088201398474,
              28.621308032011743
            ],
            [
              95.04075613918025,
              28.621574171925126
            ],
            [
              95.04065695677059,
              28.62185136819046
            ],
            [
              95.04058542193657,
              28.622136951256174
            ],
            [
              95.04054222359777,
              28.622428170801232
            ],
            [
              95.04052777777778,
              28.622722222222222
            ],
            [
              95.04054222359777,
              28.623016273643213
            ],
            [
              95.04058542193657,
              28.62330749318827
            ],
            [
              95.04065695677059,
              28.623593076253986
            ],
            [
              95.04075613918025,
              28.62387027251932
            ],
            [
              95.04088201398474,
              28.6241364124327
            ],
            [
              95.04103336894087,
              28.62438893292128
            ],
            [
              95.0412087464177,
              28.624625402074713
            ],
            [
              95.04140645743422,
              28.62484354256578
            ],
            [
              95.04162459792529,
              28.62504125358231
            ],
            [
              95.04186106707873,
              28.62521663105913
            ],
            [
              95.0421135875673,
              28.625367986015267
            ],
            [
              95.0423797274807,
              28.625493860819756
            ],
            [
              95.04265692374602,
              28.62559304322942
            ],
            [
              95.04294250681174,
              28.625664578063432
            ],
            [
              95.04323372635679,
              28.62570777640224
            ],
            [
              95.04352777777778,
              28.625722222222223
            ],
            [
              95.04382182919878,
              28.62570777640224
            ],
            [
              95.04411304874382,
              28.625664578063432
            ],
            [
              95.04439863180954,
              28.62559304322942
            ],
            [
              95.04467582807487,
              28.625493860819756
            ],
            [
              95.04494196798827,
              28.625367986015267
            ],
            [
              95.04519448847684,
              28.62521663105913
            ],
            [
              95.04543095763027,
              28.62504125358231
            ],
            [
              95.04564909812134,
              28.62484354256578
            ],
            [
              95.04584680913787,
              28.624625402074713
            ],
            [
              95.04602218661469,
              28.62438893292128
            ],
            [
              95.04617354157082,
              28.6241364124327
            ],
            [
              95.04629941637532,
              28.62387027251932
            ],
            [
              95.04639859878498,
              28.623593076253986
            ],
            [
              95.046470133619,
              28.62330749318827
            ],
            [
              95.0465133319578,
              28.623016273643213
            ],
            [
              95.04652777777778,
              28.622722222222222
            ]
          ]
        ]
      }
    },
    {
      "type": "Feature",
      "properties": {
        "landslide_id": "AR/US/82P02/2022/050",
        "zone_name": "Yingkiong road Slide 3 - NH 513",
        "state": "Arunachal Pradesh",
        "district": "Upper Siang",
        "toposheet": "82P02",
        "hazard_type": "LANDSLIDE",
        "risk_level": "HIGH",
        "historical_event_count": 1
      },
      "geometry": {
        "type": "Polygon",
        "coordinates": [
          [
            [
              95.05255555555556,
              28.61733333333333
            ],
            [
              95.05254110973557,
              28.61703928191234
            ],
            [
              95.05249791139677,
              28.616748062367282
            ],
            [
              95.05242637656275,
              28.616462479301568
            ],
            [
              95.0523271941531,
              28.616185283036234
            ],
            [
              95.0522013193486,
              28.615919143122852
            ],
            [
              95.05204996439247,
              28.615666622634272
            ],
            [
              95.05187458691564,
              28.61543015348084
            ],
            [
              95.05167687589912,
              28.615212012989772
            ],
            [
              95.05145873540805,
              28.615014301973243
            ],
            [
              95.05122226625461,
              28.614838924496425
            ],
            [
              95.05096974576604,
              28.614687569540287
            ],
            [
              95.05070360585265,
              28.614561694735798
            ],
            [
              95.05042640958732,
              28.614462512326135
            ],
            [
              95.0501408265216,
              28.61439097749212
            ],
            [
              95.04984960697655,
              28.614347779153313
            ],
            [
              95.04955555555556,
              28.61433333333333
            ],
            [
              95.04926150413456,
              28.614347779153313
            ],
            [
              95.04897028458952,
              28.61439097749212
            ],
            [
              95.0486847015238,
              28.614462512326135
            ],
            [
              95.04840750525847,
              28.614561694735798
            ],
            [
              95.04814136534507,
              28.614687569540287
            ],
            [
              95.0478888448565,
              28.614838924496425
            ],
            [
              95.04765237570307,
              28.615014301973243
            ],
            [
              95.047434235212,
              28.615212012989772
            ],
            [
              95.04723652419547,
              28.61543015348084
            ],
            [
              95.04706114671865,
              28.615666622634272
            ],
            [
              95.04690979176252,
              28.615919143122852
            ],
            [
              95.04678391695802,
              28.616185283036234
            ],
            [
              95.04668473454836,
              28.616462479301568
            ],
            [
              95.04661319971434,
              28.616748062367282
            ],
            [
              95.04657000137554,
              28.61703928191234
            ],
            [
              95.04655555555556,
              28.61733333333333
            ],
            [
              95.04657000137554,
              28.61762738475432
            ],
            [
              95.04661319971434,
              28.61791860429938
            ],
            [
              95.04668473454836,
              28.618204187365095
            ],
            [
              95.04678391695802,
              28.618481383630428
            ],
            [
              95.04690979176252,
              28.61874752354381
            ],
            [
              95.04706114671865,
              28.61900004403239
            ],
            [
              95.04723652419547,
              28.61923651318582
            ],
            [
              95.047434235212,
              28.61945465367689
            ],
            [
              95.04765237570307,
              28.61965236469342
            ],
            [
              95.0478888448565,
              28.619827742170237
            ],
            [
              95.04814136534507,
              28.619979097126375
            ],
            [
              95.04840750525847,
              28.620104971930864
            ],
            [
              95.0486847015238,
              28.620204154340527
            ],
            [
              95.04897028458952,
              28.62027568917454
            ],
            [
              95.04926150413456,
              28.62031888751335
            ],
            [
              95.04955555555556,
              28.62033333333333
            ],
            [
              95.04984960697655,
              28.62031888751335
            ],
            [
              95.0501408265216,
              28.62027568917454
            ],
            [
              95.05042640958732,
              28.620204154340527
            ],
            [
              95.05070360585265,
              28.620104971930864
            ],
            [
              95.05096974576604,
              28.619979097126375
            ],
            [
              95.05122226625461,
              28.619827742170237
            ],
            [
              95.05145873540805,
              28.61965236469342
            ],
            [
              95.05167687589912,
              28.61945465367689
            ],
            [
              95.05187458691564,
              28.61923651318582
            ],
            [
              95.05204996439247,
              28.61900004403239
            ],
            [
              95.0522013193486,
              28.61874752354381
            ],
            [
              95.0523271941531,
              28.618481383630428
            ],
            [
              95.05242637656275,
              28.618204187365095
            ],
            [
              95.05249791139677,
              28.61791860429938
            ],
            [
              95.05254110973557,
              28.61762738475432
            ],
            [
              95.05255555555556,
              28.61733333333333
            ]
          ]
        ]
      }
    },
    {
      "type": "Feature",
      "properties": {
        "landslide_id": "AR/US/82P03/2022/051",
        "zone_name": "Mariyang Slide 3 - NH 513",
        "state": "Arunachal Pradesh",
        "district": "Upper Siang",
        "toposheet": "82P03",
        "hazard_type": "LANDSLIDE",
        "risk_level": "HIGH",
        "historical_event_count": 1
      },
      "geometry": {
        "type": "Polygon",
        "coordinates": [
          [
            [
              95.20619444444444,
              28.490277777777777
            ],
            [
              95.20617999862445,
              28.489983726356787
            ],
            [
              95.20613680028565,
              28.48969250681173
            ],
            [
              95.20606526545163,
              28.489406923746014
            ],
            [
              95.20596608304197,
              28.48912972748068
            ],
            [
              95.20584020823748,
              28.488863587567298
            ],
            [
              95.20568885328134,
              28.48861106707872
            ],
            [
              95.20551347580452,
              28.488374597925286
            ],
            [
              95.205315764788,
              28.48815645743422
            ],
            [
              95.20509762429693,
              28.48795874641769
            ],
            [
              95.20486115514349,
              28.48778336894087
            ],
            [
              95.20460863465492,
              28.487632013984733
            ],
            [
              95.20434249474152,
              28.487506139180244
            ],
            [
              95.2040652984762,
              28.48740695677058
            ],
            [
              95.20377971541048,
              28.487335421936567
            ],
            [
              95.20348849586543,
              28.48729222359776
            ],
            [
              95.20319444444443,
              28.487277777777777
            ],
            [
              95.20290039302344,
              28.48729222359776
            ],
            [
              95.2026091734784,
              28.487335421936567
            ],
            [
              95.20232359041268,
              28.48740695677058
            ],
            [
              95.20204639414735,
              28.487506139180244
            ],
            [
              95.20178025423395,
              28.487632013984733
            ],
            [
              95.20152773374538,
              28.48778336894087
            ],
            [
              95.20129126459194,
              28.48795874641769
            ],
            [
              95.20107312410087,
              28.48815645743422
            ],
            [
              95.20087541308435,
              28.488374597925286
            ],
            [
              95.20070003560753,
              28.48861106707872
            ],
            [
              95.2005486806514,
              28.488863587567298
            ],
            [
              95.2004228058469,
              28.48912972748068
            ],
            [
              95.20032362343724,
              28.489406923746014
            ],
            [
              95.20025208860322,
              28.48969250681173
            ],
            [
              95.20020889026442,
              28.489983726356787
            ],
            [
              95.20019444444443,
              28.490277777777777
            ],
            [
              95.20020889026442,
              28.490571829198768
            ],
            [
              95.20025208860322,
              28.490863048743826
            ],
            [
              95.20032362343724,
              28.49114863180954
            ],
            [
              95.2004228058469,
              28.491425828074874
            ],
            [
              95.2005486806514,
              28.491691967988256
            ],
            [
              95.20070003560753,
              28.491944488476836
            ],
            [
              95.20087541308435,
              28.492180957630268
            ],
            [
              95.20107312410087,
              28.492399098121336
            ],
            [
              95.20129126459194,
              28.492596809137865
            ],
            [
              95.20152773374538,
              28.492772186614683
            ],
            [
              95.20178025423395,
              28.49292354157082
            ],
            [
              95.20204639414735,
              28.49304941637531
            ],
            [
              95.20232359041268,
              28.493148598784973
            ],
            [
              95.2026091734784,
              28.493220133618987
            ],
            [
              95.20290039302344,
              28.493263331957795
            ],
            [
              95.20319444444443,
              28.493277777777777
            ],
            [
              95.20348849586543,
              28.493263331957795
            ],
            [
              95.20377971541048,
              28.493220133618987
            ],
            [
              95.2040652984762,
              28.493148598784973
            ],
            [
              95.20434249474152,
              28.49304941637531
            ],
            [
              95.20460863465492,
              28.49292354157082
            ],
            [
              95.20486115514349,
              28.492772186614683
            ],
            [
              95.20509762429693,
              28.492596809137865
            ],
            [
              95.205315764788,
              28.492399098121336
            ],
            [
              95.20551347580452,
              28.492180957630268
            ],
            [
              95.20568885328134,
              28.491944488476836
            ],
            [
              95.20584020823748,
              28.491691967988256
            ],
            [
              95.20596608304197,
              28.491425828074874
            ],
            [
              95.20606526545163,
              28.49114863180954
            ],
            [
              95.20613680028565,
              28.490863048743826
            ],
            [
              95.20617999862445,
              28.490571829198768
            ],
            [
              95.20619444444444,
              28.490277777777777
            ]
          ]
        ]
      }
    },
    {
      "type": "Feature",
      "properties": {
        "landslide_id": "AR/US/82P03/2022/052",
        "zone_name": "Mariyang Slide 4 - NH 513",
        "state": "Arunachal Pradesh Photo 51(a)&(b) 164",
        "district": "Upper Siang",
        "toposheet": "82P03",
        "hazard_type": "LANDSLIDE",
        "risk_level": "HIGH",
        "historical_event_count": 1
      },
      "geometry": {
        "type": "Polygon",
        "coordinates": [
          [
            [
              95.20594444444444,
              28.4915
            ],
            [
              95.20592999862446,
              28.491205948579008
            ],
            [
              95.20588680028565,
              28.49091472903395
            ],
            [
              95.20581526545163,
              28.490629145968235
            ],
            [
              95.20571608304198,
              28.4903519497029
            ],
            [
              95.20559020823748,
              28.49008580978952
            ],
            [
              95.20543885328135,
              28.48983328930094
            ],
            [
              95.20526347580453,
              28.489596820147508
            ],
            [
              95.205065764788,
              28.48937867965644
            ],
            [
              95.20484762429693,
              28.48918096863991
            ],
            [
              95.2046111551435,
              28.489005591163092
            ],
            [
              95.20435863465492,
              28.488854236206954
            ],
            [
              95.20409249474153,
              28.488728361402465
            ],
            [
              95.2038152984762,
              28.488629178992802
            ],
            [
              95.20352971541048,
              28.48855764415879
            ],
            [
              95.20323849586543,
              28.48851444581998
            ],
            [
              95.20294444444444,
              28.4885
            ],
            [
              95.20265039302345,
              28.48851444581998
            ],
            [
              95.2023591734784,
              28.48855764415879
            ],
            [
              95.20207359041268,
              28.488629178992802
            ],
            [
              95.20179639414735,
              28.488728361402465
            ],
            [
              95.20153025423396,
              28.488854236206954
            ],
            [
              95.20127773374539,
              28.489005591163092
            ],
            [
              95.20104126459195,
              28.48918096863991
            ],
            [
              95.20082312410088,
              28.48937867965644
            ],
            [
              95.20062541308435,
              28.489596820147508
            ],
            [
              95.20045003560753,
              28.48983328930094
            ],
            [
              95.2002986806514,
              28.49008580978952
            ],
            [
              95.2001728058469,
              28.4903519497029
            ],
            [
              95.20007362343725,
              28.490629145968235
            ],
            [
              95.20000208860323,
              28.49091472903395
            ],
            [
              95.19995889026443,
              28.491205948579008
            ],
            [
              95.19994444444444,
              28.4915
            ],
            [
              95.19995889026443,
              28.49179405142099
            ],
            [
              95.20000208860323,
              28.492085270966047
            ],
            [
              95.20007362343725,
              28.492370854031762
            ],
            [
              95.2001728058469,
              28.492648050297095
            ],
            [
              95.2002986806514,
              28.492914190210477
            ],
            [
              95.20045003560753,
              28.493166710699057
            ],
            [
              95.20062541308435,
              28.49340317985249
            ],
            [
              95.20082312410088,
              28.493621320343557
            ],
            [
              95.20104126459195,
              28.493819031360086
            ],
            [
              95.20127773374539,
              28.493994408836905
            ],
            [
              95.20153025423396,
              28.494145763793043
            ],
            [
              95.20179639414735,
              28.49427163859753
            ],
            [
              95.20207359041268,
              28.494370821007195
            ],
            [
              95.2023591734784,
              28.49444235584121
            ],
            [
              95.20265039302345,
              28.494485554180017
            ],
            [
              95.20294444444444,
              28.4945
            ],
            [
              95.20323849586543,
              28.494485554180017
            ],
            [
              95.20352971541048,
              28.49444235584121
            ],
            [
              95.2038152984762,
              28.494370821007195
            ],
            [
              95.20409249474153,
              28.49427163859753
            ],
            [
              95.20435863465492,
              28.494145763793043
            ],
            [
              95.2046111551435,
              28.493994408836905
            ],
            [
              95.20484762429693,
              28.493819031360086
            ],
            [
              95.205065764788,
              28.493621320343557
            ],
            [
              95.20526347580453,
              28.49340317985249
            ],
            [
              95.20543885328135,
              28.493166710699057
            ],
            [
              95.20559020823748,
              28.492914190210477
            ],
            [
              95.20571608304198,
              28.492648050297095
            ],
            [
              95.20581526545163,
              28.492370854031762
            ],
            [
              95.20588680028565,
              28.492085270966047
            ],
            [
              95.20592999862446,
              28.49179405142099
            ],
            [
              95.20594444444444,
              28.4915
            ]
          ]
        ]
      }
    },
    {
      "type": "Feature",
      "properties": {
        "landslide_id": "AR/US/82P03/2022/053",
        "zone_name": "Mariyang-Yingkiong road Slide 1 - NH 513",
        "state": "Arunachal Pradesh",
        "district": "Upper Siang",
        "toposheet": "82P03",
        "hazard_type": "LANDSLIDE",
        "risk_level": "HIGH",
        "historical_event_count": 1
      },
      "geometry": {
        "type": "Polygon",
        "coordinates": [
          [
            [
              95.19463888888887,
              28.49791666666667
            ],
            [
              95.19462444306889,
              28.497622615245678
            ],
            [
              95.19458124473009,
              28.49733139570062
            ],
            [
              95.19450970989607,
              28.497045812634905
            ],
            [
              95.19441052748641,
              28.49676861636957
            ],
            [
              95.19428465268192,
              28.49650247645619
            ],
            [
              95.19413329772578,
              28.49624995596761
            ],
            [
              95.19395792024896,
              28.496013486814178
            ],
            [
              95.19376020923244,
              28.49579534632311
            ],
            [
              95.19354206874137,
              28.49559763530658
            ],
            [
              95.19330559958793,
              28.495422257829762
            ],
            [
              95.19305307909936,
              28.495270902873624
            ],
            [
              95.19278693918596,
              28.495145028069135
            ],
            [
              95.19250974292063,
              28.495045845659472
            ],
            [
              95.19222415985492,
              28.49497431082546
            ],
            [
              95.19193294030987,
              28.49493111248665
            ],
            [
              95.19163888888887,
              28.49491666666667
            ],
            [
              95.19134483746788,
              28.49493111248665
            ],
            [
              95.19105361792283,
              28.49497431082546
            ],
            [
              95.19076803485711,
              28.495045845659472
            ],
            [
              95.19049083859178,
              28.495145028069135
            ],
            [
              95.19022469867839,
              28.495270902873624
            ],
            [
              95.18997217818982,
              28.495422257829762
            ],
            [
              95.18973570903638,
              28.49559763530658
            ],
            [
              95.18951756854531,
              28.49579534632311
            ],
            [
              95.18931985752879,
              28.496013486814178
            ],
            [
              95.18914448005197,
              28.49624995596761
            ],
            [
              95.18899312509583,
              28.49650247645619
            ],
            [
              95.18886725029134,
              28.49676861636957
            ],
            [
              95.18876806788168,
              28.497045812634905
            ],
            [
              95.18869653304766,
              28.49733139570062
            ],
            [
              95.18865333470886,
              28.497622615245678
            ],
            [
              95.18863888888887,
              28.49791666666667
            ],
            [
              95.18865333470886,
              28.49821071808766
            ],
            [
              95.18869653304766,
              28.498501937632717
            ],
            [
              95.18876806788168,
              28.498787520698432
            ],
            [
              95.18886725029134,
              28.499064716963765
            ],
            [
              95.18899312509583,
              28.499330856877148
            ],
            [
              95.18914448005197,
              28.499583377365727
            ],
            [
              95.18931985752879,
              28.49981984651916
            ],
            [
              95.18951756854531,
              28.500037987010227
            ],
            [
              95.18973570903638,
              28.500235698026756
            ],
            [
              95.18997217818982,
              28.500411075503575
            ],
            [
              95.19022469867839,
              28.500562430459713
            ],
            [
              95.19049083859178,
              28.5006883052642
            ],
            [
              95.19076803485711,
              28.500787487673865
            ],
            [
              95.19105361792283,
              28.50085902250788
            ],
            [
              95.19134483746788,
              28.500902220846687
            ],
            [
              95.19163888888887,
              28.50091666666667
            ],
            [
              95.19193294030987,
              28.500902220846687
            ],
            [
              95.19222415985492,
              28.50085902250788
            ],
            [
              95.19250974292063,
              28.500787487673865
            ],
            [
              95.19278693918596,
              28.5006883052642
            ],
            [
              95.19305307909936,
              28.500562430459713
            ],
            [
              95.19330559958793,
              28.500411075503575
            ],
            [
              95.19354206874137,
              28.500235698026756
            ],
            [
              95.19376020923244,
              28.500037987010227
            ],
            [
              95.19395792024896,
              28.49981984651916
            ],
            [
              95.19413329772578,
              28.499583377365727
            ],
            [
              95.19428465268192,
              28.499330856877148
            ],
            [
              95.19441052748641,
              28.499064716963765
            ],
            [
              95.19450970989607,
              28.498787520698432
            ],
            [
              95.19458124473009,
              28.498501937632717
            ],
            [
              95.19462444306889,
              28.49821071808766
            ],
            [
              95.19463888888887,
              28.49791666666667
            ]
          ]
        ]
      }
    },
    {
      "type": "Feature",
      "properties": {
        "landslide_id": "AR/US/82P02/2022/054",
        "zone_name": "Mariyang-Yingkiong road Slide 2 - NH 513",
        "state": "Arunachal Pradesh",
        "district": "Upper Siang",
        "toposheet": "82P02",
        "hazard_type": "LANDSLIDE",
        "risk_level": "HIGH",
        "historical_event_count": 1
      },
      "geometry": {
        "type": "Polygon",
        "coordinates": [
          [
            [
              95.1835,
              28.512055555555555
            ],
            [
              95.18348555418001,
              28.511761504134565
            ],
            [
              95.18344235584121,
              28.511470284589507
            ],
            [
              95.18337082100719,
              28.511184701523792
            ],
            [
              95.18327163859753,
              28.51090750525846
            ],
            [
              95.18314576379304,
              28.510641365345077
            ],
            [
              95.1829944088369,
              28.510388844856497
            ],
            [
              95.18281903136008,
              28.510152375703065
            ],
            [
              95.18262132034356,
              28.509934235211997
            ],
            [
              95.18240317985249,
              28.509736524195468
            ],
            [
              95.18216671069905,
              28.50956114671865
            ],
            [
              95.18191419021048,
              28.50940979176251
            ],
            [
              95.18164805029708,
              28.509283916958022
            ],
            [
              95.18137085403175,
              28.50918473454836
            ],
            [
              95.18108527096604,
              28.509113199714346
            ],
            [
              95.18079405142099,
              28.509070001375537
            ],
            [
              95.1805,
              28.509055555555555
            ],
            [
              95.180205948579,
              28.509070001375537
            ],
            [
              95.17991472903395,
              28.509113199714346
            ],
            [
              95.17962914596824,
              28.50918473454836
            ],
            [
              95.1793519497029,
              28.509283916958022
            ],
            [
              95.17908580978951,
              28.50940979176251
            ],
            [
              95.17883328930094,
              28.50956114671865
            ],
            [
              95.1785968201475,
              28.509736524195468
            ],
            [
              95.17837867965643,
              28.509934235211997
            ],
            [
              95.17818096863991,
              28.510152375703065
            ],
            [
              95.17800559116309,
              28.510388844856497
            ],
            [
              95.17785423620695,
              28.510641365345077
            ],
            [
              95.17772836140246,
              28.51090750525846
            ],
            [
              95.1776291789928,
              28.511184701523792
            ],
            [
              95.17755764415878,
              28.511470284589507
            ],
            [
              95.17751444581998,
              28.511761504134565
            ],
            [
              95.1775,
              28.512055555555555
            ],
            [
              95.17751444581998,
              28.512349606976546
            ],
            [
              95.17755764415878,
              28.512640826521604
            ],
            [
              95.1776291789928,
              28.51292640958732
            ],
            [
              95.17772836140246,
              28.513203605852652
            ],
            [
              95.17785423620695,
              28.513469745766034
            ],
            [
              95.17800559116309,
              28.513722266254614
            ],
            [
              95.17818096863991,
              28.513958735408046
            ],
            [
              95.17837867965643,
              28.514176875899114
            ],
            [
              95.1785968201475,
              28.514374586915643
            ],
            [
              95.17883328930094,
              28.51454996439246
            ],
            [
              95.17908580978951,
              28.5147013193486
            ],
            [
              95.1793519497029,
              28.51482719415309
            ],
            [
              95.17962914596824,
              28.51492637656275
            ],
            [
              95.17991472903395,
              28.514997911396765
            ],
            [
              95.180205948579,
              28.515041109735574
            ],
            [
              95.1805,
              28.515055555555556
            ],
            [
              95.18079405142099,
              28.515041109735574
            ],
            [
              95.18108527096604,
              28.514997911396765
            ],
            [
              95.18137085403175,
              28.51492637656275
            ],
            [
              95.18164805029708,
              28.51482719415309
            ],
            [
              95.18191419021048,
              28.5147013193486
            ],
            [
              95.18216671069905,
              28.51454996439246
            ],
            [
              95.18240317985249,
              28.514374586915643
            ],
            [
              95.18262132034356,
              28.514176875899114
            ],
            [
              95.18281903136008,
              28.513958735408046
            ],
            [
              95.1829944088369,
              28.513722266254614
            ],
            [
              95.18314576379304,
              28.513469745766034
            ],
            [
              95.18327163859753,
              28.513203605852652
            ],
            [
              95.18337082100719,
              28.51292640958732
            ],
            [
              95.18344235584121,
              28.512640826521604
            ],
            [
              95.18348555418001,
              28.512349606976546
            ],
            [
              95.1835,
              28.512055555555555
            ]
          ]
        ]
      }
    },
    {
      "type": "Feature",
      "properties": {
        "landslide_id": "AR/US/82P02/2022/055",
        "zone_name": "Mariyang-Yingkiong road Slide 3 - NH 513",
        "state": "Arunachal Pradesh",
        "district": "Upper Siang",
        "toposheet": "82P02",
        "hazard_type": "LANDSLIDE",
        "risk_level": "HIGH",
        "historical_event_count": 1
      },
      "geometry": {
        "type": "Polygon",
        "coordinates": [
          [
            [
              95.1810277777778,
              28.51608333333333
            ],
            [
              95.18101333195781,
              28.51578928191234
            ],
            [
              95.18097013361901,
              28.515498062367282
            ],
            [
              95.18089859878499,
              28.515212479301567
            ],
            [
              95.18079941637534,
              28.514935283036234
            ],
            [
              95.18067354157084,
              28.514669143122852
            ],
            [
              95.18052218661471,
              28.514416622634272
            ],
            [
              95.18034680913789,
              28.51418015348084
            ],
            [
              95.18014909812136,
              28.513962012989772
            ],
            [
              95.17993095763029,
              28.513764301973243
            ],
            [
              95.17969448847685,
              28.513588924496425
            ],
            [
              95.17944196798828,
              28.513437569540287
            ],
            [
              95.17917582807489,
              28.513311694735798
            ],
            [
              95.17889863180956,
              28.513212512326135
            ],
            [
              95.17861304874384,
              28.51314097749212
            ],
            [
              95.1783218291988,
              28.513097779153313
            ],
            [
              95.1780277777778,
              28.51308333333333
            ],
            [
              95.1777337263568,
              28.513097779153313
            ],
            [
              95.17744250681176,
              28.51314097749212
            ],
            [
              95.17715692374604,
              28.513212512326135
            ],
            [
              95.17687972748071,
              28.513311694735798
            ],
            [
              95.17661358756732,
              28.513437569540287
            ],
            [
              95.17636106707874,
              28.513588924496425
            ],
            [
              95.17612459792531,
              28.513764301973243
            ],
            [
              95.17590645743424,
              28.513962012989772
            ],
            [
              95.17570874641771,
              28.51418015348084
            ],
            [
              95.17553336894089,
              28.514416622634272
            ],
            [
              95.17538201398476,
              28.514669143122852
            ],
            [
              95.17525613918026,
              28.514935283036234
            ],
            [
              95.1751569567706,
              28.515212479301567
            ],
            [
              95.17508542193659,
              28.515498062367282
            ],
            [
              95.17504222359779,
              28.51578928191234
            ],
            [
              95.1750277777778,
              28.51608333333333
            ],
            [
              95.17504222359779,
              28.51637738475432
            ],
            [
              95.17508542193659,
              28.51666860429938
            ],
            [
              95.1751569567706,
              28.516954187365094
            ],
            [
              95.17525613918026,
              28.517231383630428
            ],
            [
              95.17538201398476,
              28.51749752354381
            ],
            [
              95.17553336894089,
              28.51775004403239
            ],
            [
              95.17570874641771,
              28.51798651318582
            ],
            [
              95.17590645743424,
              28.51820465367689
            ],
            [
              95.17612459792531,
              28.51840236469342
            ],
            [
              95.17636106707874,
              28.518577742170237
            ],
            [
              95.17661358756732,
              28.518729097126375
            ],
            [
              95.17687972748071,
              28.518854971930864
            ],
            [
              95.17715692374604,
              28.518954154340527
            ],
            [
              95.17744250681176,
              28.51902568917454
            ],
            [
              95.1777337263568,
              28.51906888751335
            ],
            [
              95.1780277777778,
              28.51908333333333
            ],
            [
              95.1783218291988,
              28.51906888751335
            ],
            [
              95.17861304874384,
              28.51902568917454
            ],
            [
              95.17889863180956,
              28.518954154340527
            ],
            [
              95.17917582807489,
              28.518854971930864
            ],
            [
              95.17944196798828,
              28.518729097126375
            ],
            [
              95.17969448847685,
              28.518577742170237
            ],
            [
              95.17993095763029,
              28.51840236469342
            ],
            [
              95.18014909812136,
              28.51820465367689
            ],
            [
              95.18034680913789,
              28.51798651318582
            ],
            [
              95.18052218661471,
              28.51775004403239
            ],
            [
              95.18067354157084,
              28.51749752354381
            ],
            [
              95.18079941637534,
              28.517231383630428
            ],
            [
              95.18089859878499,
              28.516954187365094
            ],
            [
              95.18097013361901,
              28.51666860429938
            ],
            [
              95.18101333195781,
              28.51637738475432
            ],
            [
              95.1810277777778,
              28.51608333333333
            ]
          ]
        ]
      }
    },
    {
      "type": "Feature",
      "properties": {
        "landslide_id": "AR/US/82P02/2022/056",
        "zone_name": "Mariyang-Yingkiong road Slide 4 - NH 513",
        "state": "Arunachal Pradesh",
        "district": "Upper Siang",
        "toposheet": "82P02",
        "hazard_type": "LANDSLIDE",
        "risk_level": "HIGH",
        "historical_event_count": 1
      },
      "geometry": {
        "type": "Polygon",
        "coordinates": [
          [
            [
              95.18127777777778,
              28.51408333333333
            ],
            [
              95.1812633319578,
              28.513789281912338
            ],
            [
              95.181220133619,
              28.51349806236728
            ],
            [
              95.18114859878497,
              28.513212479301565
            ],
            [
              95.18104941637532,
              28.51293528303623
            ],
            [
              95.18092354157082,
              28.51266914312285
            ],
            [
              95.18077218661469,
              28.51241662263427
            ],
            [
              95.18059680913787,
              28.512180153480838
            ],
            [
              95.18039909812134,
              28.51196201298977
            ],
            [
              95.18018095763027,
              28.51176430197324
            ],
            [
              95.17994448847683,
              28.511588924496422
            ],
            [
              95.17969196798826,
              28.511437569540284
            ],
            [
              95.17942582807487,
              28.511311694735795
            ],
            [
              95.17914863180954,
              28.511212512326132
            ],
            [
              95.17886304874382,
              28.51114097749212
            ],
            [
              95.17857182919877,
              28.51109777915331
            ],
            [
              95.17827777777778,
              28.51108333333333
            ],
            [
              95.17798372635679,
              28.51109777915331
            ],
            [
              95.17769250681174,
              28.51114097749212
            ],
            [
              95.17740692374602,
              28.511212512326132
            ],
            [
              95.17712972748069,
              28.511311694735795
            ],
            [
              95.1768635875673,
              28.511437569540284
            ],
            [
              95.17661106707872,
              28.511588924496422
            ],
            [
              95.17637459792529,
              28.51176430197324
            ],
            [
              95.17615645743422,
              28.51196201298977
            ],
            [
              95.17595874641769,
              28.512180153480838
            ],
            [
              95.17578336894087,
              28.51241662263427
            ],
            [
              95.17563201398474,
              28.51266914312285
            ],
            [
              95.17550613918024,
              28.51293528303623
            ],
            [
              95.17540695677059,
              28.513212479301565
            ],
            [
              95.17533542193657,
              28.51349806236728
            ],
            [
              95.17529222359776,
              28.513789281912338
            ],
            [
              95.17527777777778,
              28.51408333333333
            ],
            [
              95.17529222359776,
              28.51437738475432
            ],
            [
              95.17533542193657,
              28.514668604299377
            ],
            [
              95.17540695677059,
              28.514954187365092
            ],
            [
              95.17550613918024,
              28.515231383630425
            ],
            [
              95.17563201398474,
              28.515497523543807
            ],
            [
              95.17578336894087,
              28.515750044032387
            ],
            [
              95.17595874641769,
              28.51598651318582
            ],
            [
              95.17615645743422,
              28.516204653676887
            ],
            [
              95.17637459792529,
              28.516402364693416
            ],
            [
              95.17661106707872,
              28.516577742170234
            ],
            [
              95.1768635875673,
              28.516729097126372
            ],
            [
              95.17712972748069,
              28.51685497193086
            ],
            [
              95.17740692374602,
              28.516954154340524
            ],
            [
              95.17769250681174,
              28.517025689174538
            ],
            [
              95.17798372635679,
              28.517068887513346
            ],
            [
              95.17827777777778,
              28.51708333333333
            ],
            [
              95.17857182919877,
              28.517068887513346
            ],
            [
              95.17886304874382,
              28.517025689174538
            ],
            [
              95.17914863180954,
              28.516954154340524
            ],
            [
              95.17942582807487,
              28.51685497193086
            ],
            [
              95.17969196798826,
              28.516729097126372
            ],
            [
              95.17994448847683,
              28.516577742170234
            ],
            [
              95.18018095763027,
              28.516402364693416
            ],
            [
              95.18039909812134,
              28.516204653676887
            ],
            [
              95.18059680913787,
              28.51598651318582
            ],
            [
              95.18077218661469,
              28.515750044032387
            ],
            [
              95.18092354157082,
              28.515497523543807
            ],
            [
              95.18104941637532,
              28.515231383630425
            ],
            [
              95.18114859878497,
              28.514954187365092
            ],
            [
              95.181220133619,
              28.514668604299377
            ],
            [
              95.1812633319578,
              28.51437738475432
            ],
            [
              95.18127777777778,
              28.51408333333333
            ]
          ]
        ]
      }
    },
    {
      "type": "Feature",
      "properties": {
        "landslide_id": "AR/US/82P02/2022/057",
        "zone_name": "Mariyang-Yingkiong road Slide 5 - NH 513",
        "state": "Arunachal Pradesh",
        "district": "Upper Siang",
        "toposheet": "82P02",
        "hazard_type": "LANDSLIDE",
        "risk_level": "HIGH",
        "historical_event_count": 1
      },
      "geometry": {
        "type": "Polygon",
        "coordinates": [
          [
            [
              95.18072222222224,
              28.510527777777774
            ],
            [
              95.18070777640226,
              28.510233726356784
            ],
            [
              95.18066457806346,
              28.509942506811726
            ],
            [
              95.18059304322944,
              28.50965692374601
            ],
            [
              95.18049386081978,
              28.509379727480678
            ],
            [
              95.18036798601528,
              28.509113587567295
            ],
            [
              95.18021663105915,
              28.508861067078715
            ],
            [
              95.18004125358233,
              28.508624597925284
            ],
            [
              95.1798435425658,
              28.508406457434216
            ],
            [
              95.17962540207473,
              28.508208746417687
            ],
            [
              95.1793889329213,
              28.50803336894087
            ],
            [
              95.17913641243273,
              28.50788201398473
            ],
            [
              95.17887027251933,
              28.50775613918024
            ],
            [
              95.178593076254,
              28.507656956770578
            ],
            [
              95.17830749318829,
              28.507585421936565
            ],
            [
              95.17801627364324,
              28.507542223597756
            ],
            [
              95.17772222222224,
              28.507527777777774
            ],
            [
              95.17742817080125,
              28.507542223597756
            ],
            [
              95.1771369512562,
              28.507585421936565
            ],
            [
              95.17685136819048,
              28.507656956770578
            ],
            [
              95.17657417192515,
              28.50775613918024
            ],
            [
              95.17630803201176,
              28.50788201398473
            ],
            [
              95.17605551152319,
              28.50803336894087
            ],
            [
              95.17581904236975,
              28.508208746417687
            ],
            [
              95.17560090187868,
              28.508406457434216
            ],
            [
              95.17540319086216,
              28.508624597925284
            ],
            [
              95.17522781338533,
              28.508861067078715
            ],
            [
              95.1750764584292,
              28.509113587567295
            ],
            [
              95.1749505836247,
              28.509379727480678
            ],
            [
              95.17485140121505,
              28.50965692374601
            ],
            [
              95.17477986638103,
              28.509942506811726
            ],
            [
              95.17473666804223,
              28.510233726356784
            ],
            [
              95.17472222222224,
              28.510527777777774
            ],
            [
              95.17473666804223,
              28.510821829198765
            ],
            [
              95.17477986638103,
              28.511113048743823
            ],
            [
              95.17485140121505,
              28.511398631809538
            ],
            [
              95.1749505836247,
              28.51167582807487
            ],
            [
              95.1750764584292,
              28.511941967988253
            ],
            [
              95.17522781338533,
              28.512194488476833
            ],
            [
              95.17540319086216,
              28.512430957630265
            ],
            [
              95.17560090187868,
              28.512649098121333
            ],
            [
              95.17581904236975,
              28.512846809137862
            ],
            [
              95.17605551152319,
              28.51302218661468
            ],
            [
              95.17630803201176,
              28.51317354157082
            ],
            [
              95.17657417192515,
              28.513299416375308
            ],
            [
              95.17685136819048,
              28.51339859878497
            ],
            [
              95.1771369512562,
              28.513470133618984
            ],
            [
              95.17742817080125,
              28.513513331957792
            ],
            [
              95.17772222222224,
              28.513527777777774
            ],
            [
              95.17801627364324,
              28.513513331957792
            ],
            [
              95.17830749318829,
              28.513470133618984
            ],
            [
              95.178593076254,
              28.51339859878497
            ],
            [
              95.17887027251933,
              28.513299416375308
            ],
            [
              95.17913641243273,
              28.51317354157082
            ],
            [
              95.1793889329213,
              28.51302218661468
            ],
            [
              95.17962540207473,
              28.512846809137862
            ],
            [
              95.1798435425658,
              28.512649098121333
            ],
            [
              95.18004125358233,
              28.512430957630265
            ],
            [
              95.18021663105915,
              28.512194488476833
            ],
            [
              95.18036798601528,
              28.511941967988253
            ],
            [
              95.18049386081978,
              28.51167582807487
            ],
            [
              95.18059304322944,
              28.511398631809538
            ],
            [
              95.18066457806346,
              28.511113048743823
            ],
            [
              95.18070777640226,
              28.510821829198765
            ],
            [
              95.18072222222224,
              28.510527777777774
            ]
          ]
        ]
      }
    }
  ]
}