Page,Line,Text
1,2,कार्ाालर्ी प्रर्ोग हेतु/For official use only
1,3,वििृत फाइल प्रवतिेदन/ Open file report
1,6,"महावनदेशक, भारतीर् भूिैज्ञावनक सिेक्षण, कोलकाता की पूिाानुमवत क े  विना आंवशक र्ा पूणा वकसी भी रूप में उद्वररत न वकर्ा जार्े"
1,7,"Not to be published or reproduced in parts or complete without prior permission of the Director General, Geological Survey of"
1,8,"India, Kolkata"
1,10,भारत सरकार
1,11,GOVERNMENT OF INDIA
1,12,भारतीय भूवैज्ञानिक सवेक्षण
1,13,GEOLOGICAL SURVEY OF INDIA
1,15,"मेसो स्क े ल (1:10000) तिरुमाला पहात़ियोों, तित्तूर तिले, आोंध्र प्रदेश के क ु छ"
1,16,तहस्ोों में भूस्खलन सोंवेदन शीलिा मानतित्रण
1,18,MESO SCALE (1:10000) LANDSLIDE SUSCEPTIBILITY MAPPING IN
1,19,"PARTS OF TIRUMALA HILLS, CHITOOR DISTRICT, ANDHRA"
1,20,PRADESH
1,22,टोपोशीट संख्या: 57O/06
1,23,Toposheet No.: 57O/06
1,25,मद सं: एम 4 एलएसएसआई/एनसी/एसआर/2022/43764
1,26,Item Code- M4LSSI/NC/SR/2022/43764
1,29,कार्ासत्र 2022-20213का प्रवतिेदन
1,30,Report for field season 2022-23
1,36,वमशन-IV / MISSION-IV
1,37,अवभर्ान्त्रिकी भूविज्ञान प्रभाग / ENGINEERING GEOLOGY DIVISION
1,38,दवक्षण क्षेत्र / SOUTHERN REGION
1,39,हैदरािाद / HYDERABAD
1,41,"वसतंिर, 2023"
1,42,"September, 2023"
1,47,"एम राजू क ु मार,  वररष्ठ भूवैज्ञाननक M. Raju Kumar. Senior Geologist"
1,48,"पंकज क ु मार निगुण,  वररष्ठ भूवैज्ञाननक Pankaj Kumar Trigun,  Senior Geologist"
2,1,"MESO-SCALE (1:10,000) LANDSLIDE SUSCEPTIBILITY MAPPING IN PARTS OF"
2,2,"TIRUMALA HILLS, CHITTOOR DISTRICT, ANDHRA PRADESH"
2,4,Item Code-M4LSSI/NC/SR/2022/43764
2,5,Field Season: 2022-23
2,6,by
2,7,"Raju Kumar M, Geologist"
2,8,"Pankaj Kumar Trigun, Geologist"
2,10,TABLE OF CONTENTS
2,11,Abstract i-vi
2,12,CHAPTER – 1
2,13,1.1: Introduction 1
2,14,1.2: Objective 2
2,15,1.3: Present work 2
2,16,1.4: Methodology 3
2,17,1.5: Acknowledgment 4
2,18,CHAPTER – 2: Study Area 6
2,19,2.1: Description of the study area 6
2,20,2.2: Location of the study area 6
2,21,2.3: Geomorphology 7
2,22,2.4: Geology of the study area 8
2,23,2.4.1: Regional Geology 8
2,24,2.4.2: Site Geology 8
2,25,2.5: History of landslides in the study area 13
2,26,2.6: Triggering factors 14
2,27,CHAPTER – 3: Landslide Inventory 16
2,28,3.1: Landslide Mapping 16
2,29,3.2: Sector wise landslide distribution 18
2,30,3.2.1. Alipiri to Tirumala Road corridor (Up Road) from Chainage 0km to 2km 20
2,31,3.2.2 Alipiri to Tirumala Road corridor (Up Road) from Chainage 2km to 6km 20
2,32,3.2.3 Alipiri to Tirumala Road corridor (Up Road) from Chainage 6 km to 8 km 21
2,33,3.2.4 Alipiri to Tirumala Road corridor (Up Road) from Chainage 8km to 10km 22
2,34,3.2.5 Alipiri to Tirumala Road corridor (Up Road) from Chainage 10km to 16km 23
2,35,3.2.6 Alipiri to Tirumala Road corridor (Up Road) from Chainage 16km to 18km 24
2,36,CHAPTER – 4: Thematic Maps 30
2,37,4.1:DEM and Image derivative thematic maps 30
2,38,4.1.1: Slope Map 30
2,39,4.1.2: Slope Aspect Map 32
2,40,4.1.3: Drainage  33
2,41,4.1.4: Geomorphon map of the study area 34
2,42,4.1.5: Facet map 35
2,43,4.1.6: Relative Relief Map 36
2,44,4.1.7: Stream power index map 37
2,45,4.2: Field derivative thematic maps 38
2,46,4.2.1: Slope Forming Material Map 39
2,47,4.2.2: Geotechnical map of the study area 44
3,1,4.2.3: Sample location map of the study area 46
3,2,4.2.4: Land Use land Cover Map Of The Study Area 48
3,3,4.2.5: Landslide Incidence Map of the study area 50
3,4,CHAPTER – 5: Landslide Susceptibility Mapping and Methodology 52
3,5,5.1: Methodology 52
3,6,5.2: Cut Slope Domain 53
3,7,5.3: Debris Slide domain map 54
3,8,5.4: Rock Slide domain map 55
3,9,5.5: Selection of domain specific thematic geo-factors 57
3,10,5.6: Landslide susceptibility evaluation rating (LSER) of the sub classes of geo-factor 58
3,11,5.7: Combined Landslide Susceptibility Model 61
3,12,5.8: Low Susceptibility Zone 62
3,13,5.9: Moderate Susceptibility Zone 62
3,14,5.10: High Susceptibility Zone 63
3,15,5.11: Slope Kinematics 68
3,16,5.12: Rock Mass Rating 63
3,17,5.13: Kinematic analysis 66
3,18,5.14: Slope Mass rating 70
3,19,5.15: Geotechnical Properties of Soil 73
3,20,5.16: Specific gravity of the soil 73
3,21,5.17: Density 74
3,22,5.18: Soil particle distribution 75
3,23,5.19: Shear strength parameters 76
3,24,5.20: Cohesion(c) 76
3,25,5.21: Angle of internal friction 77
3,26,CHAPTER – 6: Landslide Risk analysis 80
3,27,6.1. Hazard analysis of the study area 80
3,28,6.2. Element at risk 82
3,29,6.3 Generic risk or Hazard mitigation plan 81
3,30,6.3.1. Generic risk or Hazard mitigation options for Debris Slides 84
3,31,6.3.2. Generic risk or Hazard mitigation options for Rock Slides 88
3,32,CHAPTER – 7:  Conclusion and Recommendations 92
3,33,References 96
3,34,Annexure-I: Geo-parametric attributes of 48 nos. of landslides recorded in
3,35,the study area
3,36,97
3,37,List of Figures
3,38,"Fig-1.1:  Flow diagram of all the processes of mesoscale (1:10,000) landslide susceptibility"
3,39,"mapping (Source: SOP for Meso scale Landslide Susceptibility Mapping, 2021 by GSI)"
3,40,Fig.- 2.1:  Location map of the study area
3,41,Fig 2.2: Litho-units of the study area
3,42,Fig.- 2.3:  Geological map of the study area (Source: Bhukosh)
3,43,"Fig.-2.4:  Rainfall data from2012 to 2022 (Source: Water Resources Department,"
3,44,Government of Andhra Pradesh)
3,45,Figure 3.1: Map showing pre-field landslide inventory along with in-set Google Earth
3,46,image of temporal progression of landslide scars as identified in different timeline.
3,47,Figure 3.2: Distribution of landslide incidences in the study area
4,1,Figure 3.3: Google Earth imagery (2023) showing landslide point recorded from Cut-slope
4,2,along Alipiri to Tirumala Road corridor (Up Road) at chainage 0.8km
4,4,Figure 3.4: Google Earth imagery (2023) showing landslide point recorded from Cut-slope
4,5,along Alipiri to Tirumala Road corridor (Up Road) from chainage 2 km to 6 km
4,6,Figure 3.5: Google Earth imagery (2023) showing landslide point recorded from Cut-slope
4,7,along Alipiri to Tirumala Road corridor (Up Road) from chainage 6 km to 8 km
4,8,Figure 3.6: Google Earth imagery (2023) showing landslide point recorded from Cut-slope
4,9,along Alipiri to Tirumala Road corridor (Up Road) from chainage 8 km to 10 km
4,10,Figure 3.5: Google Earth imagery (2023) showing landslide point recorded from Cut-slope
4,11,along Alipiri to Tirumala Road corridor (Up Road) from chainage 10 km to 16 km
4,12,Figure 3.6:  Google Earth imagery (2023) showing landslide point recorded from Cut-
4,13,slope along Alipiri to Tirumala Road corridor (Up Road) from chainage 16 km to 18 km
4,14,Fig. 3.7: Field Photographs of Landslide
4,15,Fig. 4.1: Slope Map of the Study Area Along the Tirumala Ghat Road
4,16,Fig. 4.2: Slope Aspect Map of the Study Area Along the Tirumala Ghat Road
4,17,Fig. 4.3: Drainage Map of the Study Area Along the Tirumala Ghat Road
4,18,Fig. 4.4: Geomorphon Map of the Study Area Along the Tirumala Ghat Road
4,19,Fig. 4.5: Slope Facet Map of the Study Area Along the Tirumala Ghat Road
4,20,Fig. 4.6: Relative Relief Map of the Study Area Along the Tirumala Ghat Road
4,21,Fig. 4.7: Stream Power Index Map of the Study Area Along the Tirumala Ghat Road
4,22,Fig. 4.8: Slope Forming Material Map of the Study Area Along the Tirumala Ghat Road
4,23,Fig. 4.9: Geotechnical map of the study area
4,24,Fig. 4.10: Sample Location Map of the Study Area Along the Tirumala Ghat Road
4,25,Fig. 4.11: Land Use Land Cover Map of the Study Area Along the Tirumala Ghat Road
4,26,Fig.4.12:  Pixel % distribution of various classes of LULC
4,27,Fig.4.13: Landslide Incidence Map of the Study Area Along the Tirumala Ghat Road
4,28,"Fig. 5.1: A generic flow diagram of all the processes of mesoscale (1:10,000) landslide"
4,29,"susceptibility mapping (GSI,2020)"
4,30,Fig.5.2: Cut slope domain map of the study area
4,31,Fig.5.3: Debris Slide domain map of the study area
4,32,Fig.5.4: Rock Slide domain map of the study area
4,33,Fig. 5.5: Combined Landslide Susceptibility map of the Study area
4,34,Fig.5.6 Stereographic projections of various location exhibiting various mode of failure
4,35,Fig5.7: Line Chart showing relationship of void ratio and density of soil sample
4,36,Fig. 5.8: Scatter Plot showing Natural Moisture Content against Cohesion of 20 nos. of
4,37,UDS samples
4,38,Fig.5.9: Scatter Plot showing Natural Moisture Content against Angle of Internal Friction
4,39,of 20 nos. of UDS samples
4,40,Fig.-6.1 Elements at risk map of the study area
4,41,LIST OF TABLES
4,42,Table. 1.1: Nature and quantum of the work
4,43,Table 1.2: Number of field days of the Officers
5,1,Table 3.1: Cause and mapping proxies for different landslide types
5,2,Table. 4.1: Distribution pattern of various Slope classes
5,3,Table. 4.2: Distribution pattern of Slope Aspect Classes
5,4,Table. 4.3: Distribution pattern of Geom Geomorphon Classes
5,5,Table. 4.4: Distribution pattern of SPI class and Pixel Value.
5,6,Table. 4.5: Distribution pattern of different geotechnical classes.
5,7,Table. 4.6: Distribution pattern of different geotechnical classes.
5,8,Table. 4.7: Detail of undisturbed Soil/Debris Samples
5,9,Table. 4.8: Details of Bed rock samples
5,10,Table - 5.1       Domain specific controlling factors and thematic geo-factors along with
5,11,their LSPW and TESV.
5,12,Table - 5.2 Domain specific LSER of the sub classes within thematic geo-factors.
5,13,"Table. 5.3: RMR classification of rock masses (Bieniawski, 1989)."
5,14,Table. 5.4: Rock Mass classes determined from total ratings
5,15,Table. 5.5: RMR classification guide for excavation and support in rock tunnels
5,16,"(Bieniawski,1989)."
5,17,Table. 5.6: Rock mass rating of the different slope cuts in the study area.
5,18,"Table. 5.7: Adjustment ratings for joints (Romana 1985) where P: Planar, T: Toppling and"
5,19,W: Wedge Failure; α s: slope strike; α j: joint strike; α i  : Plunge direction of line of
5,20,"intersection, βS   : slope dip and βj: joint dip."
5,21,Table. 5.8: Adjustment ratings for methods of excavation of slopes (Romana 1985).
5,22,"Table. 5.9: Various Stability Classes as per SMR values (ROMANA,1985)"
5,23,Table. 5.10: Result of SMR in the study area
5,24,"Table. 5.11: Typical values of specific gravity (Bowles, 2012)"
5,25,Table. 5.12: Particle size distribution of 20 nos. of undisturbed soil samples
5,26,Table. 5.13: Geotechnical properties of overburden material
5,27,Table 6.1: Suggestive descriptors for landslide frequency determination during hazard
5,28,"analysis (AGS, 2007; Fell et al., 2008; NLRMS-2019)"
5,29,Table-6.2: Hazard from different Landslide types
5,30,Table-6.3: Vulnerable analysis of different landslide types
5,31,Table-6.4: Generic risk or Hazard mitigation options for Debris Slides
5,32,Table-6.5: Generic risk or Hazard mitigation options for Rock Slides/Rock Toppling
5,33,LIST OF PLATES
5,34,Plate I: Combined Land slide Susceptibility map of the study area
5,35,Plate II: Cut slope domain map of the study area
5,36,Plate III: Debris domain map of the study area
5,37,Plate IV: Drainage map of the study area
5,38,Plate V: Geomorphon map of the study area
5,39,Plate VI: Landslide Domain map of the study area
5,40,Plate VII:  Landslide incidence map of the study area
5,41,Plate VIII: Land Use Land Cover map of the study area
5,42,Plate IX: Rock and Soil Sample Location map of the study area
6,1,Plate X:  Rock slide domain map of the study area
6,2,Plate XI: Slope Forming material map of the study area
6,3,Plate XII: Slope map of the study area
6,4,Plate XIII: Slope Aspect map of the study area
6,5,Plate XIV: Stream Power index map of the study area
6,6,Plate XV: Relative Relief map of the study area
6,7,Plate XVI: Drainage map of the study area
6,8,Plate XVII: Slope Facet  map of the study area
7,1,i | P a g e
7,4,"MESO-SCALE (1:10,000) LANDSLIDE SUSCEPTIBILITY MAPPING IN PARTS OF"
7,5,"TIRUMALA HILLS, CHITTOOR DISTRICT, ANDHRA PRADESH"
7,6,Item Code-M4LSSI/NC/SR/2022/43764
7,7,Field Season: 2022-23
7,9,by
7,11,Raju Kumar. M.
7,12,&
7,13,Pankaj Kumar Trigun
7,14,Senior Geologists
7,16,Abstract
7,17,"In pursuance of the field season pro gram 2022 -23, Meso-scale (1:10,000) landslide"
7,18,"susceptibility mapping was carried out in parts of Tirumala hills, Chittoor District, Andhra"
7,19,"Pradesh, vide Item Code- M4LSSI/NC/SR/2022/43764. The study area falls in SOI Toposheet"
7,20,"No. 57O/6 and bounded by coordinates 13°41'30.22""N 79°20'14.65""E and 13°38'23.06""N,"
7,21,"79°25'24.21""E.  The study was undertaken with the objectives of i). To identify slope -failure"
7,22,domains and to prepare domain -specific geo -factor maps in a GIS. ii). To rate and weigh
7,23,relevant geo-factor maps for different failure domains iii). To integrate the rated and weighted
7,24,geo-factor maps per identified failure domain in a GIS iv). To combine the  domain-specific
7,25,landslide susceptibility models into a combined and classified landslide susceptibility map on
7,26,1:10000 scale.
7,27,Geologically the Tirumala hill area is comprising Granitoids of Peninsular Gneiss ic
7,28,Complex (PGC) overlain by Bairenkonda Quartzites and Cumbum Shales and Schist Stones.
7,29,The PGC is later intruded by basic dykes.
7,30,"During the course of fieldwork, landslide incidences were integrated with various"
7,31,"thematic maps like slope map, aspect map, LULC map,  Geomorphon map, geological slope"
7,32,forming material map etc. and their distribution was analysed to bring out the final
7,33,susceptibility map of the entire study area.
7,34,"The landslide susceptibility map was categorised into low, moderate and high"
7,35,"susceptibility zones by using the various thematic maps for rockslide, debris slide and cut slope"
7,36,domain respectively. Landslide Susceptibility Estimated Rating (LSER) value and
7,37,consequently the weightage to the thematic maps have been assigned to all the classes and
7,38,features related to respective thematic maps. The assigned weightage is multiplied by the
7,39,respective thematic map and the value -added thematic map is divided by the total weightage
7,40,of the maps used to produce the final susceptibility score map using Arc -GIS software. The
8,1,ii | P a g e
8,3,whole process is integrated in a GIS using the Weighted Multi-class Index Overlay method and
8,4,these domains specified susceptibility maps are finally combined as a Combined Landslide
8,5,Susceptibility Map.
8,6,The ALOS PALSAR Digital Elevation Model (DEM) data (12.5m) have been used to
8,7,"create the various thematic maps which include a base map, slope aspect, slope gradient,"
8,8,"relative relief, drainage, Stream Power Index (SPI), Landform (Geomorphon) and LULC maps"
8,9,"using software like Arc GIS 10.2.1, GRASS GIS 7.6 and Google Earth."
8,10,The causative factors for landslide occurrence were identified and mapped during the
8,11,"field investigation.  These include the preparation of a domain -wise Slope Forming Map,"
8,12,"Kinematic failure map, Geo -technical map of rocks & ove rburden based on RMR rating and"
8,13,"cohesion value respectively, Landslide Inventory Map, and updating of land use land cover"
8,14,"map. A total of 48 nos. of landslide incidences were recorded during the fieldwork, out of"
8,15,"which 34 nos. are Debris slide, and 14 nos.  are Rockslide and Rock Fall. Almost all the"
8,16,"landslides were recorded from Tirumala up-road section, and majorly concentrated along cut-"
8,17,"slopes of the corridor. The study area has been classified into three susceptibility classes i.e.,"
8,18,"Low or No slide domain, moderate and highly susceptibility zone. Low or No slide domain is"
8,19,"occupying 40.08%, moderate susceptibility zone 43.59% and high susceptibility zone 12.33%"
8,20,of 36.17 sq. km of the total area. The road corridor from Alipiri to Tirumala (Tirumala up-ghat
8,21,"road), from chainage 0 km to 8 and 16 -18 km is under very low hazard and low risk category"
8,22,while the road corridor from 9 km to 12 km are under moderate hazard and moderate risk
8,23,category and the road corridor from 13 to 16 are under high hazard and high-risk category.
8,24,"Based on the computed hazard descriptor, rock mass quality and intensity of the"
8,25,"landslide, a generic hazard mitigation plan is prepared for Debris slide zones and Rockslide"
8,26,zones.  The five hair pin bends of Tirumala up road from milestone 12km to 16km road corridor
8,27,is fall under highly susceptible zone. Some general mitigation options provided for debris slides
8,28,"are removal of soil from the head of the slide, slope grading or benching of unstable slope,"
8,29,"Stream channel linings, check dams, reta ining walls, slope stabilization using vegetation and"
8,30,debris hazard Warning Signs. The general rockfall hazard mitigation options provided for
8,31,"vulnerable zones along Tirumala Up -Ghat Road include catch ditches, benches, scaling and"
8,32,"trimming, cable and mesh , shotcrete, anchors, rock bolts and Rock fall/Rockslide hazard"
8,33,warning signs.
9,1,i | P a g e
9,3,"मेसो स्क े ल (1:10000) तिरुमाला पहात़ियोों, तित्तूर तिले, आोंध्र प्रदेश के क ु छ तहस्ोों में"
9,4,भूस्खलन सोंवेदन शीलिा मानतित्रण
9,6,द्वारा
9,8,"एम राजू क ु मार, वररष्ठ भूवैज्ञानिक"
9,9,"पंकज क ु मार निगुण, वररष्ठ भूवैज्ञानिक"
9,11,साराोंश
9,12,"फील्ड सीज़ि कार्यक्रम 2022-23 के अिुसरण में निरुमाला पहाऩिर् ं, नित्तूर नजले, आंध्र प्रदेश के क ु छ"
9,13,"नहस् ं में मेस -स्क े ल (1:10,000) भूस्खलि संवेदिशीलिा मािनििण नकर्ा गर्ा, आइटम क ड-"
9,14,एम4एलएसएसआई/एिसी/एसआर/2022/43764। अध्यर्ि क्षेि SOI ट प शीट संख्या में आिा है। 57O/6
9,15,"निदेशांक 13°41'30.22""N 79°20'14.65""E और 13°38'23.06""N, 79°25'24.21""E से निरा है। र्ह अध्यर्ि i) के"
9,16,उद्देश् ं के साथ नकर्ा गर्ा था। ढलाि-नवफलिा ड मेि की पहिाि करिा और जीआईएस में ड मेि-नवनशष्ट भू-
9,17,कारक मािनिि िैर्ार करिा। ii). नवनभन्न नवफलिा ड मेि के नलए प्रासंनगक भू-कारक मािनिि ं क  रेट और िौलिा
9,18,iii) । जीआईएस में पहिािे गए नवफलिा ड मेि के अिुसार रेटेड और भाररि भू-कारक मािनिि ं क  एकीक ृ ि
9,19,करिा iv)। 1:10000 पैमािे पर ड मेि-नवनशष्ट भूस्खलि संवेदिशीलिा मॉडल क  एक संर्ुक्त और वगीक ृ ि
9,20,भूस्खलि संवेदिशीलिा मािनिि में संर् नजि करिा।
9,21,भूवैज्ञानिक रूप से निरुमाला पहा़िी क्षेि में बैरेिक ंडा क्वाटयजाइट्स और कम्बम शेल्स और नशस्ट स्ट न्स
9,22,द्वारा कवर नकए गए प्रार्द्वीपीर् गिीस (पीजीसी) के ग्रैनिट इड्स शानमल हैं। पीजीसी में बाद में बुनिर्ादी बांध ं
9,23,द्वारा िुसपैठ की जािी है।
9,24,"कार्य के दौराि, भूस्खलि की िटिाओं क  नवनभन्न नवषर्गि मािनिि ं जैसे ढलाि मािनिि, पहलू"
9,25,"मािनिि, एलर्ूएलसी मािनिि, नजर् मॉफ य ि मािनिि, भूवैज्ञानिक ढलाि निमायण सामग्री मािनिि आनद के साथ"
9,26,एकीक ृ ि नकर्ा गर्ा था और पूरे अध्यर्ि के अंनिम संवेदिशीलिा मािनिि क  सामिे लािे के नलए उिक े नविरण
9,27,का नवश्लेषण नकर्ा गर्ा था। क्षेि।
9,28,"भूस्खलि संवेदिशीलिा मािनिि क  क्रमशः  रॉकस्लाइड, मलबे स्लाइड और कट ढलाि ड मेि के नलए"
9,29,"नवनभन्न नवषर्गि मािनिि ं का उपर् ग करक े निम्न, मध्यम और उच्च संवेदिशीलिा क्षेि ं में वगीक ृ ि नकर्ा गर्ा"
9,30,था। भूस्खलि संवेदिशीलिा अिुमानिि रेनटंग (एलएसईआर) मूल्य और पररणामस्वरूप नवषर्गि मािनिि ं क
9,31,वेटेज संबंनधि नवषर्गि मािनिि ं से संबंनधि सभी वगों और नवशेषिाओं क  सौंपा गर्ा है। निनदयष्ट वेटेज क
9,32,संबंनधि नवषर्गि मािनिि से गुणा नकर्ा जािा है और मूल्य-वनधयि नवषर्गि मािनिि क  आक य-जीआईएस
9,33,सॉफ्टवेर्र का उपर् ग करक े अंनिम संवेदिशीलिा स्क र मािनिि िैर्ार करिे के नलए उपर् ग नकए जािे वाले
9,34,मािनिि ं के क ु ल वेटेज से नवभानजि नकर्ा जािा है। पूरी प्रनक्रर्ा क  भाररि मल्टी-क्लास इंडेक्स ओवरले नवनध
10,1,ii | P a g e
10,3,का उपर् ग करक े जीआईएस में एकीक ृ ि नकर्ा गर्ा है और इि ड मेि निनदयष्ट संवेदिशीलिा मािनिि ं क  अंििः
10,4,एक संर्ुक्त भूस्खलि संवेदिशीलिा मािनिि के रूप में संर् नजि नकर्ा गर्ा है।
10,5,ALOS PALSAR नडनजटल एनलवेशि मॉडल (DEM) डेटा (12.5m) का उपर् ग नवनभन्न नवषर्गि
10,6,"मािनिि बिािे के नलए नकर्ा गर्ा है नजसमें बेस मैप, ढलाि पहलू, ढलाि ढाल, सापेक्ष राहि, जल निकासी, स्ट र ीम"
10,7,"पावर इंडेक्स (SPI), लैंडफॉमय (नजर् म फ य ि) शानमल हैं ) और आक य जीआईएस 10.2.1, ग्रास जीआईएस 7.6 और"
10,8,गूगल अथय जैसे सॉफ्टवेर्र का उपर् ग करक े एलर्ूएलसी मािनिि।
10,9,क्षेि जांि के दौराि भूस्खलि की िटिा के कारण ं की पहिाि की गई और उिका मािनििण नकर्ा
10,10,"गर्ा। इिमें क्रमशः  आरएमआर रेनटंग और सामंजस्य मूल्य के आधार पर ड मेि-वार ढलाि निमायण मािनिि,"
10,11,"गनिज नवफलिा मािनिि, िट्टाि ं और ओवरबडयि का भू-िकिीकी मािनिि, भूस्खलि सूिी मािनिि और भूनम"
10,12,उपर् ग भूनम कवर मािनिि क  अद्यिि करिा शानमल है। क ु ल 48 िग. फील्डवक य के दौराि भूस्खलि की िटिाए ं
10,13,"दजय की गईं, नजिमें से 34 िटिाए ं हुईं। मलबा स्लाइड और 14 िग हैं। रॉकस्लाइड और रॉक फॉल हैं। लगभग"
10,14,"सभी भूस्खलि निरुमाला अप-र ड खंड से दजय नकए गए थे, और मुख्य रूप से गनलर्ारे के कट-ढलाि ं पर क ें निि"
10,15,"थे। एसएफएम वगय के अिुसार अध्यर्ि क्षेि क  िीि ड मेि में वगीक ृ ि नकर्ा गर्ा है, कट स्ल प ड मेि, मलबे"
10,16,"ड मेि और रॉक ड मेि। इसक े अलावा अध्यर्ि क्षेि क  िीि संवेदिशीलिा वगों में वगीक ृ ि नकर्ा गर्ा है, र्ािी"
10,17,"कम र्ा क ई स्लाइड ड मेि, मध्यम और अत्यनधक संवेदिशीलिा क्षेि। कम र्ा क ई स्लाइड ड मेि क ु ल क्षेिफल"
10,18,"के 36.17 वगय नकमी के 40.08%, मध्यम संवेदिशीलिा क्षेि 43.59% और उच्च संवेदिशीलिा क्षेि 12.33% पर"
10,19,"कब्जा कर रहा है। अलीनपरी से निरुमाला (निरुमाला अप-िाट र ड) िक का स़िक गनलर्ारा, 0 नकमी से 8 और"
10,20,"16-18 नकमी की िेिेज िक बहुि कम खिरे और कम ज खखम की श्रेणी में है, जबनक 9 नकमी से 12 नकमी िक"
10,21,का स़िक गनलर्ारा मध्यम खिरे के अंिगयि है और मध्यम ज खखम श्रेणी और 13 से 16 िक का स़िक गनलर्ारा
10,22,उच्च ज खखम और उच्च ज खखम श्रेणी में है।
10,23,"गणिा नकए गए खिरे के वणयिकिाय, िट्टाि की गुणवत्ता और भूस्खलि की िीव्रिा के आधार पर, मलबे"
10,24,के स्लाइड ज ि और रॉकस्लाइड ज ि के नलए एक सामान्य खिरा शमि र् जिा िैर्ार की जािी है। निरुमाला
10,25,अप र ड के पांि हेर्र नपि म ़ि मील के पत्थर 12 नकमी से 16 नकमी स़िक गनलर्ारे िक अनिसंवेदिशील क्षेि
10,26,में आिे हैं। मलबे की स्लाइड के नलए प्रदाि नकए गए क ु छ सामान्य शमि नवकल्प हैं स्लाइड के शीषय से नमट्टी क
10,27,"हटािा, ढलाि की ग्रेनडंग र्ा अखथथर ढलाि की बेंनिंग, स्ट र ीम िैिल लाइनिंग, िेक डैम, ररटेनिंग दीवारें, विस्पनि"
10,28,और मलबे के खिरे की िेिाविी के संक े ि ं का उपर् ग करक े ढलाि क  खथथर करिा। निरुमाला अप-िाट र ड
10,29,"के साथ कमज र क्षेि ं के नलए प्रदाि नकए गए सामान्य रॉकफॉल खिरे क  कम करिे के नवकल्प ं में क ै ि खाई,"
10,30,"बेंि, स्क े नलंग और नट र नमंग, क े बल और जाल, शॉटक्रीट, ए ं कर, रॉक ब ल्ट और रॉक फॉल/रॉकस्लाइड खिरे की"
10,31,िेिाविी के संक े ि शानमल हैं।
11,1,1 | P a g e
11,3,"MESO-SCALE (1:10,000) LANDSLIDE SUSCEPTIBILITY MAPPING IN PARTS OF"
11,4,"TIRUMALA HILLS, CHITTOOR DISTRICT, ANDHRA PRADESH"
11,5,Item Code-M4LSSI/NC/SR/2022/43764
11,6,Field Season: 2022-23
11,8,by
11,10,Raju Kumar. M.
11,11,&
11,12,Pankaj Kumar Trigun
11,13,Senior Geologists
11,15,CHAPTER -1
11,16,1.1 Introduction
11,17,Landslide are one of the major geo -environmental hazards experienced in hilly areas
11,18,and is often responsible for partial to total blockade of important road communication
11,19,"corridors and arterial roads, destruction of agricultural and forest land, water bodi es, dwelling"
11,20,"houses, loss of human life and properties. It also poses a threat to monuments and structures"
11,21,of religious importance and cultural values.  It is estimated that economic loss due to
11,22,landslides may reach between 1 -2% of the gross national produ ct in many developing
11,23,countries. Evaluating and mitigating landslide hazard and risk is a major challenge for the
11,24,technocrats and decision-makers in the developing world as 80% of the reported fatalities due
11,25,to landslide is within developing countries.
11,26,"Geological Survey of India (GSI), being the nodal agency for landslide investigation"
11,27,"location-specifichas been engaged in various types of landslide investigations (Macro -scale,"
11,28,Mesoscale and Site -specific studies) to make the seamless susceptibility maps of Landslide
11,29,prone areas that can help in mitigation and development planning in hilly area. The studies
11,30,"included landslide inventory mapping, preparation of landslide susceptibility maps on macro"
11,31,"(1: 50,000), meso (1: 10,000 0r 1:5000) scales and site -specific studies to recommend the"
11,32,remedial measures for active slides.
11,33,"Tirumala Hill, located in the town of Tirupati in the Indian state of Andhra Pradesh, is"
11,34,a popular pilgrimage destination that attracts millions of visitors every year. While the area is
11,35,"known for its stunning natural beauty and rich cultural heritage, it is also subject to several"
11,36,"geological hazards, including landslides. In recent years, slope failures along cut -slopes have"
11,37,become more frequent in Tirumala hills owing to infrastructure devel opment in this terrain
11,38,and construction of the road without adopting adequate supporting measures of the excavated
11,39,hill slope. This high level of human activity (residential and commercial developments) can
12,1,2 | P a g e
12,3,"further increase the risk of landslides, as it ca n destabilize the slopes and alter the natural"
12,4,drainage patterns. Hence susceptibility mapping in this area on a large scale is important for
12,5,identifying the areas at risk and assessment of damage potential. Keeping in view of the
12,6,"importance of the Tirumal a region, a mesoscale (1: 10,000) landslide susceptibility mapping"
12,7,"program in and around Tirumala Hills, has been carried out in FS: 2022 -23. The study area"
12,8,lies in the Chittoor district of Andhra Pradesh and falls in SOI Toposheet no. 57O/6. The
12,9,"study are a is bounded by coordinates 13°41'30.22""N 79°20'14.65""E and 13°38'23.06""N,"
12,10,"79°25'24.21""E."
12,11,1.2 Objective
12,12,The main objectives of this field item are as follows:
12,13, To identify slope -failure domains and to prepare domain -specific geo -factor maps in a
12,14,GIS
12,15, To rate and weigh relevant geo-factor maps for different failure domain
12,16, To integrate the rated and weighted geo -factor maps per identified failure domain in a
12,17,GIS
12,18, To combine the domain -specific landslide susceptibility models into a combined and
12,19,classified landslide susceptibility map on a 10k scale.
12,20,1.3 Present work
12,21,"Meso-scale landslide susceptibility mapping on 1:10,000 scale has been carried out in"
12,22,"parts of Tirumala hills, Chittoor District, Andhra Pradesh falling in Survey of India"
12,23,"toposheet no. 57O/06. Vi de Item Code: ITEM CODE: M4LSSI/ NC/ SR/ 2022/ 43764, for"
12,24,"Field Season 2022 -23. During the FSP 2022 -23, a total of 50 Line -km has been covered"
12,25,with the collection of 20 nos. of undisturbed soil samples and 10 Bedrock samples for
12,26,"geotechnical study and submitted to the laboratory, SR, GSI. The various work components"
12,27,and physical targets proposed and achieved during the FSP are given in Table 1.1.
12,28,Nature of work
12,29,Total
12,30,work
12,31,envisaged
12,32,Achievement
12,33,since
12,34,commencement
12,35,in sq. km
12,37,a. Slope Morphometry 50 line-km 50 line-km
12,38,b. Slope Facet map 50 line-km 50 line-km
12,39,c. Stream power index 50 line-km 50 line-km
12,40,d. Erosion condition 50 line-km 50 line-km
12,41,e. Slope forming material map 50 line-km 50 line-km
12,42,f. Landslide incidence map 50 line-km 50 line-km
13,1,3 | P a g e
13,3,g. Land use / Land cover 50 line-km 50 line-km
13,4,h. Geomorphon 50 line-km 50 line-km
13,5,i. Landslide domain map 50 line-km 50 line-km
13,6,a) Landslide susceptibility mapping 50 line-km 50 line-km
13,7,b) Hydrological Map 50 line-km 50 line-km
13,8,b) Field-checking of all thematic maps 50 line-km 50 line-km
13,9,c) Soil sampling 50 line-km 50 line-km
13,10,d) Bedrock sampling 50 line-km 50 line-km
13,11,e) Field checking and collection of landslide inventory
13,12,attributes (42-parameter as per geo-parametric data sheet) 50 line-km 50 line-km
13,13,1. Updation and finalization of thematic and inventory maps 50 line-km 50 line-km
13,14,2. Landslide Susceptibility modelling & finalization of
13,15,susceptibility map 50 line-km 50 line-km
13,16,3. Collection of rainfall data from available stations As
13,17,necessary 10 years
13,18,Table. 1.1: Nature and quantum of the work
13,20,Sl.No Officers Field initiation date No. of Field days
13,21,1. Rajukumar M. Geologist 23/06/2022 83
13,22,"2. Pankaj Kumar Trigun, Geologist 23/06/2022 89"
13,23,"3. B. Ajaya Kumar, Director 22/03/2022 03"
13,24,Table 1.2: Number of field days of the Officers
13,26,1.4 Methodology
13,27,"To mitigate the risk of landslides, it is essential to understand the factors that"
13,28,contribute to them and take appropriate measures to prevent them. Mesoscale Landslide
13,29,Susceptibility Mapping being carried out on a large scale (1:10000) helps to show where and
13,30,how many chances of landslides occur in an area. The basic methodology is to prepare
13,31,thematic maps of the causative factors of slope and to establish the susceptibility level by
13,32,layering them as a function of the weighting given to each factor. Various approaches have
13,33,been adopted to prepare such landslide susceptibility maps and can be broadly categorized
13,34,"into two main approaches i.e., the direct or qualitative method and the indirect or  quantitative"
13,35,method. The direct methods are knowledge -driven driven depend on heuristic approaches. In
13,36,"the knowledge -driven model, the complicated non -linear relationship between landslide"
13,37,susceptibility and landslide -causing factors is extracted by assig ning weight to the factors
13,38,based on expert knowledge. The success of the knowledge -driven model is mainly based on
13,39,"expert knowledge (van Westen et al., 2003). The indirect or quantitative methods used by"
13,40,"many researchers are the Analytical Hierarchy Proces s (AHP), Artificial Neural Network"
13,41,"(ANN), Support Vector Machine (SVM), Neuro -Fuzzy and bivariate statistical methods such"
13,42,"as Statistical Index (SI), Frequency ratio (FR), Certainty factor (CF)."
14,1,4 | P a g e
14,3,Guidelines for Meso-scale landslide susceptibility mapping (GSI 2020) were followed
14,4,for the present study and susceptibility zonation. The deliverables of the proposed study are a
14,5,1:10000 scale Landslide susceptibility map and a detailed landslide inventory database. The
14,6,map categorises the hill slopes in terms of their susceptibility to slope failure based on
14,7,processes and the inventory database will provide detailed attributes in terms of material and
14,8,movement type/failure mechanism. The outcome of the study provides the basic inputs to
14,9,stakeholders for regional e mergency planning allocates resources for risk mitigation and
14,10,enhances community preparedness. The Meso -scale study is taken up so that the output is
14,11,"used by stakeholders in developmental planning at the local scale. Hence, in addition to the"
14,12,"landslide susceptibility map, a user-friendly theme-based qualitative Landslide mitigation and"
14,13,"management map depicting i) locations of trouble spots or areas of varied stability scenarios,"
14,14,"ii) safe locations/ routes, iii) locations of unstable slopes with specific rem edial/ mitigative"
14,15,"actions required iv) high -risk elements and, v) location of areas/ spots for further detailed"
14,16,"investigations to provide long -term solutions, etc. will be generated and provided to the"
14,17,stakeholders.
14,19,"Fig-1.1Flow diagram of all the processes of mesoscale (1:10,000) landslide susceptibility"
14,20,"mapping (Source: SOP for Meso scale Landslide Susceptibility Mapping, 2021 by GSI)"
14,22,1.5: Acknowledgements:
14,23,The authors express their sincere thanks to former ADG & HoD Shri. Janardhan
14,24,"Prasad, and Sri. Ch. Venkateswara Rao, ADG & HoD, SR for accepting the report. Thanks"
14,25,"are due to Shri. Santhosh Kumar Tripathi, Deputy Director General & Regional Mission"
14,26,"Head, Mission-IV, Geological Survey of India, Southern Region, Hyderabad for his valuable"
14,27,"suggestions, and fruitful discussions in preparing the report. Thanks, are also to Shri. B."
15,1,5 | P a g e
15,3,"Ajaya Kumar, Dy. Director General and Shri. G.J.S. Prasad, Director, Engineering Geology"
15,4,"Division, SR for their valuable technical guidance in the field and as well as in headquarters"
15,5,and for scrutinising the report. The authors  express deep gratitude to Shri. Akshay Mishra
15,6,"(Director, GHRM centre, GSI, CHQ, Kolkata) for the technical support rendered during the"
15,7,preparation and finalisation of the report.
16,1,6 | P a g e
16,3,CHAPTER-2
16,5,2.1Description of the study area
16,6,The Tirumala Hill in Tirupati is a sacred place for millions of devotees who visit the
16,7,Venkateswara Temple every year to pay their respects to Lord Venkateswara. To facilitate
16,8,"the millions of pilgrims to reach the hilltop shrine, the old ghat road was laid  hundreds of"
16,9,"years ago in an east -west direction almost in the central part of the hills. But, as the said old"
16,10,"ghat road could not cope with the heavy flow of pilgrims, the new ghat road was laid by the"
16,11,"Tirumala-Tirupati Devasthanam (TTD), cutting across s everal spurs along the southern slope"
16,12,"of the Tirumala hills.  Now, the southern new ghat road is used for uphill transport and the"
16,13,old northern ghat road for climbing down from the hills. While the old ghat road is by and
16,14,"large free from landslides, the ne w ghat road is frequently facing landslides incidences,"
16,15,"mostly during the monsoon seasons. During November 2021, Tirumala witnessed"
16,16,"unprecedented heavy rains, resulting in landslide incidences at many places along the ghat"
16,17,"roads. Apart from that, a major l andslide occurred near the Alipiri and Srivari Mettu, foot"
16,18,tracks which resulted in a blockade of path and caused significant damage to the surrounding
16,19,"area, including homes and infrastructure."
16,20,2.2 Location of the study area
16,21,Tirumala is a spiritual town i n Chittoor district of the Indian state of Andhra Pradesh.
16,22,It is one of the suburbs of the Tirupati urban agglomeration. The town is a part of the Tirupati
16,23,Urban Development Authority and is located in the Tirupati (urban) mandal of Tirupati
16,24,revenue divisi on. The study area lies in SOI Toposheet no. 57O/06 and bounded by
16,25,"coordinates 13°41'30.22""N 79°20'14.65""E and 13°38'23.06""N, 79°25'24.21""E."
16,26,Tirumala can be accessed by road from Alipiri. The distance is 21 km. There are two
16,27,"roads from Alipiri to Tirumala,  one each dedicated to up and down traffic. The state"
16,28,government-owned Andhra Pradesh State Road Transport Corporation (APSRTC) operates
16,29,frequent Saptagiri and Saptagiri Express buses from Tirupati and Alipiri and also from
16,30,nearby places. Tirumala Tirupati  Devasthanams (TTD) runs free buses for transit within
16,31,Tirumala.
16,32,"The nearest railway station is Tirupati, about 26 kilometres from Tirumala. Tirupati"
16,33,Main Railway Station is one of the major railway stations in the South -Central Railway zone
16,34,"of the Indian Railways, providing rail connectivity to major parts of India."
17,1,7 | P a g e
17,5,"The nearest airport is Tirupati Airport, about 40 kilometres from Tirumala. It is a"
17,6,domestic and international airport with direct flights to Visakhapatnam and New Delhi. The
17,7,"nearest major airport is the Chennai International Airport, located about 162 kilometres from"
17,8,Tirumala.
17,10,Fig.- 2.1Location map of the study area
17,11,2.3 Geomorphology of the area
17,12,Tirumala is located 980 meters above sea level and covers an area of approximately 26.8
17,13,"square kilometers. Surrounding the hills are seven peaks Seshachalam range, Eastern Ghats"
17,14,"namely Sesha dri, Neeladri, Garudadri, Anjanadri, Vrushabadri, Narayanadri, and Venkatadri."
17,15,"Physiographically, the area under study is characterized by highly dissected ridges and valleys."
17,16,Cuddapah Quartzites forming the cap rock are very intensely dissected and gulli ed in Tirumala
17,17,hills and hence it was interpreted as plateau. The slope of Tirumala hills is constituted by the
17,18,"granites and granitic gneisses of the PGC and basic intrusive, these slopes are dominantly over -"
17,19,casted by the slope wash and debris materials br ought down from overlying Cuddapah
17,20,Quartzite.
18,1,8 | P a g e
18,3,2.4 Geology:
18,4,2.4.1 Regional Geology
18,6,The area under investigation is a part of granitic/gneiss terrain and lies at southern tip
18,7,of Cuddapah basin. The study area exposes the rocks of Dharwar Supergroup of Archaean
18,8,age and Peninsular Gneissic Complex (PGC -II) of Paleo -proterozoic age overlain by
18,9,Nallamalai Group of Meso -Proterozoic age with an eparchaean unconformity.  A major part
18,10,of the study area along the corridor exposes the rocks belonging to Peninsular Gneissic
18,11,"Complex-II, represented by grey biotite granite, pink biotite granite, alkali -feldspar granite"
18,12,"and leucogranite and traversed by younger quartz /reefs/veins, dolerite dykes."
18,13,2.4.2 Site Geology
18,14,The western and southern slopes of the Tirumala hills are exposed to slightly
18,15,weathered granite/granitic gneisses of PGC -II. These granitic clans of rock exhibiting
18,16,"medium to coarse-grained, composed of quartz, plagioclase feldspar and K -feldspar as major"
18,17,"minerals and biotite, epidote, and opaque as accessory minerals. The rock mass is traversed"
19,1,9 | P a g e
19,3,by 3 sets of vertically dipping  joints and one random joint at majority. The prominent sets of
19,4,"joints recorded are (i) N50°W -S50°E/42 towards NE, (ii) N30°E -S30°W/51 towards NW,"
19,5,"(iii) N75°W -S75E/78° towards SW and (iv) E -W/V. In general, the major set of joints is"
19,6,"continuous to disconti nuous, slightly open, occasionally filled with slope wash material,"
19,7,"stained, altered, irregular to planar with occasional curvilinear nature. The granitic country is"
19,8,"intruded by dolerite dykes, trending NW -SE and NE -SW direction. The dolerite dykes, at"
19,9,"places, occur as linear ridges with boundary exposures in the granitic country rock and also"
19,10,exposed along the hill slopes. Swarms of dolerite dykes trending E-W to SW directions in the
19,11,southern Chittoor - Tiruttani – Tirupati plains.
19,12,The Nallamalai Group is represented by medium to coarse grained sandstones of the
19,13,Bairankonda Formation with a volcanogenic mafic layer which is overlain by very fine -
19,14,grained sandstone or shale sequence of the Cumbum Formation. The Bairankonda Quartzites
19,15,are sitting on the top of  hills as the cap rock and form vertical wall -like escarpments. The
19,16,attitude of the bedding plane recorded in Bairankonda quartzites is N40°W to S40°E with a
19,17,shallow dip towards NE direction an angle ranging from 5° to 15°. The contact between the
19,18,granites of PGC-II and Bairankonda quartzite is marked by a well -pronounced unconformity
19,19,"popularly called as Eparchaean Unconformity. The Bairankonda Quartzites, are crisscrossed"
19,20,"with N-S, NE-SW and E -W trending master jointing systems. Amongst these three N -S and"
19,21,the E-W systems are very wide open and the latter one is affected by gully erosion by the
19,22,"local drainage. In addition, the E -W master jointing systems along the granitic/ gneissic"
19,23,slopes intruded by dolerite dykes at places along the uphill southern new g hat road corridor
19,24,section
20,1,10 | P a g e
20,4,"Fig 2.3 (a) Biotite Granite outcrop of PGC-II exposed along flank of Cut-Slope at chainage 6.1 km,"
20,5,in Alipiri to Tirumala up-road section
20,7,Fig 2.3 (b) Weathered Biotite Granite outcrop of PGC-II exposed  right flank of Cut-Slope at
20,8,"chainage 4.8 km, in Alipiri to Tirumala up-road section"
20,9,Fig 2.2: Lithounits of the study area
21,1,11 | P a g e
21,4,"Fig 2.3 (c) Jointed Granitic rock mass of PGC-II with day-lighted slope at chainage 9 km, in Alipiri"
21,5,to Tirumala up-road section
21,7,"Fig 2.3 (d) Jointed and fractured Biotite granite of PGC-II, with overhanging loose granitic mass"
21,8,"exposed at chainage 8.5km, in Alipiri to Tirumala up-road section"
22,1,12 | P a g e
22,4,"Fig 2.3 (e) Jointed and fractured dolerite dyke exposed right flank of Cut-Slope at chainage 13 km,"
22,5,in Alipiri to Tirumala up-road section
22,10,"Fig 2.3 (f) Jointed and fractured dolerite dyke exposed right flank of Cut-Slope at chainage 15 km,"
22,11,in Alipiri to Tirumala up-road section
23,1,13 | P a g e
23,4,Fig 2.3 (g) Bairankonda Quartzite of Nallamalai Group exposed along the Cut-Slope at chainage
23,5,"13km, in Tirumala to Alipiri down-road section"
23,8,Fig 2.3 (h) Shale and siltstone intercalated sequence of Cumbum Formation of Nallamalai Group
23,9,"exposed along Cut-Slope at chainage 7 km, in Tirumala to Alipiri down-road section"
23,11,Fig.- 2.3Geological map of the study area (Source: Bhukosh)
23,13,2.5 History of Landslide
23,14,"The first recorded landslide in the Tirumala Hill occurred in 1961, which caused"
23,15,"significant damage to the temple and surrounding areas. Since then, there have been several"
23,16,"landslides in the area. There were rain-triggered landslides on the Tirumala ghat road in 2017,"
24,1,14 | P a g e
24,3,"too, during which critical spots were cushioned with mesh fencing, rock belting and other"
24,4,"such means of technology. The 2021 landslide was the most recent in Tirumala hill, which"
24,5,was triggered by heavy rainfall that occurred in the region in O ctober of that year. The
24,6,"rainfall was particularly intense, with the area receiving over 300 mm of rain in just 24 hours."
24,7,"The rainfall caused the soil in the area to become saturated, which reduced its stability and"
24,8,increased the likelihood of landslides. The landslide occurred in the Papavinasanam area of
24,9,"the hill, which is located near the Venkateswara Temple. The landslide caused significant"
24,10,"damage to the area, including the destruction of several buildings, roads, and other"
24,11,"infrastructure. Several people were also injured in the landslide, and one person lost life.The"
24,12,"authorities responded quickly to the landslide, and rescue operations were launched"
24,13,immediately.
24,14,2.6 Triggering factor
24,15,Correlation between rainfall parameters and the occurrence of landsli des can help to
24,16,identify the local rainfall threshold for triggering landslides. Given the fact that few existing
24,17,landslides in the study area along extensive slope cut failures are largely triggered by rainfall
24,18,during the monsoon season (June-September). Annual rainfall data for the years 2012 to 2022
24,19,"have been obtained from the Water Resources Department, Government of Andhra Pradesh"
24,20,to get a perspective understanding of the temporal distribution of rainfall in the study area.
24,21,This data helps to analyse t he criticality and cyclicity of rainfall and its relation to the
24,22,"initiation of landslides. However, an attempt was made to establish a relationship between the"
24,23,"rainfall and landslide events. In the years 2020 and 2021, annual rainfall was 1622 mm and"
24,24,"1504 mm which was more as compared to previous years. Apart from rainfall, the slope"
24,25,modifications due to the cutting of slopes for road constructions are the major causative
24,26,factors. As the slope was exposed due to extensive slope cutting without adequate slop e
24,27,"stability measures, even the average amount of rainfall (917.5 mm/year) can also trigger"
24,28,landslides.
24,30,Fig.-2.4Rainfall data from2012 to 2022 (Source: Water Resources
24,31,0
24,32,1000
24,33,2000
24,34,2012 2013 2014 2015 2016 2017 2018 2019 2020 2021 2022
24,35,Year wise rainfall data (in mm)
24,36,Tirupati rural Tirumala Reserved forest
25,1,15 | P a g e
25,3,"Department, Government of Andhra Pradesh)"
25,5,The cause of the landslide was identified as a combination of heavy rainfall and
25,6,human activities in the area. The area around the hill has seen significant development in
25,7,"recent years, with several buildings and roads being constructed. This has led to the removal"
25,8,"of vegetation, which has reduced the stability of the soil in the area and increased the"
25,9,likelihood of landslides.
26,1,16 | P a g e
26,3,CHAPTER – 3
26,4,LANDSLIDE INVENTORY
26,5,3.1 Landslide mapping
26,6,The landslide inventory data generation is of paramount significance for a better
26,7,understanding of the landslide phenomena prevailing in the area from the past as well as to
26,8,assess the elements at risk. Landslide inventories provide preliminary information  about
26,9,"landslides such as location, classification, morphology, volume, run -out distance, activity,"
26,10,and date of occurrence/activity etc. and it is prepared by various methods such as mapping
26,11,"from remote sensing data, topographic maps, detailed fieldwork, a nd historical archive"
26,12,studies.
26,13,With the help of multi -temporal high-resolution Google Earth imageries aided with
26,14,"media reports about recent landslides in and around Tirumala hills, a total of 12 numbers of"
26,15,landslide imprints/scars/depressions were identified (Fig. 3.1).
26,17,Figure 3.1 Map showing pre-field landslide inventory along with in -set Google Earth image
26,18,of the temporal progression of landslide scars as identified in different timelines.
26,19,"A total of 48 nos. of landslide incidences were recorded during the fieldwork, out of"
26,20,"which 34 nos. are Debris slide, and 14 nos. are Rockslide and Rock Fall. Almost all the"
26,21,"landslides were recorded from Tirumala up-road section, and majorly concentrated along cut-"
26,22,slopes. The uproad was constructed by cutting across two major spurs. These spurs are
26,23,exposed by medium to coarse grained granitoids of PGC -II of Paleoproterozoic age. These
27,1,17 | P a g e
27,3,PGC-II rocks are further intruded by Dolerite Dyke. Most of the landslide s are concentrated
27,4,either along cut-slopes for road construction activity or those hollow areas where drainages of
27,5,Higher Stream Power Index (SPI) are flowing. It is noticed that signatures of most of the
27,6,landslide scars were imperceptible due to overgrowth of vegetation and clearance of landslide
27,7,"debris along the road sections, a few of which had already been stabilized.  After collecting"
27,8,"all the available data from various sources, landslides with larger dimensions which can be"
27,9,represented on a map were d igitized as polygons and smaller landslides were prepared as
27,10,point files in ArcGIS.
27,11,"Out of 48 landslides, all are failures resulting from slope cut, which includes 34 nos."
27,12,"of debris slide, 14 nos. of Rockslide and Rockfall (Fig. 3.2). It is inferred that d uring the"
27,13,"process of slope excavation, the slope is modified at a steeper angle, natural drainage path is"
27,14,"blocked, and the excavated slope face is left untreated which leads to unfavourable"
27,15,"disposition of structural discontinuities. Moreover, seepages of w ater runoff along the weak"
27,16,"bedrock interface add to the further degradation of rock mass. Among the natural factors,"
27,17,Slope Forming Material (SFM) has a more consequential effect towards the vulnerability of
27,18,slopes to landslides. SFM in the Tirumala UP -Road is predominantly comprised of 1m to 2m
27,19,"thick colluvium, at places, the SFM along the road section is Slope -Wash material having a"
27,20,"thickness of less than one meter, while nearer to the Tirumala Temple area (Plateau area), the"
27,21,"SFM is comprised of 1m to 2m thick Immature soil. Along Tirumala Down-Road, the SFM is"
27,22,mostly Slope -Wash material or at places thickly bedded quartzites -Shale intercalations are
27,23,"exposed. During the monsoon time, due to incessant rainfall, there is development of positive"
27,24,pore pressures in soil profiles due to the infiltration of water runoff from higher reaches of the
27,25,slope which triggers the saturated slope material to fail. Development of rills and gullies or
27,26,widening of existing stream channels due to erosion was also observed.
27,27,Since there are multiple variable factors that directly or indirectly act as precursors to
27,28,"landslides, the type of landslide coupled with its causative factors and the appropriate"
27,29,mapping proxies have been summarized and listed in Table 3.1. Establishing the ca usal
27,30,mechanism of a particular landslide and identification of its appropriate mapping proxies will
27,31,help in selecting the most appropriate thematic maps for modelling a landslide susceptibility
27,32,map.
28,1,18 | P a g e
28,3,Table 3.1 Cause and mapping proxies for different landslide types.
28,5,Sl. No Landslide type Causal mechanism Mapping proxies
28,6,"1 Debris slide Toe erosion by nala, pore"
28,7,"water pressure, uncompact"
28,8,"overburden, low to moderate"
28,9,"slope, infiltration of water"
28,10,"runoff, sparse vegetation, thick"
28,11,regolith (cut slope failure)
28,12,"Stream Power, hallows from"
28,13,"landform, SFM, geotechnical"
28,14,"map, slope map, LULC,"
28,15,regolith thickness
28,16,2 Earth slide
28,17,"3 Rockslide Poor rock mass, steep slope,"
28,18,slope cutting
28,19,RMR and kinematic failure
28,20,"condition, geotechnical map,"
28,21,"slope angle, cut slope area"
28,22,3.2 Sector-wise landslide distribution
28,23,"During mesoscale landslide susceptibility mapping on a 1:10,000 scale in and around"
28,24,"Tirumala Hills, the Road Corridor from Alipiri to Tirumala (Up -Road Section) and Tirumala"
28,25,"to Alipiri (Down -Road Section), was mapped and a total of 48 nos. of Landslides we re"
28,26,"identified. As discussed earlier, most of the landslides are concentrated on the road corridor"
28,27,"from Alipiri to Tirumala (Up -Road Section), where the jointed, fractured, and weathered"
28,28,"granites and dolerite rock mass at unstable slopes, cause rockslides/falls and rock toppling. At"
28,29,"places, drainages with high stream power index flowing along hollows are causative factors"
28,30,"for debris slide. Based on field observation, thickness of overburden material, nature of slope"
28,31,"forming material and slope and aspect of t he area, and structural disposition of rock mass,"
28,32,some areas were found to be less vulnerable while some areas were found to be more
28,33,"vulnerable. Therefore, these areas are sub -divided sector -wise to evaluate and discuss the"
28,34,type of landslides and their causal factor.
29,1,19 | P a g e
29,4,Figure 3.2 Distribution of landslide incidences in the study area.
30,1,20 | P a g e
30,3,3.2.1. Alipiri to Tirumala Road corridor (Up Road) from Chainage 0km to 2km
30,4,This stretch of road corridor starting from Alipiri (0km) to Chainage 2km towards
30,5,Tirumala in up up -road section is in general free from landslide except for one debris slide
30,6,recorded at chainage 0.8km (Fig 3.3).   The observed debris slide is recorded fro m Cut-Slope
30,7,and the slide is smaller in dimension with very less run-out distance. The overburden material
30,8,in the area is generally characterized by colluvium and fragments of weathered granite. This
30,9,landslide occurring on the cut slope is shallow translat ional and is in close proximity to first
30,10,and second -order drainages which is triggered by rainfall. After heavy and continuous
30,11,"rainfall, the natural drainage path gets obstructed leading to material saturation and increased"
30,12,pore water pressure causes slope  failure.  Excessive infiltration and retention of water in the
30,13,process thus affect the stability of the slope by decreasing the shear strength of the soil.
30,15,Figure 3.3 Google Earth imagery (2023) showing landslide point recorded from Cut-slope
30,16,along Alipiri to Tirumala Road corridor (Up Road) at chainage 0.8km
30,17,3.2.2 Alipiri to Tirumala Road corridor (Up Road) from Chainage 2km to 6km
30,18,In this stretch of road corridor starting from Chainage 2km to Chainage 6 km towards
30,19,"Tirumala in up road section, 6 lan dslides incidences were recorded, out of which 05 nos. are"
30,20,debris slides while 01 is rock slide (Fig 3.4).  The road corridor in this chainage (from 02 km
30,21,to 06 km) is constructed across the spur due to which several streams flowing downwards
30,22,"from higher altitudes with high SPI got obstructed. In this reach, the slope angle varies from"
31,1,21 | P a g e
31,3,"25 to 45, the aspect of slope in this reach is mostly southerly to south -westerly. The"
31,4,"daylighted condition of the slope, highly jointed rock mass, high angle of slope and ve ry thin"
31,5,cover of slope forming material (<1m) are the main causative factors for rockslide. The
31,6,observed debris slides are recorded from Cut -Slope and the slides are smaller in dimension
31,7,with very little run -out distance. The overburden material in the are a is generally
31,8,characterized by slope wash material and fragments of weathered granite. The landslides
31,9,occurring on the cut slope in this reach are shallow translational and are in close proximity to
31,10,"first and second -order drainages with high SPI, which is  triggered by rainfall. After heavy"
31,11,"and continuous rainfall, the natural drainage path gets obstructed leading to material"
31,12,saturation and increased pore water pressure causes slope failure.
31,14,Figure 3.4 Google Earth imagery (2023) showing landslide point  recorded from Cut -slope
31,15,along Alipiri to Tirumala Road corridor (Up Road) from chainage 2 km to 6 km.
31,16,3.2.3 Alipiri to Tirumala Road corridor (Up Road) from Chainage 6 km to 8 km
31,17,"Along Alipiri to Tirumala up -road, from chainage 6 km to 8 km, a total of 08  nos. of"
31,18,landslide incidences were recorded during the fieldwork (Fig 3.5). In this stretch of the road
31,19,"corridor, the cut -slope in the right flank exposes medium to coarse -grained, moderately"
31,20,weathered to fresh granites intruded by dolerite. The slope -forming material in this stretch is
31,21,"generally characterized by slope wash material, colluvium, and fragments of weathered"
31,22,granite as well as weathered dolerite boulders. The overburden thickness in this reach varies
32,1,22 | P a g e
32,3,"from 0.5 m to 1.5m. In this reach, the slope  angle varies from 20 0 to 450, the aspect of slope"
32,4,"in this reach is mostly southerly to south -westerly. Like previous chainages, the road corridor"
32,5,in this chainage is constructed across the spur due to which several streams flowing
32,6,downwards from higher al titudes with high SPI got obstructed. The daylighted condition of
32,7,"the slope, highly jointed rock mass, high angle of slope and very thin cover of slope forming"
32,8,material (<1m) are the main causative factors for rockslide. The observed debris slides are
32,9,recorded from Cut -Slope and the slides are smaller in dimension with very little run -out
32,10,distance. The landslides occurring on the cut slope in this reach are shallow translational and
32,11,"are in close proximity to first and second-order drainages with high SPI, which is triggered by"
32,12,"rainfall. After heavy and continuous rainfall, the natural drainage path gets obstructed leading"
32,13,to material saturation and increased pore water pressure causes slope failure.
32,14,Figure 3.5 Google Earth imagery (2023) showing landslide point recorded from Cut-slope
32,15,along Alipiri to Tirumala Road corridor (Up Road) from chainage 6 km to 8 km.
32,16,3.2.4 Alipiri to Tirumala Road corridor (Up Road) from Chainage 8km to 10km
32,17,"Along Alipiri to Tirumala up-road, from chainage 8 km to 10 km, a total of 15 nos. of"
32,18,"landslide incidences were recorded during the fieldwork. In this stretch of the road corridor,"
32,19,"the cut-slope in the right flank exposes medium to coarse -grained, moderately weathered to"
32,20,fresh granites intruded by dolerite dyke. Both the granite and dolerite dykes in this reach are
32,21,highly jointed and fractured which implies that the area is disturbed by multiple phases of
32,22,"deformation as there are pockets of mylonite granite with quartz ribbons, exp osed at change"
32,23,8.2 km. The slope -forming material in this stretch is either slope wash material or weathered
33,1,23 | P a g e
33,3,granite and dolerites. The overburden thickness in this reach varies from 0.5 m to 1.5m. In
33,4,"this reach, the slope angle varies from 20 0 to >450, the aspect of slope in this reach is mostly"
33,5,"westerly- southerly to south -westerly. The daylighted condition of the slope, highly jointed"
33,6,"rock mass, high angle of slope and a very thin cover of slope -forming material (<1m) across"
33,7,"the spur region are the main causative factors for rockslides in cut slopes. Thus, the"
33,8,rockslides are mainly concentrated along the kinks of cut slopes mostly as they are excavated
33,9,across the spur.  The observed debris slides in this reach are recorded from Cut -Slope and the
33,10,slides are smaller in dimension with very less run -out distance. The landslides occurring on
33,11,the cut slope in this reach are shallow translational and are near first and second -order
33,12,"drainages with high SPI, which is triggered by rainfall. After heavy and continuou s rainfall,"
33,13,the natural drainage path gets obstructed leading to material saturation and increased pore
33,14,water pressure causes slope failure.
33,16,Figure 3.6 Google Earth imagery (2023) showing landslide point recorded from Cut -slope
33,17,along Alipiri to Tirumala Road corridor (Up Road) from chainage 8 km to 10 km.
33,18,3.2.5 Alipiri to Tirumala Road corridor (Up Road) from Chainage 10km to 16km
33,19,"Along Alipiri to Tirumala up -road, from chainage 10 km to 16 km, a total of 18 nos."
33,20,"of landslide incidences were recorded during the fieldwork. In this stretch of road corridor,"
33,21,"the cut-slope in the right flank exposes medium to coarse -grained, moderately weathered to"
33,22,fresh granites intruded by dolerite dyke. Both the granite and dolerite dykes in this reach are
33,23,"highly jointed and fractured. In this reach, the slope -forming material is either slope wash"
34,1,24 | P a g e
34,3,material or weathered granite and dolerites. The overb urden thickness in this reach varies
34,4,"from 0.2 m to 1.5m. In this reach, the slope angle varies from 25 0 to >450, the aspect of slope"
34,5,"in this reach is mostly south-easterly to south-westerly. The daylighted condition of the slope,"
34,6,"highly jointed rock mass, high angle of slope and very thin cover of slope -forming material"
34,7,(<1m) across the spur region are the main causative factors for rockslides in Cut -Slopes.
34,8,"Thus, the rockslides are mainly concentrated along the kinks of cut slopes mostly as they are"
34,9,excavated across the spur.  The observed debris slides in this reach are recorded from Cut -
34,10,Slope and are smaller in dimension with very little run -out distance. The landslides occurring
34,11,on the cut slope in this reach are shallow translational and are near first and second -order
34,12,"drainages with high SPI, which is triggered by rainfall. After heavy and continuous rainfall,"
34,13,the natural drainage path gets obstructed leading to material saturation and increased pore
34,14,water pressure causes slope failure.
34,16,Figure 3.5 Google Earth imagery (2023) showing landslide point recorded from Cut -slope
34,17,along Alipiri to Tirumala Road corridor (Up Road) from chainage 10 km to 16 km
34,18,3.2.6 Alipiri to Tirumala Road corridor (Up Road) from Chainage 16km to 18km
34,19,In this stretch of road corridor starting from Chainage16 km to Chainage 18 km
34,20,"towards Tirumala in up road section, only one landslide incidence was recorded. In this"
34,21,"stretch of the road corridor, the cut -slope in the right flank and at places in the left flank"
34,22,"exposes medium to coarse -grained, moderately weathered to fresh granites intruded by"
34,23,dolerite dyke and Quartzites. Both the granite and dolerite dykes in this reach are highly
35,1,25 | P a g e
35,3,"jointed and fractured while the quartzites are thickly bedded and massive.   In this reach, the"
35,4,slope-forming material is either slope wash material or weathered granite and dolerites and
35,5,"Quartzites. The overburden thickness in this reach varies from 0.5 m to 1 m. In this reach, the"
35,6,"slope angle varies from 35 0 to >450, the aspect of slope in this reach is mostly south -easterly"
35,7,"to south-westerly. The daylighted condition of the slope, highly jointed rock mass, high angle"
35,8,of slope and a very thin cover of slope -forming material (<1m) across the spur region are the
35,9,main causative factors for rockslides in Cut-Slopes.
35,10,Figure 3.6 Google Earth imagery (2023) showing landslide point recorded from Cut -slope
35,11,along Alipiri to Tirumala Road corridor (Up Road) from chainage 16 km to 18 km
35,12,Fig. 3.7: Field Photographs of Landslide
35,14,"Fig 3.7 (a) Debris slide along the right flank of Cut-Slope at chainage 7.9 km, in Alipiri to Tirumala"
36,1,26 | P a g e
36,3,up-road section
36,5,"Fig 3.7 (b) Debris slide along the right flank of Cut-Slope at chainage 8.65 km, in Alipiri to Tirumala"
36,6,up-road section
36,8,"Fig 3.7 (c) Debris slide along the right flank of Cut-Slope at chainage 9.3 km, in Alipiri to Tirumala"
36,9,up-road section
37,1,27 | P a g e
37,4,"Fig 3.7 (d) Debris slide along the right flank of Cut-Slope at chainage 9.8 km, in Alipiri to Tirumala"
37,5,up-road section
37,7,"Fig 3.7 (e) Loose jointed and fractured granites at unstable slope prone to Rockfall, observed at"
37,8,"chainage 12.8 km, in Alipiri to Tirumala up-road section"
38,1,28 | P a g e
38,4,"Fig 3.7 (e) Highly jointed and fractured granites at unstable slope prone to wedge failure, observed at"
38,5,"chainage 8.2 km, in Alipiri to Tirumala up-road section"
38,7,"Fig 3.7 (f) Rockslide along the right flank of Cut-Slope at chainage 15.5 km, in Alipiri to Tirumala up-"
38,8,road section
39,1,29 | P a g e
39,4,"Fig 3.7 (g) Rockslide along the right flank of Cut-Slope at chainage 7 km, in Alipiri to Tirumala up-"
39,5,road section
40,1,30 | P a g e
40,3,CHAPTER – 4
40,4,THEMATIC MAPS
40,5,4.1: DEM and Image derivative thematic maps
40,6,The stability of the area in hilly terrain mainly depends on the slope angle and other
40,7,parameters. They have to evaluate in the field. The geometrical configuration of the slope can
40,8,be determined by the very high-resolution Earth Observation (EO) data and Digital Elevation
40,9,Mode (DEM). The various DEM -derived slope morphometric maps which include Facet
40,10,"Map, Slope Map, Aspect Map, Relative Relief Map, Drainage Map, Stream Power Index"
40,11,"Map (SPI) and Geomorphon Map play a very vital role in analysing the area. F urther, LULC,"
40,12,Element at Risk map and Active landslide inventory maps were generated from latest the
40,13,very high-resolution Earth Observation (EO) data and later verified in the field.
40,14,4.1.1: Slope Map
40,15,"The slope morphometric map i.e., slope map is prepared b y using high -resolution"
40,16,satellite image DEM and ALOS PALSAR data.  The slope map was classified into 5 classes
40,17,"viz 0-15°15°-25°,25-35º, 35°-45º, >45° as shown in Fig. 4.1. The majority of the area comes"
40,18,"under 20 -25º .25 -35º 35 -40º and 40 -45º slope class wh ich are about 13% 15%, 16%, and"
40,19,"14%, respectively, of the total area whereas the other slope classes contribute only 38 % of"
40,20,the total area.
40,21,"In general, landslide frequency increases with the slope gradient until the maximum"
40,22,"frequency is reached in the 35° –45° categories, followed by a decrease (Lee and Min, 2001;"
40,23,"Dai and Lee, 2002). In this case, the landslide distribution indicates that landslide frequency"
40,24,"increases with the slope angle and is maximum in the slope class 30 -35°, followed by a"
40,25,decrease (Tab le 4.1). The areas with more vertical slopes with outcropping bedrock were
40,26,found to be most prone to rock failures. About 60% of landslides occur within slope ranging
40,27,"between 25°-35° and 35° -45°. Low angle slope (<15°) covers about 7 % of the study area,"
40,28,whereas a high slope (>45°) covers only 11% of the area.
41,1,31 | P a g e
41,6,Fig. 4.1: Slope Map of the Study Area Along the Tirumala Ghat Road
41,7,Distribution pattern of various Slope classes
41,8,Sl .No. Slope Class Pixel distribution in %
41,9,1. 0-15° 69.66%
41,10,2. 15°-25° 20.35%
41,11,3. 25°-35° 8.42%
41,12,4. 35°-45° 1.44%
41,13,5 >45 0.13°%
41,14,Table. 4.1: Distribution pattern of various Slope classes
42,1,32 | P a g e
42,4,4.1.2: Slope Aspect Map
42,5,"In the present study, the direction of slopes was generated from the ALOS PALSAR"
42,6,"DEM in the GIS platform. However, the importance of the slope direction is still highly"
42,7,"debated. According to most researchers, it has been argued that the relationship between"
42,8,landslide and aspect is also related to the slope exposure to sunlight and dominant wind
42,9,"direction thus affecting oth er factors that contribute to landslides like precipitation, soil"
42,10,"moisture, vegetation covers and soil thickness (Clerici et al., 2006). The slope aspect classes"
42,11,"classified (Table 4.2) into N, NE, E, SE, S, SW, W, NW distribution of pixel value in % are"
42,12,"1.15°%, 4.10%, 10.83%, 19.59%, 25.69%, 23.28°%,9°% and 6.36°% respectively."
42,15,Fig. 4.2: Slope Aspect Map of the Study Area Along the Tirumala Ghat Road
43,1,33 | P a g e
43,4,Distribution pattern of Slope Aspect Classes
43,5,Sl .No. Slope Aspect Class Pixel distribution in %
43,6,1 N 1.15°%
43,7,2 NE 4.10%
43,8,3 E 10.83%
43,9,4 SE 19.59%
43,10,5 S 25.69%
43,11,6 SW 23.28°%
43,12,7 W 9°%
43,13,8 NW 6.36°%
43,14,Table. 4.2: Distribution pattern of Slope Aspect Classes
43,15,4.1.3: Drainage
43,16,The drainage map of the study area is prepared using the ALOS PALSAR DEM
43,17,having 12.5m spatial resolution using spatial analysis tool in Arc GIS software (Fig: 11). The
43,18,"Tirumala area is mainly dissected by Aakash Ganga, Sesh Teertam, Seethamma Dhara."
43,19,"Aakash Gnaga flowing in the northeastern direction and Sesh Teertam, and Seethamma"
43,20,"Dhara flowing in the eastern direction. Papavinasanam, Gogarbham, Kumaradhara and"
43,21,Pasupudhara are the main reservoirs from which Tirumala town drowns the water.  The
43,22,"overall drainage pattern of the area is trellis and sub -dendritic, which indicate both structural"
43,23,and lithological control over the area.
44,1,34 | P a g e
44,3,Fig. 4.3: Drainage Map of the Study Area Along the Tirumala Ghat Road
44,5,4.1.4: Geomorphon map of the study area
44,6,The Geomorphon study is also an important component for the preparation of a
44,7,landslide susceptibility map. The Geomorphon map is prepared by using high -resolution
44,8,"satellite image DEM and ALOS PALSAR data.  The study area is classified into Flat, Peak,"
44,9,"Ridge, Shoulder, Spur, Hallow, Foot slope, Valley and Pit. The overall effects of any"
44,10,denudational processes in terms of forms and deposits can be inferred through
44,11,"geomorphological mapping (Hansen, 1984; Wieczorek, 1984). According to the Geomorphon"
44,12,"map analysis the predominant feature is the slope, covering a substantial 66.18 % of the total"
44,13,area. The spur and hallows occupy 22.83 % and 21.1 sq. km respectively. The valley
44,14,occupies 4.9% of the study area.
44,17,Fig. 4.4: Geomorphon Map of the Study Area Along the Tirumala Ghat Road
45,1,35 | P a g e
45,4,Distribution pattern of Geomorphon Classes
45,5,Sl .No. Slope Aspect Class Pixel distribution in %
45,6,1 Flat 0.0033°%
45,7,2 Peak 0.47%
45,8,3 Ridge 3.60%
45,9,4 Shoulder 0.39%
45,10,5 Spur 18.8%
45,11,6 Slope 54.36°%
45,12,7 Hallow  17.57°%
45,13,8 Foot Slope 0.52°%
45,14,9 Valley 4.04%
45,15,10 Pit 0.24%
45,16,Table. 4.3: Distribution Pattern of Geomorphon Classes
45,17,4.1.5: Facet map
45,18,The facet map of the study area has been prepared as a part of the pre-field component
45,19,"using the ALOS PALSAR -DEM, Google Earth images and SoI toposheets . Initially, the"
45,20,"slope Aspect map was prepared from the   ALOS PALSAR-DEM, in the  ArcGIS platform. It"
45,21,was converted from raster to vector data format. The vector format represented each class as
45,22,"a polygon with a specific area which was estimated in the GI S platform. Based on the area,"
45,23,the precise and large numbers of polygons were eliminated till a satisfactory and
45,24,"representative facet map was produced. It was followed by the process of smooth, simplify"
45,25,and integrate in Arc -GIS to obtain a better represent ative facet map of the area. The facet
45,26,map was then validated using the contour map generated at an interval of 10m through a
45,27,"process of close visual interpretation. Additionally, the facet map was converted into kml"
45,28,"format and corrected, modified and validated in virtual Google Earth in Terrain mode through"
45,29,"close visual observation of all the topographical and geomorphological features. Corrected,"
45,30,modified and validated in virtual Google Earth in Terrain mode through close visual
45,31,observation of all the topographical and geomorphological features.
45,32,"For the present study area along the Tirumala ghat road (Up road and Down road), a"
45,33,total of 1866 slope facets have been prepared manually keeping a base contour of 10 nos.
45,34,intervals. The slope facet is the smallest component or division taken for the analy sis of the
45,35,"landslide hazard evaluation factor. It is a part of a hill slope, showing regular slope direction"
45,36,and inclination. The topographical or contour map is divided into smaller homogeneous slope
45,37,"facets based on ridges, spurs, gullies and drainages. F or the present study, to prepare the"
45,38,"slope facet, at the onset, the contour map was derived using Cartosat DEM of (12.5m x"
46,1,36 | P a g e
46,3,12.5m) resolution. The contour in the study area shows variation of the highest elevation of
46,4,990 m. in the W of Tirumala.
46,7,Fig. 4.5: Slope Facet Map of the Study Area Along the Tirumala Ghat Road
46,8,SPI class Erosion based on SPI classes Pixel Value in %
46,9,-13.8155 - -4.1 Deposition 18.96
46,10,-4.1 - 0.31 Very low erosion 19.80
46,11,0.31 - 2.08 Low erosion 29.96
46,12,2.08 - 4.33 Moderate erosion 25.73
46,13,4.33 - 11.2 High erosion 5.52
46,14,Table. 4.4: Distribution pattern of SPI class and Pixel Value.
46,15,4.1.6: Relative Relief Map
46,16,The relative Relief map has been prepared from ALOS PALSAR DEM data in the
46,17,Arc-GIS platform. The Relative relief map represents the actual variation of altitude in a unit
46,18,"area with respect to its local base level, in other words, the difference between hei ght and the"
46,19,lowest points in determined surface grid areas. The first step is to create a fishnet in Arc -GIS
46,20,software which creates points and polygons and further geo -processes in zonal statistics and
47,1,37 | P a g e
47,3,IDW interpolation tool and classified into 5 classes i n Arc -GIS software. The Tirumala
47,4,spiritual town area and central part of the study area show a relatively lower value of relative
47,5,relief as compared to the South and Western parts of the study area.
47,8,Fig. 4.6: Relative Relief Map of the Study Area along the Tirumala Ghat Road
47,9,4.1.7: Stream power index map
47,10,The Stream Power Index (SPI) map is a secondary attribute DEM -derived map that
47,11,gives a measure of the erosive power of flowing water. In order to represent the intensity or
47,12,"erosive power of the drainage , a terrain attribute in terms of SPI is included in the current"
47,13,study which accounts for the local slope gradient and catchment area and hence the
47,14,proportionate discharge or erosive power of the drainage is accounted. As the catchment area
47,15,"and slope gradi ent increase, the amount of water contributed by upslope area increases and"
47,16,hence stream power index and erosion risk increases. The effect of drainage will be more
47,17,pronounced on slopes which is in closer proximity. The stream power index can be used to
47,18,describe potential flow erosion at the given point of the topographic surface. Stream power
47,19,index (SPI) is expressed as:
48,1,38 | P a g e
48,3,SPI= As × tan (σ)                                                                           Eq. (4.1)
48,4,"where, As is the specific catchmen t area represented by flow accumulation raster and"
48,5,"σ is the slope gradient in degrees (Conforti et al., 2011). It is generated using the primary"
48,6,"terrain attributes which include the slope, flow direction and flow accumulation through the"
48,7,map algebra tool in ArcGIS. It is to be noted that the natural log of catchment area and slope
48,8,in percent is used to obtain the SPI.
48,9,Figure 4.5 shows the map of stream power index map of the study area. It is divided
48,10,"into five classes, which are -13.81 (Deposition), -4.1 to  0.31 (Low erosion), 0.31 -2.08"
48,11,"(moderate erosion), 2.08 -4.33 (high erosion) and 4.33 -11.22 (very high erosion). The lowest"
48,12,value represents relatively flat or depression areas which indicate areas with topographic
48,13,"potential for flooding, sediment depositi on and accumulation whereas the high value"
48,14,indicates areas where there is potential for erosional activities. This terrain morphology
48,15,contributes significantly to the erosion’s aggressiveness and land degradation risk process.
48,16,Table 4.4 gives the percent area distribution of different SPI classes.
48,17,"Spatially, the area has a relatively moderate slope gradient which is reflected by the"
48,18,significantly low percentage coverage of low erosion area. SPI is high towards the south and
48,19,southwest of the Tirumala area. SPI is low in the north and north-eastern parts of the study
48,20,area.
48,22,Fig. 4.7: Stream Power Index Map of the Study Area Along the Tirumala Ghat Road
49,1,39 | P a g e
49,3,4.2: Field derivative thematic maps
49,4,"During the field investigation, the causative factor landslides have been identified and"
49,5,mapped.
49,6,These include the preparation of domain -wise Slope Forming Map. kinematic failure
49,7,"map (structural map, geotechnical map of rocks & overburden (on the basis of sample"
49,8,"analysis), Landslide Inventory Map, updating of LULC and Element risk map."
49,10,4.2.1: Slope Forming Material Map
49,11,Slope-forming material or overburden material plays an important role in a landslide.
49,12,"Slope forming material may vary from place to place viz. rock, soil, debris and soil or"
49,13,transported material. The pre -field SFM map (Fig. 4.8) was prepared using Goo gle Earth
49,14,"high-resolution satellite imagery. Different SFM classes such as Barren Rock, Slope wash,"
49,15,"Colluvium, and Soil have been mapped and validated in the field during the field"
49,16,investigation.
49,17,The SFM map was prepared during the pre -field studies usin g different thematic
49,18,maps. Pre-field SFM map has been validated during the filed investigation and   SFM map
49,19,has been validated and attended to necessary modification during the field observation and
49,20,the names of the SFM classes were incorporated.
49,21,The slop e-forming material is another important geo -factor that influences the
49,22,landslide occurrence. The study area consists of granite intruded by dolerite on the up road
49,23,"and quartzites/Quartz arenite, shale and siltstone on the down road. The granite is moderate to"
49,24,highly weathered in some sections and moderately weathered to fresh in some sections. The
49,25,"study area has been categorised SFM as Slope wash (37.84%), Soil (15.33%) Colluvium"
49,26,"(12.34%), and rock (33.73%). During the field investigation, it was observed t hat the up road"
49,27,consists of granite which is intruded by Dolerite and the down road  section consists of
49,28,"quartzites/Quartz arenite, shale and siltstone with a gentle slope."
50,1,40 | P a g e
50,4,Fig. 4.8: Slope Forming Material Map of the Study Area Along the Tirumala Ghat Road
50,7,"Fig 4.9 (a) Biotite Granite outcrop of PGC-II exposed along right flank of Cut-Slope at chainage 7.2 km,"
50,8,in Alipiri to Tirumala up-road section
50,9,Fig. 4.9: Slope forming material of the study area.
51,1,41 | P a g e
51,4,"Fig 4.9 (b) Granite outcrop of PGC-II exposed along the right flank of Cut-Slope at chainage 8.6 km, in"
51,5,Alipiri to Tirumala up-road section
51,7,"Fig: 4.9 (c)  Dolerite dyke exposed on the right flank of Cut-Slope at chainage 13.2 km, in Alipiri to"
51,8,Tirumala up-road section
52,1,42 | P a g e
52,4,"Fig. 4.9 (d) Bairenkonda Quartzite of Nallamalai Group exposed along Cut-Slope at chainage 7km, in"
52,5,Tirumala to Alipiri down-road section
52,8,Fig. 4.9 (e) Shale and siltstone intercalated sequence of Cumbum Formation of Nallamalai Group
52,9,"exposed along Cut-Slope at chainage 7 km, in Tirumala to Alipiri down-road section"
53,1,43 | P a g e
53,4,"Fig. 4.9 (f) Colluvium as slope forming material observed at chainage 1.8 km, in Alipiri to Tirumala up-"
53,5,road section
53,7,"Fig. 4.9 (g) Colluvium as slope forming material observed at chainage 1.8 km, in Alipiri to Tirumala up-"
53,8,road section
54,1,44 | P a g e
54,4,"Fig. 4.9 (h) Thin veneer of slope wash material as slope forming material observed at chainage 3.2 km, in"
54,5,Alipiri to Tirumala up-road section
54,7,4.2.2: Geotechnical map of the study area
54,8,Landslide susceptibility is majorly controlled by the geotechnical and geo-mechanical
54,9,properties of the soil and rocks present in the area. The study area is covered by granitic
54,10,"gneisses, Quartzite, shale and siltstones. A pre -field slope -forming material map was"
54,11,prepared and validated durin g the field investigation and the same was converted into the
54,12,Geotechnical map by recording different types of overburden characteristics and rock type.
54,13,To determine the geotechnical and geo -mechanical properties in the laboratory 20
54,14,undisturbed soil sampl es were collected in cylindrical tubes and 10 rock samples were
54,15,"collected in 10cm 3and submitted for geotechnical (GT) analysis to GT Lab, GSI, SR,"
54,16,Hyderabad. The undisturbed soil samples were collected from the major slope -forming
54,17,material classes representing the area similarly the rock samples were also collected from the
54,18,competent rocks to determine the strength of the rocks. The very good rock quartzite is
54,19,exposed in the north and northeastern and southeastern parts of the study area.  The granitic
54,20,gneiss and basic intrusions are exposed in the NW and SW parts of the study area. The
54,21,"remaining area is covered with slope wash, Soil and colluvium. The SFM map was converted"
54,22,into a geotechnical map by using different terrain -specific classes based on RMR for rocky
54,23,"areas (BIS, 1997; Romana, 1985), and the internal friction (Ø) and cohesion (C) values for"
54,24,overburden-covered slope.
55,1,45 | P a g e
55,4,Fig. 4.09: Geotechnical map of the study area
55,5,The result reveals the cohesion of undisturbed soil/debris samples ranges from 0.4 to
55,6,0.97 kg/cm3 while the angle of internal friction ranges from 28° to 38°.The other
55,7,geotechnical properties such as specific gravity and natural moisture content vary from 2.47
55,8,"to 2.78 kg/m3 and 2.45% to 11.96%, respectively. Based on ‘C’ and ‘ ɸ’ matrix classification"
55,9,"(Table 4.5), values were assigned to where samples were collected and interpolated to other"
55,10,polygons by taking into consideration the similar overburden material characteristics and
55,11,geo-environmental condition prevalent in the area to generate a geotechnical map for the
55,12,overburden slopes Table 4.5 gives the percent area distribution of different geotechnical
55,13,classes of overburden areas.
55,15,Cohesion (C) in Kg/cm3
55,16,Fiction Angle (ø)
55,17,<30 >30
55,18,0.4 to 0.7 Fair Good
55,19,0.7 to 0.9 Fair  Good
55,20,Table. 4.5: Distribution pattern of different geotechnical classes.
55,21,"For rocky slopes, a geotechnical map was prepared using RMR basic. For determination"
55,22,"of RMR basic, geotechnical parameters of the rock such as unconfined compressive strength"
56,1,46 | P a g e
56,3,has been estimated empirically at 30 locations using Schmidt Hammer in the field and other
56,4,"field parameters related to structural discontinuities such as the number of joints/sq.  m,"
56,5,"spacing, persistence, aperture, roughness and alteration/ staining of discontinuity and"
56,6,"groundwater condition were measured infield for calculation of RQD.  Besides, 10 nos. of"
56,7,rock samples were collected from different rock types and analysed for UCS/  Point Load
56,8,"Strength at Geotechnical Lab, GSI, Sr, Hyderabad. The calculated RMR basic at selected"
56,9,locations have been interpolated to other rocky slope units with similar structural disposition
56,10,and type.
56,11,"The RMRbasic ranges from 41 to 69 in rocks such as P eninsula gneiss, thickly bedded"
56,12,Quartzite of Bairenkonda Formation.  (Table 4.6). Based on RMR basic classification of
56,13,"Bieniawski, (1989) (Table 5.6), values were assigned to where samples were collected and"
56,14,interpolated to other polygons having similar roc k types to generate a geotechnical map for
56,15,the rocky slopes.
56,16,Category  Category RMRbasic value
56,17,Fair 41 to 60
56,18,Good  60-70
56,19,Table. 4.6: Distribution pattern of different geotechnical classes.
56,20,4.2.3: Sample location map of the study area
56,21,"To determine strength and cohesion of overburden soils and rock, 20 undisturbed soils in"
56,22,40cm long and 10cm diameter pipe and 10 rock samples were collected and submitted for
56,23,"geotechnical (GT) analysis to GT Lab, GSI, SR, Hyderabad. Sampling has been done"
56,24,covering the entire variants of slope -forming material and sample locations are spatially well
56,25,distributed and collected from varying elevations. The samples were collected from all the
56,26,major SFM classes representing most of the area properly as well as ov erburden varieties.
56,27,"Similarly, for determining the strength of rock exposures ten rock samples were collected"
56,28,"(10cm3) from most of the competent rock types (Quartzite, Granite, Dolerite) uniformly. The"
56,29,soil samples were collected at a depth of 0.5m from an  undisturbed slope removing all
56,30,organic and human material.
57,1,47 | P a g e
57,4,Fig. 4.10: Sample Location Map of the Study Area Along the Tirumala Ghat Road
57,7,Table. 4.7: Detail of undisturbed Soil/Debris Samples
57,9,Sl.
57,10,No.
57,11,Sample no. Latitude Longitude Elevation
57,12,(m)
57,13,Locality Remarks
57,14,1. TPT/UDS/01 13.64290833 79.382195 335 Tirumala Ghat road From slope
57,15,2. TPT/UDS/02 13.64171667 79.36337333 427 Tirumala Ghat road  From slope
57,16,3. TPT/UDS/03 13.64707222 79.35650111 458 Tirumala Ghat road  From slope
57,17,4. TPT/UDS/04 13.649605 79.34596167 488 Tirumala Ghat road  From slope
57,18,5. TPT/UDS/05 13.65115833 79.34064167 520 Tirumala Ghat road  From slope
57,19,6. TPT/UDS/06 13.65911 79.349455 609 Tirumala Ghat road  From slope
57,20,7. TPT/UDS/07 13.64324333 79.38672833 318 Tirumala Ghat road  From slope
57,21,8. TPT/UDS/08 13.64151 79.37364333 380 Tirumala Ghat road  From slope
57,22,9. TPT/UDS/09 13.65507167 79.34557333 563 Tirumala Ghat road  From slope
57,23,10. TPT/UDS/10 13.66277528 79.35115639 627 Tirumala Ghat road  From slope
57,24,11. TPT/UDS/11 13.667815 79.34581667 814 Tirumala Ghat road  From slope
57,25,12. TPT/UDS/12 13.66631139 79.35031389 790 Tirumala Ghat road  From slope
58,1,48 | P a g e
58,4,Table. 4.8: Details of Bedrock samples
58,5,Sl.No. Sample no. Latitude Longitude Elevation
58,6,(m)
58,7,Lithology Locality
58,8,1. TRS1 13.64291215 79.38355085 434 Granite Tirumala Ghat road
58,9,2. TRS2 13.64374358 79.3617362 440 Granite Tirumala Ghat road
58,10,3. TRS3 13.64786164 79.35192945 538 Granite Tirumala Ghat road
58,11,4. TRS4 13.66192227 79.35044069 644 Granite Tirumala Ghat road
58,12,5. TRS5 13.64535969 79.35848027 340 Granite Tirumala Ghat road
58,13,6. TRS6 13.65256325 79.34145669 471 Granite Tirumala Ghat road
58,14,7. TRS7 13.66391031 79.35089602 622 Granite Tirumala Ghat road
58,15,8. TRS8 13.65529312 79.41422309 303 Granite Tirumala Ghat road
58,16,9. TRS9 13.66264814 79.37847076 797 Granite Tirumala Ghat road
58,17,10. TRS10 13.66264814 79.37847076 356 Granite Tirumala Ghat road
58,19,4.2.4: Land use / Land cover
58,20,Land use/land cover influences the occurrence of landslides due to human activity and rapid
58,21,"urbanisation. Accordingly, changing land use/land cover (LULC) is an important"
58,22,conditioning factor in landslide susceptibility models. Extensive Modification of land use and
58,23,land cover is taking place due to anthropogenic activity in urban and rural areas. The LULC
58,24,"map was prepared using high -resolution satellite imageries, particularly Google Earth"
58,25,followed by extensive field checks for various attributes. As a part  of development during the
58,26,road construction the natural slopes are disturbed by the extensive cut slopes and the left -out
58,27,cut slopes lead to the occurrence of landslides.  Such areas have been marked as extensive
58,28,slope cuts in the LULC map (Plate -V). The major patches of extensive slope cuts have been
58,29,observed along the up road and down road of the Tirumala Ghat road section. The study area
58,30,"has been classified based on LULC as barren land (1.2%), moderately vegetated (37.05%),"
58,31,"sparsely vegetated (35.79%), Dense vegetated (13.28%), Barren land, water body (0.41%)"
58,32,and settlements (8.22%).
58,33,13. TPT/UDS/13 13.66769639 79.34881139 835 Tirumala Ghat road  From slope
58,34,14. TPT/UDS/14 13.66773167 79.34759667 824 Tirumala Ghat road  From slope
58,35,15. TPT/UDS/15 13.66662861 79.34054056 509 Tirumala Ghat road  From slope
58,36,16. TPT/UDS/16 13.65877472 79.33645111 378 Tirumala Ghat road  From slope
58,37,17. TPT/UDS/17 13.66206 79.33773389 424 Tirumala Ghat road  From slope
58,38,18 TPT/UDS/18 13.66436472 79.33911889 453 Tirumala Ghat road  From slope
58,39,19. TPT/UDS/19 13.65522583 79.41202389 272m Tirumala Ghat road  From plain
58,40,land
58,41,20. TPT/UDS/20 13.65059194 79.40937361 240m Tirumala Ghat road  From plain
58,42,land
59,1,49 | P a g e
59,4,Fig. 4.11: Land use Land Cover Map of the Study Area Along the Tirumala Ghat Road
59,8,Fig.4.12:  Pixel % distribution of various classes of LULC
59,10,5.21
59,11,13.15
59,12,37.11 35.92
59,13,8.16
59,14,0.42
59,15,Barren Land Dence
59,16,Vegetation
59,17,Moderate
59,18,Vegetation
59,19,Sparse
59,20,Vegetation
59,21,Settlement Water Body
59,22,Pixel % distribution of various classes of LULC
60,1,50 | P a g e
60,4,4.2.5: Landslide incidence Map of the study area
60,5,"In the study area, the landslide susceptibility mapping was carried out along the up -"
60,6,"road and down-road sections and in and around Tirumala hills. During the field investigation,"
60,7,42-point geo-parametric data was collected for in totality 48 landslides. Landslides in the area
60,8,"have been classified as Rock falls, Rock slides, Debris slides and Earth slides and recorded as"
60,9,per the standard data sheet. The landslide domain map was prepared accordingly. Out of 48
60,10,"nos.34 nos. are Debris slide, and 14 nos. are of Rock slide and Rock Fall. Most of the"
60,11,"landslides are concentrated along the down road section, North -western and south -western"
60,12,part of the study area. The rock type is mainly Granite intruded by dolerite dikes.  The rocks
60,13,are very competent. Dolerite is moderate to highly jointed at places . It is trending NW -SW
60,14,"and NE-SW with a thick regolith as overburden material and at places, colluvial material is"
60,15,also present along the foothills.  Due to different join sets failure is occurring along the valley
60,16,dipping joint. Most of the landslides are planar failures and wedge failures. The earthy slides
60,17,were mostly recorded in the NW part of the study area. Debris slides are occurred along high-
60,18,angle slopes where the overbur den thickness (1m -2m) is high. Debris flow due to high
60,19,intensity of nala flow during the rainfall.
61,1,51 | P a g e
61,5,Fig.4.13: Landslide Incidence Map of the Study Area Along the Tirumala Ghat Road
62,1,52 | P a g e
62,3,CHAPTER – 5
62,4,LANDSLIDE SUSCEPTIBILITY MAPPING AND METHODOLOGY
62,6,5.1: Methodology:
62,7,"LSM at macro scale (1:50,000) helps infrastructure development projects in fragile"
62,8,"mountainous terrains for which standard methodologies are in practice (BIS, 1998). A"
62,9,"landslide susceptibility map on a meso scale (1:10,000/1 : 5,000) can be used for detailed"
62,10,project planning of any land use development schemes well in advance. Landslide analysis at
62,11,this scale helps to narrow down geo -environmentally suitable/feasible sites with respect to
62,12,"ground instability. For the area of in terest, the methodology provided by GSI in Standard"
62,13,"Operating Procedure (SOP) for Mesoscale (1: 10,000/1:5000) Landslide Susceptibility"
62,14,"Mapping (MLSM) (GSI, 2020) is adopted, which is shown as a flow diagram in (Figure. 5.1)."
62,15,"This method involves the prepa ration of various thematic maps, field validation of various"
62,16,"thematic layers, collection of soil and rock samples, assigning numerals ratings and weighing"
62,17,"of relevant geo -factor maps based on failure domain, blending of data in GIS environment"
62,18,and classifying and validating the landslide susceptibility map.
62,19,It is to keep in consideration that this study is based on the geo -environmental
62,20,conditions that existed at the particular time of the study period and does not include the
62,21,"changes that can be introduced  in the future by natural processes, rainfall or anthropogenic"
62,22,"activities. So, the susceptibility zones can vary then what has been predicted by this study"
62,23,under a changed scenario. The meso scale landslide study activity includes three phases
62,24,"namely- pre-field studies, field studies and data augmentation and post-field studies."
62,25,"During landslide susceptibility modelling of the study area, rated and weighted maps"
62,26,per failure domain are integrated in a GIS platform using the Weighted Multi -class Index
62,27,Overlay method and prepared domain -specified susceptibility maps and were finally
62,28,combined as a Combined Landslide Susceptibility Map (Fig. 5.5)  following the steps
62,29,mentioned in the approved SOP (Methodology). The landslide susceptibility map is prepared
62,30,"of the r espective domains namely, Cut -slope, Rockslide and Debris slide domain"
62,31,"respectively. The modelling was not carried out for the No -slide domain. Consequently, all"
62,32,these domains were clubbed together to generate the combined landslide susceptibility map
62,33,of the study area.
63,1,53 | P a g e
63,4,"Fig. 5.1: A generic flow diagram of all the processes of mesoscale (1:10,000) landslide"
63,5,"susceptibility mapping (GSI,2020)"
63,7,5.2: Cut Slope Domain:
63,8,The cut Slope is generated by anthropogenic activity during the construction of roads
63,9,and settlements in the study area along the Tirumala Ghat Road (Up-road and Down-road). In
63,10,"the study area, the road stretches along Tirumala Ghat Road  (Up road and Down road) has"
63,11,"witnessed increased transportation, communication, rapid urbanization and several"
63,12,anthropogenic activities which have triggered several slope instability problems in this
63,13,particular road section.
63,14,The Peninsular Gneiss overlaid the Bairenkonda Quartzite and Cumbum Shales and
63,15,Siltstone. The peninsula gneiss is intruded by basic dykes.  The up road of Tirumala ghat road
63,16,is mainly constructed on moderate to steep slopes and the down road is constructed on a
63,17,gentle Slope. The up -road slopes are consisting of Peninsular Gneiss and basic dykes.
63,18,Maximum steep cut slopes are observed along the up road of Tirumala ghat road and the
63,19,down road comprises rock of Bairenkonda Quartzite and Cumbum Shales and Silt stone with
63,20,"gentle dip 2° -10°. During the field investigation, it was observed that the maximum of the"
63,21,landslides occurred due to the modification of the slope by anthropogenic activity. The cut
63,22,slope domain of the study area encompasses 0.133sq km out of a total of 36.17 sq. km.
64,1,54 | P a g e
64,4,Fig.5.2: Cut slope domain map of the study area
64,6,5.3: Debris Slide domain map:
64,7,The study area comprises rocks of Peninsular Gneiss and overlayed the Bairenkonda
64,8,Quartzite and Cumbum Shales and Siltstone. As quartzite is highly resistant to weathering the
64,9,soil and debris cover is less in the north and north -eastern part of the study area. When it
64,10,comes to the North -west and South -western parts of the study the pen insular gneiss is
64,11,exposed and intruded by basic dykes and it is highly weathered and low to moderately
64,12,weathered at places.  During the field investigation where the debris slides are occurred along
64,13,the Tirumala ghat road and the slopes containing the debr is material according to SFM map
64,14,classes are demarcated as the debris slide domain on the base map. The debris slides occur
64,15,mainly due to anthropogenic activity by modification of natural slopes for the construction of
64,16,roads. The debris slides comprising s oil of thickness more than 0.5 mts. have been
64,17,categorised as debris slides. The landslide domain exhibits most of the debris slide there only.
64,18,The debris slide domain encompasses 16.25% (5.89 sq. km).
65,1,55 | P a g e
65,4,Fig.5.3: Debris Slide domain map of the study area
65,5,5.4: Rockslide domain map:
65,6,The rocky slopes of the study area were categorised as the rock fall domain and Rock
65,7,slide domain. During the field investigation it was observed that two or more joints
65,8,intersecting is causing the wedge failure and the valley d ipping joints are causing the planar
65,9,failure.  Rockfall condition occurs in the scarp slope when the discontinuity is parallel to a
65,10,steep slope with an angle close to the dip direction of the structural discontinuity. In this
65,11,"study, the stability conditions of the rocky slopes were analysed using the kinematic analysis"
65,12,"method (Hoek and Bray, 1981; Goodman, 1989; Noorish and Wyllie, 1996). Kinematic"
65,13,analysis was carried out to determine the compatibility between the disposition of structural
65,14,discontinuities and the rocky slope with respect to planar and wedge only because the five
65,15,landslides mapped are of rockslide type. Rock toppling was observed where the strike of
65,16,discontinuity is parallel to the slope face and dips at a steep angle into the face. Mostly t he
65,17,rock toppling is observed in basic dykes. The basic dykes are striking parallel to the slope
65,18,face and with sub -vertical to vertical dip. The Rockslide domain encompasses an area of
65,19,3.04% (1.10 sq. km).
66,1,56 | P a g e
66,4,Fig.5.4: Rock Slide domain map of the study area
66,5,Landslide susceptibility predictor weight (LSPW)
66,6,Domain-specific Landslide Susceptibility Predictor Weight (LSPW) values were assigned to
66,7,the geo-factors based on their relative potentiality in influencing landslides.
66,8,Landslide susceptibility evaluation rating (LSER)
66,9,Domain-specific LSER values were assigned to the sub -classes of the geo -factors based on
66,10,their relative potentiality in influencing landslides.
66,11,Total estimated susceptibility value (TESV)
66,12,Total estimated landslide susceptibility (TESV) for a  particular domain was calculated by
66,13,integration of the rated factor maps represented by the LSER and LSPW values.
66,14,Landslide susceptibility map
66,15,"The raw landslide susceptibility map has been classified into low, moderate and high using"
66,16,"the Jenks natural bre aks classification scheme. In this way, the classified landslide"
66,17,susceptibility map of a particular domain has been prepared. The generated landslide
66,18,susceptibility maps show the potential initiation zones of the landslides.
67,1,57 | P a g e
67,3,5.5: Selection of domain-specific thematic geo-factors
67,4,As the study area has been classified into different landslide domains based on
67,5,"landslide material and types, the selection of appropriate geo -factors responsible for specific"
67,6,"landslide process within a particular domai n is essential. For each domain, thematic geo -"
67,7,factors were selected after a detailed understanding of the landslide types within that domain.
67,8,The controlling factors for the landslides under different domain was observed in the field
67,9,and the geo -factors responsible for the landslides evidenced from the field along with their
67,10,LSPW and TESV are given in Table 5.1.
67,11,Domain-specific controlling factors and thematic geo -factors along with their LSPW and
67,12,TESV.
67,13,Landslide
67,14,domain
67,15,Controlling
67,16,factors Thematic geofactors LSPW TESV
67,19,Rock Slide
67,23,Daylighted
67,24,slope
67,25,Kinematic failure (KF) map:
67,26,planar and wedge (high LSER to
67,27,high no of total critical failures)
67,28,0.6
67,30,0.6*KFLSER+0.4*G
67,31,TLSER Rockmass
67,32,quality
67,33,Geotechnical (GT) map: RMR
67,34,(high LSER to poor rock mass) 0.4
67,38,Rock Fall
67,39,Daylighted
67,40,slope
67,41,Kinematic failure (KF) map:
67,42,planar and wedge (high LSER to
67,43,high no of total critical failures)
67,44,0.4
67,47,0.4*KFLSER+0.4*G
67,48,TLSER+0.2VC of
67,49,LULC
67,50,Rock mass
67,51,quality
67,52,Geotechnical (GT) map: RMR
67,53,(high LSER to poor rock mass) 0.4
67,54,Biological
67,55,weathering
67,56,Vegetation cover (VC) of LULC:
67,57,(high LSER to Thick Vegetation) 0.2
67,58,Rock slide in
67,59,cut slope
67,60,Daylighted
67,61,slope
67,62,Kinematic failure (KF) map:
67,63,planar and wedge (high LSER to
67,64,high no of total critical failures)
67,65,0.5
67,68,0.5*KFLSER +
67,69,0.3*GTLSER +
67,70,0.2*RRLSER
67,71,Rock mass
67,72,quality
67,73,Geotechnical (GT) map: RMR
67,74,(high LSER to poor rock mass) 0.3
67,75,Cut slope height Relative relief (RR) map: (high
67,76,LSER to high RR) 0.2
67,83,Debris slide
67,84,and Earth
67,85,slide
67,86,Micro landform
67,87,(LF) map: (high
67,88,LSER to
67,89,hallow)
67,90,Micro landform (LF) map: (high
67,91,LSER to hallow) 0.3
67,93,0.3*LF LSER +
67,94,0.3*SLP LSER +
67,95,0.2*GT LSER +
67,96,0.1*LULC LSER +
67,97,0.1* SPI LSER
67,98,Slope angle
67,99,Slope angle (SLP) map: (high
67,100,LSER to angle between 45ﹾ to
67,101,60ﹾ)
67,102,0.3
67,103,Soil
67,104,Quality/Type
67,105,Geotechnical (GT) map: (high
67,106,LSER to Highly weathered rock) 0.2
67,107,Land use land
67,108,cover
67,109,Land use land cover (LULC)
67,110,map: (high LSER to Baren) 0.1
67,111,Rill or gully
67,112,erosion
67,113,Steam power index (SPI) (high
67,114,LSER to high erosion) 0.1
68,1,58 | P a g e
68,3,Debris Slide
68,4,and Earth
68,5,slide in Cut
68,6,slope
68,7,Regolith
68,8,Thickness
68,9,High thickness (RT) (high LSER
68,10,to high thickness >5m) 0.2
68,12,0.2*RT LSER +
68,13,0.3*SLP LSER +
68,14,0.3*RT LSER +
68,15,0.2*RR SER
68,16,Slope angle Slope angle (SLP) map: (high
68,17,LSER to slope from 45ﹾ to 60ﹾ) 0.3
68,18,Soil
68,19,Quality/Type
68,20,Geotechnical (GT) map: (high
68,21,LSER to Highly weathered rock) 0.3
68,22,Cut slope height Relative relief (RR) map: (high
68,23,LSER to high RR) 0.2
68,24,Table - 5.1 Domain-specific controlling factors and thematic geo -factors along with their
68,25,LSPW and TESV.
68,26,5.6: Landslide susceptibility evaluation rating (LSER) of the subclasses of geo-factor
68,27,Landslide susceptibility evaluation rating (LSER) is the potential contribution of a
68,28,"subclass within a geo -factor to slope failures. In a nutshell, LSER is a relative rating system"
68,29,"ranging from 0 to 1, where 0 is the lowest and 1 is the highest, between the sub-classes within"
68,30,a geo -factor. Domain -specific LSER for the sub -classes within each geo -factor were
68,31,estimated based on field knowledge and are given in Table 5.2.
68,33,(i) Domain: Rock slide
68,34,Geofactor: Kinematic failure (KF) map
68,35,No. of critical failure LSER
68,36,0 0.1
68,37,"1,2 0.6"
68,38,"3,4 0.8"
68,39,>4 1
68,40,Geofactor: Geotechnical (GT) map
68,41,Rock class   LSER
68,42,"Class - II, Good 0.2"
68,43,"Class - III, Fair 0.4"
68,44,(ii) Domain: Rockfall
68,45,Geofactor: Kinematic failure (KF) map
68,46,No. of critical failure LSER
68,47,0 0.1
68,48,"1,2 0.6"
68,49,>2 1
68,50,Geofactor: Geotechnical (GT) map
69,1,59 | P a g e
69,3,Rock class   LSER
69,4,"Class - II, Good 0.2"
69,5,"Class - III, Fair 0.4"
69,6,Geofactor: Vegetation cover (VC) map
69,7,Vegetation cover  LSER
69,8,Moderate Vegetation 0.4
69,9,Thick vegetation 0.2
69,10,(iii) Domain: Rock slide in cut slope
69,11,Geofactor: Kinematic failure (KF) map
69,12,No. of critical failure LSER
69,13,0 0.2
69,14,"1,2 0.4"
69,15,"3,4 0.6"
69,16,>4 1
69,17,Geofactor: Geotechnical (GT) map
69,18,Rock class   LSER
69,19,"Class - II, Good 0.4"
69,20,"Class - III, Fair 0.6"
69,21,Geofactor: Relative relief (RR) map
69,22,Relative relief (RR) LSER
69,23,0 - 10 m 0.2
69,24,10 - 20 m 0.4
69,25,20 - 30 m 0.6
69,26,30 - 40 m 0.8
69,27,> 40 m 1
69,28,(iv) Domain: Debris slide and Earth slide
69,29,Geofactor: Landform (LF) map
69,30,Landform class LSER
69,31,"Flat, Depression  0.2"
69,32,"Ridge, Spur, Summit, Shoulder 0.6"
69,33,Slope 0.8
69,34,Hollow 1
69,35,Geofactor: Geotechnical (GT) map
70,1,60 | P a g e
70,3,Soil type LSER
70,4,Good 0.4
70,5,Fair  0.6
70,6,Geofactor: Slope Angle (SLP) map
70,7,Slope angle LSER
70,8,< 15° 0.2
70,9,15° - 25° 0.4
70,10,25° - 35° 0.6
70,11,35° - 45° 0.8
70,12,> 45° 1
70,13,Geo-factor: Land use land cover (LULC) map
70,14,LULC Class LSER
70,15,Thick Vegetation 0.2
70,16,"Moderate Vegetation, Cultivation 0.4"
70,17,Sparse Vegetation  0.8
70,18,Barren 1
70,19,Geo-factor: Stream power index (SPI) map
70,20,Erosion index LSER
70,21,0-1 0.2
70,22,1 - 2 0.4
70,23,2-5 0.6
70,24,5-10 0.8
70,25,>10 1
70,26,(iv) Domain: Debris slide and Earth slide in Cut slope
70,27,Geofactor: Relative relief (RR) map
70,28,Relative relief (RR) LSER
70,29,0 - 10 m 0.2
70,30,10 - 20 m 0.4
70,31,20 - 30 m 0.6
70,32,30 - 40 m 0.8
70,33,> 40 m 1
70,34,Geofactor: Slope Angle (SLP) map
71,1,61 | P a g e
71,3,Slope angle LSER
71,4,< 15° 0.2
71,5,15° - 25° 0.4
71,6,25° - 35° 0.6
71,7,35° - 45° 0.8
71,8,> 45° 1
71,9,Geofactor: Geotechnical (GT) map
71,10,Soil type LSER
71,11,Fair 0.4
71,12,Good 0.2
71,13,Geofactor: Regolith Thickness (RT) map
71,14,Thickness(m) LSER
71,15,0-to 1 0.2
71,16,1 to 2 0.4
71,17,2 to 5 0.8
71,18,>5 1
71,19,Table - 5.2 Domain-specific LSER of the sub-classes within thematic geo-factors.
71,21,5.7: Combined Landslide Susceptibility Model:
71,22,Meso-scale landslide susceptibility mapping has been carried out for 36.17 sq.km. in
71,23,Tirumala hills. To reach Tirumala town or Lord Venkateshwara Darshan there are two one -
71,24,way roads (up -road & down -road) and two -foot tracks (Alipiri & Srivari Mettu.) for the
71,25,convenience of the pilgrims.
71,26,The Tirumala up road section comprises rocks of granitoids of PGC -II intruded by
71,27,basic dykes and th e Tirumala town and down road section comprises rocks of   Bairenkonda
71,28,Quartzite and Cumbum Shales and Siltstone with 5° -10° gentle dip. The Granitoids of PGC -
71,29,II are low to moderately weathered and highly weathered at places. As the Quartzite is highly
71,30,"resistant to weathering no overburden cover is observed in this zone. The quartzite is hard,"
71,31,compact and thickly bedded. The shales and siltstones are low to moderately weathered.
71,32,"The study area has been classified into three susceptibility classes i.e., Low or No"
71,33,"slide domain, moderate and highly susceptibility zone. Low or No slide domain is occupying"
72,1,62 | P a g e
72,3,"40.08%, moderate susceptibility zone 43.59% and high susceptibility zone 12.33% of 36.17"
72,4,sq. km of the total area.
72,7,Fig. 5.5: Combined Landslide Susceptibility map of the Study area
72,8,5.8: Low Susceptibility Zone:
72,9,"Tirumala up road from 0km -8km, 10km- 11 km an16km -18 18km, Tirumala town"
72,10,"area and Tirumala down road section falls in low susceptibility zone. In this zone, only one"
72,11,landslide was recorded during the field investigation.  The low susceptibility zone falls in the
72,12,"0°-25° slope class, slope wash (0m-5m) and colluvium(1m-2m) class in SFM and the regolith"
72,13,thickness varies from 0m -2m.  Based on the RMR and SMR the road sect ion falls in fair to
72,14,good category and partially stable respectively.
72,15,5.9: Moderate Susceptibility Zone:
72,16,"Tirumala up the road from 8km -10km, 11 km - 12 km road section classified as"
72,17,"moderate susceptibility zone. In this zone, 24 landslides were recorded.  This road section"
72,18,comprises rocks of Granitoids of PGC -II which are highly jointed and low to moderately
72,19,weathered. This zone falls in the 25° -35° slope class and SFM slope wash class. The regolith
73,1,63 | P a g e
73,3,thickness varies from 0.5 -1m.  intense rill erosion is ob served in this zone.  RMR and SMR
73,4,values reveal that the zone falls in the fair to good category and is partially stable.
73,5,5.10: High Susceptibility Zone:
73,6,The high susceptibility zone has been observed along the cut slope where the slope
73,7,gradient is high and occupied by highly jointed and weathered rock. The Tirumala uproad
73,8,section is constructed on a high -angle slope with 15 -20m high cut slopes from mile stone
73,9,"12km to 16km. in this zone,  five hairpin bends are observed and the zone is comprising"
73,10,rocks of  granitoids of PGC -II intruded by basic dykes. A maximum of the debris and
73,11,rockslides are observed in this zone. After the kinematic analysis of the rocky slopes of this
73,12,"road section, it is interpreted that rockslides are generated by planar failure and we dge failure"
73,13,mechanisms.  Peninsular Gneiss and basic dykes are highly jointed and highly weathered
73,14,owing high angle slopes. This zone falls in the 25°-45° and >45° slope class and the direction
73,15,"of the slope towards the south. In this zone, a thin cover of slope wash was observed as an"
73,16,overburden material with a thickness of 0.5m or less. RMR data of this is revealing that this
73,17,road section falls in the fair category.
73,18,5.11: Slope Kinematics:
73,19,The study of slope kinematics reveals the stability of the rocky slopes in relation to the
73,20,structural discontinuity recorded in rock.  The study incorporates the stability analysis of
73,21,different outcrops at selected locations in the study area. The kinematic analysis of the rock
73,22,slopes requires geological and geotechnica l data that has been collected. During the field
73,23,"investigation, 3 sets of prominent joint data, the strike of the slope face and slope angle and"
73,24,the direction of the slope are recorded.   To evaluate the strength of rock mass Schmidt
73,25,hammer has been used. The Schmidt hammer rebound hardness test is a simple and non -
73,26,destructive test originally developed in 1948 for a quick measurement of uniaxial
73,27,compressive strength UCS (Schmidt 1951) and later extended to estimate the hardness and
73,28,strength of rock (Cargill & Shakoor 1990; Torabi 2005).
73,29,5.12: Rock Mass Rating:
73,30,Rock Mass Rating system was first developed by Bieniawski in 1979 and further
73,31,modified in 1989. It is a scheme that is meant for quantifying the characteristics of the rock
73,32,mass. Rating
73,33,Adjustments are applied to discontinuity orientations before calculating the RMR. On
73,34,"the basis of five parameters viz. (i) Strength of intact rock, (ii) Rock Quality Designation"
74,1,64 | P a g e
74,3,"(RQD) (iii) Spacing of discontinuities, (iv) Condition of discontinuities and (v) Water inflo w"
74,4,"through discontinuities, RMRbasic was computed as suggested by Bieniawski (1979)."
74,5,RMRbasic has a total range of 0 - 100 (Table 5.3). The uniaxial compressive strength (UCS)
74,6,was obtained on a field -based method by using an L -Type Schmidt hammer according to
74,7,"ISRM (1981, 2007) and Torabi et al. (2010). RQD was calculated from the number of joints"
74,8,per unit volume(J) following the empirical formula given by Palmstorm (1982).
74,9,RQD= 115-3.3 Jv
74,10,"Based on the above parameters, the rocks were categorised into very go od, good, fair,"
74,11,"poor and very poor rock mass classes. Based on the data collected from the field, the RMR of"
74,12,the rock slopes were measured and calculated (Table. 5.6). High concentrations of joints in
74,13,the rocks have lowered the rock quality designation and  the RMR values of rocks. From
74,14,"several locations like R1 to R27 (Fig. 21), the geotechnical data of the various discontinuities"
74,15,were recorded and their respective rock mass rating (RMR) and slope mass rating (SMR)
74,16,were calculated.
74,17,The details of recorded d ata of slope cuts for the calculation in the study area have
74,18,been enumerated in Table No. 6.3.
74,20,A. CLASSIFICATION PARAMETERS AND THEIR RATINGS
74,22,PARAMETER Range of values // ratings
74,25,1
74,26,Strength
74,27,of intact
74,28,rock
74,29,material
74,30,Point-load
74,31,strength index
74,33,> 10 MPa
74,35,4 - 10 MPa
74,37,2 - 4 MPa
74,39,1 - 2 MPa
74,40,For this low-range
74,41,uniaxial compr. strength
74,42,is preferred
74,43,Uniaxial
74,44,compressive
74,45,strength
74,46,> 250 MPa 100 - 250 MPa 50 - 100 MPa 25 - 50 MPa 5 - 25
74,47,MPa
74,48,1 -5
74,49,MPa
74,50,< 1
74,51,MPa
74,52,RATIN
74,53,G 15 12 7 4 2 1 0
74,55,2
74,56,Drill core quality RQD 90 - 100% 75 - 90% 50 - 75% 25 - 50% < 25%
74,57,RATIN
74,58,G 20 17 13 8 5
74,60,3
74,61,Spacing of discontinuities > 2 m 0.6 - 2 m 200 - 600 mm 60 - 200 mm < 60 mm
74,62,RATIN
74,63,G 20 15 10 8 5
74,69,4
74,74,Condition
74,75,of
74,76,discontinu
74,77,ities
74,78,"Length, persistence < 1 m 1 - 3 m 3 - 10 m 10 - 20 m > 20 m"
74,79,Rating 6 4 2 1 0
74,80,Separation none < 0.1 mm 0.1 - 1 mm 1 - 5 mm > 5 mm
74,81,Rating 6 5 4 1 0
74,82,Roughness very rough rough slightly rough smooth slickensides
74,83,Rating 6 5 3 1 0
74,85,Infilling (gouge)
74,86,none Hard
74,87,filling Soft filling
74,88,- < 5 mm > 5 mm < 5 mm > 5 mm
74,89,Rating 6 4 2 2 0
74,90,Weathering unweathered slightly w. moderately w. highly w. decomposed
75,1,65 | P a g e
75,3,Rating 6 5 3 1 0
75,6,5
75,8,Ground
75,9,water
75,10,Inflow per 10
75,11,m tunnel
75,12,length
75,13,none < 10 litres/min 10 - 25
75,14,litres/min
75,15,25 - 125
75,16,litres/min > 125 litres /min
75,17,pw /
75,18,1 0 0 - 0.1 0.1 - 0.2 0.2 - 0.5 > 0.5
75,19,General conditions completely
75,20,dry damp wet dripping flowing
75,21,RATIN
75,22,G 15 10 7 4 0
75,23,pw = joint water pressure;
75,24,1 = major principal stress
75,25,"Table. 5.3:RMR classification of rock masses (Bieniawski, 1989)."
75,26,B. ROCK MASS CLASSES DETERMINED FROM TOTAL RATINGS
75,27,Rating 100 - 81 80 - 61 60 - 41 40 - 21 < 20
75,28,Class No. I II III IV V
75,29,Description VERY
75,30,GOOD
75,31,GOOD FAIR POOR VERY POOR
75,32,Table. 5.4: Rock Mass classes determined from total ratings
75,33,SMR Classes SMR Values  Suggested supports
75,34,Ia 91-100 None
75,35,"Ib 81-90 None, Scaling is required"
75,36,"IIa 71-80 (None, toe ditch or fence) spot bolting"
75,37,IIb 61-70 (Toe ditch or fence net) spot or systematic bolting
75,38,IIIa 51-60 (Toe ditch and/or net) systematic bolting spot shotcrete
75,39,"IIIb 41-50 (Toe ditch and/or net) systematic bolting, toe wall and /or dental concrete"
75,40,"Iva 31-40 Anchors, systematic shotcrete, toe wall and/or concrete (or re-excavation)"
75,41,drainage
75,42,"IVb 21-30 Systematically reinforced shotcrete, toe wall and/or concrete (or re-"
75,43,"excavation, deep drainage"
75,44,"VA 11-20  Gravity or anchored wall, re-excavation"
75,46,"Table. 5.5: Suggested supports for various SMR classes (D. N. Rao,1985)."
76,1,66 | P a g e
76,3,Sl.No Lat Long Rating
76,4,RQD
76,5,Rating
76,6,For
76,7,UCS
76,8,Rating
76,9,Joint
76,10,Spacing
76,11,Rating for
76,12,Joint
76,13,Persistence
76,14,Rating for
76,15,Joint
76,16,opening
76,17,Rating for
76,18,Joint
76,19,Roughness
76,20,Rating
76,21,for Joint
76,22,infilling
76,23,Rating for
76,24,Weathering
76,25,Rating
76,26,for
76,27,ground
76,28,Water
76,29,Condition
76,30,RMR RMR
76,31,Class
76,32,1 13.64319444 79.38219444 13 4 8 2 4 5 6 3 10 55 Fair
76,33,2 13.64191667 79.37388056 13 4 8 2 4 5 6 3 10 55 Fair
76,34,3 13.64052778 79.37230556 13 4 8 2 0 5 2 3 10 47 Fair
76,35,4 13.64094444 79.37080556 17 4 8 2 4 5 6 3 10 59 Good
76,36,5 13.64113889 79.36422222 13 4 8 2 1 5 4 3 10 50 Fair
76,37,6 13.64405556 79.36033333 13 4 8 2 1 5 4 3 10 50 Fair
76,38,7 13.64419444 79.35944444 8 4 8 2 4 5 6 5 15 57 Fair
76,39,8 13.64780556 79.35583333 13 4 8 2 4 5   5 15 56 Fair
76,40,9 13.64794444 79.35222222 13 4 8 2 0 5 2 5 10 49 Fair
76,41,10 13.64927778 79.34741667 13 4 8 2 4 5 6 5 15 62 Good
76,42,11 13.64977778 79.34530556 17 4 8 2 4 5 6 5 15 66 Good
76,43,12 13.65002778 79.34455556 13 4 8 2 0 5 2 3 10 47 Fair
76,44,13 13.65344444 79.34311111 13 4 8 2 4 5 6 5 10 57 Fair
76,45,14 13.65530556 79.34605556 13 4 8 2 4 5 6 5 10 57 Fair
76,46,15 13.65688889 79.34847222 13 4 8 2 0 5 2 3 10 47 Fair
76,47,16 13.66408333 79.34997222 13 4 10 2 0 5 2 3 10 49 Fair
76,48,17 13.66616667 79.34611111 13 4 8 2 0 5 2 3 10 47 Fair
76,49,18 13.66552778 79.3535 13 4 8 2 0 5 2 3 4 41 Fair
76,50,19 13.66672222 79.34966667 13 7 10 2 4 5 6 5 4 56 Fair
76,51,20 13.66719444 79.34761111 13 4 8 2 0 5 2 1 10 45 Fair
76,52,21 13.65052778 79.35219444 13 4 10 2 4 5 6 3 15 62 Good
76,53,22 13.668 79.35022222 20 4 8 2 4 5 6 5 10 64 Good
76,54,23 13.66902778 79.34755556 17 4 8 2 0 5 2 3 15 56 Fair
76,55,24 13.66638889 79.34866667 17 4 8 2 4 5 6 5 15 66 Good
76,56,25 13.66691667 79.35018889 17 4 8 2 4 5 6 5 15 66 Good
77,1,67 | P a g e
77,3,Sl.No Lat Long Rating
77,4,RQD
77,5,Rating
77,6,For
77,7,UCS
77,8,Rating
77,9,Joint
77,10,Spacing
77,11,Rating for
77,12,Joint
77,13,Persistence
77,14,Rating for
77,15,Joint
77,16,opening
77,17,Rating for
77,18,Joint
77,19,Roughness
77,20,Rating
77,21,for Joint
77,22,infilling
77,23,Rating for
77,24,Weathering
77,25,Rating
77,26,for
77,27,ground
77,28,Water
77,29,Condition
77,30,RMR RMR
77,31,Class
77,32,26 13.64255556 79.36711111 17 7 8 2 4 5 6 5 15 69 Good
77,33,27 13.64047222 79.36791667 20 4 8 2 1 5 4 5 15 64 Good
77,34,28 13.64241667 79.36238889 20 4 8 2 4 5 6 5 15 69 Good
77,35,29 13.64791667 79.35033333 17 4 8 2 4 5 6 5 15 66 Good
77,36,30 13.64977778 79.34161111 17 4 8 2 4 5 6 3 15 64 Good
77,37,31 13.652 79.34922222 13 4 8 2 4 5 6 5 15 62 Good
77,38,32 13.65913889 79.34094444 13 7 8 2 4 5 6 3 15 63 Good
77,39,33 13.66638889 79.34830556 17 4 8 2 4 5 6 3 15 64 Good
77,40,34 13.66525 79.34658333 13 4 8 2 1 5 4 5 15 57 Fair
77,41,35 13.66777778 79.34919444 17 4 8 2 1 5 4 1 15 57 Fair
77,42,36 13.66669444 79.35183333 17 4 8 2 1 5 4 1 15 57 Fair
77,43,37 13.66611111 79.35091667 20 4 8 2 0 5 2 1 15 57 Fair
77,44,38 13.66711111 79.35225 17 7 8 2 4 5 6 3 15 67 Good
77,45,39 13.66805556 79.35019444 17 4 8 2 4 5 6 5 15 66 Good
77,46,40 13.66875 79.34766667 17 4 8 2 4 5 6 3 15 64 Good
77,47,41 13.66486111 79.35788889 17 4 8 2 4 5 4 3 15 62 Good
77,48,42 13.66463889 79.36055556 17 4 8 2 4 5 4 3 15 62 Good
77,49,43 13.65719444 79.41930556 17 4 8 2 4 5 4 3 15 62 Good
77,50,44 13.65569444 79.41347222 13 4 8 2 4 5 4 3 15 58 Good
77,51,Table. 5.6: Rock mass rating of the different slope cuts in the study area.
78,1,68 | P a g e
78,3,5.13: Kinematic analysis:
78,4,Kinematic” refers to the motion of bodies without reference to the forces  that cause them to
78,5,move (Goodman 1989). The kinematic analysis examines the modes of slope failure which
78,6,are possible in a rock mass with respect to an existing or proposed rock slope. In a kinematic
78,7,"analysis, it is the orientation of the combination of d iscontinuities, the slope face, the upper"
78,8,"slope surface, and any other slope surface of interest together with friction that is examined to"
78,9,determine if certain modes of failure can possibly occur. The analysis is normally conducted
78,10,with the aid of a stereographic representation of the planes and/or lines of intersection.
78,11,Markland's test has been used to identify kinematically unstable/stable slopes as well as their
78,12,"modes of failure. According to Markland's test, the following conditions should be satisfied"
78,13,for the failure to occur.
78,14,Markland's Condition
78,15,αs> αp>Φ- for planar failure
78,16,αs> αi>Φ- for wedge failure.
78,17,"According to Markland's test, a plane failure is likely to occur when a discontinuity dips in"
78,18,the same direction (within 20º) as the slope face at an  angle gentler than the slope angle but
78,19,greater than the friction angle along the failure plane (Hoek&Bray 1981).
78,20,1. Planar failure (Fig.5.6) takes place if the dip vector (middle point of the great circle) of the
78,21,great circle representing a discontinuity set and falls within the shaded area (the area where
78,22,the friction angle is higher than the slope angle)
78,23,"2. A wedge failure (Fig. 5.6) may occur when the line of intersection of two discontinuities,"
78,24,"forming the wedge -shaped block, plunges in the same direct ion as the slope face and the"
78,25,plunge angle is less than the slope angle but greater than the friction angle along the planes of
78,26,failure.
78,27,Discontinuities data collected from the various cut slope sections have been plotted in the
78,28,stereographic projections f or kinematics analysis to examine the possible mode of failure in
78,29,jointed rocks of the study area.
78,30,"The stereographic projections of location (Fig. 5.6) exhibit planar failure, whereas the"
78,31,"remaining locations exhibit the wedge mode of failure, whose stereo graphic projections have"
78,32,also been plotted.
79,1,69 | P a g e
79,5,Slope 230°/25°
79,6,"J1.105°/38°-W, J2. 110°/58°-SW,"
79,7,"J3. 110°/82°-SW, J4. 205°/84°-NW,"
79,8,"J5. 210°/50°-NW,"
79,9,"Slope Face dip is NW, SW and SSE"
79,10,"Wedge 1= J2 & J5, Wedge 2= J1 & J4"
79,12,Slope 188°/38°
79,13,"J1. 320°/68°-NE, J2. 295°/25°-NE"
79,14,"J3. 65°/90°,"
79,15,"J4. 45°/90°,"
79,16,J5. 110°/44°-SW
79,17,Planar failure along J1
79,19,Slope 190°/32°
79,20,"J1. 310°/30°-SW, J2. 240°/90°,"
79,21,"J3. 40°/21°-NW, J4. 320°/78°-NE,"
79,22,J5. 10°/10°-SE
79,24,Slope 180°/40°
79,25,"J5. 320°/70°-NE, J1. 20°/32°-SE"
79,26,"J2. 280°/84°-SW, J3. 230°/85°-NW"
79,27,J4. 50°/60°-NW
80,1,70 | P a g e
80,3,Slope 320°/42°
80,4,"J1. 80°/57°-NW, J2. 330°/30°-NE"
80,5,J3. 305°/58°-SW
80,6,No planar Failure probability is found in given
80,7,slope.
80,8,Slope 195°/30°
80,9,J1310°/70°-SW
80,10,J2. 320°/9°-NE
80,11,No planar Failure probability is found in given
80,12,slope.
80,15,Slope 225°/25°
80,16,J1. 50°/84°-NW
80,17,J2. 280°/78°-SW
80,18,J3. 300°/8°-NE
80,19,No planar Failure probability is found in given
80,20,slope.
80,21,Slope 225°/25°
80,22,"J4. 110°/68°-SW, J2. 350°/71°-SW"
80,23,"J6. 80°/80°-NW, J1. 330°/38°-SW"
80,24,"J5. 60°/80°-NW, J3. 335°/68°-NE"
80,25,"Wedge 1= J4& J5, Wedge 2= J2 & J5"
80,26,Wedge 3 J2 & J4
80,27,Fig.5.6Stereographic projections of various locations exhibiting mode of failure
80,28,The aim of the study is to identify the vulnerable and safe zones in the study area. As
80,29,the field area comprises Peninsular Gneiss overlaying by Bairenkonda Quartzite and
80,30,"Cumbum shales and Siltstones, the Peninsular Gneiss falls under the good category and  at"
80,31,places fair category. Bairenkonda Quartzite and Cumbum shales and Siltstones with gentle
80,32,dipping (5° -10°) fall under the good category. The Peninsular Gneiss is with 3 sets of
80,33,prominent joints and random joints at places causing the planar failure wher e the strike of the
80,34,slope face is parallel to the joint plane. The wedge failure is caused when the line of
80,35,"intersection by two or more structural discontinuities takes place, forming the wedge -shaped"
80,36,"block, plunges in the same direction as the slope face and the plunge angle is less than the"
80,37,slope angle but greater than the friction angle along the planes of failure. Structural
80,38,discontinuity data has been collected from the various cut slopes and plotted the stereonet
80,39,using stereo net software for kinemati cs analysis to examine the possible mode of failure in
80,40,jointed rocks of the study area.
80,41,5.14: Slope Mass rating:
80,42,Slope Mass Rating is developed by Romana in 1985 and derived from the basic RMR
80,43,"(Bieniawski 1989). In the earlier days, it was generated for t unnelling applications, however,"
80,44,"later on, considered for slope correction factors in order to take into account the influence of"
81,1,71 | P a g e
81,3,"the discontinuities orientated on slope stability. In practice, RMR is difficult to apply to"
81,4,slopes as there is no exhaustive definition for the selection of correction factors (Tomas et al.
81,5,2012). The detailed quantitative definition of the correction factors (Irigaray et al.2003) is
81,6,one of the most important advantages of SMR classification (Table. 6.4 & 6.5). Values of
81,7,SMR depict that rocks fall in category (Table. 5.7).
81,8,SMR=RMRb+ (F 1 × F 2 × F 3) + F 4 where these are adjustment factors related to joint
81,9,orientation with respect to slope orientation
81,10,F1: It refers to the parallelism between the direction of the dip of joints and th e slope face.
81,11,"Values range from 1.00 to 0.15. These values match the relationship F1= (1-SinA) 2, where A"
81,12,denotes the angle between the strikes of slope faces and joints.
81,13,F2:  refers to dip amount of joint in case of planar failure or plunge of intersectio n of two
81,14,joints in case of wedge formation. Its value ranges from 1.00 to 0.15 and matches the
81,15,"relationship F2=tg2Bj, where Bj denotes the joint dip angle. For the toppling mode of failure,"
81,16,F2 remains 1.00.
81,17,F3: It refers to the relationship between the dip  of joint or plunge of the intersection of two
81,18,joints and the dip of slope.
81,19,F4: It refers to the adjustment factor for the method of excavation. These correction factors
81,20,have been developed for planar as well as wedge failures. The defect orientation adjus tment
81,21,dominates the RMR with a correction of -60 for “very unfavourable” sites and even -25 for
81,22,“fairly “favourable sites.
81,23,A detailed description of the various slope cuts has been enumerated in Table No. 6.7. Out of
81,24,"a total of 18 locations, 11 slope cut e xhibits various mode of failure following Markland's"
81,25,test. Among these 5 slope cuts fall in the class III Normal category followed by 2 slope cuts
81,26,"each in Class IV (Bad), Class V (Very Bad) and the remaining 1 slope cut each in Class II"
81,27,(Good) and Class I (Very Good) category.
81,28,The remaining 7 slope cuts don't show any mode of failure as their parameters don't fit into
81,29,"Markland's test for deciphering the mode of failure. Furthermore, a large number of slope"
81,30,cuts couldn't be taken up for the test due to the absence of joints owing to the highly
81,31,weathered nature of the Quartzites of Shillong Group and the massive nature of Granites
81,32,belonging to Nongpoh Granitoid respectively.
81,33,Case of
81,34,slope failure
81,35,Very
81,36,Favourable
81,37,Favourable Fair Unfavourable Very
81,38,Unfavourable
81,39,P
81,40,T
81,41,W
81,42,(αj - αS )
81,43,(αj - αS  -
81,44,180)
81,45,> 30°  30 -20°  20 -10° 10 -5° <5°
82,1,72 | P a g e
82,3,(αi - αS)
82,4,P/W/T F1 0.15  0.40  0.70  0.85  1.00
82,5,P
82,6,W
82,7,(βj)
82,8,(βi)  <20° 20 -30° 30 -35° 35 -45° > 45°
82,9,P/W F2 0.15  0.40  0.70  0.85  1.00
82,10,T F2 1.0  1.0  1.0  1.0  1.0
82,11,P
82,12,W
82,13,(βj - βS)
82,14,(βi - βS ) > 10° 10 -0° 0°  0-(-10° ) <-10°
82,15,T (βj + βS )  <110°  110 -120° > 120° -- --
82,16,P/W/T F3 0  -6  -25  -50  -60
82,17,"Table. 5.7: Adjustment ratings for joints (Romana 1985) where P: Planar, T: Toppling and"
82,18,W: Wedge Failure; α s: slope strike; α j: joint strike; α i: Plunge direction of line of
82,19,"intersection, βS: slope dip and βj: joint dip."
82,21,Method Natural
82,22,Slope
82,23,Pre-
82,24,Splitting
82,25,Smooth
82,26,blasting
82,27,Blasting/Mechanical Deficient
82,28,blasting
82,29,F4 +15 +10 +8 0 -8
82,30,Table. 5.8: Adjustment ratings for methods of excavation of slopes (Romana 1985).
82,32,Class V IV III II I
82,33,SMR Value 0-20 21-40 41-60 61-80 81-100
82,34,Rock mass
82,35,description
82,36,Very bad Bad Normal Good Very Good
82,37,Stability Completely
82,38,Unstable
82,39,Unstable Partially
82,40,Stable
82,41,Stable Completely
82,42,stable
82,43,"Table. 5.9: Various Stability Classes as per SMR values (ROMANA,1985)"
82,45,Sl.No Latitude Longitude Failure Type RMR
82,46,Internal
82,47,friction
82,48,angle (ϕ)
82,49,F1 F2 F3 F4 SMR
82,50,1 13.64781 79.35583 Planar &
82,51,Wedge 56 28 0.15 0.85 -6 -8 48.77
82,52,2 13.64767 79.35097 Planar  49 30 0.15 1 -6 -8 41.90
82,53,3 13.65003 79.34456 Planar &
82,54,Wedge 47 29 0.4 0.7 -6 -8 40.68
82,55,4 13.64992 79.34328 Planar &
82,56,Wedge 64 35 0.15 1 0 -8 56.00
82,57,5 13.65344 79.34311 Planar &
82,58,Wedge 57 33 0.15 1 0 -8 49.00
82,59,6 13.66636 79.34886 Planar 66 38 0.85 1 0 -8 58.00
82,60,7 13.66514 79.34322 Wedge 57 33 0.15 1 0 -8 49.00
82,61,8 13.66617 79.34611 Planar &
82,62,Wedge 47 29 0.15 0.85 -6 -8 39.77
83,1,73 | P a g e
83,3,Table. 5.10: Result of SMR in the study area
83,5,5.15: Geotechnical Properties of Soil:
83,6,The soil is primarily composed of minerals which are produced from the rock that is
83,7,"weathered or broken into pieces.  Soils are characterized by their physical, chemical and"
83,8,biological properties. The occurrence and distribution of soils in nature varies f rom location
83,9,"to location. The engineering behaviour of soil is a function of its structure or fabric, which in"
83,10,turn is a result of the geological conditions governing its deposition and subsequent stress
83,11,history. Soils are used as construction materials or civil engineering structures are found in or
83,12,on the surface of the earth. Civil engineering structures and their stability are influenced by
83,13,the geotechnical properties of the soil.  Most of the geotechnical properties of soils influence
83,14,each other. The s tudy of geotechnical properties of soil becomes very important particularly
83,15,for the present study. A total of 20 Undisturbed Soil samples were collected from the study
83,16,area using sample tubes. The sampling locations were selected keeping in view the vulnerable
83,17,areas and representation from all parts of the study area. To establish and characterize the
83,18,"problem nature of the slope material in terms of its implications for slope stability, 20 nos. of"
83,19,"UDS samples were submitted for a range of analysis to the Ge o-technical laboratory,"
83,20,"Southern Region, GSI, Hyderabad. The analyses focused on the distribution of soil particles,"
83,21,Atterberg limit and shear strength parameters. Assessment of geotechnical properties of
83,22,subsoil at the project site is necessary for genera ting relevant input data for the design and
83,23,construction of foundations for the proposed structures. The geotechnical properties of soil
83,24,are discussed as under:
83,25,5.16: Specific gravity of the soil
83,26,"The specific gravity of the soil solids is useful in the determination of void ratio,"
83,27,"degree of saturation, etc., besides the ‘Critical Hydraulic gradient’, and ‘Zero -air-voids’ in"
83,28,compaction. It is useful in computing the unit weight of the soil under different conditions
83,29,"and also in the determination of partic le size by wet analysis. Hence, the specific gravity of"
83,30,soil solids should be determined with great precision.
83,31,The specific gravity of the soil samples collected from the study area ranges between
83,32,2.46 to 2.69 (Table 6.4.). A higher value of specific gravi ty gives more strength to roads and
83,33,foundations. An increase in specific gravity can increase the shear strength parameters
83,34,"(cohesion and angle of shearing resistance) (Roy and Das, 2014)."
84,1,74 | P a g e
84,5,Type of soil Specific gravity
84,6,Sand 2.65-2.67
84,7,Silty sand 2.67-2.70
84,8,Inorganic clay 2.70-2.80
84,9,Soil with mica or iron 2.75-3.00
84,10,Organic soil  1.00-2.60
84,11,"Table. 5.11: Typical values of specific gravity (Bowles, 2012)"
84,12,5.17: Density
84,13,Soil density is the relation between the mass and the volume of a dry soil sample. The
84,14,"bulk density of soil depends on its formation, texture and the density of minerals present in"
84,15,the soil. The highly compacted soils have high bulk density and it increases with depth. High-
84,16,density soils have less porosity and low -dense soils have less densi ty.  When eroded soil
84,17,"particles fill pore space, porosity is reduced and bulk density increases. In the linear plot of"
84,18,density and void ratio (Fig. 6.4.2) the void ratio shows an inverse relationship with density.
84,19,The increase in void ratio decreases the d ensity of the soil thereby causing a reduction in the
84,20,compaction of the soil.
84,23,Fig5.7: Line Chart showing the relationship of void ratio and density of the sample
84,24,0
84,25,0.2
84,26,0.4
84,27,0.6
84,28,0.8
84,29,1
84,30,1.2
84,31,1.4
84,32,1.6
84,33,1.8
84,34,2
84,35,1 2 3 4 5 6 7 8 9 10 11 12 13 14 15 16 17 18 19 20
84,36,Linear plot of Density and V oid Ratio
84,37,DENSITY gms/CC Void ratio
85,1,75 | P a g e
85,3,5.18: Soil particle distribution
85,4,The slope stability is also influenced by the size of soil particles and distribution of
85,5,pores in the soil. These properties influence the permeability of the soil and the water-holding
85,6,capacity. The percentage of the clay is a major indicator of the soil strength and the stability
85,7,of the slopes. Finer soils tend to hold higher volumes of water under unsaturated conditions
85,8,than coarse -textured soils (Sidle et al.1985). The soil samples with less clay content have
85,9,more permeability to water and therefore hav e more chances of landslide (Satheesh &
85,10,"Deepthy, 2016). The result of particle size distribution of 20 nos. of undisturbed soil samples"
85,11,for the study area is shown in Table 5.12.
85,13,Sample No. Gravel Sand Clay Silt
85,14,TPT/UDS/01 12 59 2 27
85,15,TPT/UDS/02 2 62 2 34
85,16,TPT/UDS/03 9 57 2 32
85,17,TPT/UDS/04 0 65 2 33
85,18,TPT/UDS/05 8 55 4 34
85,19,TPT/UDS/06 0 75 2 23
85,20,TPT/UDS/07 4 66 3 28
85,21,TPT/UDS/08 13 60 4 24
85,22,TPT/UDS/09 27 34 8 31
85,23,TPT/UDS/10 3 70 5 22
85,24,TPT/UDS/11 4 69 6 21
85,25,TPT/UDS/12 15 58 3 24
85,26,TPT/UDS/13 0 57 7 36
85,27,TPT/UDS/14 26 57 17 0
85,28,TPT/UDS/15 0 38 16 46
85,29,TPT/UDS/16 6 42 9 43
85,30,TPT/UDS/17 16 38 18 28
85,31,TPT/UDS/18 16 47 15 22
85,32,TPT/UDS/19 6 58 7 29
85,33,TPT/UDS/20 25 59 9 6
85,34,Table. 5.12: Particle size distribution of 20 nos. of undisturbed soil samples
85,35,The grain size analysis was carried out for 20 UDS samples and based on analytical
85,36,data the soil samples were USDA (United States Department of Agriculture) (1987) soil
85,37,classification triangulated diagram and classified into four classes.  2 no. of samples  Silty
85,38,"soil, 6 no. of samples Silty Clay Loam, 7 no. of samples Silty clay and 5 no. of samples as"
85,39,Silty Loam.
86,1,76 | P a g e
86,3,The clay and silt % in the soil from the study area is relatively higher indicating it to
86,4,"be non-cohesive soil, which is medium -grained, low stre ngth, and easily deformable. In our"
86,5,"study area, most of the samples fall in Silty-clay and Silty-clay-Loam soils, comprised mainly"
86,6,of intermediate-sized particles. Sandy loam soils have a high concentration of sand that gives
86,7,"them a gritty feel,  Sandy loam soils are capable of quickly draining excess water but cannot"
86,8,hold significant amounts of water or nutrients for your plants
86,9,5.19: Shear strength parameters:
86,10,The shear strength parameters of soils are defined as cohesion and the friction angl e.
86,11,"The shear strength of soil depends on the effective stress, drainage conditions, density of the"
86,12,"particles, rate of strain, and direction of the strain. Thus, the shearing strength is affected by"
86,13,"the consistency of the materials, mineralogy, grain size d istribution, shape of the particles,"
86,14,"initial void ratio and features such as layers, joints, fissures, and cementation."
86,15,5.20: Cohesion(c):
86,16,"It is the innate “stickiness” of a material, the attraction of its molecules to each other."
86,17,"Cohesive soils are fine-grained, low -strength, and easily deformable soils that have a"
86,18,tendency for particles to adhere. The soil is classified as cohesive if the amount of fines (silt
86,19,"and clay -sized material) exceeds 50% by weight (Mitchell and Soga, 2005). Examples of"
86,20,"cohesive soils include sandy clay, silty clay, clayey silt, and organic clay."
87,1,77 | P a g e
87,4,Fig. 5.8: Scatter Plot showing Natural Moisture Content against Cohesion of 20 nos. of UDS
87,5,samples.
87,6,5.21: Angle of internal friction (Φ)
87,7,Internal friction is due to the grains o f the material rubbing against each other. The friction
87,8,depends on the slickness of the particular materials; hardness of the grain being forced
87,9,against each other by gravity
88,1,78 | P a g e
88,4,Fig.5.9: Scatter Plot showing Natural Moisture Content against the Angle of Internal Friction
88,5,of  20 nos. of UDS samples
88,7,Sample No. MC % Density
88,8,gm./cc
88,9,Void
88,10,Ratio Porosity Sp.
88,11,Gravity
88,12,C
88,13,(kg/cm2)
88,14,Angle of
88,15,internal
88,16,friction
88,17,(degree)
88,18,PL
88,19,% LL% PI Shrinkage
88,20,Limit %
88,21,TPT/UDS/01 4.11 1.58 0.7 0.61 2.69 0.75 34 28 24 4 21
88,22,TPT/UDS/02 4.01 1.49 0.7 0.6 2.54 0.4 34 35 28 7 20
88,23,TPT/UDS/03 5.99 1.52 0.68 0.6 2.55 0.40 28 35 28 7 20
88,24,TPT/UDS/04 3.04 1.69 0.59 0.63 2.69 0.84 33 32 24 8 21
88,25,TPT/UDS/05 4.72 1.38 0.86 0.58 2.57 0.75 33 28 24 4 21
88,26,TPT/UDS/06 3.48 1.87 0.37 0.65 2.57 0.97 30 32 31 1 23
88,27,TPT/UDS/07 8.84 1.65 0.58 0.62 2.61 0.77 31 35 28 7 20
88,28,TPT/UDS/08 10.35 1.61 0.7 0.62 2.73 0.60 38 32 26 6 23
88,29,TPT/UDS/09 11.14 1.72 0.56 0.63 2.69 0.76 36 31 27 4 24
88,30,TPT/UDS/10 10.39 1.69 0.64 0.63 2.78 0.76 38 31 27 4 24
88,31,TPT/UDS/11 6.58 1.82 0.42 0.65 2.59 0.65 38 32 24 8 23
88,32,TPT/UDS/12 11.96 1.59 0.64 0.61 2.61 0.75 38 32 24 8 23
88,33,TPT/UDS/13 2.45 1.37 0.93 0.58 2.64 0.90 30 35 28 7 20
88,34,TPT/UDS/14 2.62 1.55 0.7 0.61 2.63 0.62 33. 28 24 4 21
89,1,79 | P a g e
89,3,TPT/UDS/15 10.32 1.47 0.8 0.6 2.64 0.77 30. 35 28 7 23
89,4,TPT/UDS/16 2.67 1.6 0.62 0.62 2.59 0.77 34 35 28 7 23
89,5,TPT/UDS/17 6.94 1.46 0.75 0.59 2.56 0.77 34 30 26 4 21
89,6,TPT/UDS/18 5.55 1.38 1.01 0.58 2.77 0.47 28 30 26 4 24
89,7,TPT/UDS/19 3.9 1.53 0.76 0.6 2.69 0.93 30 28 24 4 21
89,8,TPT/UDS/20 3.41 1.57 0.57 0.61 2.47 0.67 35 30 26 4 22
89,9,Table. 5.13: Geotechnical properties of overburden material
90,1,80 | P a g e
90,3,CHAPTER-6
90,4,LANDSLIDE RISK ANALYSIS
90,6,6.1. Hazard analysis of the study area
90,7,The Landslide risk analysis has been attempted with the available landslide data so
90,8,that the stakeholders can find this geoinformation more meaningful and useful for landslide
90,9,"management purposes. In general terms, Risk is obtain ed as a product of Hazards and"
90,10,consequences. Hazard signifies the likelihood of occurrence of an event (landslide in this
90,11,"case) of a given magnitude in a given time, and consequence signifies the loss or degree of"
90,12,"damage resulting from that event. In this study, Hazards, Consequences and Risk have been"
90,13,"analysed using the available data and value judgment . Thus, an attempt has been made to"
90,14,"estimate hazards in the sector, separately for natural (NS) and cut slope (CS) failures."
90,15,"AGS, (2007); Fell et al. (2008); and NLRMS (2019) provided suggestive descriptors"
90,16,for landslide frequency determination during hazard analysis (Table 6.1).
90,17,Hazard
90,18,descriptor
90,19,Rock falls from
90,20,natural cliffs
90,21,or rock cut
90,22,slope
90,23,Slides of cuts
90,24,and fills on
90,25,roads or
90,26,railways
90,27,Small
90,28,landslides on
90,29,natural slope
90,30,Individual
90,31,landslides on
90,32,natural slopes
90,33,Number/
90,34,annum/km or
90,35,cliff or rock
90,36,cut slope
90,37,Number/
90,38,annum/ km of
90,39,cut or fill
90,40,Number/ km
90,41,/annum
90,42,Annual
90,43,probability of
90,44,active sliding
90,45,Very high >10 >10 >10 10-1
90,46,High 1 to 10 1 to 10 1 to 10 10-2
90,47,Moderate 0.1 to 1.0 0.1 to 1.0 0.1 to 1.0 10-3 to 10-4
90,48,Low 0.01 to 0.1 0.01 to 0.1 0.01 to 0.1 10-5
90,49,Very Low <0.01 <0.01 <0.01 <10-6
90,50,Table 6.1: Suggestive descriptors for landslide frequency determination during hazard
90,51,"analysis (AGS, 2007; Fell et al., 2008; NLRMS-2019)"
90,52,"The road corridor from Alipiri to Tirumala (Tirumala up -ghat road), from chainage 0"
90,53,km to 8 and 16-18 km is under very low hazard and low risk category while the road corridor
90,54,from 9 km to 12 km are under moderate hazard and moderate  risk category and the road
90,55,corridor from 13 to 16 are under high hazard and high -risk category. The Tirumala down -
90,56,ghat road stretch is falling under a very low hazard and risk category (Table 6.2).
91,1,81 | P a g e
91,4,Table-6.2 Hazard from different Landslide types:
91,5,Sl.No. Road
91,6,Sector Km No. No of incidences
91,7,Landslide on
91,8,cut slope
91,9,(Number/km)
91,10,Hazard
91,11,descriptor
91,12,1
91,13,TIRUMALA UP GHAT ROAD
91,14,Km 0 to Km 1 Debris/Earth
91,15,Slide=0 <0.01 Very Low
91,16,Rock Slide=0 <0.01 Very Low
91,17,2 Km 1 to Km 2 Debris/Earth
91,18,Slide=0 <0.01 Very Low
91,19,Rock Slide=0 <0.01 Very Low
91,20,3 Km 2 to Km 3 Debris/Earth
91,21,Slide=2 <0.01 Very Low
91,22,Rock Slide=0 <0.01 Very Low
91,23,4 Km 3 to Km 4 Debris/Earth
91,24,Slide=0 <0.01 Very Low
91,25,Rock Slide=0 <0.01 Very Low
91,26,5 Km 4 to Km 5 Debris/Earth
91,27,Slide=1 <0.01 Very Low
91,28,Rock Slide=0 <0.01 Very Low
91,29,6 Km 5 to Km 6 Debris/Earth
91,30,Slide=1 <0.01 Very Low
91,31,Rock Slide=0 <0.01 Very Low
91,32,7 Km 6 to Km 7 Debris/Earth
91,33,Slide=0 <0.01 Very Low
91,34,Rock Slide=1 <0.01 Very Low
91,35,8 Km 7 to Km 8 Debris/Earth
91,36,Slide=1 <0.01 Very Low
91,37,Rock Slide=1 <0.01 Very Low
91,38,9 Km 8 to Km 9 Debris/Earth
91,39,Slide=3 0.1 to 1.0 Moderate
91,40,Rock Slide=5 0.1 to 1.0 Moderate
91,41,10 Km 9 to Km
91,42,10
91,43,Debris/Earth
91,44,Slide=10 0.1 to 1.1 Moderate
91,45,Rock Slide=1 <0.01 Moderate
91,46,11 Km 10 to Km
91,47,11
91,48,Debris/Earth
91,49,Slide=4 0.1 to 1.1 Moderate
91,50,Rock Slide=0 <0.01 Very Low
91,51,12 Km 11 to Km
91,52,12
91,53,Debris/Earth
91,54,Slide=1 <0.01 Moderate
91,55,Rock Slide=0 <0.01 Very Low
91,56,13 Km 12 to Km
91,57,13
91,58,Debris/Earth
91,59,Slide=1 1 to 10 High
91,60,Rock Slide=3 1 to 10 High
92,1,82 | P a g e
92,3,14 Km 13 to Km
92,4,14
92,5,Debris/Earth
92,6,Slide=6 1 to 10 High
92,7,Rock Slide=0 0.01 to 0.1 Low
92,8,15 Km 14 to Km
92,9,15
92,10,Debris/Earth
92,11,Slide=2 1 to 10 High
92,12,Rock Slide=1 0.01 to 0.1 Low
92,13,16 Km 15 to Km
92,14,16
92,15,Debris/Earth
92,16,Slide=1 1 to 10 High
92,17,Rock Slide=2 1 to 10 High
92,18,17 Km 16 to Km
92,19,17
92,20,Debris/Earth
92,21,Slide=0 <0.01 Very Low
92,22,Rock Slide=0 <0.01 Very Low
92,23,18 Km 17 to Km
92,24,18
92,25,Debris/Earth
92,26,Slide=0 <0.01 Very Low
92,27,Rock Slide=0 <0.01 Very Low
92,28,19
92,29,TIRUMALA
92,30,DOWN
92,31,GHAT
92,32,ROAD
92,33,Km 0 to Km
92,34,18
92,35,Debris/Earth
92,36,Slide=1 <0.01 Very Low
92,37,Rock Slide=0 <0.01 Very Low
92,38,6.2.  Element at risk
92,39,The Element at risk describes any object that could potentially fail or exposed to hazards
92,40,"during disaster (Hasan et al. 2018). In order to identify the potential risks of landslides, it  is"
92,41,"essential to identify the possible elements at risk, their spatial and temporal relationship with"
92,42,"the hazard, how they may be affected, as well as their possible levels of vulnerability. It"
92,43,"covers all valued attributes threatened by the hazard (the lan dslide); and includes life,"
92,44,"structures, land, resources, social and physical infrastructure, public service utilities,"
92,45,"environmental qualities, economic activities, and physical and mental well -being. The"
92,46,element at risk (EatR) map indicates the spatial di stribution of the elements at risk within the
92,47,present study area. This map is prepared as a value addition map along with the landslide
92,48,susceptibility map.
92,49,"During field work, some localities in the study area have been identified as high -risk"
92,50,"areas based o n the extent of effect on lives, property, economy, or environment due to"
92,51,landslide incidences in the area.
93,1,83 | P a g e
93,3,Table-6.3 Vulnerable analysis of different landslide types
93,4,Type Eat R No of incidence
93,5,interacting with EatR
93,6,as per inventory
93,7,Average
93,8,damage cause
93,9,Consequence or
93,10,Vulnerability
93,11,Likelihood
93,12,Tirumala Up-
93,13,Ghat Road
93,14,Debris/Earth Slide
93,15,=32
93,16,High High Likely
93,17,Rock slide =14 High Catastrophic Likely
93,18,Tirumala
93,19,Down-Ghat
93,20,Road
93,21,Debris/Earth Slide=1 Low Low Rare
93,22,Rock slide =0 Low Low Rare
93,23,Alipiri Foot-
93,24,Track
93,25,Debris/Earth Slide=0 Low Low Rare
93,26,Rock slide =0 Low Low Rare
93,27,Srivari Mettu
93,28,Foot-Track
93,29,Debris/Earth Slide=1  High High Likely
93,30,Rock slide =0 Low Low Rare
93,33,Fig.-6.1Elements at risk map of the study area
94,1,84 | P a g e
94,3,6.3 Generic risk or Hazard mitigation plan
94,4,"During mesoscale susceptibility mapping in and around Tirumala Hills, along"
94,5,"Tirumala up-ghat road and Tirumala down ghat road, a total of 48 landslide incidences were"
94,6,recorded and landslide inventory was prepared. The entire stretch of Tirumala up -ghat road
94,7,"and Tirumala down -ghat road was mapped on  1:10,000 scale to understand the geological"
94,8,"disposition and attitude of litho units, joint system, joint pattern, and other structural"
94,9,discontinuities if any. The slope forming material map and overburden thickn ess map were
94,10,prepared in the field to understand and classify the area into rock domain and overburden
94,11,"domain, based on that, the landslide incidences were categorised as Rock Slide Domain, Cut -"
94,12,"slope Domain, and Debris Domain.  The rock mass characterisati on was done for rock"
94,13,domain areas along the Tirumala up -ghat road and Tirumala down -ghat road and it is
94,14,observed that the rock mass along the cut-slopes and natural slopes of Tirumala Up-ghat road
94,15,"ranges from Fair rock mass category (Class -III) to Good Roc k mass category (Class -II),"
94,16,while the Tirumala down-ghat road is coming under good rock mass (Class -II) category. The
94,17,Slope mass rating (SMR) for the Tirumala up -ghat road section falls under the class -III
94,18,category which suggests that rock mass is normal and partially stable. After computing
94,19,domain-specific controlling factors and thematic geo -factors along with their LSPW and
94,20,"TESV, the landslide susceptibility map was prepared, which classified the road corridor along"
94,21,"Tirumala up-ghat road and down ghat road into low, moderate, and highly susceptible areas."
94,22,"Based on the computed hazard descriptor, rock mass quality and intensity of the"
94,23,"landslide, a generic hazard mitigation plan is prepared for Debris slide zones and Rock slide"
94,24,zones.
94,25,6.4. Landslide Management
94,26,6.4.1. Generic risk or Hazard mitigation options for Debris Slides
94,27,A total of 33 nos. of Debris slide incidences were recorded in Tirumala Up -Ghat
94,28,"Road. In the up -ghat road, most Debris slides are concentrated either along cut slopes or in"
94,29,the case of natural slopes with wide hollows with streams of high stream power inde x. In the
94,30,"cut slope domain, during the process of slope excavation, the slope is modified at a steeper"
94,31,"angle, the natural drainage path is blocked and the excavated slope face is left untreated"
94,32,which leads to the unfavourable disposition of structural discontinuities.
95,1,85 | P a g e
95,3,"Due to the speed and intensity of most debris slides, they are very hard to stop once"
95,4,"they have started. However, methods are available to contain and deflect debris flows"
95,5,primarily using retaining walls and debris-flow basins. Following are some general mitigation
95,6,options for debris slides:
95,7," Removal of soil from the head of the slide, which in turn reduces the driving force"
95,8,and thereby improves stability.
95,9, Slope grading or benching of unstable slope. Benches are a series of “steps” cut
95,10,into a deep soil or rock face for the purpose of reducing the driving forces.
95,11," Stream channel linings, Channel linings are another way of stabilizing a stream or"
95,12,creek channel and the sides of the stream or creek. The lining is usually slush
95,13,"grouted with high -quality concrete, preferably reinforced by steel fibre mat to"
95,14,resist abrasion. Protruding boulders are set in the concrete to dissipate the energy
95,15,of water flow
95,16," Check dams are small, sediment -storage dams built in the channels of steep"
95,17,gullies to stabilize the channel bed.
95,18, Retaining walls
95,19, Slope stabilization using vegetation.
95,20, Hazard Warning Signs
95,21,"Along Tirumala Up-Ghat Road, the following are some treatment measures tabulated"
95,22,"below, which can be done to narrow down the impact of further debris slides which lead  to"
95,23,road blockage and cause inconvenience for daily commuters and devotees.
95,24,Table-6.4Generic risk or Hazard mitigation options for Debris Slides
95,25,Sl.No. Latitude Longitude Nature of
95,26,slide
95,27,Chainage
95,28,(in KM)
95,29,Risk
95,30,Value
95,31,Hazard/Risk
95,32,mitigation options
95,33,1 13.643293 79.386913 Debris Slide 2.3 Low
95,34,Increase in height of
95,35,existing Retaining by
95,36,4 meters and Slope
95,37,grading
95,38,2 13.643196 79.386741 Debris Slide 2.4 Low
95,39,Increase in height of
95,40,existing Retaining by
95,41,4 meters
95,42,3 13.641444 79.36919 Debris Slide 4.7 Low
95,43,"Check dams, Nala"
95,44,"Cascade, Toe Drain"
95,45,& Culvert if required
96,1,86 | P a g e
96,3,Sl.No. Latitude Longitude Nature of
96,4,slide
96,5,Chainage
96,6,(in KM)
96,7,Risk
96,8,Value
96,9,Hazard/Risk
96,10,mitigation options
96,11,4 13.639811 79.366071 Debris Slide 5.37 Low
96,12,Removal of soil from
96,13,head of slide and
96,14,Slope grading
96,15,5 13.649172 79.348053 Debris Slide 7.9 Moderate
96,16,Increase in height of
96,17,existing Retaining by
96,18,3 meters
96,19,6 13.649523 79.346773 Debris Slide 8.1 Moderate
96,20,Stream channel
96,21,"lining, Nala Cascade,"
96,22,Toe Drain & Culvert
96,23,if required
96,24,7 13.649999 79.341666 Debris Slide 8.65 Moderate
96,25,Stream channel
96,26,"lining, Nala Cascade,"
96,27,Toe Drain & Culvert
96,28,if required
96,29,8 13.651598 79.340532 Debris Slide 8.8 Moderate
96,30,Increase in height of
96,31,existing Retaining by
96,32,3 meters
96,33,9 13.653047 79.342436 Debris Slide 9.15 Moderate
96,34,Increase in height of
96,35,existing Retaining by
96,36,4 meters and slope
96,37,grading
96,38,10 13.653742 79.343681 Debris Slide 9.3 Moderate
96,39,Increase in height of
96,40,existing Retaining by
96,41,4 meters
96,42,11 13.655177 79.346075 Debris Slide 9.61 Moderate
96,43,Stream channel
96,44,"lining, Nala Cascade,"
96,45,Toe Drain & Culvert
96,46,if required
96,47,12 13.656327 79.347828 Debris Slide 9.8 Moderate
96,48,Increase in height of
96,49,existing Retaining by
96,50,4 meters and slope
96,51,grading
96,52,13 13.65604 79.347769 Debris Slide 9.8 Moderate
96,53,Increase in height of
96,54,existing Retaining by
96,55,"3 meters, Slope"
96,56,grading
96,57,14 13.656574 79.348014 Debris Slide 9.87 Moderate
96,58,Increase in height of
96,59,existing Retaining by
96,60,"4 meters, Slope"
96,61,grading
96,62,15 13.656621 79.348237 Debris Slide 9.88 Moderate
96,63,Increase in height of
96,64,existing Retaining by
96,65,"4 meters, Slope"
96,66,grading
97,1,87 | P a g e
97,3,Sl.No. Latitude Longitude Nature of
97,4,slide
97,5,Chainage
97,6,(in KM)
97,7,Risk
97,8,Value
97,9,Hazard/Risk
97,10,mitigation options
97,11,16 13.656806 79.3485 Debris Slide 9.9 Moderate
97,12,Increase in height of
97,13,existing Retaining by
97,14,4 meters
97,15,17 13.6573 79.34849 Debris Slide 9.95 Moderate
97,16,Increase in height of
97,17,existing Retaining by
97,18,4 meters
97,19,18 13.657632 79.348189 Debris Slide 10 Moderate
97,20,Increase in height of
97,21,existing Retaining by
97,22,4 meters
97,23,19 13.658865 79.348521 Earth Slide 10.15 Low Slope grading
97,24,20 13.658969 79.348892 Debris Slide 10.2 Low
97,25,Stream channel
97,26,"lining, Nala Cascade,"
97,27,Toe Drain & Culvert
97,28,if required
97,29,"21 13.659175 79.349417 Debris Slide 10.27 Low Nala Cascade, Toe"
97,30,Drain & Culvert
97,31,"22 13.663685 79.351615 Debris Slide 11 Low Nala Cascade, Toe"
97,32,Drain & Culvert
97,33,"23 13.665434 79.34827 Debris Slide 11.38 Low Nala Cascade, Toe"
97,34,Drain & Culvert
97,35,24 13.666468 79.346808 Debris Slide 12.58 High
97,36,Stream channel
97,37,"lining, check dam or"
97,38,"Nala Cascade, Toe"
97,39,Drain & Culvert if
97,40,required
97,41,25 13.665518 79.351641 Debris Slide 13.2 High
97,42,Further increase in
97,43,height of existing
97,44,Retaining wall by 4
97,45,meters and Slope
97,46,Grading
97,47,26 13.665939 79.352073 Debris Slide 13.4 High
97,48,Further increase in
97,49,height of existing
97,50,Retaining wall by 4
97,51,metersand Slope
97,52,Grading
97,53,27 13.666423 79.350216 Debris Slide 13.7 High
97,54,Further increase in
97,55,height of existing
97,56,Retaining wall by 4
97,57,metersand Slope
97,58,Grading
97,59,28 13.667352 79.348129 Debris Slide 13.9 High
97,60,Further increase in
97,61,height of existing
97,62,Retaining wall by 4
98,1,88 | P a g e
98,3,Sl.No. Latitude Longitude Nature of
98,4,slide
98,5,Chainage
98,6,(in KM)
98,7,Risk
98,8,Value
98,9,Hazard/Risk
98,10,mitigation options
98,11,metersand Slope
98,12,Grading
98,13,29 13.667688 79.347282 Debris Slide 13.95 High
98,14,Further increase in
98,15,height of existing
98,16,Retaining wall by 4
98,17,metersand Slope
98,18,Grading
98,19,30 13.667418 79.347758 Debris Slide 14 High
98,20,Further increase in
98,21,height of existing
98,22,Retaining wall by 4
98,23,meters and Slope
98,24,Grading
98,25,31 13.66804 79.345949 Debris Slide 14.3 High
98,26,Further increase in
98,27,height of existing
98,28,Retaining wall by 4
98,29,meters and Slope
98,30,Grading
98,31,32 13.668064 79.346886 Debris Slide 14.4 High
98,32,Further increase in
98,33,height of existing
98,34,Retaining wall by 4
98,35,meters and Slope
98,36,Grading
98,37,33 13.667252 79.352634 Debris Slide 15.3 High
98,38,Further increase in
98,39,height of existing
98,40,Retaining wall by 4
98,41,meters and Slope
98,42,Grading
98,44,6.4.2. Generic risk or Hazard mitigation options for Rock Slides
98,45,A total of 14 nos. of Debris slide incidences were recorded in Tirumala Up -Ghat
98,46,"Road. In the up-ghat road, most Rockslides are concentrated either along cut slopes or in case"
98,47,of natural slopes having steep slope faces and highly jointed weathered granites and dolerite
98,48,"rock mass at unstable slopes, causing rock slides/falls and rock toppling."
98,49,"The slope angle varies from 25 0 to >45 0, the aspect of slope in these reaches are"
98,50,mostly south -easterly to south -westerly and North-westerly.  The d aylighted condition of
98,51,"highly jointed rock-mass, and the very thin cover of slope -forming material (<1m) across the"
98,52,"spur region are the main causative factors for rockslides in Cut -Slopes. Thus, the rockslides"
99,1,89 | P a g e
99,3,are mainly concentrated along the kinks of cut  slopes mostly as they are excavated across the
99,4,spur.
99,5,Rockfall/Rockslides causes extraordinary amounts of monetary damage and
99,6,"death, the former mostly by impeded transportation and commerce due to blocked highway"
99,7,and the latter as direct casualties from  falling rocks. Some methods of rockfall hazard
99,8,"mitigation include catch ditches, benches, scaling and trimming, cable and mesh, shotcrete,"
99,9,"anchors, and bolts."
99,10, Catch nets made of cable and wire mesh can be constructed to catch falling rock at
99,11,"the bottom of gullies and slopes. When suspended from an anchored cable, the mesh"
99,12,forms a flexible barrier to dissipate the energy of the falling rock and will usually stop
99,13,"boulders up to 1 m in diameter, if properly secured."
99,14, Rock fences can prevent small rocks from falling onto roads but do not stop rocks
99,15,that bounce out over the top of the fence barrier. Rock curtains are more effective in
99,16,"directing rocks down to a catch ditch or ot her catching structure, preventing them"
99,17,from bouncing outward onto the highway.
99,18, Rock Sheds/Shelters: These are built over ghat road to shield the area from rockfall
99,19,and rock avalanches.
99,20," Scaling and Trimming Loose, unstable, and (or) overhanging blocks of rock, which"
99,21,"may pose a danger to passing traffic and (or) pedestrians, can be removed by scaling"
99,22,or trimming.
99,23, Shotcrete is a type of concrete that is applied by air jet directly onto the surface of an
99,24,unstable rock face. Shotcrete is an all -inclusive term to describe the spraying of
99,25,concrete or mortar either by a dry- or a wet-mix process.
99,26, Anchors and Bolts : These are tools composed of steel rods or cables that reinforce
99,27,and tie together a rock face to improve its stability. Anchors are post -tensioned
99,28,"members used to support large blocks of rock, whereas bolts are shorter and support"
99,29,surface rock.
99,30, Rock fall/Rockslide hazard warning signs.
99,31,"Along Tirumala Up-Ghat Road, the following are some treatment measures tabulated"
99,32,"below, which can be done to mitigate the rockfall hazard."
99,33,Table-6.5Generic risk or Hazard mitigation options for Rock Slides/Rock Toppling
100,1,90 | P a g e
100,3,Sl.No. Latitude Longitude Nature
100,4,of slide
100,5,Chainage
100,6,(in KM)
100,7,Risk Value Hazard/Risk mitigation
100,8,options
100,9,1 13.647783 79.355853 Rock
100,10,"Slide 7 Low Shotcrete, Rock curtains"
100,11,Anchors and Bolts
100,12,2 13.647843 79.351024 Rock
100,13,"Slide 7.49 Low Shotcrete, Rock curtains"
100,14,Anchors and Bolts
100,15,3 13.650079 79.344406 Rock
100,16,Toppling 8.3 Catastrophic
100,17,"Catch nets, Rock curtains,"
100,18,Scaling and Trimming of
100,19,"loose, unstable, and (or)"
100,20,overhanging blocks of
100,21,"rock, Rock"
100,22,"Sheds/Shelters, Rock"
100,23,fall/Rock slide hazard
100,24,warning signs
100,25,4 13.650015 79.343255 Rock
100,26,Toppling 8.42 Catastrophic
100,27,"Catch nets, Rock curtains,"
100,28,Scaling and Trimming of
100,29,"loose, unstable, and (or)"
100,30,overhanging blocks of
100,31,"rock, Rock"
100,32,"Sheds/Shelters, Rock"
100,33,fall/Rock slide hazard
100,34,warning signs
100,35,5 13.649813 79.341647 Rock
100,36,Toppling 8.63 Catastrophic
100,37,"Catch nets, Rock curtains,"
100,38,Scaling and Trimming of
100,39,"loose, unstable, and (or)"
100,40,overhanging blocks of
100,41,"rock, Rock"
100,42,"Sheds/Shelters, Rock"
100,43,fall/Rock slide hazard
100,44,warning signs
100,45,6 13.650855 79.340875 Rock
100,46,Toppling 8.7 Catastrophic
100,47,"Catch nets, Rock curtains,"
100,48,Scaling and Trimming of
100,49,"loose, unstable, and (or)"
100,50,overhanging blocks of
100,51,"rock, Rock"
100,52,"Sheds/Shelters, Rock"
100,53,fall/Rock slide hazard
100,54,warning signs
100,55,7 13.652042 79.340741 Rock
100,56,Toppling 8.89 Catastrophic
100,57,"Catch nets, Rock curtains,"
100,58,"Sheds/Shelters, Rock"
100,59,fall/Rock slide hazard
100,60,warning signs
100,61,8 13.652482 79.341433 Rock
100,62,"Slide 9 Moderate Shotcrete, Rock curtains"
100,63,Anchors and Bolts
100,64,9 13.653168 79.342866 Rock
100,65,"Slide 9.21 Low Shotcrete, Rock curtains"
100,66,Anchors and Bolts
100,67,10 13.666343 79.347482 Rock
100,68,"Slide 12.6 High Shotcrete, Rock curtains"
100,69,Anchors and Bolts
101,1,91 | P a g e
101,3,Sl.No. Latitude Longitude Nature
101,4,of slide
101,5,Chainage
101,6,(in KM)
101,7,Risk Value Hazard/Risk mitigation
101,8,options
101,9,11 13.666356 79.347769 Rock
101,10,Toppling 12.8 Catastrophic
101,11,"Catch nets, Rock curtains,"
101,12,Scaling and Trimming of
101,13,"loose, unstable, and (or)"
101,14,overhanging blocks of
101,15,"rock, Rock"
101,16,"Sheds/Shelters, Rock"
101,17,fall/Rock slide hazard
101,18,warning signs
101,19,12 13.666437 79.348153 Rock
101,20,Toppling 12.85 Catastrophic
101,21,"Catch nets, Rock curtains,"
101,22,Scaling and Trimming of
101,23,"loose, unstable, and (or)"
101,24,overhanging blocks of
101,25,"rock, Rock"
101,26,"Sheds/Shelters, Rock"
101,27,fall/Rock slide hazard
101,28,warning signs
101,29,13 13.667424 79.350971 Rock
101,30,"Slide 15.5 High Shotcrete, Rock curtains"
101,31,Anchors and Bolts
101,32,14 13.668213 79.349857 Rock
101,33,"Slide 15.6 High Shotcrete, Rock curtains"
101,34,Anchors and Bolts
102,1,92 | P a g e
102,3,CHAPTER-7
102,4,CONCLUSION & RECOMMENDATIONS
102,6,"Tirumala Hill, located in Tirupati town, Indian state of Andhra Pradesh, is a popular"
102,7,pilgrimage destination that attracts millions of visitors every year. While the area is known
102,8,"for its stunning natural beauty and rich cultural heritage, it is also subje ct to several"
102,9,"geological hazards, including landslides. In recent years, slope failures along cut -slopes have"
102,10,become more frequent in Tirumala hills owing to infrastructure development in the terrain
102,11,and construction of roads without adopting adequate supp orting measures for the excavated
102,12,hill slopes. This high level of human activity (residential and commercial developments) can
102,13,"further increase the risk of landslides, as it can destabilize the slopes and alter the natural"
102,14,"drainage patterns. Hence a mesosc ale (1:10,000) landslide susceptibility mapping program in"
102,15,"and around Tirumala Hills, has been carried out in FS: 2022 -23. The study area lies in the"
102,16,"Chittoor district of Andhra Pradesh and falls in SOI Toposheet no. 57O/6(13°41'30.22""N"
102,17,"79°20'14.65""E and 13°38'23.06""N, 79°25'24.21""E). The main objective of this field item is to"
102,18,prepare domain-specific landslide susceptibility models as well as a combined & classified
102,19,landslide susceptibility map on a 10K scale for the benefit of stakeholders.
102,20,"Physiographically, the area under study is characterized by highly dissected ridges"
102,21,and valleys.  Cuddapah Quartzites forming the cap rock are very intensely dissected and
102,22,"gullied and the slope of Tirumala hills is constituted by the granites, granitic gneisses"
102,23,belonging to PGC with basic intrusive. These slopes are dominantly overcast by the slope
102,24,wash and debris materials brought down from overlying Cuddapah Quartzite.
102,25,The study area is a part of granitic/gneiss terrain and lies at the southern tip of the
102,26,Cuddapah b asin. The study area exposes the rocks of the Dharwar Supergroup of the
102,27,Archaean age and Peninsular Gneissic Complex -II of the Paleoproterozoic age overlain by
102,28,litho units of the Nallamalai Group of the Meso -Proterozoic age.  A major part of the study
102,29,"area exposes the rocks of Peninsular Gneissic Complex -II comprising grey biotite granite,"
102,30,"pink biotite granite, alkali -feldspar granite and leucogranite and traversed by younger quartz"
102,31,"veins, dolerite dykes."
102,32,"As a part of pre -field work, landslide inventory was  prepared with the help of"
102,33,multitemporal high-resolution Google Earth imageries aided with media reports about recent
103,1,93 | P a g e
103,3,"landslides in and around Tirumala hills, and a total of 12 numbers of landslide imprints /scars"
103,4,/depressions were identified.
103,5,"During mesos cale susceptibility mapping in and around Tirumala Hills, along"
103,6,"Tirumala up-ghat road and Tirumala down ghat road, a total of 48 landslide incidences were"
103,7,"recorded and landslide inventory was prepared. Out of 48 landslides, all the failures resulting"
103,8,"from slope cuts, include 34 nos. of debris slides, 14 nos. of Rockslides and Rockfall. The"
103,9,entire stretch of Tirumala up -ghat road and Tirumala down -ghat road was mapped on a
103,10,"1:10,000 scale to understand the geological disposition and attitude of litho units, j oint"
103,11,"system, joint pattern, and other structural discontinuities if any. The slope forming material"
103,12,map and overburden thickness map were prepared in the field to understand and classify the
103,13,"area into rock domain and overburden domain, based on these factors the landslide incidences"
103,14,"are categorised as Rockslide Domain, Cut-slope Domain, and Debris Domain.  The rock mass"
103,15,characterisation was done for rock domain areas along the Tirumala up -ghat road and
103,16,Tirumala down -ghat road and it is observed that the roc k mass along the cut -slopes and
103,17,natural slopes of Tirumala Up -ghat road ranges from Fair rock mass category (Class -III) to
103,18,"Good Rock mass category (Class -II), while the Tirumala down -ghat road is coming under"
103,19,good rock mass (Class -II) category. The Slope m ass rating (SMR) for the Tirumala up -ghat
103,20,road section falls under the class -III category suggesting that the rock mass is normal and
103,21,partially stable.
103,22,"It is inferred that during the process of slope excavations, the natural slope is modified"
103,23,"at a steeper  angle, the natural drainage path is blocked, and the excavated slope face is left"
103,24,"untreated leading to an unfavourable disposition of structural discontinuities. Moreover,"
103,25,seepages/ water runoff along the weak bedrock interface add to the further degradat ion of
103,26,"rock mass. Among the natural factors, Slope Forming Material (SFM) has a more"
103,27,consequential effect towards the vulnerability of slopes to landslides. SFM in the Tirumala
103,28,"UP-Road is predominantly comprised of 1m to 2m thick colluvium in general at pl aces, the"
103,29,"SFM along the road section is Slope-Wash material having a thickness of less than one meter,"
103,30,"while nearer to the Tirumala Temple area (Plateau area), the SFM is comprised of 1m to 2m"
103,31,"thick immature soil. Along Tirumala Down-Road, the SFM is mostly Slope-Wash material or"
103,32,at places thickly bedded quartzites -Shale intercalations are exposed. During the monsoon
103,33,"season, due to incessant rainfall, there is a development of positive pore pressures in soil"
103,34,profiles due to the infiltration of water runoff from higher reaches of the slope that triggers
104,1,94 | P a g e
104,3,the saturated slope material to fail. Development of rills and gullies or widening of existing
104,4,stream channels due to erosion was also observed.
104,5,After computing domain-specific controlling factors and thematic geo -factors along
104,6,"with their LSPW and TESV, the landslide susceptibility map was prepared, which classified"
104,7,"the road corridor along Tirumala up -ghat road and down ghat road into low, moderate, and"
104,8,"highly susceptible areas. Low or No slide domain occupies 40.08%, moderate susceptibility"
104,9,zone 43.59% and high susceptibility zone 12.33% of 36.17 sq. km of total area.
104,10,"Tirumala up road from 0km -8km and 16 km - 18 km, Tirumala town area and"
104,11,Tirumala down road section falls in low susceptibility zone. The low susceptibility zone falls
104,12,"in the 0° -25° slope class, slope wash (0m -5m) and colluvium(1m -2m) class in SFM and the"
104,13,Regolith thickness varies from 0m-2m.  Based on the RMR and SMR the road section falls in
104,14,fair to good category and partially stable respectively.
104,15,Tirumala up-road from 8km -12km road section classified as moderate susceptibility
104,16,"zone. In this zone, 24 landslides were recorded. This road section comprises rocks of"
104,17,Granitoids of PGC -II which are highl y jointed and low to moderately weathered. This zone
104,18,falls in the 25° -35° slope class and the SFM slope wash class. The Regolith thickness varies
104,19,from 0.5 to 1m. Intense rill erosion is observed in this zone.  RMR and SMR values reveal
104,20,that the zone falls in fair to good category and is partially stable.
104,21,The high susceptibility zone has been observed along the cut slope where the slope
104,22,gradient is high and occupied by highly jointed and weathered rock. The Tirumala uproad
104,23,section is constructed on a high angle slope with 15 -20m high cut slopes from mile stone
104,24,"12km to 16km. In this zone, five hairpin bends are observed, and the zone is comprising"
104,25,rocks of granitoids of PGC -II intruded by dolerite dykes. A maximum of the deb ris and
104,26,rockslides are observed in this zone. After the kinematic analysis of the rocky slopes of this
104,27,"road section, it is interpreted that rockslides are planar failure and wedge failure.  Peninsular"
104,28,Gneiss and basic dykes are highly jointed and highly we athered owing high angle slopes.
104,29,This zone falls in the 25° -45° and >45° slope class and the direction of the slope towards the
104,30,south.
104,31,"The road corridor from Alipiri to Tirumala (Tirumala up -ghat road), from chainage 0"
104,32,km to 8 and 16 -18 km is under the ve ry low Susceptibility and low-risk category while the
104,33,road corridor from 9 km to 12 km is under moderate Susceptibility and moderate risk
104,34,category and the road corridor from 13 to 16 are under high Susceptibility and high -risk
105,1,95 | P a g e
105,3,category. The Tirumala down -ghat road stretch is falling under the very low Susceptibility
105,4,and risk category.
105,5,"Based on the computed hazard descriptor, rock mass quality and intensity of the"
105,6,"landslide, a generic hazard mitigation plan is prepared for Debris slide zones and Rockslide"
105,7,zones. The Tirumala  up road corridor from milestone 12km to 16km is highly susceptible
105,8,stretch.  Some general mitigation options provided for debris slides are removal of soil from
105,9,"the head of the slide, slope grading or benching of unstable slope, Stream channel linings,"
105,10,"check dams, retaining walls, slope stabilization using vegetation and debris hazard Warning"
105,11,Signs. The general rockfall hazard mitigation options provided for vulnerable zones along
105,12,"Tirumala Up -Ghat Road include catch ditches, benches, sca ling and trimming, cable and"
105,13,"mesh, shotcrete, anchors, rock bolts and Rock fall/Rockslide hazard warning signs."
106,1,96 | P a g e
106,3,REFERENCES
106,4,G.S. Murthy K.R.K. Prasad M.S. Raman. A Geotecnical Report On t he Construction Stage
106,5,"Investigation On The  Division Scheme Of Eastern Vagu, Tirumala Hills, Chittoor District,"
106,6,Andhra Pradesh. Unpub. Prog. Rep. Geol. Surv. Ind. Field Season 1988-89 & 1989-90.
106,8,"AGS. 2007., Guideline for Landslide Susceptibility, Hazard and Risk Zoning for Land Use"
106,9,Management. Australian Geomechanics 42:13-36.
106,11,"Bieniawski, Z.T. (1979): The geomechanics classification in rock engineeringapplication. In:"
106,12,"Proceedings of 4th Int. Cong. on Rock Mech., ISRM, Montreux, Balkema, Rotterdam, 2, 51 -"
106,13,58.
106,14,"Bieniawski, Z.T. (1989): Engineering Ro ckMass Classification. JohnWileyandSons, New"
106,15,"York, 251p."
106,16,"Cargill, J.S., Shakoor, A. (1990): Evaluation of empirical methods for measuringthe uniaxial"
106,17,"strength of rock. International Journal of Rock MechanicsandMining Sciences, 27, 495-503."
106,18,"GSI (2021): Standard Operating Procedure (SOP) for Meso scale (1:10,000/ 5000) Landslide"
106,19,"Susceptibility Mapping, 2021 (GSI, Mission-IV, Central Headquarter, Kolkata)."
106,21,"Sumit Kumar, Gargi Singh, (GSI report of FS. 2015 -16) Macro -scale (1:50,000) landslide"
106,22,"susceptibility mapping in parts of toposheets nos. 78O/14 & 78O/15, east khasi hills, west"
106,23,"khasi hills & west jaintia hills districts, Meghalaya"
106,25,"Satheesh, J.L, Deepthy, B. L., (2016). Investigation of Geotechnical Properties of the Soil"
106,26,Susceptible to Landslide. Internati onal Journal of Engineering Trends and Technology
106,27,"(IJETT), Volume 36, Number 9, pp. 477-480."
106,29,"Theophilus, P.K., Chasie. M. (2017). Macro -Scale (1:50,000) landslide susceptibility"
106,30,"mapping in parts of toposheets nos. 78/O13 &83C/1, Ribhoi& West Khasi hills d istricts,"
106,31,"Meghalaya & Karbi Anglong district, Assam (Unpublished GSI report of FS. 2016-17)."
106,33,"Khonglah, M. A., Khan, M. A., Karim, M. A., Kumar, A and Choudhury, J., 2008, Geology"
106,34,"and Structure of the Areas in and around Shillong, Meghalaya, North East Ind ia, Revisited."
106,35,Proceedings of the National Seminar on Geology & Energy Resources of NE India: Progress
106,36,"& Perspectives, Nagaland University Research Journal. Spl Pub., 2008."
107,1,97 | P a g e
107,4,Annexure-I
107,5,Geo-parametric attributes of 48 nos. of landslides recorded in the study area
107,6,Sl. No Field  Description
107,7,1 Slide No (LS.No.) AP/TPT/57O6/2022-23/LS1
107,8,2 State AndhraPradesh
107,9,3 District Tirupati
107,10,4 Toposheet 57O6
107,11,5 Name of the slide Landslide at
107,12,6 NH/SH/Locality Tirumala Up road
107,13,"7 Latitude (N) 13° 39' 26.28"""
107,14,"8 Longitude (E) 79° 20' 54.56"""
107,15,9 Length (m) 10
107,16,10 Width (m) 40
107,17,11 Height (m) 8
107,18,12 Area (m2) 400
107,19,13 Depth (m) 1
107,20,14 Volume(m3) 400
107,21,15 Run out distance (m) 4
107,22,16 Type of Material Debris
107,23,17 Type of movement Slide
107,24,18 Rate of movement Moderate
107,25,19 Activity Active
107,26,20 Distribution Enlarging
107,27,21 Style Single
107,28,22 Failure mechanism Shallow rotational
107,29,23 History Initiated in 2020 as informed by the locals.
107,30,24 Geomorphology Lowly Dissected Slope
107,31,25 Geology Weathered Granite of PGC
107,32,26 Structure Data not preserved
107,33,27 Land use/ Land cover Extensive slope cut
107,34,28 Hydrological condition Dry during assessment
107,35,29 Triggering Factor Rainfall
107,36,30 Death of persons Nil
107,37,31 People affected Nil
107,38,32 Livestock loss Nil
107,39,33 Communication Blockage of road
107,40,34 Infrastructure Loss of forest vegetation
107,41,35 Agriculture/forest/Barren Forest
107,42,36 Geo-scientific Causes Extensive slope cut for the widening of the road and down
107,43,pouring of water during monsoon further aggregated the
107,44,slide due to oversaturation.
107,45,37 Remedial measures Height of the Retaining   wall should be increased and
107,46,extend towards both. direction. Periodic cleaning of the
107,47,"Toe drain,"
107,48,"38 Remarks, if any A retaining wall already been provided."
108,1,98 | P a g e
108,3,39 Photos.  Sketch of Plan &
108,4,section of the slide
108,6,40 Summary/Abstract The debris slide is shallow rotational failure on the slope
108,7,"cut at Sumer area. The slide zone is active, enlarging and"
108,8,single   in nature and zone is mainly consisting of highly
108,9,weathered debris materials.
108,10,41 Pdf Data not available
108,11,42 Landslide category Category - II
109,1,99 | P a g e
109,3,Sl. No Field  Description
109,4,1 Slide No (LS.No.) AP/TPT/57O6/2022-23/LS2
109,5,2 State AndhraPradesh
109,6,3 District Tirupati
109,7,4 Toposheet 57O6
109,8,5 Name of the slide Landslide at
109,9,6 NH/SH/Locality Tirumala Up road
109,10,"7 Latitude (N) 13° 39' 33.03"""
109,11,"8 Longitude (E) 79° 20' 57.9"""
109,12,9 Length (m) 8
109,13,10 Width (m) 10
109,14,11 Height (m) 6
109,15,12 Area (m2) 80
109,16,13 Depth (m) 1
109,17,14 Volume(m3) 80
109,18,15 Run out distance (m) 5
109,19,16 Type of Material Debris
109,20,17 Type of movement Slide
109,21,18 Rate of movement Moderate
109,22,19 Activity Active
109,23,20 Distribution retrogressive
109,24,21 Style multiple
109,25,22 Failure mechanism Shallow rotational
109,26,23 History Initiated in 2020 as informed by the locals.
109,27,24 Geomorphology Lowly Dissected Slope
109,28,25 Geology Weathered Granite of PGC
109,29,26 Structure Data not preserved
109,30,27 Land use/ Land cover Extensive slope cut
109,31,28 Hydrological condition Damp during assessment
109,32,29 Triggering Factor Rainfall
109,33,30 Death of persons Nil
109,34,31 People affected Nil
109,35,32 Livestock loss Nil
109,36,33 Communication Blockage of road
109,37,34 Infrastructure Loss of forest vegetation
109,38,35 Agriculture/forest/Barren Forest
109,39,36 Geo-scientific Causes Intense rill/Nala erosion leading the slope failure and nala
109,40,bank failure. During rainfall nala carrying the heavy debris
109,41,load on to the road.
109,42,37 Remedial measures Toe drainage and Nala cascade or Gabion wall.
109,43,"38 Remarks, if any A retaining wall already been provided."
110,1,100 | P a g e
110,3,39 Photos.  Sketch of Plan &
110,4,section of the slide
110,6,40 Summary/Abstract The debris slide is shallow translational failure on the
110,7,"slope and nala banks. The slide zone is active, enlarging"
110,8,and multiple in nature. The zone is mainly consisting of
110,9,highly weathered debris materials.
110,10,41 Pdf Data not available
110,11,42 Landslide category Category - II
111,1,101 | P a g e
111,3,Sl. No Field  Description
111,4,1 Slide No (LS.No.) AP/TPT/57O6/2022-23/LS3
111,5,2 State AndhraPradesh
111,6,3 District Tirupati
111,7,4 Toposheet 57O6
111,8,5 Name of the slide Landslide at
111,9,6 NH/SH/Locality Tirumala Up road
111,10,"7 Latitude (N) 13° 39' 33.03"""
111,11,"8 Longitude (E) 79° 20' 57.9"""
111,12,9 Length (m) 15
111,13,10 Width (m) 20
111,14,11 Height (m) 8
111,15,12 Area (m2) 2400
111,16,13 Depth (m) 1
111,17,14 Volume(m3) 2400
111,18,15 Run out distance (m) 4
111,19,16 Type of Material Debris
111,20,17 Type of movement Slide
111,21,18 Rate of movement Moderate
111,22,19 Activity Active
111,23,20 Distribution Enlarging
111,24,21 Style Single
111,25,22 Failure mechanism Shallow rotational
111,26,23 History Initiated in 2020 as informed by the locals.
111,27,24 Geomorphology Lowly Dissected Slope
111,28,25 Geology Weathered Granite of PGC
111,29,26 Structure Data not preserved
111,30,27 Land use/ Land cover Extensive slope cut
111,31,28 Hydrological condition Dry during assessment
111,32,29 Triggering Factor Rainfall
111,33,30 Death of persons Nil
111,34,31 People affected Nil
111,35,32 Livestock loss Nil
111,36,33 Communication Blockage of road
111,37,34 Infrastructure Loss of forest vegetation
111,38,35 Agriculture/forest/Barren Forest
111,39,36 Geo-scientific Causes Extensive slope cut for the widening of the road and down
111,40,pouring of water during monsoon further aggregated the
111,41,slide due to oversaturation.
111,42,37 Remedial measures Height of the Retaining   wall should be increased and
111,43,extend towards both. direction. Periodic cleaning of the
111,44,"Toe drain,"
111,45,"38 Remarks, if any A retaining wall already been provided."
112,1,102 | P a g e
112,3,39 Photos.  Sketch of Plan &
112,4,section of the slide
112,6,40 Summary/Abstract The debris slide is shallow translational failure on the
112,7,"slope and nala banks. The slide zone is active, enlarging"
112,8,and multiple in nature. The zone is mainly consisting of
112,9,highly weathered debris materials.
112,10,41 Pdf Data not available
112,11,42 Landslide category Category - II
113,1,103 | P a g e
113,4,Sl. No Field  Description
113,5,1 Slide No (LS.No.) AP/TPT/57O6/2022-23/LS4
113,6,2 State AndhraPradesh
113,7,3 District Tirupati
113,8,4 Toposheet 57O6
113,9,5 Name of the slide Landslide at
113,10,6 NH/SH/Locality Tirumala Up road
113,11,"7 Latitude (N) 13° 39' 49.26"""
113,12,"8 Longitude (E) 79° 21' 5.8"""
113,13,9 Length (m) 20
113,14,10 Width (m) 30
113,15,11 Height (m) 17
113,16,12 Area (m2) 400
113,17,13 Depth (m) 1
113,18,14 Volume(m3) 600
113,19,15 Run out distance (m) 4
113,20,16 Type of Material Debris
113,21,17 Type of movement Slide
113,22,18 Rate of movement Moderate
113,23,19 Activity Active
113,24,20 Distribution Retrogressive
113,25,21 Style Single
113,26,22 Failure mechanism Shallow translational
113,27,23 History Initiated in 2020 as informed by the locals.
113,28,24 Geomorphology moderately Dissected Slope
113,29,25 Geology Weathered Granite of PGC
113,30,26 Structure Data not preserved
113,31,27 Land use/ Land cover Extensive slope cut
113,32,28 Hydrological condition Dry during assessment
113,33,29 Triggering Factor Rainfall
113,34,30 Death of persons Nil
113,35,31 People affected Nil
113,36,32 Livestock loss Nil
113,37,33 Communication Blockage of road
113,38,34 Infrastructure Loss of forest vegetation
113,39,35 Agriculture/forest/Barren Forest
113,40,36 Geo-scientific Causes Extensive slope cut for the widening of the road and down
113,41,pouring of water during monsoon further aggregated the
113,42,slide due to oversaturation.
113,43,37 Remedial measures Height of the Retaining   wall should be increased and
113,44,extend towards both. direction. Periodic cleaning of the
113,45,"Toe drain,"
113,46,"38 Remarks, if any A retaining wall already been provided."
114,1,104 | P a g e
114,3,39 Photos.  Sketch of Plan &
114,4,section of the slide
114,6,40 Summary/Abstract The debris slide is shallow translational failure on cut
114,7,"slope at of Tirumala up road. The slide zone is active,"
114,8,enlarging and  single   in nature and zone is mainly
114,9,consisting of highly weathered debris materials
114,10,41 Pdf Data not available
114,11,42 Landslide category Category - II
114,13,Sl. No Field  Description
114,14,1 Slide No (LS.No.) AP/TPT/57O6/2022-23/LS5
114,15,2 State AndhraPradesh
114,16,3 District Tirupati
114,17,4 Toposheet 57O6
114,18,5 Name of the slide Landslide at
114,19,6 NH/SH/Locality Tirumala Up road
114,20,"7 Latitude (N) 13° 39' 59.28"""
114,21,"8 Longitude (E) 79° 20' 48.5"""
114,22,9 Length (m) 15
114,23,10 Width (m) 10
114,24,11 Height (m) 12
114,25,12 Area (m2) 150
114,26,13 Depth (m) 1
114,27,14 Volume(m3) 150
114,28,15 Run out distance (m) 5
114,29,16 Type of Material Debris
114,30,17 Type of movement Slide
114,31,18 Rate of movement Moderate
114,32,19 Activity Active
114,33,20 Distribution Retrogressive
114,34,21 Style Single
114,35,22 Failure mechanism Shallow translational
114,36,23 History Initiated in 2021 as informed by the locals.
114,37,24 Geomorphology moderately Dissected Slope
114,38,25 Geology Weathered Granite of PGC
114,39,26 Structure Data not preserved
114,40,27 Land use/ Land cover Extensive slope cut
114,41,28 Hydrological condition Dry during assessment
114,42,29 Triggering Factor Rainfall
114,43,30 Death of persons Nil
115,1,105 | P a g e
115,3,31 People affected Nil
115,4,32 Livestock loss Nil
115,5,33 Communication Blockage of road
115,6,34 Infrastructure Loss of forest vegetation
115,7,35 Agriculture/forest/Barren Forest
115,8,36 Geo-scientific Causes Extensive slope cut for the widening of the road and down
115,9,pouring of water during monsoon further aggregated the
115,10,slide due to oversaturation.
115,11,37 Remedial measures Height of the Retaining   wall should be increased and
115,12,extend towards both. direction. Periodic cleaning of the
115,13,"Toe drain,"
115,14,"38 Remarks, if any A retaining wall already been provided."
115,15,39 Photos.  Sketch of Plan &
115,16,section of the slide
115,18,40 Summary/Abstract The debris slide is shallow translational failure on cut
115,19,"slope at of Tirumala up road. The slide zone is active,"
115,20,enlarging and single   in nature and zone is mainly
115,21,consisting of highly weathered debris materials.
115,22,41 Pdf Data not available
115,23,42 Landslide category Category - II
116,1,106 | P a g e
116,3,Sl. No Field  Description
116,4,1 Slide No (LS.No.) AP/TPT/57O6/2022-23/LS6
116,5,2 State AndhraPradesh
116,6,3 District Tirupati
116,7,4 Toposheet 57O6
116,8,5 Name of the slide Landslide at
116,9,6 NH/SH/Locality Tirumala Up road
116,10,"7 Latitude (N) 13° 38' 58.2"""
116,11,"8 Longitude (E) 79° 20' 48.3"""
116,12,9 Length (m) 20
116,13,10 Width (m) 15
116,14,11 Height (m) 15
116,15,12 Area (m2) 300
116,16,13 Depth (m) 1
116,17,14 Volume(m3) 300
116,18,15 Run out distance (m) 5
116,19,16 Type of Material Rock
116,20,17 Type of movement Slide
116,21,18 Rate of movement Moderate
116,22,19 Activity Active
116,23,20 Distribution Retrogressive
116,24,21 Style Single
116,25,22 Failure mechanism Shallow planar
116,26,23 History Initiated in 2021 as informed by the locals.
116,27,24 Geomorphology moderately Dissected Slope
116,28,"25 Geology Basic Dyke, Granite of PGC"
116,29,"26 Structure 25°/90°, 205°/30°-295°, 105°/68°-15°"
116,30,27 Land use/ Land cover Extensive slope cut
116,31,28 Hydrological condition Dry during assessment
116,32,29 Triggering Factor Rainfall
116,33,30 Death of persons Nil
116,34,31 People affected Nil
116,35,32 Livestock loss Nil
116,36,33 Communication Blockage of road
116,37,34 Infrastructure Loss of forest vegetation
116,38,35 Agriculture/forest/Barren Forest
116,39,36 Geo-scientific Causes Extensive slope cut for the widening of the road and down
116,40,pouring of water during monsoon further aggregated the
116,41,slide due to oversaturation.
116,42,37 Remedial measures Height of the Retaining   wall should be increased and
116,43,extend towards both. direction. Periodic cleaning of the
116,44,"Toe drain,"
116,45,"38 Remarks, if any A retaining wall already been provided."
117,1,107 | P a g e
117,3,39 Photos.  Sketch of Plan &
117,4,section of the slide
117,6,40 Summary/Abstract The Rock slide is shallow planar failure on cut slope at of
117,7,"Tirumala up road. The slide zone is active, enlarging and"
117,8,single   in nature and zone is mainly consisting of highly
117,9,jointed rock mass
117,10,41 Pdf Data not available
117,11,42 Landslide category Category - II
118,1,108 | P a g e
118,4,Sl. No Field  Description
118,5,1 Slide No (LS.No.) AP/TPT/57O6/2022-23/LS7
118,6,2 State AndhraPradesh
118,7,3 District Tirupati
118,8,4 Toposheet 57O6
118,9,5 Name of the slide Landslide at
118,10,6 NH/SH/Locality Tirumala Up road
118,11,7 Latitude (N) 13°39’21.8”
118,12,8 Longitude (E) 79°20’51.7”
118,13,9 Length (m) 30
118,14,10 Width (m) 15
118,15,11 Height (m) 15
118,16,12 Area (m2) 450
118,17,13 Depth (m) 2
118,18,14 Volume(m3) 900
118,19,15 Run out distance (m) 5
118,20,16 Type of Material Rock
118,21,17 Type of movement Slide
118,22,18 Rate of movement Moderate
118,23,19 Activity Active
118,24,20 Distribution Retrogressive
118,25,21 Style Single
118,26,22 Failure mechanism Shallow translational
118,27,23 History Initiated in 2021 as informed by the locals.
118,28,24 Geomorphology moderately Dissected Slope
118,29,"25 Geology Basic Dyke, Granite of PGC"
118,30,"26 Structure 25°/90°, 205°/30°-295°, 105°/68°-15°"
118,31,27 Land use/ Land cover Extensive slope cut
118,32,28 Hydrological condition Dry during assessment
118,33,29 Triggering Factor Rainfall
118,34,30 Death of persons Nil
118,35,31 People affected Nil
118,36,32 Livestock loss Nil
118,37,33 Communication Blockage of road
118,38,34 Infrastructure Loss of forest vegetation
118,39,35 Agriculture/forest/Barren Forest
118,40,36 Geo-scientific Causes Extensive slope cut for the widening of the road and down
118,41,pouring of water during monsoon further aggregated the
118,42,slide due to oversaturation.
118,43,37 Remedial measures Height of the Retaining   wall should be increased and
118,44,extend towards both. direction. Periodic cleaning of the
118,45,"Toe drain,"
118,46,"38 Remarks, if any A retaining wall already been provided."
119,1,109 | P a g e
119,3,39 Photos.  Sketch of Plan &
119,4,section of the slide
119,6,40 Summary/Abstract The Rock slide is shallow planar failure on cut slope at of
119,7,"Tirumala up road. The slide zone is active, enlarging and"
119,8,single   in nature and zone is mainly consisting of highly
119,9,jointed rock mass
119,10,41 Pdf Data not available
119,11,42 Landslide category Category - II
120,1,110 | P a g e
120,4,Sl. No Field  Description
120,5,1 Slide No (LS.No.) AP/TPT/57O6/2022-23/LS8
120,6,2 State AndhraPradesh
120,7,3 District Tirupati
120,8,4 Toposheet 57O6
120,9,5 Name of the slide Landslide at
120,10,6 NH/SH/Locality Tirumala Up road
120,11,7 Latitude (N) 13°38’35.2”
120,12,8 Longitude (E) 79°23’12.4”
120,13,9 Length (m) 15
120,14,10 Width (m) 4
120,15,11 Height (m) 10
120,16,12 Area (m2) 60
120,17,13 Depth (m) 1
120,18,14 Volume(m3) 60
120,19,15 Run out distance (m) 5
120,20,16 Type of Material Debris
120,21,17 Type of movement Slide
120,22,18 Rate of movement Moderate
120,23,19 Activity Active
120,24,20 Distribution Retrogressive
120,25,21 Style Single
120,26,22 Failure mechanism Shallow translational
120,27,23 History Initiated in 2021 as informed by the locals.
120,28,24 Geomorphology moderately Dissected Slope
120,29,25 Geology Granite of PGC
120,30,"26 Structure 30°/48-120°, 35°/64-315°, 290°/90, 290°/25-20°"
120,31,27 Land use/ Land cover Extensive slope cut
120,32,28 Hydrological condition Damo during assessment
120,33,29 Triggering Factor Rainfall
120,34,30 Death of persons Nil
120,35,31 People affected Nil
120,36,32 Livestock loss Nil
120,37,33 Communication Blockage of road
120,38,34 Infrastructure Loss of forest vegetation
120,39,35 Agriculture/forest/Barren Forest
120,40,36 Geo-scientific Causes Extensive slope cut for the widening of the road and down
120,41,pouring of water during monsoon further aggregated the
120,42,slide due to oversaturation.
120,43,37 Remedial measures Height of the Retaining   wall should be increased and
120,44,extend towards both. direction. Periodic cleaning of the
120,45,"Toe drain,"
120,46,"38 Remarks, if any A retaining wall already been provided."
121,1,111 | P a g e
121,3,39 Photos.  Sketch of Plan &
121,4,section of the slide
121,6,40 Summary/Abstract The debris slide is shallow translational
121,9,failure on cut slope at of Tirumala up road. The slide zone
121,10,"is active, enlarging and single   in nature and zone is"
121,11,mainly consisting of highly weathered rock and debris
121,12,material.
121,13,41 Pdf Data not available
121,14,42 Landslide category Category - II
122,1,112 | P a g e
122,4,Sl. No Field  Description
122,5,1 Slide No (LS.No.) AP/TPT/57O6/2022-23/LS9
122,6,2 State AndhraPradesh
122,7,3 District Tirupati
122,8,4 Toposheet 57O6
122,9,5 Name of the slide Landslide at
122,10,6 NH/SH/Locality Tirumala Up road
122,11,7 Latitude (N) 13°38’29.1”
122,12,8 Longitude (E) 79°22’8.6”
122,13,9 Length (m) 10
122,14,10 Width (m) 8
122,15,11 Height (m) 7
122,16,12 Area (m2) 80
122,17,13 Depth (m) 1
122,18,14 Volume(m3) 80
122,19,15 Run out distance (m) 4
122,20,16 Type of Material Debris
122,21,17 Type of movement Slide
122,22,18 Rate of movement Moderate
122,23,19 Activity Active
122,24,20 Distribution Retrogressive
122,25,21 Style Single
122,26,22 Failure mechanism Shallow translational
122,27,23 History Initiated in 2021 as informed by the locals.
122,28,24 Geomorphology moderately Dissected Slope
122,29,25 Geology Basaic Dyke
122,30,26 Structure Data not preserved
122,31,27 Land use/ Land cover Extensive slope cut
122,32,28 Hydrological condition Damp during assessment
122,33,29 Triggering Factor Rainfall
122,34,30 Death of persons Nil
122,35,31 People affected Nil
122,36,32 Livestock loss Nil
122,37,33 Communication Blockage of road
122,38,34 Infrastructure Loss of forest vegetation
122,39,35 Agriculture/forest/Barren Forest
122,40,36 Geo-scientific Causes Extensive slope cut for the widening of the road and down
122,41,pouring of  water during monsoon further aggregated the
122,42,slide due to oversaturation.
122,43,37 Remedial measures Height of the Retaining   wall should be increased and
122,44,extend towards both. direction. Periodic cleaning of the
122,45,"Toe drain,"
122,46,"38 Remarks, if any A retaining wall already been provided."
123,1,113 | P a g e
123,3,39 Photos.  Sketch of Plan &
123,4,section of the slide
123,6,40 Summary/Abstract The debris slide is shallow planar failure on cut slope at of
123,7,"Tirumala up road. The slide zone is active, enlarging and"
123,8,single   in nature and zone is mainly consisting of highly
123,9,jointed rock mass
123,10,41 Pdf Data not available
123,11,42 Landslide category Category - II
124,1,114 | P a g e
124,3,Sl. No Field  Description
124,4,1 Slide No (LS.No.) AP/TPT/57O6/2022-23/LS10
124,5,2 State AndhraPradesh
124,6,3 District Tirupati
124,7,4 Toposheet 57O6
124,8,5 Name of the slide Landslide at
124,9,6 NH/SH/Locality Tirumala Up road
124,10,7 Latitude (N) 13°38’51.6”
124,11,8 Longitude (E) 79°21’20.3”
124,12,9 Length (m) 15
124,13,10 Width (m) 8
124,14,11 Height (m) 12
124,15,12 Area (m2) 120
124,16,13 Depth (m) 1.5
124,17,14 Volume(m3) 180
124,18,15 Run out distance (m) 4
124,19,16 Type of Material Rock
124,20,17 Type of movement Slide
124,21,18 Rate of movement Rapid
124,22,19 Activity Active
124,23,20 Distribution Lateral
124,24,21 Style Single
124,25,22 Failure mechanism Wedge failure
124,26,23 History Initiated in 2021 as informed by the locals.
124,27,24 Geomorphology moderately Dissected Slope
124,28,25 Geology Granite of PGC
124,29,"26 Structure 320°/64°-230°, 305°/58°-35°, 30°/70-300°"
124,30,27 Land use/ Land cover Extensive slope cut
124,31,28 Hydrological condition Damp during assessment
124,32,29 Triggering Factor Rainfall
124,33,30 Death of persons Nil
124,34,31 People affected Nil
124,35,32 Livestock loss Nil
124,36,33 Communication Blockage of road
124,37,34 Infrastructure Loss of forest vegetation
124,38,35 Agriculture/forest/Barren Forest
124,39,36 Geo-scientific Causes 3 set of prominent joints are intersecting and forming
124,40,wedge.
124,41,37 Remedial measures Increase the height of retaining wall and scaling of slope.
124,42,"38 Remarks, if any A retaining wall already been provided."
124,43,39 Photos.  Sketch of Plan &
124,44,section of the slide
125,1,115 | P a g e
125,3,40 Summary/Abstract 3 set of prominent joints are intersecting and forming
125,4,wedge. Wedge failure occurred due to modification of
125,5,natural slope.
125,6,41 Pdf Data not available
125,7,42 Landslide category Category - II
126,1,116 | P a g e
126,3,Sl. No Field  Description
126,4,1 Slide No (LS.No.) AP/TPT/57O6/2022-23/LS11
126,5,2 State Andhra Pradesh
126,6,3 District Tirupati
126,7,4 Toposheet 57O6
126,8,5 Name of the slide Landslide at
126,9,6 NH/SH/Locality Tirumala Up road
126,10,7 Latitude (N) 13°38’51.8”
126,11,8 Longitude (E) 79°21’3.6”
126,12,9 Length (m) 18
126,13,10 Width (m) 10
126,14,11 Height (m) 15
126,15,12 Area (m2) 180
126,16,13 Depth (m) 1.5
126,17,14 Volume(m3) 270
126,18,15 Run out distance (m) 4
126,19,16 Type of Material Rock
126,20,17 Type of movement Slide
126,21,18 Rate of movement Rapid
126,22,19 Activity Active
126,23,20 Distribution Retrogressive
126,24,21 Style Single
126,25,22 Failure mechanism Shallow planar failure
126,26,23 History Initiated in 2021 as informed by the locals.
126,27,24 Geomorphology moderately Dissected Slope
126,28,25 Geology Granite of PGC
126,29,"26 Structure 110°/82°-200°, 110°/58°-200°, 30°/50-300°, 25°/84°-295°"
126,30,27 Land use/ Land cover Extensive slope cut
126,31,28 Hydrological condition Damp during assessment
126,32,29 Triggering Factor Rainfall
126,33,30 Death of persons Nil
126,34,31 People affected Nil
126,35,32 Livestock loss Nil
126,36,33 Communication Blockage of road
126,37,34 Infrastructure Loss of forest vegetation
126,38,35 Agriculture/forest/Barren Forest
126,39,36 Geo-scientific Causes 3 set of prominent joints are intersecting and forming wedge.
126,40,37 Remedial measures Increase the height of retaining wall and scaling of slope.
126,41,"38 Remarks, if any A retaining wall already been provided."
126,42,39 Photos.  Sketch of Plan &
126,43,section of the slide
126,45,40 Summary/Abstract 3 set of prominent joints are intersecting and forming wedge. Wedge
127,1,117 | P a g e
127,3,failure occurred due to modification of natural slope.
127,4,41 Pdf Data not available
127,5,42 Landslide category Category - II
128,1,118 | P a g e
128,3,Sl. No Field  Description
128,4,1 Slide No (LS.No.) AP/TPT/57O6/2022-23/LS12
128,5,2 State Andhra Pradesh
128,6,3 District Tirupati
128,7,4 Toposheet 57O6
128,8,5 Name of the slide Landslide at
128,9,6 NH/SH/Locality Tirumala Up road
128,10,7 Latitude (N) 13°38’56.7”
128,11,8 Longitude (E) 79°20’51.9”
128,12,9 Length (m) 20
128,13,10 Width (m) 30
128,14,11 Height (m) 15
128,15,12 Area (m2) 600
128,16,13 Depth (m) 1
128,17,14 Volume(m3) 600
128,18,15 Run out distance (m) 4
128,19,16 Type of Material Debris
128,20,17 Type of movement Slide
128,21,18 Rate of movement Moderate
128,22,19 Activity Active
128,23,20 Distribution Retrogressive
128,24,21 Style Single
128,25,22 Failure mechanism Shallow translational failure
128,26,23 History Initiated in 2021 as informed by the locals.
128,27,24 Geomorphology moderately Dissected Slope
128,28,25 Geology Granite of PGC
128,29,26 Structure Data not preserved
128,30,27 Land use/ Land cover Extensive slope cut
128,31,28 Hydrological condition Damp during assessment
128,32,29 Triggering Factor Rainfall
128,33,30 Death of persons Nil
128,34,31 People affected Nil
128,35,32 Livestock loss Nil
128,36,33 Communication Blockage of road
128,37,34 Infrastructure Loss of forest vegetation
128,38,35 Agriculture/forest/Barren Forest
128,39,36 Geo-scientific Causes Slope forming material is composed of unconsolidated soil intermixed
128,40,with debris. Non cohesive overburden material/ regolith thickness of
128,41,1m. Loss of toe support due to unscientific slope modification for road
128,42,construction.
128,43,37 Remedial measures Increase the height of retaining wall and scaling of slope.
128,44,"38 Remarks, if any A retaining wall already been provided."
129,1,119 | P a g e
129,3,39 Photos.  Sketch of Plan &
129,4,section of the slide
129,6,40 Summary/Abstract Thick over burden material on high angle slope. Due to heavy down
129,7,pour and modification of natural slope landslide is occurred.
129,8,41 Pdf Data not available
129,9,42 Landslide category Category - II
130,1,120 | P a g e
130,3,Sl. No Field  Description
130,4,1 Slide No (LS.No.) AP/TPT/57O6/2022-23/LS13
130,5,2 State Andhra Pradesh
130,6,3 District Tirupati
130,7,4 Toposheet 57O6
130,8,5 Name of the slide Landslide at
130,9,6 NH/SH/Locality Tirumala Up road
130,10,7 Latitude (N) 13°38’57.6”
130,11,8 Longitude (E) 79°20’46.6”
130,12,9 Length (m) 20
130,13,10 Width (m) 10
130,14,11 Height (m) 18
130,15,12 Area (m2) 200
130,16,13 Depth (m) 1
130,17,14 Volume(m3) 200
130,18,15 Run out distance (m) 4
130,19,16 Type of Material Debris
130,20,17 Type of movement Slide
130,21,18 Rate of movement Moderate
130,22,19 Activity Active
130,23,20 Distribution Retrogressive
130,24,21 Style Single
130,25,22 Failure mechanism Shallow translational failure
130,26,23 History Initiated in 2021 as informed by the locals.
130,27,24 Geomorphology moderately Dissected Slope
130,28,25 Geology Granite of PGC
130,29,26 Structure Data not preserved
130,30,27 Land use/ Land cover Extensive slope cut
130,31,28 Hydrological condition Damp during assessment
130,32,29 Triggering Factor Rainfall
130,33,30 Death of persons Nil
130,34,31 People affected Nil
130,35,32 Livestock loss Nil
130,36,33 Communication Blockage of road
130,37,34 Infrastructure Loss of forest vegetation
130,38,35 Agriculture/forest/Barren Forest
130,39,36 Geo-scientific Causes Slope forming material is composed of unconsolidated soil intermixed
130,40,with debris. Non cohesive overburden material/ regolith thickness of
130,41,1m. Loss of toe support due to unscientific slope modification for road
130,42,construction.
130,43,37 Remedial measures Increase the height of retaining wall and scaling of slope.
130,44,"38 Remarks, if any A retaining wall already been provided."
131,1,121 | P a g e
131,3,39 Photos.  Sketch of Plan &
131,4,section of the slide
131,6,40 Summary/Abstract Thick over burden material on high angle slope. Due to heavy down
131,7,pour and modification of natural slope landslide is occurred.
131,8,41 Pdf Data not available
131,9,42 Landslide category Category - II
132,1,122 | P a g e
132,3,Sl. No Field  Description
132,4,1 Slide No (LS.No.) AP/TPT/57O6/2022-23/LS14
132,5,2 State Andhra Pradesh
132,6,3 District Tirupati
132,7,4 Toposheet 57O6
132,8,5 Name of the slide Landslide at
132,9,6 NH/SH/Locality Tirumala Up road
132,10,7 Latitude (N) 13°39’00.3”
132,11,8 Longitude (E) 79°20’40.0”
132,12,9 Length (m) 15
132,13,10 Width (m) 30
132,14,11 Height (m) 13
132,15,12 Area (m2) 450
132,16,13 Depth (m) 1
132,17,14 Volume(m3) 450
132,18,15 Run out distance (m) 4
132,19,16 Type of Material Rock
132,20,17 Type of movement Toppling
132,21,18 Rate of movement Rapid
132,22,19 Activity Active
132,23,20 Distribution Retrogressive
132,24,21 Style Single
132,25,22 Failure mechanism Shallow planar failure
132,26,23 History Initiated in 2021 as informed by the locals.
132,27,24 Geomorphology moderately Dissected Slope
132,28,25 Geology Granite of PGC
132,29,"26 Structure 320°/70°-30°, 20°/32-110°, 20°/54°-290°,"
132,30,"320°/6°-30°, 230°/85°-320°, 280°/84°-190°"
132,31,27 Land use/ Land cover Extensive slope cut
132,32,28 Hydrological condition Damp during assessment
132,33,29 Triggering Factor Rainfall
132,34,30 Death of persons Nil
132,35,31 People affected Nil
132,36,32 Livestock loss Nil
132,37,33 Communication Tirumala Ghat (up road)
132,38,34 Infrastructure Loss of forest vegetation
132,39,35 Agriculture/forest/Barren Forest
132,40,"36 Geo-scientific Causes 3 set of prominent joints, the intersection of subvertical to vertical"
132,41,joint and gentle valley dipping joint causing the planar failure and
132,42,topping
132,43,37 Remedial measures Rock bolting or steel net installation.
132,44,"38 Remarks, if any The slide has partially damaged the road. Suggested remedial"
132,45,measures should be implemented to avoid any loss of life and
132,46,property.
133,1,123 | P a g e
133,3,39 Photos.  Sketch of Plan &
133,4,section of the slide
133,6,40 Summary/Abstract The granite is highly jointed the joint planes are slightly altered.  3 set
133,7,"of prominent joints, the intersection of subvertical to vertical joint and"
133,8,gentle valley dipping joint causing the topping
133,11,41 Pdf Data not available
133,12,42 Landslide category Category - II
134,1,124 | P a g e
134,4,Sl. No Field  Description
134,5,1 Slide No (LS.No.) AP/TPT/57O6/2022-23/LS15
134,6,2 State Andhra Pradesh
134,7,3 District Tirupati
134,8,4 Toposheet 57O6
134,9,5 Name of the slide Landslide at
134,10,6 NH/SH/Locality Tirumala Up road
134,11,7 Latitude (N) 13°39’00.3”
134,12,8 Longitude (E) 79°20’40.0”
134,13,9 Length (m) 30
134,14,10 Width (m) 40
134,15,11 Height (m) 25
134,16,12 Area (m2) 1200
134,17,13 Depth (m) 1
134,18,14 Volume(m3) 1200
134,19,15 Run out distance (m) 4
134,20,16 Type of Material Debris
134,21,17 Type of movement Slide
134,22,18 Rate of movement Moderate
134,23,19 Activity Active
134,24,20 Distribution Retrogressive
134,25,21 Style Single
134,26,22 Failure mechanism Shallow translational failure
134,27,23 History Initiated in 2021 as informed by the locals.
134,28,24 Geomorphology moderately Dissected Slope
134,29,25 Geology Granite of PGC
134,30,"26 Structure 320°/70°-30°, 20°/32-110°, 20°/54°-290°,"
134,31,"320°/6°-30°, 230°/85°-320°, 280°/84°-190°"
134,32,27 Land use/ Land cover Extensive slope cut
134,33,28 Hydrological condition Damp during assessment
134,34,29 Triggering Factor Rainfall
134,35,30 Death of persons Nil
134,36,31 People affected Nil
134,37,32 Livestock loss Nil
134,38,33 Communication Tirumala Ghat (up road)
134,39,34 Infrastructure Loss of forest vegetation
134,40,35 Agriculture/forest/Barren Forest
134,41,36 Geo-scientific Causes Slope forming material is composed of unconsolidated soil intermixed
134,42,with debris. Non cohesive overburden material/ regolith thickness of
134,43,1m. Loss of toe support due to unscientific slope modification for road
134,44,construction.
134,45,37 Remedial measures Increase the height of retaining wall and scaling of slope..
134,46,"38 Remarks, if any Road blockage.  Suggested remedial measures should be implemented"
134,47,to avoid any loss of life and property.
135,1,125 | P a g e
135,3,39 Photos.  Sketch of Plan &
135,4,section of the slide
135,6,40 Summary/Abstract Thick over burden material on high angle slope. Due to heavy down
135,7,pour and modification of natural slope landslide is occurred.
135,8,41 Pdf Data not available
135,9,42 Landslide category Category - II
136,1,126 | P a g e
136,3,Sl. No Field  Description
136,4,1 Slide No (LS.No.) AP/TPT/57O6/2022-23/LS16
136,5,2 State Andhra Pradesh
136,6,3 District Tirupati
136,7,4 Toposheet 57O6
136,8,5 Name of the slide Landslide at
136,9,6 NH/SH/Locality Tirumala Up road
136,10,7 Latitude (N) 13°38’59.5”
136,11,8 Longitude (E) 79°20’29.9”
136,12,9 Length (m) 15
136,13,10 Width (m) 20
136,14,11 Height (m) 14
136,15,12 Area (m2) 300
136,16,13 Depth (m) 1
136,17,14 Volume(m3) 300
136,18,15 Run out distance (m) 4
136,19,16 Type of Material Rock
136,20,17 Type of movement Slide
136,21,18 Rate of movement Rapid
136,22,19 Activity Active
136,23,20 Distribution Retrogressive
136,24,21 Style Single
136,25,22 Failure mechanism Shallow planar failure
136,26,23 History Initiated in 2021 as informed by the locals.
136,27,24 Geomorphology moderately Dissected Slope
136,28,25 Geology Granite of PGC
136,29,"26 Structure 320°/70°-30°, 20°/32-110°, 20°/54°-290°,"
136,30,"320°/6°-30°, 230°/85°-320°, 280°/84°-190°"
136,31,27 Land use/ Land cover Extensive slope cut
136,32,28 Hydrological condition Damp during assessment
136,33,29 Triggering Factor Rainfall
136,34,30 Death of persons Nil
136,35,31 People affected Nil
136,36,32 Livestock loss Nil
136,37,33 Communication Tirumala Ghat (up road)
136,38,34 Infrastructure Loss of forest vegetation
136,39,35 Agriculture/forest/Barren Forest
136,40,"36 Geo-scientific Causes 3 set of prominent joints, the intersection of subvertical to vertical"
136,41,joint and gentle valley dipping joint causing the planar failure and
136,42,topping.
136,43,37 Remedial measures Increase the height of retaining wall and scaling of slope.
136,44,"38 Remarks, if any The slide has partially damaged the road. Suggested remedial"
136,45,measures should be implemented to avoid any loss of life and
136,46,property.
137,1,127 | P a g e
137,3,39 Photos.  Sketch of Plan &
137,4,section of the slide
137,6,40 Summary/Abstract Thick over burden material on high angle slope. Due to heavy down
137,7,pour and modification of natural slope landslide is occurred.
137,8,41 Pdf Data not available
137,9,42 Landslide category Category - II
138,1,128 | P a g e
138,3,Sl. No Field  Description
138,4,1 Slide No (LS.No.) AP/TPT/57O6/2022-23/LS17
138,5,2 State Andhra Pradesh
138,6,3 District Tirupati
138,7,4 Toposheet 57O6
138,8,5 Name of the slide Landslide at
138,9,6 NH/SH/Locality Tirumala Up road
138,10,7 Latitude (N) 13°39’00.3”
138,11,8 Longitude (E) 79°20’29.9”
138,12,9 Length (m) 20
138,13,10 Width (m) 80
138,14,11 Height (m) 18
138,15,12 Area (m2) 1600
138,16,13 Depth (m) 1
138,17,14 Volume(m3) 1600
138,18,15 Run out distance (m) 4
138,19,16 Type of Material Debris
138,20,17 Type of movement Slide
138,21,18 Rate of movement Rapid
138,22,19 Activity Active
138,23,20 Distribution Retrogressive
138,24,21 Style Single
138,25,22 Failure mechanism Shallow translational failure
138,26,23 History Initiated in 2021 as informed by the locals.
138,27,24 Geomorphology moderately Dissected Slope
138,28,25 Geology Granite of PGC
138,29,26 Structure Data not preserved
138,30,27 Land use/ Land cover Extensive slope cut
138,31,28 Hydrological condition Damp during assessment
138,32,29 Triggering Factor Rainfall
138,33,30 Death of persons Nil
138,34,31 People affected Nil
138,35,32 Livestock loss Nil
138,36,33 Communication Tirumala Ghat (up road)
138,37,34 Infrastructure Loss of forest vegetation
138,38,35 Agriculture/forest/Barren Forest
138,39,36 Geo-scientific Causes Intense rill erosion during the heavy down pour. Slope forming
138,40,material is composed of unconsolidated soil intermixed with debris.
138,41,Non cohesive overburden material/ regolith thickness of 1m. Loss of
138,42,toe support due to unscientific slope modification for ro ad
138,43,construction.
138,44,37 Remedial measures Increase the height of retaining wall and scaling of slope.
138,45,"38 Remarks, if any Road blockage.  Suggested remedial measures should be implemented"
138,46,to avoid any loss of life and property.
138,47,39 Photos.  Sketch of Plan &
138,48,section of the slide
138,50,40 Summary/Abstract Thick over burden material on high angle slope. Due to heavy down
139,1,129 | P a g e
139,3,pour and modification of natural slope landslide is occurred.
139,4,41 Pdf Data not available
139,5,42 Landslide category Category - II
140,1,130 | P a g e
140,3,Sl. No Field  Description
140,4,1 Slide No (LS.No.) AP/TPT/57O6/2022-23/LS18
140,5,2 State Andhra Pradesh
140,6,3 District Tirupati
140,7,4 Toposheet 57O6
140,8,5 Name of the slide Landslide at
140,9,6 NH/SH/Locality Tirumala Up road
140,10,7 Latitude (N) 13°39’5.8”
140,11,8 Longitude (E) 79°20’25.6”
140,12,9 Length (m) 15
140,13,10 Width (m) 20
140,14,11 Height (m) 10
140,15,12 Area (m2) 300
140,16,13 Depth (m) 1
140,17,14 Volume(m3) 300
140,18,15 Run out distance (m) 4
140,19,16 Type of Material Debris
140,20,17 Type of movement Slide
140,21,18 Rate of movement Rapid
140,22,19 Activity Active
140,23,20 Distribution Retrogressive
140,24,21 Style Single
140,25,22 Failure mechanism Shallow translational failure
140,26,23 History Initiated in 2021 as informed by the locals.
140,27,24 Geomorphology moderately Dissected Slope
140,28,25 Geology Basic dyke & Granite of PGC
140,29,"26 Structure 320°/86°-230°, 20°/32-110°, 50°/86°-320°,"
140,30,"350°/60°-80°, 90°/88°-180°, 350°/28°-240°"
140,31,27 Land use/ Land cover Extensive slope cut
140,32,28 Hydrological condition Damp during assessment
140,33,29 Triggering Factor Rainfall
140,34,30 Death of persons Nil
140,35,31 People affected Nil
140,36,32 Livestock loss Nil
140,37,33 Communication Tirumala Ghat (up road)
140,38,34 Infrastructure Loss of forest vegetation
140,39,35 Agriculture/forest/Barren Forest
140,40,36 Geo-scientific Causes Intense rill erosion during the heavy down pour. Slope forming
140,41,material is composed of unconsolidated soil intermixed with debris.
140,42,Non cohesive overburden material/ regolith thickness of 1m. Loss of
140,43,toe support due to unscientific slope modification for ro ad
140,44,construction.
140,45,37 Remedial measures Construction of Nala cascade and culvert construction and its regular
140,46,maintenance.
140,47,"38 Remarks, if any Road blockage.  Suggested remedial measures should be implemented"
140,48,to avoid any loss of life and property.
141,1,131 | P a g e
141,3,39 Photos.  Sketch of Plan &
141,4,section of the slide
141,6,40 Summary/Abstract Thick over burden material on high angle slope. Due to heavy down
141,7,pour and modification of natural slope landslide is occurred.
141,8,41 Pdf Data not available
141,9,42 Landslide category Category - II
142,1,132 | P a g e
142,3,Sl. No Field  Description
142,4,1 Slide No (LS.No.) AP/TPT/57O6/2022-23/LS19
142,5,2 State Andhra Pradesh
142,6,3 District Tirupati
142,7,4 Toposheet 57O6
142,8,5 Name of the slide Landslide at
142,9,6 NH/SH/Locality Tirumala Up road
142,10,7 Latitude (N) 13°39’10.5”
142,11,8 Longitude (E) 79°20’28.7”
142,12,9 Length (m) 20
142,13,10 Width (m) 10
142,14,11 Height (m) 17
142,15,12 Area (m2) 200
142,16,13 Depth (m) 1
142,17,14 Volume(m3) 200
142,18,15 Run out distance (m) 4
142,19,16 Type of Material Rock
142,20,17 Type of movement Slide
142,21,18 Rate of movement Rapid
142,22,19 Activity Active
142,23,20 Distribution Retrogressive
142,24,21 Style Single
142,25,22 Failure mechanism Shallow planar failure
142,26,23 History Initiated in 2021 as informed by the locals.
142,27,24 Geomorphology moderately Dissected Slope
142,28,25 Geology Basic dyke & Granite of PGC
142,29,"26 Structure 320°/86°-230°, 20°/32-110°, 50°/86°-320°,"
142,30,"350°/60°-80°, 90°/88°-180°, 350°/28°-240°"
142,31,27 Land use/ Land cover Extensive slope cut
142,32,28 Hydrological condition Damp during assessment
142,33,29 Triggering Factor Rainfall
142,34,30 Death of persons Nil
142,35,31 People affected Nil
142,36,32 Livestock loss Nil
142,37,33 Communication Tirumala Ghat (up road)
142,38,34 Infrastructure Loss of forest vegetation
142,39,35 Agriculture/forest/Barren Forest
142,40,"36 Geo-scientific Causes 3 set of prominent joints, the intersection of subvertical  to vertical"
142,41,joint and gentle valley dipping joint causing the planar failure.
142,42,37 Remedial measures Increase the height of retaining wall and scaling of slope.
142,43,"38 Remarks, if any The slide has partially damaged the road. Suggested remedial"
142,44,measures should be implemented to avoid any loss of life and
142,45,property.
143,1,133 | P a g e
143,3,39 Photos.  Sketch of Plan &
143,4,section of the slide
143,6,40 Summary/Abstract The granite is highly jointed the joint planes are slightly altered.  3 set
143,7,"of prominent joints, the intersection of subvertical to vertical joint and"
143,8,gentle valley dipping joint causing the planar failure.
143,9,41 Pdf Data not available
143,10,42 Landslide category Category - II
144,1,134 | P a g e
144,3,Sl. No Field  Description
144,4,1 Slide No (LS.No.) AP/TPT/57O6/2022-23/LS20
144,5,2 State Andhra Pradesh
144,6,3 District Tirupati
144,7,4 Toposheet 57O6
144,8,5 Name of the slide Landslide at
144,9,6 NH/SH/Locality Tirumala Up road
144,10,7 Latitude (N) 13°39’23.0”
144,11,8 Longitude (E) 79°20’52.2”
144,12,9 Length (m) 50
144,13,10 Width (m) 15
144,14,11 Height (m) 40
144,15,12 Area (m2) 750
144,16,13 Depth (m) 1
144,17,14 Volume(m3) 750
144,18,15 Run out distance (m) 4
144,19,16 Type of Material Debris
144,20,17 Type of movement Slide
144,21,18 Rate of movement Rapid
144,22,19 Activity Active
144,23,20 Distribution Widening
144,24,21 Style Single
144,25,22 Failure mechanism Shallow translational failure
144,26,23 History Initiated in 2021 as informed by the locals.
144,27,24 Geomorphology moderately Dissected Slope
144,28,25 Geology Basic dyke & Granite of PGC
144,29,"26 Structure 110°/70°-20°, 25°/82-115°, 10°/34°-280°,"
144,30,27 Land use/ Land cover Extensive slope cut
144,31,28 Hydrological condition Damp during assessment
144,32,29 Triggering Factor Rainfall
144,33,30 Death of persons Nil
144,34,31 People affected Nil
144,35,32 Livestock loss Nil
144,36,33 Communication Tirumala Ghat (up road)
144,37,34 Infrastructure Loss of forest vegetation
144,38,35 Agriculture/forest/Barren Forest
144,39,36 Geo-scientific Causes Intense rill erosion during the heavy down pour. Slope forming
144,40,material is composed of unconsolidated soil intermixed with debris.
144,41,Non cohesive overburden material/ regolith  thickness of 1m. Loss of
144,42,toe support due to unscientific slope modification for road
144,43,construction.
144,44,37 Remedial measures Increase the height of retaining wall 4m and scaling of slope.
144,45,"38 Remarks, if any Road blockage.  Suggested remedial measures should be implemented"
144,46,to avoid any loss of life and property.
145,1,135 | P a g e
145,3,39 Photos.  Sketch of Plan &
145,4,section of the slide
145,6,40 Summary/Abstract Thick over burden material on high angle slope. Due to heavy down
145,7,pour and modification of natural slope landslide is occurred.
145,8,41 Pdf Data not available
145,9,42 Landslide category Category - II
146,1,136 | P a g e
146,3,Sl. No Field  Description
146,4,1 Slide No (LS.No.) AP/TPT/57O6/2022-23/LS21
146,5,2 State Andhra Pradesh
146,6,3 District Tirupati
146,7,4 Toposheet 57O6
146,8,5 Name of the slide Landslide at
146,9,6 NH/SH/Locality Tirumala Up road
146,10,7 Latitude (N) 13°39’23.9”
146,11,8 Longitude (E) 79°20’52.7”
146,12,9 Length (m) 10
146,13,10 Width (m) 30
146,14,11 Height (m) 8
146,15,12 Area (m2) 300
146,16,13 Depth (m) 1
146,17,14 Volume(m3) 300
146,18,15 Run out distance (m) 5
146,19,16 Type of Material Debris
146,20,17 Type of movement Slide
146,21,18 Rate of movement Rapid
146,22,19 Activity Active
146,23,20 Distribution Widening
146,24,21 Style Single
146,25,22 Failure mechanism Shallow translational failure
146,26,23 History Initiated in 2021 as informed by the locals.
146,27,24 Geomorphology moderately Dissected Slope
146,28,25 Geology Basic dyke & Granite of PGC
146,29,"26 Structure 110°/70°-20°, 25°/82-115°, 10°/34°-280°,"
146,30,27 Land use/ Land cover Extensive slope cut
146,31,28 Hydrological condition Damp during assessment
146,32,29 Triggering Factor Rainfall
146,33,30 Death of persons Nil
146,34,31 People affected Nil
146,35,32 Livestock loss Nil
146,36,33 Communication Tirumala Ghat (up road)
146,37,34 Infrastructure Loss of forest vegetation
146,38,35 Agriculture/forest/Barren Forest
146,39,36 Geo-scientific Causes Intense rill erosion during the heavy down pour. Slope forming
146,40,material is composed of unconsolidated soil intermixed with debris.
146,41,Non cohesive overburden material/ regolith thickness of 1m. Loss of
146,42,toe support due to unscientific slope modification for road
146,43,construction.
146,44,37 Remedial measures Increase the height of retaining wall 4m and scaling of slope.
146,45,"38 Remarks, if any Road blockage.  Suggested remedial measures should be implemented"
146,46,to avoid any loss of life and property.
147,1,137 | P a g e
147,3,39 Photos.  Sketch of Plan &
147,4,section of the slide
147,6,40 Summary/Abstract Thick over burden material on high angle slope. Due to heavy down
147,7,pour and modification of natural slope landslide is occurred.
147,8,41 Pdf Data not available
147,9,42 Landslide category Category - II
148,1,138 | P a g e
148,3,Sl. No Field  Description
148,4,1 Slide No (LS.No.) AP/TPT/57O6/2022-23/LS22
148,5,2 State Andhra Pradesh
148,6,3 District Tirupati
148,7,4 Toposheet 57O6
148,8,5 Name of the slide Landslide at
148,9,6 NH/SH/Locality Tirumala Up road
148,10,7 Latitude (N) 13°39’24.4”
148,11,8 Longitude (E) 79°20’53.4”
148,12,9 Length (m) 15
148,13,10 Width (m) 20
148,14,11 Height (m) 12
148,15,12 Area (m2) 300
148,16,13 Depth (m) 1
148,17,14 Volume(m3) 300
148,18,15 Run out distance (m) 5
148,19,16 Type of Material Debris
148,20,17 Type of movement Slide
148,21,18 Rate of movement Rapid
148,22,19 Activity Active
148,23,20 Distribution Widening
148,24,21 Style Single
148,25,22 Failure mechanism Shallow translational failure
148,26,23 History Initiated in 2021 as informed by the locals.
148,27,24 Geomorphology moderately Dissected Slope
148,28,25 Geology Basic dyke & Granite of PGC
148,29,"26 Structure 110°/70°-20°, 25°/82-115°, 10°/34°-280°,"
148,30,27 Land use/ Land cover Extensive slope cut
148,31,28 Hydrological condition Damp during assessment
148,32,29 Triggering Factor Rainfall
148,33,30 Death of persons Nil
148,34,31 People affected Nil
148,35,32 Livestock loss Nil
148,36,33 Communication Tirumala Ghat (up road)
148,37,34 Infrastructure Loss of forest vegetation
148,38,35 Agriculture/forest/Barren Forest
148,39,36 Geo-scientific Causes Intense rill erosion during the heavy down pour. Slope forming
148,40,material is composed of unconsolidated soil intermixed with debris.
148,41,Non cohesive overburden material/ regolith thickness of 1m. Loss of
148,42,toe support due to unscientific slope modification for road
148,43,construction.
148,44,37 Remedial measures Increase the height of retaining wall 4m and scaling of slope.
148,45,"38 Remarks, if any Road blockage.  Suggested remedial measures should be implemented"
148,46,to avoid any loss of life and property.
148,47,39 Photos.  Sketch of Plan &
148,48,section of the slide
148,50,40 Summary/Abstract Thick over burden material on high angle slope. Due to heavy down
149,1,139 | P a g e
149,3,pour and modification of natural slope landslide is occurred.
149,4,41 Pdf Data not available
149,5,42 Landslide category Category - II
150,1,140 | P a g e
150,3,Sl. No Field  Description
150,4,1 Slide No (LS.No.) AP/TPT/57O6/2022-23/LS23
150,5,2 State Andhra Pradesh
150,6,3 District Tirupati
150,7,4 Toposheet 57O6
150,8,5 Name of the slide Landslide at
150,9,6 NH/SH/Locality Tirumala Up road
150,10,7 Latitude (N) 13°39’24.8”
150,11,8 Longitude (E) 79°20’55.5”
150,12,9 Length (m) 60
150,13,10 Width (m) 5
150,14,11 Height (m) 50
150,15,12 Area (m2) 300
150,16,13 Depth (m) 1
150,17,14 Volume(m3) 300
150,18,15 Run out distance (m) 5
150,19,16 Type of Material Debris
150,20,17 Type of movement Slide
150,21,18 Rate of movement Moderate
150,22,19 Activity Active
150,23,20 Distribution Widening
150,24,21 Style Single
150,25,22 Failure mechanism Shallow translational failure
150,26,23 History Initiated in 2021 as informed by the locals.
150,27,24 Geomorphology moderately Dissected Slope
150,28,25 Geology Basic dyke & Granite of PGC
150,29,26 Structure Data not preserved
150,30,27 Land use/ Land cover Extensive slope cut
150,31,28 Hydrological condition Damp during assessment
150,32,29 Triggering Factor Rainfall
150,33,30 Death of persons Nil
150,34,31 People affected Nil
150,35,32 Livestock loss Nil
150,36,33 Communication Tirumala Ghat (up road)
150,37,34 Infrastructure Loss of forest vegetation
150,38,35 Agriculture/forest/Barren Forest
150,39,36 Geo-scientific Causes Debris slide along the nala banks.  Slope forming material is
150,40,composed of unconsolidated soil intermixed with debris. Non
150,41,cohesive overburden material/ regolith thickness of 1m. Loss of toe
150,42,support due to unscientific slope modification for road construction.
150,43,37 Remedial measures Gabions or Nala cascade. Construction of new culvert and regular
150,44,maintenance.
150,45,"38 Remarks, if any Road blockage.  Suggested remedial measures should be implemented"
150,46,to avoid any loss of life and property.
151,1,141 | P a g e
151,3,39 Photos.  Sketch of Plan &
151,4,section of the slide
151,6,40 Summary/Abstract Thick over burden material on both nala banks. Due to heavy down
151,7,pour nala bank erosion took place. Debris deposition on the road.
151,8,41 Pdf Data not available
151,9,42 Landslide category Category - II
152,1,142 | P a g e
152,4,Sl. No Field  Description
152,5,1 Slide No (LS.No.) AP/TPT/57O6/2022-23/LS24
152,6,2 State Andhra Pradesh
152,7,3 District Tirupati
152,8,4 Toposheet 57O6
152,9,5 Name of the slide Landslide at
152,10,6 NH/SH/Locality Tirumala Up road
152,11,7 Latitude (N) 13°39’26.3”
152,12,8 Longitude (E) 79°20’54.6”
152,13,9 Length (m) 70
152,14,10 Width (m) 20
152,15,11 Height (m) 40
152,16,12 Area (m2) 1400
152,17,13 Depth (m) 1
152,18,14 Volume(m3) 1400
152,19,15 Run out distance (m) 5
152,20,16 Type of Material Debris
152,21,17 Type of movement Slide
152,22,18 Rate of movement Moderate
152,23,19 Activity Active
152,24,20 Distribution Widening
152,25,21 Style Single
152,26,22 Failure mechanism Shallow translational failure
152,27,23 History Initiated in 2021 as informed by the locals.
152,28,24 Geomorphology moderately Dissected Slope
152,29,25 Geology Basic dyke & Granite of PGC
152,30,26 Structure Data not preserved
152,31,27 Land use/ Land cover Extensive slope cut
152,32,28 Hydrological condition Damp during assessment
152,33,29 Triggering Factor Rainfall
152,34,30 Death of persons Nil
152,35,31 People affected Nil
152,36,32 Livestock loss Nil
152,37,33 Communication Tirumala Ghat (up road)
152,38,34 Infrastructure Loss of forest vegetation
152,39,35 Agriculture/forest/Barren Forest
152,40,36 Geo-scientific Causes Debris slide along the nala banks.  Slope forming material is
152,41,composed of unconsolidated soil intermixed with debris. Non
152,42,cohesive overburden material/ regolith thickness of 1m. Loss of toe
152,43,support due to unscientific slope modification for road construction.
152,44,37 Remedial measures Gabions or Nala cascade. Construction of new culvert and regular
152,45,maintenance.
152,46,"38 Remarks, if any Road blockage.  Suggested remedial measures should be implemented"
152,47,to avoid any loss of life and property.
153,1,143 | P a g e
153,3,39 Photos.  Sketch of Plan &
153,4,section of the slide
153,6,40 Summary/Abstract Thick over burden material on both nala banks. Due to heavy down
153,7,pour nala bank erosion took place. Debris deposition on the road.
153,8,41 Pdf Data not available
153,9,42 Landslide category Category - II
154,1,144 | P a g e
154,3,Sl. No Field  Description
154,4,1 Slide No (LS.No.) AP/TPT/57O6/2022-23/LS25
154,5,2 State Andhra Pradesh
154,6,3 District Tirupati
154,7,4 Toposheet 57O6
154,8,5 Name of the slide Landslide at
154,9,6 NH/SH/Locality Tirumala Up road
154,10,7 Latitude (N) 13°39’32.7”
154,11,8 Longitude (E) 79°20’55.8”
154,12,9 Length (m) 20
154,13,10 Width (m) 20
154,14,11 Height (m) 18
154,15,12 Area (m2) 400
154,16,13 Depth (m) 1
154,17,14 Volume(m3) 400
154,18,15 Run out distance (m) 5
154,19,16 Type of Material Debris
154,20,17 Type of movement Slide
154,21,18 Rate of movement Rapid
154,22,19 Activity Active
154,23,20 Distribution Widening
154,24,21 Style Single
154,25,22 Failure mechanism Shallow translational failure
154,26,23 History Initiated in 2021 as informed by the locals.
154,27,24 Geomorphology moderately Dissected Slope
154,28,25 Geology Granite of PGC
154,29,26 Structure Data not preserved
154,30,27 Land use/ Land cover Extensive slope cut
154,31,28 Hydrological condition Damp during assessment
154,32,29 Triggering Factor Rainfall
154,33,30 Death of persons Nil
154,34,31 People affected Nil
154,35,32 Livestock loss Nil
154,36,33 Communication Tirumala Ghat (up road)
154,37,34 Infrastructure Loss of forest vegetation
154,38,35 Agriculture/forest/Barren Forest
154,39,36 Geo-scientific Causes Intense rill erosion during the heavy down pour. Slope forming
154,40,material is composed of unconsolidated soil intermixed with debris.
154,41,Non cohesive overburden material/ regolith thickness of 1m.
154,42,37 Remedial measures Retaining wall
154,44,"38 Remarks, if any Road blockage.  Suggested remedial measures should be implemented"
154,45,to avoid any loss of life and property.
155,1,145 | P a g e
155,3,39 Photos.  Sketch of Plan &
155,4,section of the slide
155,6,40 Summary/Abstract Thick over burden material on high angle slope. Due to heavy down
155,7,pour and modification of natural slope landslide is occurred.
155,8,41 Pdf Data not available
155,9,42 Landslide category Category - II
155,13,Sl. No Field  Description
155,14,1 Slide No (LS.No.) AP/TPT/57O6/2022-23/LS26
155,15,2 State Andhra Pradesh
155,16,3 District Tirupati
155,17,4 Toposheet 57O6
155,18,5 Name of the slide Landslide at
155,19,6 NH/SH/Locality Tirumala Up road
155,20,7 Latitude (N) 13°39’33.3”
155,21,8 Longitude (E) 79°20’57.7”
155,22,9 Length (m) 30
155,23,10 Width (m) 15
155,24,11 Height (m) 20
155,25,12 Area (m2) 450
155,26,13 Depth (m) 1
155,27,14 Volume(m3) 450
155,28,15 Run out distance (m) 5
155,29,16 Type of Material Debris
155,30,17 Type of movement Slide
155,31,18 Rate of movement Moderate
155,32,19 Activity Active
155,33,20 Distribution Widening
155,34,21 Style Single
155,35,22 Failure mechanism Shallow translational failure
155,36,23 History Initiated in 2021 as informed by the locals.
155,37,24 Geomorphology moderately Dissected Slope
155,38,25 Geology Granite of PGC
155,39,26 Structure Data not preserved
155,40,27 Land use/ Land cover Extensive slope cut
155,41,28 Hydrological condition Damp during assessment
155,42,29 Triggering Factor Rainfall
156,1,146 | P a g e
156,3,30 Death of persons Nil
156,4,31 People affected Nil
156,5,32 Livestock loss Nil
156,6,33 Communication Tirumala Ghat (up road)
156,7,34 Infrastructure Loss of forest vegetation
156,8,35 Agriculture/forest/Barren Forest
156,9,36 Geo-scientific Causes Debris slide along the nala banks.  Slope forming material is
156,10,composed of unconsolidated soil intermixed with debris. Non
156,11,cohesive overburden material/ regolith thickness of 1m. Loss of toe
156,12,support due to unscientific slope modification for road construction.
156,13,37 Remedial measures Gabions or Nala cascade. Construction of new culvert and regular
156,14,maintenance.
156,15,"38 Remarks, if any Road blockage.  Suggested remedial measures should be implemented"
156,16,to avoid any loss of life and property.
156,17,39 Photos.  Sketch of Plan &
156,18,section of the slide
156,20,40 Summary/Abstract Thick over burden material on both nala banks. Due to heavy down
156,21,pour nala bank erosion took place. Debris deposition on the road.
156,22,41 Pdf Data not available
156,23,42 Landslide category Category - II
156,26,Sl. No Field  Description
156,27,1 Slide No (LS.No.) AP/TPT/57O6/2022-23/LS27
156,28,2 State Andhra Pradesh
156,29,3 District Tirupati
156,30,4 Toposheet 57O6
156,31,5 Name of the slide Landslide at
156,32,6 NH/SH/Locality Tirumala Up road
156,33,7 Latitude (N) 13°39’49.8”
156,34,8 Longitude (E) 79°21’04.6”
156,35,9 Length (m) 15
156,36,10 Width (m) 10
156,37,11 Height (m) 14
156,38,12 Area (m2) 150
156,39,13 Depth (m) 1
156,40,14 Volume(m3) 150
156,41,15 Run out distance (m) 5
156,42,16 Type of Material Debris
156,43,17 Type of movement Slide
156,44,18 Rate of movement Rapid
156,45,19 Activity Active
156,46,20 Distribution Widening
156,47,21 Style Single
156,48,22 Failure mechanism Shallow translational failure
156,49,23 History Initiated in 2021 as informed by the locals.
156,50,24 Geomorphology moderately Dissected Slope
156,51,25 Geology Basic dyke & Granite of PGC
156,52,"26 Structure 320°/22°-50°, 310°/45-220°, 320°/55°-230°,"
156,53,27 Land use/ Land cover Extensive slope cut
156,54,28 Hydrological condition Damp during assessment
157,1,147 | P a g e
157,3,29 Triggering Factor Rainfall
157,4,30 Death of persons Nil
157,5,31 People affected Nil
157,6,32 Livestock loss Nil
157,7,33 Communication Tirumala Ghat (up road)
157,8,34 Infrastructure Loss of forest vegetation
157,9,35 Agriculture/forest/Barren Forest
157,10,36 Geo-scientific Causes Intense rill erosion during the heavy down pour. Slope forming
157,11,material is composed of unconsolidated soil intermixed with debris.
157,12,Non cohesive overburden material/ regolith thickness of 1m. Loss of
157,13,toe support due to unscientific slope modification for ro ad
157,14,construction.
157,15,37 Remedial measures Retaining wall already provided. Increase the height of retaining wall
157,16,3m and scaling of slope.
157,17,"38 Remarks, if any Road blockage.  Suggested remedial measures should be implemented"
157,18,to avoid any loss of life and property.
157,19,39 Photos.  Sketch of Plan &
157,20,section of the slide
157,22,40 Summary/Abstract Thick over burden material on high angle slope. Due to heavy down
157,23,pour and modification of natural slope landslide is occurred.
157,24,41 Pdf Data not available
157,25,42 Landslide category Category - II
157,28,Sl. No Field  Description
157,29,1 Slide No (LS.No.) AP/TPT/57O6/2022-23/LS28
157,30,2 State Andhra Pradesh
157,31,3 District Tirupati
157,32,4 Toposheet 57O6
157,33,5 Name of the slide Landslide at
157,34,6 NH/SH/Locality Tirumala Up road
157,35,7 Latitude (N) 13°39’54”
157,36,8 Longitude (E) 79°20’54.4”
157,37,9 Length (m) 20
157,38,10 Width (m) 60
157,39,11 Height (m) 18
157,40,12 Area (m2) 1200
157,41,13 Depth (m) 1.5
157,42,14 Volume(m3) 1800
157,43,15 Run out distance (m) 5
157,44,16 Type of Material Debris
157,45,17 Type of movement Slide
157,46,18 Rate of movement Rapid
157,47,19 Activity Active
157,48,20 Distribution Widening
157,49,21 Style Single
157,50,22 Failure mechanism Shallow translational failure
157,51,23 History Initiated in 2021 as informed by the locals.
157,52,24 Geomorphology moderately Dissected Slope
157,53,25 Geology Granite of PGC
157,54,26 Structure Data not preserved.
158,1,148 | P a g e
158,3,27 Land use/ Land cover Extensive slope cut
158,4,28 Hydrological condition Damp during assessment
158,5,29 Triggering Factor Rainfall
158,6,30 Death of persons Nil
158,7,31 People affected Nil
158,8,32 Livestock loss Nil
158,9,33 Communication Tirumala Ghat (up road)
158,10,34 Infrastructure Loss of forest vegetation
158,11,35 Agriculture/forest/Barren Forest
158,12,36 Geo-scientific Causes Intense rill erosion during the heavy down pour. Slope forming
158,13,material is composed of unconsolidated soil intermixed with debris.
158,14,Non cohesive overburden material/ regolith thickness of 1m. Loss of
158,15,toe support due to unscientific slope modification for ro ad
158,16,construction.
158,17,37 Remedial measures Retaining wall already provided. Increase the height of retaining wall
158,18,3m and scaling of slope.
158,19,"38 Remarks, if any Road blockage.  Suggested remedial measures should be implemented"
158,20,to avoid any loss of life and property.
158,21,39 Photos.  Sketch of Plan &
158,22,section of the slide
158,24,40 Summary/Abstract Thick over burden material on high angle slope. Due to heavy down
158,25,pour and modification of natural slope landslide is occurred.
158,26,41 Pdf Data not available
158,27,42 Landslide category Category - II
158,30,Sl. No Field  Description
158,31,1 Slide No (LS.No.) AP/TPT/57O6/2022-23/LS29
158,32,2 State Andhra Pradesh
158,33,3 District Tirupati
158,34,4 Toposheet 57O6
158,35,5 Name of the slide Landslide at
158,36,6 NH/SH/Locality Tirumala Up road
158,37,7 Latitude (N) 13°39’58.9”
158,38,8 Longitude (E) 79°20’49.7”
158,39,9 Length (m) 25
158,40,10 Width (m) 20
158,41,11 Height (m) 22
158,42,12 Area (m2) 500
158,43,13 Depth (m) 1.5
158,44,14 Volume(m3) 750
158,45,15 Run out distance (m) 5
158,46,16 Type of Material Rock
158,47,17 Type of movement Slide
158,48,18 Rate of movement Rapid
159,1,149 | P a g e
159,3,19 Activity Active
159,4,20 Distribution Widening
159,5,21 Style Single
159,6,22 Failure mechanism Shallow planar failure
159,7,23 History Initiated in 2021 as informed by the locals.
159,8,24 Geomorphology moderately Dissected Slope
159,9,25 Geology Basic dyke
159,10,"26 Structure 110°/68°-200°, 350°/71°-260°, 80°/80°-350°, 340°/4°-70°"
159,11,27 Land use/ Land cover Extensive slope cut
159,12,28 Hydrological condition Damp during assessment
159,13,29 Triggering Factor Rainfall
159,14,30 Death of persons Nil
159,15,31 People affected Nil
159,16,32 Livestock loss Nil
159,17,33 Communication Tirumala Ghat (up road)
159,18,34 Infrastructure Loss of forest vegetation
159,19,35 Agriculture/forest/Barren Forest
159,20,36 Geo-scientific Causes Highly jointed and fractured basic dyke. Slope forming material is
159,21,composed of unconsolidated soil intermixed with debris. Non
159,22,cohesive overburden material/ regolith thickness of 1 -1.5m. Loss of
159,23,toe support due to unscientific slope modification for road
159,24,construction.
159,25,37 Remedial measures Retaining wall already provided. Increase the height of retaining wall
159,26,3m and scaling of slope.
159,27,"38 Remarks, if any Road blockage.  Suggested remedial measures should be implemented"
159,28,to avoid any loss of life and property.
159,29,39 Photos.  Sketch of Plan &
159,30,section of the slide
159,32,40 Summary/Abstract Thick over burden material on high angle slope. Due to heavy down
159,33,pour and modification of natural slope landslide is occurred.
159,34,41 Pdf Data not available
159,35,42 Landslide category Category - II
160,1,150 | P a g e
160,3,Sl. No Field  Description
160,4,1 Slide No (LS.No.) AP/TPT/57O6/2022-23/LS30
160,5,2 State Andhra Pradesh
160,6,3 District Tirupati
160,7,4 Toposheet 57O6
160,8,5 Name of the slide Landslide at
160,9,6 NH/SH/Locality Tirumala Up road
160,10,7 Latitude (N) 13°39’57.9”
160,11,8 Longitude (E) 79°20’51.9”
160,12,9 Length (m) 20
160,13,10 Width (m) 30
160,14,11 Height (m) 18
160,15,12 Area (m2) 600
160,16,13 Depth (m) 1
160,17,14 Volume(m3) 600
160,18,15 Run out distance (m) 5
160,19,16 Type of Material Rock
160,20,17 Type of movement Fall
160,21,18 Rate of movement Rapid
160,22,19 Activity Active
160,23,20 Distribution Retrogressive
160,24,21 Style Single
160,25,22 Failure mechanism Shallow planar failure
160,26,23 History Initiated in 2021 as informed by the locals.
160,27,24 Geomorphology moderately Dissected Slope
160,28,25 Geology Basic dyke
160,29,"26 Structure N°/41°-W°, 70°/05°-160°, 310°/80°-40°, 20°/84°-290°"
160,30,27 Land use/ Land cover Extensive slope cut
160,31,28 Hydrological condition Damp during assessment
160,32,29 Triggering Factor Rainfall
160,33,30 Death of persons Nil
160,34,31 People affected Nil
160,35,32 Livestock loss Nil
160,36,33 Communication Tirumala Ghat (up road)
160,37,34 Infrastructure Loss of forest vegetation
160,38,35 Agriculture/forest/Barren Forest
160,39,36 Geo-scientific Causes 3 set of prominent joints. Rock fall occurred due to intersection of
160,40,vertical joints with low angle valley dipping joints. Pore water
160,41,pressure increased during heavy down pour.
160,42,37 Remedial measures Retaining wall should be provide up to 10m height.
160,43,"38 Remarks, if any Road blockage.  Suggested remedial measures should be implemented"
160,44,to avoid any loss of life and property.
161,1,151 | P a g e
161,3,39 Photos.  Sketch of Plan &
161,4,section of the slide
161,6,40 Summary/Abstract Vertical joints are intersecting with low angle valley dipping joints
161,7,causing the Rock fall.
161,8,41 Pdf Data not available
161,9,42 Landslide category Category - II
162,1,152 | P a g e
162,3,Sl. No Field  Description
162,4,1 Slide No (LS.No.) AP/TPT/57O6/2022-23/LS31
162,5,2 State Andhra Pradesh
162,6,3 District Tirupati
162,7,4 Toposheet 57O6
162,8,5 Name of the slide Landslide at
162,9,6 NH/SH/Locality Tirumala Up road
162,10,7 Latitude (N) 13°39’55.97”
162,11,8 Longitude (E) 79°21’6.2”
162,12,9 Length (m) 15
162,13,10 Width (m) 50
162,14,11 Height (m) 13
162,15,12 Area (m2) 750
162,16,13 Depth (m) 1
162,17,14 Volume(m3) 750
162,18,15 Run out distance (m) 5
162,19,16 Type of Material Debris
162,20,17 Type of movement Slide
162,21,18 Rate of movement Moderate
162,22,19 Activity Active
162,23,20 Distribution Enlarging
162,24,21 Style Multiple
162,25,22 Failure mechanism Shallow Translational
162,26,23 History Initiated in 2021 as informed by the locals.
162,27,24 Geomorphology moderately Dissected Slope
162,28,25 Geology Basic dyke
162,29,"26 Structure 310°/83°-30°, 20°/Vertical°, 310°/55°-220°, 20°/10°-110°"
162,30,27 Land use/ Land cover Extensive slope cut
162,31,28 Hydrological condition Damp during assessment
162,32,29 Triggering Factor Rainfall
162,33,30 Death of persons Nil
162,34,31 People affected Nil
162,35,32 Livestock loss Nil
162,36,33 Communication Tirumala Ghat (up road)
162,37,34 Infrastructure Loss of forest vegetation
162,38,35 Agriculture/forest/Barren Forest
162,39,36 Geo-scientific Causes Intense rill erosion during the heavy down pour. Slope forming
162,40,material is composed of unconsolidated soil intermixed with debris.
162,41,Non cohesive overburden material/ regolith  thickness of 1m. Loss of
162,42,toe support due to unscientific slope modification for road
162,43,construction.
162,44,37 Remedial measures Retaining wall already provided. Increase the height of retaining wall
162,45,3m and scaling of slope.
162,46,"38 Remarks, if any Road blockage.  Suggested remedial measures should be implemented"
162,47,to avoid any loss of life and property.
163,1,153 | P a g e
163,3,39 Photos.  Sketch of Plan &
163,4,section of the slide
163,6,40 Summary/Abstract Thick over burden material on high angle slope. Due to heavy down
163,7,pour and modification of natural slope landslide is occurred.
163,8,41 Pdf Data not available
163,9,42 Landslide category Category - II
164,1,154 | P a g e
164,3,Sl. No Field  Description
164,4,1 Slide No (LS.No.) AP/TPT/57O6/2022-23/LS32
164,5,2 State Andhra Pradesh
164,6,3 District Tirupati
164,7,4 Toposheet 57O6
164,8,5 Name of the slide Landslide at
164,9,6 NH/SH/Locality Tirumala Up road
164,10,7 Latitude (N) 13°39’58.3”
164,11,8 Longitude (E) 79°21’7.1”
164,12,9 Length (m) 25
164,13,10 Width (m) 50
164,14,11 Height (m) 20
164,15,12 Area (m2) 1250
164,16,13 Depth (m) 1
164,17,14 Volume(m3) 1250
164,18,15 Run out distance (m) 5
164,19,16 Type of Material Debris
164,20,17 Type of movement Slide
164,21,18 Rate of movement Moderate
164,22,19 Activity Active
164,23,20 Distribution Enlarging
164,24,21 Style Multiple
164,25,22 Failure mechanism Shallow Translational
164,26,23 History Initiated in 2021 as informed by the locals.
164,27,24 Geomorphology moderately Dissected Slope
164,28,25 Geology Granite and Basic dyke
164,29,"26 Structure 310°/83°-30°, 20°/Vertical°, 310°/55°-220°, 20°/10°-110°"
164,30,27 Land use/ Land cover Extensive slope cut
164,31,28 Hydrological condition Wet
164,32,29 Triggering Factor Rainfall
164,33,30 Death of persons Nil
164,34,31 People affected Nil
164,35,32 Livestock loss Nil
164,36,33 Communication Tirumala Ghat (up road)
164,37,34 Infrastructure Loss of forest vegetation
164,38,35 Agriculture/forest/Barren Forest
164,39,36 Geo-scientific Causes Intense rill erosion during the heavy down pour. Slope forming
164,40,material is composed of unconsolidated soil intermixed with debris.
164,41,Non cohesive overburden material/ regolith thickness of 1m. Loss of
164,42,toe support due to unscientific slope modification for road
164,43,construction.
164,44,37 Remedial measures Retaining wall already provided. Increase the height of retaining wall
164,45,3m and scaling of slope.
164,46,"38 Remarks, if any Road blockage.  Suggested remedial measures should be implemented"
164,47,to avoid any loss of life and property.
165,1,155 | P a g e
165,3,39 Photos.  Sketch of Plan &
165,4,section of the slide
165,6,40 Summary/Abstract Thick over burden material on high angle slope. Due to heavy down
165,7,pour and modification of natural slope landslide is occurred.
165,8,41 Pdf Data not available
165,9,42 Landslide category Category - II
166,1,156 | P a g e
166,3,Sl. No Field  Description
166,4,1 Slide No (LS.No.) AP/TPT/57O6/2022-23/LS33
166,5,2 State Andhra Pradesh
166,6,3 District Tirupati
166,7,4 Toposheet 57O6
166,8,5 Name of the slide Landslide at
166,9,6 NH/SH/Locality Tirumala Up road
166,10,7 Latitude (N) 13°39’59.1”
166,11,8 Longitude (E) 79°21’00.8”
166,12,9 Length (m) 15
166,13,10 Width (m) 20
166,14,11 Height (m) 13
166,15,12 Area (m2) 300
166,16,13 Depth (m) 1
166,17,14 Volume(m3) 300
166,18,15 Run out distance (m) 5
166,19,16 Type of Material Debris
166,20,17 Type of movement Slide
166,21,18 Rate of movement Moderate
166,22,19 Activity Active
166,23,20 Distribution Enlarging
166,24,21 Style Multiple
166,25,22 Failure mechanism Shallow Translational
166,26,23 History Initiated in 2021 as informed by the locals.
166,27,24 Geomorphology moderately Dissected Slope
166,28,25 Geology Granite and Basic dyke
166,29,"26 Structure 310°/65°-220°, 345°/75°-255°"
166,30,27 Land use/ Land cover Extensive slope cut
166,31,28 Hydrological condition Wet
166,32,29 Triggering Factor Rainfall
166,33,30 Death of persons Nil
166,34,31 People affected Nil
166,35,32 Livestock loss Nil
166,36,33 Communication Tirumala Ghat (up road)
166,37,34 Infrastructure Loss of forest vegetation
166,38,35 Agriculture/forest/Barren Forest
166,39,36 Geo-scientific Causes Intense rill erosion during the heavy down pour. Slope forming
166,40,material is composed of unconsolidated soil intermixed with debris.
166,41,Non cohesive overburden material/ regolith  thickness of 1m. Loss of
166,42,toe support due to unscientific slope modification for road
166,43,construction.
166,44,37 Remedial measures Retaining wall already provided. Increase the height of retaining wall
166,45,3m and scaling of slope.
166,46,"38 Remarks, if any Road blockage.  Suggested remedial measures should be implemented"
166,47,to avoid any loss of life and property.
167,1,157 | P a g e
167,3,39 Photos.  Sketch of Plan &
167,4,section of the slide
167,6,40 Summary/Abstract Thick over burden material on high angle slope. Due to heavy down
167,7,pour and modification of natural slope landslide is occurred.
167,8,41 Pdf Data not available
167,9,42 Landslide category Category - II
168,1,158 | P a g e
168,3,Sl. No Field  Description
168,4,1 Slide No (LS.No.) AP/TPT/57O6/2022-23/LS36
168,5,2 State Andhra Pradesh
168,6,3 District Tirupati
168,7,4 Toposheet 57O6
168,8,5 Name of the slide Landslide at
168,9,6 NH/SH/Locality Tirumala Up road
168,10,7 Latitude (N) 13°40’03.1”
168,11,8 Longitude (E) 79°20’51.4”
168,12,9 Length (m) 15
168,13,10 Width (m) 25
168,14,11 Height (m) 12
168,15,12 Area (m2) 375
168,16,13 Depth (m) 1
168,17,14 Volume(m3) 375
168,18,15 Run out distance (m) 5
168,19,16 Type of Material Debris
168,20,17 Type of movement Slide
168,21,18 Rate of movement Moderate
168,22,19 Activity Active
168,23,20 Distribution Retrogressive
168,24,21 Style Multiple
168,25,22 Failure mechanism Shallow Translational
168,26,23 History Initiated in 2021 as informed by the locals.
168,27,24 Geomorphology moderately Dissected Slope
168,28,25 Geology Granite
168,29,"26 Structure N°/35°-W°, 280°/78°-10°"
168,30,27 Land use/ Land cover Extensive slope cut
168,31,28 Hydrological condition Damp
168,32,29 Triggering Factor Rainfall
168,33,30 Death of persons Nil
168,34,31 People affected Nil
168,35,32 Livestock loss Nil
168,36,33 Communication Tirumala Ghat (up road)
168,37,34 Infrastructure Loss of forest vegetation
168,38,35 Agriculture/forest/Barren Forest
168,39,36 Geo-scientific Causes Intense rill erosion during the heavy down pour. Slope forming
168,40,material is composed of unconsolidated soil intermixed with debris.
168,41,Non cohesive overburden material/ regolith  thickness of 1m. Loss of
168,42,toe support due to unscientific slope modification for road
168,43,construction.
168,44,37 Remedial measures Retaining wall already provided. Increase the height of retaining wall
168,45,3m and scaling of slope.
168,46,"38 Remarks, if any Road blockage.  Suggested remedial measures should be implemented"
168,47,to avoid any loss of life and property.
169,1,159 | P a g e
169,3,39 Photos.  Sketch of Plan &
169,4,section of the slide
169,6,40 Summary/Abstract Thick over burden material on high angle slope. Due to heavy down
169,7,pour and modification of natural slope landslide is occurred.
169,8,41 Pdf Data not available
169,9,42 Landslide category Category - II
170,1,160 | P a g e
170,3,Sl. No Field  Description
170,4,1 Slide No (LS.No.) AP/TPT/57O6/2022-23/LS37
170,5,2 State Andhra Pradesh
170,6,3 District Tirupati
170,7,4 Toposheet 57O6
170,8,5 Name of the slide Landslide at
170,9,6 NH/SH/Locality Tirumala Up road
170,10,7 Latitude (N) 13°40’03.1”
170,11,8 Longitude (E) 79°20’51.4”
170,12,9 Length (m) 20
170,13,10 Width (m) 40
170,14,11 Height (m) 15
170,15,12 Area (m2) 800
170,16,13 Depth (m) 1
170,17,14 Volume(m3) 800
170,18,15 Run out distance (m) 5
170,19,16 Type of Material Debris
170,20,17 Type of movement Slide
170,21,18 Rate of movement Moderate
170,22,19 Activity Active
170,23,20 Distribution Retrogressive
170,24,21 Style Multiple
170,25,22 Failure mechanism Shallow Translational
170,26,23 History Initiated in 2021 as informed by the locals.
170,27,24 Geomorphology moderately Dissected Slope
170,28,25 Geology Granite
170,29,"26 Structure N°/35°-W°, 280°/78°-10°"
170,30,27 Land use/ Land cover Extensive slope cut
170,31,28 Hydrological condition Damp
170,32,29 Triggering Factor Rainfall
170,33,30 Death of persons Nil
170,34,31 People affected Nil
170,35,32 Livestock loss Nil
170,36,33 Communication Tirumala Ghat (up road)
170,37,34 Infrastructure Loss of forest vegetation
170,38,35 Agriculture/forest/Barren Forest
170,39,36 Geo-scientific Causes Intense rill erosion during the heavy down pour. Slope forming
170,40,material is composed of unconsolidated soil intermixed with debris.
170,41,Non cohesive overburden material/ regolith  thickness of 1m. Loss of
170,42,toe support due to unscientific slope modification for road
170,43,construction.
170,44,37 Remedial measures Retaining wall already provided. Increase the height of retaining wall
170,45,3m and scaling of slope.
170,46,"38 Remarks, if any Road blockage.  Suggested remedial measures should be implemented"
170,47,to avoid any loss of life and property.
171,1,161 | P a g e
171,3,39 Photos.  Sketch of Plan &
171,4,section of the slide
171,6,40 Summary/Abstract Thick over burden material on high angle slope. Due to heavy down
171,7,pour and modification of natural slope landslide is occurred.
171,8,41 Pdf Data not available
171,9,42 Landslide category Category - II
172,1,162 | P a g e
172,3,Sl. No Field  Description
172,4,1 Slide No (LS.No.) AP/TPT/57O6/2022-23/LS38
172,5,2 State Andhra Pradesh
172,6,3 District Tirupati
172,7,4 Toposheet 57O6
172,8,5 Name of the slide Landslide at
172,9,6 NH/SH/Locality Tirumala Up road
172,10,7 Latitude (N) 13°40’03.6”
172,11,8 Longitude (E) 79°20’50.0”
172,12,9 Length (m) 25
172,13,10 Width (m) 15
172,14,11 Height (m) 20
172,15,12 Area (m2) 375
172,16,13 Depth (m) 1
172,17,14 Volume(m3) 375
172,18,15 Run out distance (m) 5
172,19,16 Type of Material Debris
172,20,17 Type of movement Slide
172,21,18 Rate of movement Moderate
172,22,19 Activity Active
172,23,20 Distribution Retrogressive
172,24,21 Style Multiple
172,25,22 Failure mechanism Shallow Translational
172,26,23 History Initiated in 2021 as informed by the locals.
172,27,24 Geomorphology moderately Dissected Slope
172,28,25 Geology Granite
172,29,"26 Structure 70°/15°-160°, 40°/76°-310°, 280°/81°-10°"
172,30,27 Land use/ Land cover Extensive slope cut
172,31,28 Hydrological condition Damp
172,32,29 Triggering Factor Rainfall
172,33,30 Death of persons Nil
172,34,31 People affected Nil
172,35,32 Livestock loss Nil
172,36,33 Communication Tirumala Ghat (up road)
172,37,34 Infrastructure Loss of forest vegetation
172,38,35 Agriculture/forest/Barren Forest
172,39,36 Geo-scientific Causes Intense rill erosion during the heavy down pour. Slope forming
172,40,material is composed of unconsolidated soil intermixed with debris.
172,41,Non cohesive overburden material/ regolith  thickness of 1m. Loss of
172,42,toe support due to unscientific slope modification for road
172,43,construction.
172,44,37 Remedial measures Retaining wall already provided. Increase the height of retaining wall
172,45,3m and scaling of slope.
172,46,"38 Remarks, if any Road blockage.  Suggested remedial measures should be implemented"
172,47,to avoid any loss of life and property.
172,48,39 Photos.  Sketch of Plan &
172,49,section of the slide
172,51,40 Summary/Abstract Thick over burden material on high angle slope. Due to heavy down
172,52,pour and modification of natural slope landslide is occurred.
172,53,41 Pdf Data not available
172,54,42 Landslide category Category - II
173,1,163 | P a g e
173,3,Sl. No Field  Description
173,4,1 Slide No (LS.No.) AP/TPT/57O6/2022-23/LS39
173,5,2 State Andhra Pradesh
173,6,3 District Tirupati
173,7,4 Toposheet 57O6
173,8,5 Name of the slide Landslide at
173,9,6 NH/SH/Locality Tirumala Up road
173,10,7 Latitude (N) 13°40’03.9”
173,11,8 Longitude (E) 79°20’49.1”
173,12,9 Length (m) 15
173,13,10 Width (m) 70
173,14,11 Height (m) 12
173,15,12 Area (m2) 1050
173,16,13 Depth (m) 1
173,17,14 Volume(m3) 1050
173,18,15 Run out distance (m) 5
173,19,16 Type of Material Debris
173,20,17 Type of movement Slide
173,21,18 Rate of movement Moderate
173,22,19 Activity Active
173,23,20 Distribution Widening
173,24,21 Style Multiple
173,25,22 Failure mechanism Shallow Translational
173,26,23 History Initiated in 2021 as informed by the locals.
173,27,24 Geomorphology moderately Dissected Slope
173,28,25 Geology Granite
173,29,"26 Structure 70°/15°-160°, 40°/76°-310°, 280°/81°-10°"
173,30,27 Land use/ Land cover Extensive slope cut
173,31,28 Hydrological condition Damp
173,32,29 Triggering Factor Rainfall
173,33,30 Death of persons Nil
173,34,31 People affected Nil
173,35,32 Livestock loss Nil
173,36,33 Communication Tirumala Ghat (up road)
173,37,34 Infrastructure Loss of forest vegetation
173,38,35 Agriculture/forest/Barren Forest
173,39,36 Geo-scientific Causes Intense rill erosion during the heavy down pour. Slope forming
173,40,material is composed of unconsolidated soil intermixed with debris.
173,41,Non cohesive overburden material/ regolith  thickness of 1m. Loss of
173,42,toe support due to unscientific slope modification for road
173,43,construction.
173,44,37 Remedial measures Retaining wall already provided. Increase the height of retaining wall
173,45,3m and scaling of slope.
173,46,"38 Remarks, if any Road blockage.  Suggested remedial measures should be implemented"
173,47,to avoid any loss of life and property.
173,48,39 Photos.  Sketch of Plan &
173,49,section of the slide
173,51,40 Summary/Abstract Thick over burden material on high angle slope. Due to heavy down
173,52,pour and modification of natural slope landslide is occurred.
173,53,41 Pdf Data not available
173,54,42 Landslide category Category - II
174,1,164 | P a g e
174,3,Sl. No Field  Description
174,4,1 Slide No (LS.No.) AP/TPT/57O6/2022-23/LS40
174,5,2 State Andhra Pradesh
174,6,3 District Tirupati
174,7,4 Toposheet 57O6
174,8,5 Name of the slide Landslide at
174,9,6 NH/SH/Locality Tirumala Up road
174,10,7 Latitude (N) 13°39’06.1”
174,11,8 Longitude (E) 79°24’38.9”
174,12,9 Length (m) 20
174,13,10 Width (m) 30
174,14,11 Height (m) 15
174,15,12 Area (m2) 600
174,16,13 Depth (m) 1
174,17,14 Volume(m3) 600
174,18,15 Run out distance (m) 5
174,19,16 Type of Material Debris
174,20,17 Type of movement Slide
174,21,18 Rate of movement Moderate
174,22,19 Activity Active
174,23,20 Distribution Retrogressive
174,24,21 Style Single
174,25,22 Failure mechanism Shallow Translational
174,26,23 History Initiated in 2021 as informed by the locals.
174,27,24 Geomorphology Low Dissected Slope
174,28,25 Geology Granite
174,29,26 Structure Data not preserved
174,30,27 Land use/ Land cover Extensive slope cut
174,31,28 Hydrological condition Damp
174,32,29 Triggering Factor Rainfall
174,33,30 Death of persons Nil
174,34,31 People affected Nil
174,35,32 Livestock loss Nil
174,36,33 Communication Tirumala Ghat (up road)
174,37,34 Infrastructure Loss of forest vegetation
174,38,35 Agriculture/forest/Barren Forest
174,39,36 Geo-scientific Causes Intense rill erosion during the heavy down pour. Slope forming
174,40,material is composed of unconsolidated soil intermixed with debris.
174,41,Non cohesive overburden material/ regolith thickness of 1m. Loss of
174,42,toe support due to unscientific slo pe modification for road
174,43,construction.
174,44,37 Remedial measures Retaining wall already provided. Increase the height of retaining wall
174,45,3m and scaling of slope.
174,46,"38 Remarks, if any Road blockage.  Suggested remedial measures should be implemented"
174,47,to avoid any loss of life and property.
174,48,39 Photos.  Sketch of Plan &
174,49,section of the slide
174,51,40 Summary/Abstract Thick over burden material on high angle slope. Due to heavy down
174,52,pour and modification of natural slope landslide is occurred.
174,53,41 Pdf Data not available
174,54,42 Landslide category Category - II
175,1,165 | P a g e
176,1,166 | P a g e
176,4,Sl. No Field  Description
176,5,1 Slide No (LS.No.) AP/TPT/57O6/2022-23/LS41
176,6,2 State Andhra Pradesh
176,7,3 District Tirupati
176,8,4 Toposheet 57O6
176,9,5 Name of the slide Landslide at
176,10,6 NH/SH/Locality Tirumala Up road
176,11,7 Latitude (N) 13°40’03.5”
176,12,8 Longitude (E) 79°21’9.1”
176,13,9 Length (m) 12
176,14,10 Width (m) 15
176,15,11 Height (m) 10
176,16,12 Area (m2) 180
176,17,13 Depth (m) 1
176,18,14 Volume(m3) 180
176,19,15 Run out distance (m) 5
176,20,16 Type of Material Debris
176,21,17 Type of movement Slide
176,22,18 Rate of movement Moderate
176,23,19 Activity Active
176,24,20 Distribution Retrogressive
176,25,21 Style Single
176,26,22 Failure mechanism Shallow Translational
176,27,23 History Initiated in 2021 as informed by the locals.
176,28,24 Geomorphology moderately Dissected Slope
176,29,25 Geology Granite
176,30,"26 Structure 70°/15°-160°, 40°/76°-310°, 280°/81°-10°"
176,31,27 Land use/ Land cover Extensive slope cut
176,32,28 Hydrological condition Damp
176,33,29 Triggering Factor Rainfall
176,34,30 Death of persons Nil
176,35,31 People affected Nil
176,36,32 Livestock loss Nil
176,37,33 Communication Tirumala Ghat (up road)
176,38,34 Infrastructure Loss of forest vegetation
176,39,35 Agriculture/forest/Barren Forest
176,40,36 Geo-scientific Causes Intense rill erosion during the heavy down pour. Slope forming
176,41,material is composed of unconsolidated soil intermixed with debris.
176,42,Non cohesive overburden material/ regolith thickness of 1m. Loss of
176,43,toe support due to unscientific slope modification for ro ad
176,44,construction.
176,45,37 Remedial measures Retaining wall already provided. Increase the height of retaining wall
176,46,3m and scaling of slope.
176,47,"38 Remarks, if any Road blockage.  Suggested remedial measures should be implemented"
176,48,to avoid any loss of life and property.
177,1,167 | P a g e
177,3,39 Photos.  Sketch of Plan &
177,4,section of the slide
177,6,40 Summary/Abstract Thick over burden material on high angle slope. Due to heavy down
177,7,pour and modification of natural slope landslide is occurred.
177,8,41 Pdf Data not available
177,9,42 Landslide category Category - II
177,12,Sl. No Field  Description
177,13,1 Slide No (LS.No.) AP/TPT/57O6/2022-23/LS42
177,14,2 State Andhra Pradesh
177,15,3 District Tirupati
177,16,4 Toposheet 57O6
177,17,5 Name of the slide Landslide at
177,18,6 NH/SH/Locality Tirumala Up road
177,19,7 Latitude (N) 13°40’2.47”
177,20,8 Longitude (E) 79°21’3.5”
177,21,9 Length (m) 20
177,22,10 Width (m) 20
177,23,11 Height (m) 15
177,24,12 Area (m2) 400
177,25,13 Depth (m) 1
177,26,14 Volume(m3) 400
177,27,15 Run out distance (m) 5
177,28,16 Type of Material Rock
177,29,17 Type of movement Fall
177,30,18 Rate of movement Moderate to Rapid
177,31,19 Activity Active
177,32,20 Distribution Retrogressive
177,33,21 Style Single
177,34,22 Failure mechanism Rock fall
177,35,23 History Initiated in 2021 as informed by the locals.
177,36,24 Geomorphology moderately Dissected Slope
177,37,25 Geology Granite
177,38,"26 Structure N°/41°-W°, 70°/05°-160°, 310°/80°-40°, 20°/84°-290°"
177,39,27 Land use/ Land cover Extensive slope cut
177,40,28 Hydrological condition Damp
177,41,29 Triggering Factor Rainfall
177,42,30 Death of persons Nil
177,43,31 People affected Nil
178,1,168 | P a g e
178,3,32 Livestock loss Nil
178,4,33 Communication Tirumala Ghat (up road)
178,5,34 Infrastructure Loss of forest vegetation
178,6,35 Agriculture/forest/Barren Forest
178,7,36 Geo-scientific Causes 3 set of prominent joints. Rock fall occurred due to intersection of
178,8,vertical joints with low angle valley dipping joints. Pore  water
178,9,pressure increased during heavy down pour.
178,10,37 Remedial measures Retaining wall should be provide up to 10m height.
178,11,"38 Remarks, if any Road blockage.  Suggested remedial measures should be implemented"
178,12,to avoid any loss of life and property.
178,13,39 Photos.  Sketch of Plan &
178,14,section of the slide
178,16,40 Summary/Abstract Vertical joints are intersecting with low angle valley dipping joints
178,17,causing the Rock fall.
178,18,41 Pdf Data not available
178,19,42 Landslide category Category - II
179,1,169 | P a g e
179,4,Sl. No Field  Description
179,5,1 Slide No (LS.No.) AP/TPT/57O6/2022-23/LS43
179,6,2 State Andhra Pradesh
179,7,3 District Tirupati
179,8,4 Toposheet 57O6
179,9,5 Name of the slide Landslide at
179,10,6 NH/SH/Locality Tirumala Up road
179,11,7 Latitude (N) 13°40’5.6”
179,12,8 Longitude (E) 79°20’59.5”
179,13,9 Length (m) 15
179,14,10 Width (m) 17
179,15,11 Height (m) 12
179,16,12 Area (m2) 255
179,17,13 Depth (m) 1
179,18,14 Volume(m3) 255
179,19,15 Run out distance (m) 5
179,20,16 Type of Material Rock
179,21,17 Type of movement Slide
179,22,18 Rate of movement Moderate to Rapid
179,23,19 Activity Active
179,24,20 Distribution Retrogressive
179,25,21 Style Single
179,26,22 Failure mechanism Shallow planar failure
179,27,23 History Initiated in 2021 as informed by the locals.
179,28,24 Geomorphology moderately Dissected Slope
179,29,25 Geology Basic dyke
179,30,"26 Structure 340°/51°-250°, 310°/48°-40°, N/68°-W, 290°/65°-200°"
179,31,27 Land use/ Land cover Extensive slope cut
179,32,28 Hydrological condition Damp
179,33,29 Triggering Factor Rainfall
179,34,30 Death of persons Nil
179,35,31 People affected Nil
179,36,32 Livestock loss Nil
179,37,33 Communication Tirumala Ghat (up road)
179,38,34 Infrastructure Loss of forest vegetation
179,39,35 Agriculture/forest/Barren Forest
179,40,36 Geo-scientific Causes 3 set of prominent joints. Rock slide occurred due to intersection of
179,41,high angle  joints with low angle valley dipping joints. Pore water
179,42,pressure increased during heavy down pour.
179,43,37 Remedial measures Retaining wall should be provide up to 10m height.
179,44,"38 Remarks, if any Road blockage.  Suggested remedial measures should be implemented"
179,45,to avoid any loss of life and property.
180,1,170 | P a g e
180,3,39 Photos.  Sketch of Plan &
180,4,section of the slide
180,6,40 Summary/Abstract Vertical joints are intersecting with low angle valley dipping joints
180,7,causing the Rock slide.
180,8,41 Pdf Data not available
180,9,42 Landslide category Category - II
181,1,171 | P a g e
181,3,Sl. No Field  Description
181,4,1 Slide No (LS.No.) AP/TPT/57O6/2022-23/LS45
181,5,2 State Andhra Pradesh
181,6,3 District Tirupati
181,7,4 Toposheet 57O6
181,8,5 Name of the slide Landslide at
181,9,6 NH/SH/Locality Tirumala Up road
181,10,7 Latitude (N) 13°39’22.9”
181,11,8 Longitude (E) 79°21’57.8”
181,12,9 Length (m) 15
181,13,10 Width (m) 15
181,14,11 Height (m) 12
181,15,12 Area (m2) 225
181,16,13 Depth (m) 1
181,17,14 Volume(m3) 225
181,18,15 Run out distance (m) 5
181,19,16 Type of Material Debris
181,20,17 Type of movement Slide
181,21,18 Rate of movement Moderate
181,22,19 Activity Active
181,23,20 Distribution Retrogressive
181,24,21 Style Single
181,25,22 Failure mechanism Shallow Translational failure
181,26,23 History Initiated in 2021 as informed by the locals.
181,27,24 Geomorphology moderately Dissected Slope
181,28,25 Geology Granite
181,29,26 Structure Data not preserved
181,30,27 Land use/ Land cover Extensive slope cut
181,31,28 Hydrological condition Damp
181,32,29 Triggering Factor Rainfall
181,33,30 Death of persons Nil
181,34,31 People affected Nil
181,35,32 Livestock loss Nil
181,36,33 Communication Tirumala Ghat (up road)
181,37,34 Infrastructure Loss of forest vegetation
181,38,35 Agriculture/forest/Barren Forest
181,39,36 Geo-scientific Causes Intense rill erosion during the heavy down pour. Slope forming
181,40,material is composed of unconsolidated soil intermixed with debris.
181,41,Non cohesive overburden material/ regolith thickness of 1m. Loss of
181,42,toe support due to unscientific  slope modification for road
181,43,construction.
181,44,37 Remedial measures Retaining wall already provided. Increase the height of retaining wall
181,45,3m and scaling of slope.
181,46,"38 Remarks, if any Road blockage.  Suggested remedial measures should be implemented"
181,47,to avoid any loss of life and property.
182,1,172 | P a g e
182,3,39 Photos.  Sketch of Plan &
182,4,section of the slide
182,6,40 Summary/Abstract Thick over burden material on high angle slope. Due to heavy down
182,7,pour and modification of natural slope landslide is occurred.
182,8,41 Pdf Data not available
182,9,42 Landslide category Category - II
183,1,173 | P a g e
183,3,Sl. No Field  Description
183,4,1 Slide No (LS.No.) AP/TPT/57O6/2022-23/LS46
183,5,2 State Andhra Pradesh
183,6,3 District Tirupati
183,7,4 Toposheet 57O6
183,8,5 Name of the slide Landslide at
183,9,6 NH/SH/Locality Tirumala Up road
183,10,7 Latitude (N) 13°39’0.9”
183,11,8 Longitude (E) 79°20’43.5”
183,12,9 Length (m) 20
183,13,10 Width (m) 10
183,14,11 Height (m) 18
183,15,12 Area (m2) 200
183,16,13 Depth (m) 1
183,17,14 Volume(m3) 200
183,18,15 Run out distance (m) 5
183,19,16 Type of Material Debris
183,20,17 Type of movement Slide
183,21,18 Rate of movement Moderate
183,22,19 Activity Active
183,23,20 Distribution Retrogressive
183,24,21 Style Single
183,25,22 Failure mechanism Shallow Translational failure
183,26,23 History Initiated in 2021 as informed by the locals.
183,27,24 Geomorphology moderately Dissected Slope
183,28,25 Geology Granite
183,29,26 Structure Data not preserved
183,30,27 Land use/ Land cover Extensive slope cut
183,31,28 Hydrological condition Damp
183,32,29 Triggering Factor Rainfall
183,33,30 Death of persons Nil
183,34,31 People affected Nil
183,35,32 Livestock loss Nil
183,36,33 Communication Tirumala Ghat (up road)
183,37,34 Infrastructure Loss of forest vegetation
183,38,35 Agriculture/forest/Barren Forest
183,39,36 Geo-scientific Causes Intense rill erosion during the heavy down pour. Slope forming
183,40,material is composed of unconsolidated soil intermixed with debris.
183,41,Non cohesive overburden material/ regolith thickness of 1m. Loss of
183,42,toe support due to unscientific slope modification for ro ad
183,43,construction.
183,44,37 Remedial measures Retaining wall already provided. Increase the height of retaining wall
183,45,3m and scaling of slope.
183,46,"38 Remarks, if any Road blockage.  Suggested remedial measures should be implemented"
183,47,to avoid any loss of life and property.
184,1,174 | P a g e
184,3,39 Photos.  Sketch of Plan &
184,4,section of the slide
184,6,40 Summary/Abstract Thick over burden material on high angle slope. Due to heavy down
184,7,pour and modification of natural slope landslide is occurred.
184,8,41 Pdf Data not available
184,9,42 Landslide category Category - II
185,1,175 | P a g e
185,3,Sl. No Field  Description
185,4,1 Slide No (LS.No.) AP/TPT/57O6/2022-23/LS47
185,5,2 State Andhra Pradesh
185,6,3 District Tirupati
185,7,4 Toposheet 57O6
185,8,5 Name of the slide Landslide at
185,9,6 NH/SH/Locality Tirumala Up road
185,10,7 Latitude (N) 13°39’32.2”
185,11,8 Longitude (E) 79°20’36.6”
185,12,9 Length (m) 10
185,13,10 Width (m) 20
185,14,11 Height (m) 10
185,15,12 Area (m2) 200
185,16,13 Depth (m) 1
185,17,14 Volume(m3) 200
185,18,15 Run out distance (m) 5
185,19,16 Type of Material Rock
185,20,17 Type of movement Slide
185,21,18 Rate of movement Moderate
185,22,19 Activity Active
185,23,20 Distribution Retrogressive
185,24,21 Style Single
185,25,22 Failure mechanism Shallow Translational failure
185,26,23 History Initiated in 2021 as informed by the locals.
185,27,24 Geomorphology moderately Dissected Slope
185,28,25 Geology Basic Dyke
185,29,"26 Structure 340°/51°-250°, 310°/48°-40°, N/68°-W, 290°/65°-200°"
185,30,27 Land use/ Land cover Extensive slope cut
185,31,28 Hydrological condition Damp
185,32,29 Triggering Factor Rainfall
185,33,30 Death of persons Nil
185,34,31 People affected Nil
185,35,32 Livestock loss Nil
185,36,33 Communication Tirumala Ghat (up road)
185,37,34 Infrastructure Loss of forest vegetation
185,38,35 Agriculture/forest/Barren Forest
185,39,36 Geo-scientific Causes 3 set of prominent joints. Rock slide occurred due to intersection of
185,40,high angle joints with low angle valley dipping joints. Pore water
185,41,pressure increased during heavy down pour.
185,42,37 Remedial measures Retaining wall should be provide up to 10m height.
185,43,"38 Remarks, if any Road blockage.  Suggested remedial measures should be implemented"
185,44,to avoid any loss of life and property.
186,1,176 | P a g e
186,3,39 Photos.  Sketch of Plan &
186,4,section of the slide
186,6,40 Summary/Abstract Vertical joints are intersecting with low angle valley dipping joints
186,7,causing the Rock slide.
186,8,41 Pdf Data not available
186,9,42 Landslide category Category - II
187,1,177 | P a g e
187,4,Sl. No Field  Description
187,5,1 Slide No (LS.No.) AP/TPT/57O6/2022-23/LS48
187,6,2 State Andhra Pradesh
187,7,3 District Tirupati
187,8,4 Toposheet 57O6
187,9,5 Name of the slide Landslide at
187,10,6 NH/SH/Locality Tirumala Up road
187,11,7 Latitude (N) 13°39’22.8”
187,12,8 Longitude (E) 79°20’52.2”
187,13,9 Length (m) 20
187,14,10 Width (m) 20
187,15,11 Height (m) 16
187,16,12 Area (m2) 400
187,17,13 Depth (m) 1
187,18,14 Volume(m3) 400
187,19,15 Run out distance (m) 5
187,20,16 Type of Material Debris
187,21,17 Type of movement Slide
187,22,18 Rate of movement Moderate
187,23,19 Activity Active
187,24,20 Distribution Retrogressive
187,25,21 Style Single
187,26,22 Failure mechanism Shallow Translational failure
187,27,23 History Initiated in 2021 as informed by the locals.
187,28,24 Geomorphology moderately Dissected Slope
187,29,25 Geology Granite
187,30,26 Structure Data not preserved
187,31,27 Land use/ Land cover Extensive slope cut
187,32,28 Hydrological condition Damp
187,33,29 Triggering Factor Rainfall
187,34,30 Death of persons Nil
187,35,31 People affected Nil
187,36,32 Livestock loss Nil
187,37,33 Communication Tirumala Ghat (up road)
187,38,34 Infrastructure Loss of forest vegetation
187,39,35 Agriculture/forest/Barren Forest
187,40,36 Geo-scientific Causes Intense rill erosion during the heavy down pour. Slope forming
187,41,material is composed of unconsolidated soil intermixed with debris.
187,42,Non cohesive overburden material/ regolith thickness of 1m. Loss of
187,43,toe support due to unscientific slope modification for ro ad
187,44,construction.
187,45,37 Remedial measures Retaining wall already provided. Increase the height of retaining wall
187,46,3m and scaling of slope.
187,47,"38 Remarks, if any Road blockage.  Suggested remedial measures should be implemented"
187,48,to avoid any loss of life and property.
188,1,178 | P a g e
188,3,39 Photos.  Sketch of Plan &
188,4,section of the slide
188,7,40 Summary/Abstract Thick over burden material on high angle slope. Due to heavy down
188,8,pour and modification of natural slope landslide is occurred.
188,9,41 Pdf Data not available
188,10,42 Landslide category Category - II
189,1,179 | P a g e
189,52,Please visit us at https://www.gsi.gov.in
