Page,Line,Text
1,5,वर्ग -ीब /Category-B
1,6,वववृतफाइलप्रवतवेदन/OPEN-FILE REPORT
1,7,क े वलशासकीयप्रयोर्हेतु/For official use only
1,10,भारत सरकार
1,11,GOVERNMENT OF INDIA
1,12,भारतबय भूवैज्ञावनक सवेक्षण
1,13,GEOLOGICAL SURVEY OF INDIA
1,18,"मेघालय के पविम खासब वहल्स, दवक्षण पविम खासब वहल्स जनपदो एवं असम के कामरूप जनपद के"
1,19,"टोपोशबटसं 78O/6 एवं 78O/7 के भार्ों में मैक्रो-पैमाने (1:50,000) पर भूस्खलन संवेदनशबलता"
1,20,मानवित्रण पर प्रवतवेदन
1,21,फील्ड सत् 8102-7102
1,22,"Macro-scale (1:50,000) landslide susceptibility mapping in Toposh eets 78O/06 & 78 O/07,"
1,23,"parts of West Khasi Hills & South West Khasi Hills district s, Meghalaya and parts of"
1,24,"Kamrup district, Assam."
1,25,(Field Season:2017-2018)
1,26,(Item No.:M4LSSM/NC/NER/SU-MEG/2017/12672)
1,41,क विएज़ौ एंड अिान कोनयाक  K Chiezou and Achan Konyak
1,42,मेघालय Su: Meghalaya
1,43,पूवागत्तर क्षेत्र/ North Eastern Region
1,44,वशलांर्/ Shillong
1,45,"वसतम्ीर, 2018/ September, 2018"
1,56,"महावनदेशक, भारतबय भूवैज्ञावनक सवेक्षण, कोलकाता की पूवागनुमवत क े  वीना आंककक अथवा पूणग ककसब भब रूप  में उद्धररत न ककया जाये|"
1,57,"Not to be reproduced in part or full without the prior permission of the Director General, Geological Survey of India, Kolkat a."
2,3,Cover photo: Rock slide along Nongnah-Ranikor road
3,3,वर्ग -ीब /Category-B
3,4,वववृतफाइलप्रवतवेदन/OPEN-FILE REPORT
3,5,क े वलशासकीयप्रयोर्हेतु/For official use only
3,7,भारत सरकार
3,8,GOVERNMENT OF INDIA
3,9,भारतबय भूवैज्ञावनक सवेक्षण
3,10,GEOLOGICAL SURVEY OF INDIA
3,18,"मेघालय के पविम खासब वहल्स, दवक्षण पविम खासब वहल्स जनपदो एवं असम के"
3,19,"कामरूप जनपद के टोपोशबटसं 78O/6 एवं 78O/7 के भार्ों में मैक्रो-पैमाने (1:50,000)"
3,20,पर भूस्खलन संवेदनशबलता मानवित्रण पर प्रवतवेदन
3,21,फील्ड सत् 8102-7102
3,22,"Macro-scale (1:50,000) landslide susceptibility mapping in Toposh eets 78O/06"
3,23,"& 78 O/07, parts of West Khasi Hills & South West Khasi Hills district s,"
3,24,"Meghalaya and parts of Kamrup district, Assam."
3,25,(Field Season:2017-2018)
3,26,(Item No.:M4LSSM/NC/NER/SU-MEG/2017/12672)
3,32,"क विएज़ौ एंड अिन कौनयाक, भूववज्ञानब/ K Chiezou and Achan Konyak, Geologist"
3,33,एस यू: मेघालय/ Su: Meghalaya
3,34,पूवागत्तर क्षेत्र/ North Eastern Region
3,35,वशलांर्/ Shillong
3,36,"वसतम्ीर, 2018/ September, 2018"
4,3,"Macro-scale (1:50,000) landslide susceptibility mapping in Toposheets 78O/06 &"
4,4,"78 O/07, parts of West Khasi Hills & South West Khasi Hills districts, Meghalaya"
4,5,"and parts of Kamrup district, Assam."
4,6,(Field Season: 2017-2018)
4,7,CONTENTS
4,8,Page No.
4,9,Abstract i-iv
4,10,1. INTRODUCTION 3
4,11,1.1 Background information 3
4,12,1.2 Study area 5
4,13,1.3 Previous work on landslide studies 6
4,14,1.4 Physiography 7
4,15,1.4.1 Regional physiography 7
4,16,1.4.2 Physiography of the study area 7
4,17,1.5 General geology and geomorphology 8
4,18,1.5.1 Regional geology 8
4,19,1.5.2 Geology of the study area 8
4,20,1.5.3 Regional geomorphology  9
4,21,1.5.4 Geomorphology of the study area 9
4,22,1.6 Regional land use and land cover 12
4,23,1.7 Methodology 12
4,24,1.8 Rainfall data 14
4,25,1.9 Acknowledgements 15
4,26,2. LANDSLIDE INVENTORY 16
4,27,2.1 Data source 16
4,28,2.2 Inventory mapping 16
4,29,2.3 Spatial distribution of landslides 17
4,30,2.3.1 Landslide along the road sections 19
4,31,2.3.2 Landslide on natural slopes 19
4,32,3. LANDSLIDE SUSCEPTIBILITY ANALYSIS 22
4,33,3.1 Background 22
4,34,3.2 Selection of preparatory factors 22
4,35,3.3 Geo-factor themes 23
4,36,3.3.1 Slope angle 23
4,37,3.3.2 Slope curvature 26
4,38,3.3.3 Land use and land cover 28
4,39,3.3.4 Geomorphology 33
4,40,3.3.5 Slope forming material 38
4,41,3.3.6 Regolith thickness 42
4,42,3.4 Methodology in landslide susceptibility analysis 45
4,43,4. LANDSLIDE SUSCEPTIBILITY MAP 48
4,44,4.1 Susceptibility map 48
4,45,4.2 Susceptibility along major roads 50
4,46,4.2.1 Shillong–Nongstoin sector (NH-44E) 50
4,47,4.2.2Mawkyrwat-Shnongkalong sector 51
4,48,4.3 Susceptibility along major settlements  51
4,49,4.3.1 Settlements in Toposheet 78 O/6 51
4,50,4.3.2 Settlements in Toposheet 78 O/7 52
4,51,5. SUMMARY AND RECOMMENDATIONS 53
4,52,5.1 Summary 53
4,53,5.2 Constraints 55
4,54,5.3 Recommendations 56
5,3,Locality index
5,4,Bibliography
5,5,Annexure I
5,6,Annexure II
5,7,Annexure III- AHP calculations
5,8,Annexure IV- Landslide inventory
5,9,LIST OF FIGURES
5,10,Figure 1.1 Location map of the study area (78O/6 and 78O/7)
5,11,Figure 1.2 Geological map of the study area SOI Sheet 78O/6 and 78O/7
5,12,Figure 1.3 Simplified flow diagrams showing the steps for Landslide Susceptibility Mapping
5,13,Figure 1.4 Representative trend of monthly rainfall data for South Khasi Hills from 2017
5,14,Figure 2.1 Spatial distribution of landsl ides in Toposheets 78O/6 and 78O/7 with the hill shade
5,15,background obtained from Aster DEM
5,16,Figure 2.2 (A-C) some of the landslides in TS 78O/7
5,17,Figure 3.1 Slope angle map of Toposheets 78O/6 and 78O/7
5,18,Figure 3.2 Bar diagram showing spatial distribution of slope classes in percentage
5,19,Figure 3.3 Pie-chart showing spatial distribution of curvature classes in percentage
5,20,Figure 3.4 Curvature map of Toposheets 78O/6 and 78O/7
5,21,Figure 3.5 Bar diagram showing spatial distribution of LULC classes in percentage
5,22,Figure 3.6 Land use/land cover (LULC) map of Toposheets 78O/6 and 78O/7
5,23,Figure 3.7 (A-D) Field photographs of some of the characteristic LULC types
5,24,Figure 3.8 Bar diagram showing spatial distribution of Geomorphology classes in percentage
5,25,Figure 3.9 Geomorphology map for Toposheets 78O/6 and 78O/7
5,26,Figure 3.10 (A-D) Field photographs of some of t he characteristic geomorphic types in the study
5,27,area
5,28,Figure 3 .11 Bar diagram showing spatial d istribution of slope forming material classes in
5,29,percentage
5,30,Figure 3.12 Slope forming material map of Toposheets 78O/6 and 78O/7
5,31,Figure 3.13 Pie diagram showing spatial distribution of regolith thickness in percentage
5,32,Figure 3.14 Regolith thickness maps of Toposheets 78O/6 and 78O/7
5,33,Figure 4.1 Landslide susceptibility maps of Toposheets 78O/6 and 78O/7
5,34,LIST OF TABLES
5,35,"Table 1.1 Nature of work, quantum and achievements"
5,36,Table 1.2 Details of the man-days spent for the current item
5,37,Table 3.1 Slope classes with rating and LOFS values
5,38,Table 3.2 Slope Curvature classes with rating and LOFS values
5,39,Table 3.3 Land use and Land cover classes with rating and LOFS values
5,40,Table 3.4 Geomorphology classes with rating and LOFS values
5,41,Table 3.5 SFM classes with rating and LOFS values
5,42,Table 3.6 Regolith thickness classes with rating and LOFS values
5,43,Table 3.7 Weights assigned for geo-factors
5,44,Table 3.8 Derivation of inter-predictor (geo-factor) weight through pair-wise comparison matrix
5,45,LIST OF PLATES
5,46,Plate - I
5,47,Plate - II
6,3,"मेघालय क े  पविम खासब वहल्स, दवक्षण पविम खासब वहल्स जनपदो एवं असम क े  कामरूप जनपद क े"
6,4,"टोपोशबटसं 78O/6 एवं 78O/7 क े  भार्ों में मैक्रो-पैमाने (1:50,000) पर भूस्खलन संवेदनशबलता"
6,5,मानवित्रण पर प्रवतवेदन
6,6,(आइटम नंीर: म४एलएसएसएम /एनसब / एनइआर / एसयू -मेर् /२०१७/१२६७२)
6,7,(फील्ड सत् 8102-7102 )
6,8,"क छिएज़ौ ए ं ड अचन कौनयाक, भूववज्ञानब"
6,9,सारांश
6,10,"लेखकों ने फील्ड सबजन 2017-2018 क े  दौरान भूस्खलन संवेदनशबलता मानवित्रण ककया, वजसमें लर्भर् 1392 ककमब2 क्षेत्र शावमल"
6,11,"था।, टॉपोशबट्स 78 O / 6 और 78 ओ / 7 क े  वहस्सों में मैक्रो-स्क ेल (1: 50,000) पर पूवी खासब पहाव़ियों , दवक्षण पविम खासब"
6,12,"वहल्स वजलों, मेघालय क े क ु ि वहस्सों में ककया र्या है। इसका उद्देश्य जबआईएस मंि पर हेररवस्टक वववि और ीहु -श्रेणब सूिकांक"
6,13,ओवरले तकनबक का उपयोर् करक े  भूस्खलन संवेदनशबलता मानवित्र तैयार करना है और इस क्षेत्र को भूस्खलन प्रवण क्षेत्रों की
6,14,वववभन्न वडग्रब में वर्ीक ृत करना है। यह भूस्खलन सूिब डेटाीेस तैयार करक े और उच्च ररज़ॉल्यूशन ररमोट सेंससंर् तकनबकों और फील्ड
6,15,इनपुट का उपयोर् कर प्रासंवर्क भौर्ोवलक -कारकों या ववषयर्त मानवित्रों क े वलए टॉपोशबट-वार स्थावनक डेटाीेस तैयार करक े
6,16,हावसल ककया जाता है। ववश्लेषणात्मक पदानुक्रम प्रकक्रया कारक वर्ों की पारस्पररक जो़िब-तुलना तुलना क े वलए वनयोवजत है। कारक
6,17,"वर्ों क े वलए रेटटंर् को क्षेत्रबय ज्ञान क े माध्यम से उद्देश्य ज्ञान, ििाग और पुनः मूल्यांकन क े आिार पर असाइन ककया र्या है। क ुल िह"
6,18,"भौर्ोवलक कारक जैसे ढलान कोण , वक्रता, भूवम उप योर् और भूवम कवर (एलयूएलसब), जोमोफोलॉजब, ढलान ीनाने सामग्रब"
6,19,(एसएफएम) और रेर्ोवलथ मोटाई नक्शे इनपुट ववषयर्त नक्शे क े  रूप में इस्तेमाल ककया र्या था। नक्शे को संवेदनशबलता स्कोर मैप
6,20,"प्राप्त करने क े  वलए भाररत मल्टबक्लास इंडेक्स ओवरले वववि का उपयोर् करक े  जबआईएस में एकीक ृ त ककया र्या था, वजसे आवखरकार"
6,21,"कारक वर्ों की समग्र रेटटंर् वर्ीक ृत करक े  प्राप्त ककए र्ए ब्रेक वैल्यू क े  आिार पर 'उच्च', 'मध्यम' और 'कम' में वर्ीक ृत ककया र्या था।"
6,22,भूस्खलन क े साथ अपने स्थावनक संींि क े  संींि में।
6,24,"क ु ल वमलाकर 25 भूस्खलन दस्तावेज ककए र्ए हैं, वजनमें से 22 मलीे स्लाइड्स हैं, 3 रॉक स्लाइड और 1 मृदा  फ्लो  हैं। इसक े अलावा,"
6,25,र्ूर्ल एअथगइमेजरब क े माध्यम से लर्भर् 27 प्राक ृ वतक भूस्खलन की पहिान की र्ई। मौजूदा भूस्खलन क े  फील्ड अवलोकन और
6,26,"दस्तावेज़बकरण से पता िलता है कक मानसून क े मौसम में ीाररश से वे ी़िे पैमाने पर रिर्र होते हैं। इसक े अलावा, ढलान प्रोफाइल में"
6,27,संशोिन क े माध्यम से महत्वपूणग मानववंशबय हस्तक्षेप स्थानबय अवस्थरता को प्रेररत करने क े वलए एक प्रमुख कारक कारक पाया र्या
6,28,"है। अध्ययन में वविार ककए र्ए िह भौर्ोवलक कारकों में से , ढलान और एलयूएलसब क्रमशः 13 और 9 का पूणाांक भार लेते हैं और"
6,29,"भूस्खलन क े  स्थावनक ववतरण में अविकतम वनयंत्रण रखते हैं। ढलान कारक में, 25 वडग्रब -35 वडग्रब कक्षाओं में अविकतम भूस्खलन"
6,30,"घटना फवौरावीवलटब  स्कोर मूल्य है जीकक भूवम उपयोर् और भूवम कवर में , स़िक र्वलयारे क े  साथ व्यापक ढलान कट और खदान"
6,31,"खंड उच्चतम लैंडस्लाइड घटना फवौरावीवलटब  स्कोर मूल्य है। जोमोर्फ ग क कारक वर्ों में, डेनडशनल पहाव़ियों और अत्यविक ववच्िेदन"
6,32,"ढलानों में भूस्खलन क े  साथ उच्चतम स्थावनक संींि है। ढलान ीनाने वालब सामग्रब क े  उद्देश्य क्षेत्र क े अध्ययन क े  ीाद, कमजोर िट्टान"
6,33,और ढबले मलीे को उच्चतम सकारात्मक मूल्य पाया र्या है और भूस्खलन शुरू करने की अविक संभावना है और अविकतम लैंडस्लाइड
6,34,घटना फवौरावीवलटब स्कोर मान असाइन ककया र्या है।
6,36,तगमान अध्ययन से पता िलता है कक क ुल क्षेत्रफल का क ेवल 0.67% अत्यविक संवेदनशबल क्षेत्र में है जीकक मा मूलब संवेदनशबल क्षेत्र
6,37,10.06% और 89.27% क े  वलए कम संवेदनशबल क्षेत्र है। संवेदनशबलता मानवित्र ररमोट सेंससंर् और फील्ड इनपुट दोनों का नतबजा है
6,38,"और नक्शा 1: 50,000 में अध्ययन क्षेत्र की भूस्खलन संवेदनशबलता क े  र्ुणात्मक अनुमान कदखाता है और आवेदन में क्षेत्रबय है।"
6,39,"मानवित्र संभाववत भूस्खलन िेत्रो को पहिानने में अत्यविक सहायक है ,और इसवलए वसववल संरिनाओं क े वनमागण क े दौरान और"
6,40,उसक े  दौरान ढलानों की क्षेत्रबय सापेक्ष वस्थरता का मूल्यांकन करने में अत्यविक सहायता का हो सकता है।
7,3,"Macro-scale (1:50,000) landslide susceptibility mapping in Toposheet 78O/06"
7,4,"& 78 O/07, parts of West Khasi Hills & South West Khasi Hills districts,"
7,5,"Meghalaya and parts of Kamrup district, Assam."
7,6,(Item No.:M4LSSM/NC/NER/ SU-MEG/2017/12672)
7,7,(Field Season: 2017-2018)
7,8,"K. Chiezou and Achan Konyak, Geologist"
7,10,ABSTRACT
7,11,The authors carried out landslide susceptibility mapping during the Field Season
7,12,"2017-2018, covering an area of approx. 1 391 km2, on macro -Scale (1:50,000) in parts of"
7,13,"Toposheets 78 O/6 &78 O /7 parts of East Khasi Hills, South West Khasi Hills Districts,"
7,14,Meghalaya. The objective is to prepare landslide susceptibility map using heuristic method
7,15,and multi-class index overlay technique on GIS platform and classify the area into varying
7,16,degree of landslide prone zones. This is achieved by preparing landslide inventory database
7,17,and also preparing Toposheet -wise spatial database for relevant geo -factors or thematic
7,18,maps using high resolution remote sensing techniques and field inputs. Analytical
7,19,Hierarchy Process is employed for mutual pair -wise comparison of factor classes. The
7,20,"ratings for the factor classes have been assigned based on objective knowledge, discussion"
7,21,"and re-assessment through field inputs. A total six geo -factors viz. slope angle, curvature,"
7,22,"land use and land cover (LULC), geomorphology, slope forming material (SF M) and"
7,23,regolith thickness maps were used as input thematic maps. The maps were integrated in
7,24,"GIS using weighted multiclass index overlay method to obtain the susceptibility score map,"
7,25,"which was finally classified into ‘high’, ‘moderate’ and ‘low’ based on the break values"
7,26,logically obtained by classifying the overall ratings of factor classes in relation to their
7,27,spatial association with landslides.
7,28,"Altogether, 25 landslides have been documented following 42-point proforma out"
7,29,"of which 2 2 are debris slid es, 3 are rock slides and 1 earth flow.  In addition, a bout 27"
7,30,natural landslides were identified through google earth imagery. Field observations and
7,31,documentation of existing landslides show that they are triggered largely by rain during
7,32,"monsoon season.  Further, significant anthropogenic interference through modification of"
7,33,slope profile has been found to be a major causative factor for inducing local instability.
7,34,"Amongst the six geo -factor themes considered in the study, the slope and LULC carry an"
7,35,integer weight of 13 and 9 respectively and have maximum control in spatial distribution of
8,3,"landslides. In slope factor, 25°-35° classes have the maximum Landslide Occurrence"
8,4,"Favourability Score values while in land use and land cover, the extensive slope cut an d"
8,5,quarry sections along the road corridors have the highest Landslide Occurrence
8,6,"Favourability Score values. Amongst the geomorphology factor classes, denudational hills"
8,7,and highly dissected slopes have highest spatial relation with landslides. After objec tive
8,8,"field studies of slope forming material, the weathered rock and loose debris have been"
8,9,found to have the highest positive value and are more likely to initiate landslide and have
8,10,been assigned the maximum Landslide Occurrence Favourability Score values.
8,11,The current study shows that only 0.67 % of the total area is under highly
8,12,susceptible area while moderately susceptible area accounts for 10.06% and low susceptible
8,13,area for 89.27%. The susceptibility map is the outcome of both  remote sensing and field
8,14,inputs and the map shows qualitative estimate of landslide susceptibility of the study area in
8,15,"1:50,000 and is regional in application. The map can be of immense help in identifying the"
8,16,potential landslide prone areas to zero down on specific locations of  interest and therefore
8,17,to evaluate the regional relative stability of slopes before and during  the course of
8,18,constructing civil structures.
9,2,3
9,4,"Macro-scale (1:50,000) landslide susceptibility mapping in Toposheet s"
9,5,"78O/06 & 78 O/07, parts of West Khasi Hills & South West Khasi Hills"
9,6,"districts, Meghalaya and parts of Kamrup district, Assam."
9,7,"K. Chiezou and Achan Konyak, Geologist"
9,8,1. INTRODUCTION
9,10,1.1 Background information
9,11,The state of Meghalaya receives very high amount of monsoon rainfall for about five
9,12,months (June -October) every year which act as a vital triggering  factor for landslides.
9,13,"Moreover, the state is located in a region highly prone to earthquakes of moderate to high/very"
9,14,"high magnitude (Zone- V; BIS 2002) , which also act as  another potential triggering factor."
9,15,There are neo-tectonically active faults with historical seismic event such as 1897 Shillong
9,16,"Earthquake. In the event of a shallow focus or higher magnitude earthquake, the propensity"
9,17,for large scale initiation of earthquake-induced landslides is high.
9,18,The region has seen rapid development in infra-structure and communication in the
9,19,"recent years. District headquarters Nongstoin of West Khasi Hills district, Mawkyrwat of"
9,20,South-West Khasi Hills district and its adjacent areas have experienced rapid urbanization.
9,21,Expeditious developmental activities have been observed along several adjoining villages
9,22,in terms of road construction and public utility grounds in which slope modification has
9,23,been invariably involved. Exploitation of resources in terms of sand mining and rock
9,24,quarrying along the hillslopes has also caused i nitiation of slope failures . This is a major
9,25,concern in the vicinity of the settlement and along communication corridors particularly
9,26,"NH-44E which connects Shillong, Nongstoin, Tura  and Mawkyrwat-Shnongkalong etc.,"
9,27,and other significant tourist places within the state.
9,28,The NLSM programme has the following objectives: (i) Categorisation of the
9,29,hillslopes in terms of landslide susceptibility based on Analytical Hierarchical Process
9,30,using multi -class Index Overlay method  (ii) Preparation of landslide inventory database
9,31,"using high resolution remote sensing data, archival information and field inputs  (iii)"
9,32,Preparation of spatial database for geofactors of landslides.
9,33,"The methodology employed is a GIS -based approach, through deve lopment of"
9,34,terrain-specific weights/ ratings systems and a simple knowledge -driven technique -Multi-
9,35,"class Index Overlay method of data integration to finally arrive at the 1:50,000 scale"
9,36,landslide susceptibility maps . Th e current item code for FSP 2017 -18 is
10,2,4
10,4,M4LSSM/NC/NER/ SU -MEG/2017/12672 and the study covers about ≈1391km2 of two
10,5,"Survey of India Toposheets (TS), viz 78 O /6 and 78O/7. The achievements for the FSP"
10,6,item are given in Table 1.1.
10,7,"Table 1.1 Nature of work, quantum and achievements"
10,29,Table 1.2 Details of the man-days spent for the current item
10,30,Name of
10,31,Personnel
10,32,Specified
10,33,Field
10,34,days
10,35,Apr May Jun Jul Aug Sep Oct Nov Dec Jan Feb Mar Total
10,36,Bibhas
10,37,"Sen,"
10,38,Director
10,39,10 0 0 0 0 2 0 0 6 - - 2 - 10
10,40,Kezhasilie
10,41,Chiezou 80 0 0 0 4 6 4 13 16 3 16 13 8 83
10,42,Achan
10,43,Konyak 80 - - 2 2 5 20 14 20 3 4 2 8 80
10,49,Nature of Work
10,50,Total Target
10,51,(2017-18)
10,52,km2
10,53,Achievement
10,54,(km2)
10,56,"1. PRE-FIELD STUDIES - Preparation, updating and collection of thematic maps in GIS"
10,57,a) Slope Forming Material Map 1391 1391
10,58,b)Geomorphological and Lineament map 1391 1391
10,59,"c) Slope Morphometry (slope, aspect & curvature) map 1391 1391"
10,60,d)Landuse/Landcover map 1391 1391
10,61,e) Drainage map 1391 1391
10,62,f) Regolith depth map 1391 1391
10,63,g) Preparation of Landslide Inventory Map 1391 1391
10,64,2. FIELD-BASED STUDIES
10,65,i) Field-checking of all thematic maps 1391 1391
10,66,ii) Field validation of landslide inventory and collection of
10,67,"recent and historic  landslides (using archives, old reports, road"
10,68,register etc)
10,69,1391 1391
10,70,iii) Collection of landslide inventory and damage data as per
10,71,41-point geo-parametric datasheet. As necessary 1391 (32nos)
10,72,iv) Validation of landslide susceptibility map at important
10,73,locations. 1391 1391
10,74,3. POST-FIELD STUDIES AND MODELLING
10,75,i) Updation of thematic and inventory maps in GIS. 1391 1391
10,76,ii) Preparation of Landslide Susceptibility Map in GIS. 1391 1391
10,77,4. Collection of rainfall data from available rain stations. As necessary 1 year (2017)
11,2,5
11,4,A reconnitory field traverse was carried out in parts of TS 78 O/6 from July 13 th
11,5,"2017 to get perspective understanding of t he geology, SFM and landuse pattern.  The field"
11,6,traverse helped identify the predisposing factors and slope stability condition in the area.
11,7,The traverses were undertaken with the objective  to understand the anatomy and different
11,8,attributes of the landslide s as per the recommended 41 point geo -parametric landslide
11,9,inventory.Initially parts of TS No 78O/6 were completed after which field checks were
11,10,carried out for TS No 78O/7. The objective of the traverses was to update and validate the
11,11,pre-field maps of parts the three Toposheets. The earlier ratings of factor classes and inter -
11,12,predictor weights tentatively fixed were re -assessed and necessary changes were made as
11,13,per the inputs from field observations.
11,14,1.2 Study area
11,15,The study area is bounded by latitude N 25˚15΄00΄΄ and N 25˚45΄00΄΄ and longitude
11,16,E 91˚15΄00΄΄ to E 91˚30΄00΄΄ which includes TS 78O/6 and 78O/7. The area falls mostly in
11,17,"parts of South-West Khasi Hills and West Khasi Hills Districts, Meghalaya. Nongstoin is"
11,18,the District headquarters of West Khasi Hills and Mawkyrwat is the district headquarters of
11,19,South-West Khasi Hills. They can be accessed from Shillong via NH -44E. The NH-44E is
11,20,the arterial road that connects Shillong with Tura via Nongstoin. The nearest railhead is a
11,21,Guwahati station about 175 km from Nongstoin town and airport is in Riboi district about
11,22,160 km from Nongstoin.
12,2,6
12,41,Fig. 1.1 Location map of the study area (78 O/6 and 78 O/7)
12,44,1.3 Previous work on landslide studies
12,45,The pre vious work on landslide studies in parts of Meghalaya includes hazard
12,46,zonation both in macro and meso -scales. Slope stability studies are also taken up intended
12,47,to cater to site specific needs as and when landslides occur which include preliminary post
12,48,"disaster studies, coordinating activity related to landslide hazard mitigation and monitoring"
12,49,the occurrence of landslides and their inventory. Earlier workers attempted landslide hazard
12,50,"zonation mapping: Mazumdar (1980) on 1:100,000 scale for entire northeas t; macro -level"
12,51,landslide hazard zonation of about 500 sq. km of parts of East Khasi Hills and Ri -Bhoi
12,52,"Districts by Ghosh,  et al (2001 ) following BIS guidelines and also by Kumar, (2009) for"
13,2,7
13,4,around 200 sq. km along NH -40 between Shillong and Dawki; Meso sc ale landside hazard
13,5,zonation of Shillong town by Behera and Rocky  (2013) and Landside hazard zonation of
13,6,around two km wide strip along NH -44 between Shillong and Khlieriat was carried out on
13,7,"1:50,000 scale by Behera  and Rocky (2010). Important site specif ic studies in Meghalaya"
13,8,"includes Sonapur Landslide by Rao and Singh , (2007), slope stability studies along Dawki -"
13,9,"Umlarem road by Raju  and Chore  (2000), geotechnical note on slope stability along"
13,10,"Shillong-Cherrapunjee road by Ray, (1976). The above studies are carried out on varying"
13,11,scale along selected stretches of road and specific areas when need arises owing to landslide
13,12,incidences and therefore we can obtain perspective understanding of slope stability in the
13,13,"given areas. In Meghalaya, during FS:2015 -16 and FS:2016 -17 macro-scale (1:50,000)"
13,14,mapping as part of National Landslide Susceptibility Mapping programme  has been
13,15,"completed for 78 O/14, O/15, O/9 and O/10  by Kumar and Singh (2017), 78 O/13 and 83"
13,16,"C/1 by Theophilus and Megotsohe (2017) and for TS 83 C/2, C/3, C/4, C/7 and C/8  by"
13,17,Konyak and Senthil (2017) . The susceptibility maps so produced are seamless across the
13,18,four Toposheets.
13,19,1.4 Physiography
13,21,1.4.1 Regional physiography
13,22,Meghalayain general represents elevated p lateau-top and the relief  diminishes both
13,23,towards northand south and the slopes finally merge with the plains of Assam in the north
13,24,"and Bangladesh in the south. Gently undulating  mounds dissected by abrupt steep sides,"
13,25,"deep gorges, hanging valleys with a number of cascades and waterfalls  are widespread in"
13,26,Meghalaya.
13,27,1.4.2 Physiography of the study area
13,28,In the study area the gentle rolling topography is a result of differential weathering
13,29,"of the gneissic, granitic rocks and sandstones . The gneissic and granitic lithology in the"
13,30,central and south eastern part of TS no.78O/06 and the northern and north -eastern part of
13,31,TS no.78O/07 have rolling topography. However in the northern part of TS no.78O/06 and
13,32,"southern parts of TS no. 78O/07, dominated by  basement rock overlain by  Mahadek"
13,33,"sandstones (Khasi group), have rugged and steep topography. The highest elevation is 1790"
13,34,"m near Rambrai Village (25˚38΄00΄΄, 91˚21΄00 ΄΄) in TS 78O/06 whereas the lowest"
13,35,"elevation is 80m above MSL along Um Ngi river section (25˚24΄00΄΄, 91˚15΄00΄΄) in the"
13,36,southern part of the area  bordering Bangladesh in TS 78O/07. The general slope trend is
14,2,8
14,4,generally southerly  in the study area . The prominent linear depressions and low ridges
14,5,"trend NE-SW however minor NW-SE depressions are also in the area. In TS 78 O/7, river"
14,6,"Kynshi, UmNgi and Um riling River are the major rivers that flow south into Bangladesh"
14,7,"with tributaries Wahlangrin, Um t ajun, Um Karajaw Rivers. River Kynshi joins Umrilang"
14,8,"near Non Mor village before flowin g to Bangladesh. In TS no 78O/06 Um Krisinniyi, Um"
14,9,"Kenrem, Um it, Um rambra are the  major rivers flowing northerly to join  the mighty"
14,10,Brahmaputra river in Assam. The river normally follows or is controlled by the trend of the
14,11,ridges and mostly flow  parallel to the ridges which depicts the structural control of the
14,12,drainages. The drainage pattern in northern and central parts is sub -dentritic to sub -trellis.
14,13,The slopes of southern TS 78O/7 is comparatively rugged with sheer precipices carved out
14,14,by first and second order streams.
14,15,1.5 General Geology and Geomorphology
14,16,1.5.1 Regional geology
14,17,"Geologically, Meghalaya comprises rocks ranging from the oldest Pre -cambrian"
14,18,Gneissic complex to the recent alluvium formations. The Gneissic Complex which
14,19,represents the basement rock is overlain by the Shillong Group of rocks comprising mainly
14,20,of quartzites. They are intruded by basic and ultrabasic intrusives and also by gran ite
14,21,plutons. The Sylhet Trap in Meghalaya is found in a narrow E -W strip in the southern
14,22,fringe of the state. The Cretaceous and Tertiary sediments are found mostly in the southern
14,23,borders of the Khasi and Jaintia Hills and in western parts in Garo  Hills (Geology and
14,24,"Mineral resources of Meghalaya, GSI Misc. Pub. 30 Pt. 4 Vol. 2 (ii))."
14,25,1.5.2 Geology of study area
14,26,"Geologically, the major area of TS 78O/06 & 07 exposes rock of Assam Meghalaya"
14,27,Gneissic Complex and granite represented by Myliem and South Khasi Batholith belonging
14,28,to Archaen to Proterozoic age. The river sections and linear depressions also expose
14,29,basement rock. A thick cover of sedimentary sequence of KhasiGroup overlies the
14,30,basement rock in the south covering the larger area of the southern part of TS 78O/07. The
14,31,Khasi Group in the  study area is represented predominantly by  Mahadek Formation
14,32,comprising of arkosic gritty sandstone . Parts of TS 78O/07 area have minor patches of
14,33,"Jaintia Group represented by gritty sandstone, shale, siltstone, Clay & coal."
15,2,9
15,4,1.5.3 Regional geomorphology
15,5,"Geomorphologically, Meghalaya represents a p lateau and manifests a geomorphic arch. It"
15,6,forms a part of the northeastern extension of the Indian Peninsular Shield. It is an E –W
15,7,"trending, uplifted block where the elevat ion ranges from about 600 -1800 m above the"
15,8,Bangladesh Plains in th e south. It is bounded by the E -W trending Brahmaputra fault
15,9,systems in the north and the Dauki fault systems in the south  which separates the plateau
15,10,from Surma valley.
15,11,1.5.4 Geomorphology of the study area
15,12,The study area repre sents part of Meghalaya Plateau. The gently undulating hill
15,13,mounds are ubiquitous on the plateau top with subdued topography. The northern part of
15,14,Toposheet 78 O/6 is dominated by Myliem granite and unclassified gneissic terrain where
15,15,the hilltops are rounded and gentle and their slopes strewn by  unsorted boulders. The large
15,16,area of Toposheet 78 C/07 is lowly undulating with ubiquitous gentle residual hill
15,17,"mounds.However, deep narrow river gorge and steep escarpments are formed in southern"
15,18,parts of Toposheet 78O/07 and where precipitous bare rock faces are exposed. The steep
15,19,"slopes in the southern area are carved out by the  Um Rilang, Um ngi, Umsawrts. Colluvial"
15,20,footslopes are also observed along these steep slopes form ed by the deposition of
15,21,"heterogeneous mixture of angular pebbles, boulders, sand and silt. The southern slopes in TS"
15,22,"78O/7 are more dissected and have higher relief than TS 78O/06 and the northern, central part"
15,23,of TS 78O/7 which is essentially a plateau top with widespread hillmounds.
16,2,10
16,4,Table: 1.3 Stratigraphic succession of the study area
16,6,Source: GSI Misc. Pub. 30 Pt. 4 Vol. 2 (ii)
16,18,Age Group Name Formation Lithology
16,20,Palaeocene-
16,21,Eocene
16,23,Jaintia
16,24,Group
16,25,"Kopili Formation (50m) Shale, sandstone, marl"
16,26,and coal
16,28,"Shella Formation (100m) Alternation of sandstone,"
16,29,limestone
16,31,"Langer Formation (100m) Calcareous shale,"
16,32,"sandstone, limestone"
16,36,Upper
16,37,Cretaceous
16,40,Khasi Group
16,41,Mahadek Formation
16,42,(150m)
16,43,Arkosic sandstone (often
16,44,Glauconitic&Uraniferous)
16,45,Conglomerate (25m) Conglomerate
16,47,Jadukata Formation
16,48,(140m)
16,49,Conglomerate/sandstone
16,50,Neo
16,51,Proterozoic-
16,52,Early
16,53,Palaeozoic
16,54,Granite Plutons:
16,55,Kyrdem Granite Pluton
16,56,(479±26Ma)
16,57,Nongpoh Granite
16,58,(550±15Ma)
16,59,Mylliem Granite
16,60,(607±13Ma)
16,61,South Khasi Granite
16,62,(690±26Ma)
16,64,Porphyritic coarse
16,65,"granite, pegmatite,"
16,66,aplite/quartz vein
16,67,"traversed by epiidiorite,"
16,68,dolerite and basalt dykes
16,69,-------------------------------------------------------------- Intrusive contact---------------------------------------------------
16,70,------
16,72,Palaeo-Meso-
16,73,Proterozoic
16,74,Shillong
16,75,Group
16,76,"……………………………. Quartzite, phyllite, quart-"
16,77,"sericite schist,"
16,78,conglomerate
16,79,-----------------------------------------------------------------------Unconformity----------------------------------------------
16,80,------
16,81,Achaean (?)-
16,82,Proterozoic
16,83,Meghalaya
16,84,Gneissic
16,85,Complex
16,86,"Biotite gneiss, biotite"
16,87,"horn-blende gneiss,"
16,88,"granite gneiss, mica"
16,89,"schist, sillimanite-quartz"
16,90,"schist, biotite-granulite-"
16,91,"amphibolite, pyroxene"
16,92,"granulite, gabbro and"
16,93,diorite
17,2,11
17,46,Fig. 1.2 Geological map of the study area SOI Sheet 78 O/6 and 78 O/7 (Compiled geology
17,47,"map, GSI)"
18,2,12
18,4,1.6 Regional landuse and landcover
18,5,Meghalaya is a tribal state and the l and use and land cover pattern in Meghalaya is
18,6,"influenced by social, cultural and economic needs of the people. The land use in the state is"
18,7,intricately linked to traditional practices and needs since time immemorial. This influence
18,8,is given effect both by individual endeavour or collective community decision such as
18,9,"farming collectively in large tract of land. Of late, the development activities by several"
18,10,government setups have had significant impact on the land use and land cover pattern.
18,11,The people practice jhum as well as terrace cultivation besides consistent ly making
18,12,use of available space as homestead farming. The geo-climatic environment of Meghalaya
18,13,offers an excellent scope for  growing of different types of h orticultural crops including
18,14,"fruits, vegetables, spices, and plantation crops, medicinal and aroma tic plants of high"
18,15,"economic values.  Spices such as black pepper, turmeric, ginger and chil lies are grown"
18,16,"abundantly on the slopes . Since time immemorial, arecanut , Areca catechu , has been"
18,17,grown in Meghalaya as an important cash crop.
18,18,The people practice terrace cultivation in the valleys and foot slopes and to achieve
18,19,this water canals are being used for irrigation . The canals are mostly unlined and cut along
18,20,the slopes. The low lying areas between the gently undulating hills are invariably  dug as
18,21,ponds/reservoir to impound the runoff water as water easily accumulates in these areas.
18,22,The vegetation cover over the gently undulating hill mounds in southern plateau top
18,23,"includes grass and shrubs. A wide variety of wild cultivable plants, edible fruits, leafy"
18,24,"vegetables and orchids are found in the natural habitat. However , over exploitation,"
18,25,deforestation and habitat destruction has threatened this varied species and are now mainly
18,26,confined to the protected forest and groves maintained by the community.
18,27,1.7 Methodology
18,28,Taking note of the very few landslide incidences data and their non -uniform spatial
18,29,"distribution in Meghalaya, it is decided that Analytical Hierarchy Process (AHP) based"
18,30,modeling will be taken up instead of landslide dependent modeling. This is on e of the
18,31,methods of predictive mapping to arrive at qualitative landslide susceptibility as shown in
18,32,Flow diagram Fig. 1.3. The susceptibility modeling essentially invokes expert opinion and
18,33,application of Analytical Hierarchy Process ( AHP) for Weighted M ulti-class Index
18,34,"Overlay Method (Bonham-Carter, 1994; Guzzetti et al., 1999; Ghosh et al., 2011 ). A"
19,2,13
19,4,mutually-agreed ranking in the scale of 0 to 9 is arrived at for each of the factor classes and
19,5,"themes through  logical expert opinion s and consensus. Accordin gly, the Landslide"
19,6,Occurrence Favourability Score (LOFS) for each class of factor maps are generated. The
19,7,class ratings  and  integer weights  derived  from  AHP  are  used  to  obtain  landslide
19,8,susceptibility score map.
19,9,"A totalof six geo-factor maps viz., slope and curvature (prepared using 30m ASTER"
19,10,"DEM), Geomorphology and landuse/landcover (prepared using  Google Earth), slope"
19,11,"forming ma terial (SFM) and regolith thickness (RT), (prepared using relevant classes of"
19,12,"Geomorphology, LULC and GSI Geology map) are prepared for susceptibility analysis."
19,13,"Besides t hese maps, Landslide Inventory Map is preparedusing Google Earth, previous"
19,14,reports of GSI and field documentation of landslides.
19,15,"The susceptibility map is prepared in raster format, using pixel of 50mx50m grid as"
19,16,a mapping unit and by calculating the Landslide Occurrence Favourability Score (LOFS)
19,17,for all factor classes of each geo-factor theme in GIS.
19,18,A susceptibility score map is calculated after adding LOFS values of all six geo
19,19,factor maps and normalizing it by its weight.
19,20,"The natural breaks or the cut-off boundaries between the low, moderate and high"
19,21,susceptibility is assessed based on the mutual comparison expert-driven ranking.
20,2,14
20,19,Fig. 1.3 Simplified flow chart showing the steps for Landslide Susceptibility Mapping
20,20,1.8 Rainfall data
20,21,"Slope failures are largely triggered by rainfall. Therefore, the frequency of"
20,22,landslides is more during the monsoon. Although the assessment of the rainfall thresholds
20,23,"is very important in order to establish efficient correlation of rainfall and slope failures, in"
20,24,"the current study, in the current project no empirical relationships or hydrological"
20,25,modelling have been attempted with regard to rainfall and landsliding. Such possible
20,26,correlation between rainfall parameters and the occurrence of landslides can help identify
20,27,the local rainfall threshold for triggering landslides. Given the fact that the few existing
20,28,natural landslides in the study area and extensive slope cut failures in the study area are
20,29,"largely triggered by rainfall during monsoon season (June -September), monthly rainfall"
20,30,data for the years 2017  have been obtained from Soil and Water Conservation
20,31,"Department, Nongstoin Government of Meghalaya  in order to get perspective"
20,32,understanding of the temporal distribution of rainfall in the study area.
21,2,15
21,8,Figure 1.4 Representative trend of monthly rainfall data for South Khasi Hills (IMD).
21,9,1.9 Acknowledgements
21,10,The successful execution and completion of the item  under NLSM programme for
21,11,FS 2017-18 is attributed to the concerted efforts by several individuals at various levels.
21,12,The authors would like to express their sincere gratitude to stakeholders of GSI for taking
21,13,pro-active role in implementing the pan -India National Landslide Susceptibility Map ping
21,14,Programme which has an enormous societal relevance. The authors are grateful to  Addl.
21,15,"Director General and HOD, GSI, NER, Shillong for approving all the logistics for smooth"
21,16,"execution of the project. The authors would like to t hank Dr Bibhas Sen, Director, for the"
21,17,"overall guidance, inputs  and encouragement  and providing all possible logistic support"
21,18,"during the work. The authors would like to put on record the help, guidance and support"
21,19,"rendered from time to time by experts from GHRM Cell, GSI, Kolkata. We also would like"
21,20,"to thank our colleagues Shri Ramesh Laishram , Senthil Kumar, Shri Sumit Kumar and"
21,21,"Smt. Gargi Singh,  for various technical inputs and mutual discussions throughout the"
21,22,execution of the work.  The authors also thank the district administra tors of West Khasi
21,23,Hills and South West Khasi Hills for the logistic support and also  the Soil and Water
21,24,Conservation Division of Nongstoin for providing the raw rainfall data.
21,27,0
21,28,200
21,29,400
21,30,600
21,31,800
21,32,1000
21,33,1200
21,34,1400
21,35,JAN FEB MAR APR MAY JUN JUL AUG SEPT OCT NOV DEC
21,36,Rainfall (mm)
21,37,2013
21,38,2014
21,39,2015
21,40,2016
21,41,2017
22,2,16
22,4,2. LANDSLIDE INVENTORY
22,5,Landslide inventory map has varied scopes and is prepa red to understand the extent
22,6,of landslide phenomena in an area and is a precursor of any landslide susceptibility
22,7,mapping. Landslide inventory maps contain a combined graphic and attribute database of a
22,8,particular landslide and therefore landslide inventor y is required to investigate the
22,9,"distribution, types, and patterns of landslides and their evolution in space and time ."
22,10,Comprehensive landslide inventory is the prerequisite for subsequent studies and can be
22,11,prepared throu gh various metho ds such as mapping  from r emote s ensing d ata and
22,12,"topographic maps, detailed fieldwork and historical archival studies."
22,13,Given the fact that the landslides are deficient and non -uniform in spatial
22,14,"distribution in Meghalaya, heuristic or knowledge driven approach is adopted for which the"
22,15,landslide incidences map is not directly employed in the modeling.
22,16,2.1 Data source
22,17,Archival data sour ces and old r eports of G SI are of paramount importance  in
22,18,"collating the landslide data. Therefore , cumulative inventory data from the previous"
22,19,available field seasons were consulted with the initiation of present field season.
22,20,Landslide is a dynamic phenomenon and therefore its study and identification requires a
22,21,source that will cater not only by providing spatial data but multi-temporal data. In the current
22,22,study high resolution open source Google Earth imagery has been used to obtain multi-
22,23,temporal and spatial landslide inventory.
22,24,2.2 Inventory mapping.
22,25,Steps followed for mappi ng a la ndslide po lygon in A rcGIS10.3 and bui lding i ts
22,26,inventory attribute are detailed below.
22,27,1. The boundary file of the study area is converted to .kml file and opened in Google
22,28,Earth after which every segment of the stu dy area is vie wed in all available time frames.
22,29,The apparent landslides are identified and ma rked as a polygon. The source or the zone of
22,30,depletion and the run out is marked separately.
22,31,2. The mapped polygon is then saved as .kml file and later imported to ArcGIS
22,32,using conversion function. In ArcGIS the .kml to layer conversion is first done and then the
22,33,layer data is exported as a polygon shapefile or directly to the geodatabase.
23,2,17
23,4,"3. The attributes for each landslide polygon such as name, state, district, toposheet"
23,5,"number, initiation and reactivation year based on dates of Google Earth images are entered."
23,6,4. Extensive field check is then carried out to validate the pre-field map at all the
23,7,accessible locations. The morphological  signatures left by landslides on slopes were used
23,8,to identify the shape of landslides.
23,9,"5. The morphological parameters such as landslide scar length, width  and depth,"
23,10,"type, run -out distance, present landuse, regolith thickness, probable cause, and damage"
23,11,details are added to the inventory following the 42-point geo-parametric sheet.
23,12,6. A number of minor landslides particularly slope cut failures whic h are not
23,13,discernible in Google imagery are identified and plotted inthebase maps and their attributes
23,14,are noted. The slope cut failures are taken as point data instead of polygon and the same is
23,15,populated in excel.
23,16,2.3 Spatial distribution of landslides.
23,17,The landslides in the study area of Toposheet Nos  78O/6 and 78O/7 are relatively
23,18,"less and non-uniform in spatial distribution. Generally, the spatial distribution of landslides"
23,19,in any given area is influenced b y different geo -environmental settings includi ng
23,20,"topography, morphology, hydrology, lithology, and land use . In study area, f ield"
23,21,observations on their spatial distribution suggest dominant influence of landuse pattern
23,22,among several factors.
23,23,"In the process of preparing landslide inventory for the stu dy area, both by remote"
23,24,"sensing and field based, 52 landslides in total were identified. Landslides were classified"
23,25,following the classification proposed by Varnes (1978) . The identified landslides have
23,26,been documented following the 42-point geo-parametric attributes. Several landslides have
23,27,"been recorded  along NH -44E by-pass of Nongstoin  in Toposheet 78O/6. Here, the"
23,28,landslides are initiated primarily because of slope profile modification by road
23,29,construction.
23,30,In the southern quadrant of Toposheet 78O/7 w here the slopes  are steeper and
23,31,"relative relief higher , natural landslides have been observed . The  landslides are shallow"
23,32,"translational debris/rock slides, with depth of slip plane  being less than 5 meters . Fig. 2.1"
23,33,shows the landslide distribution in the study area.
23,34,Given the fact that about 70% of the study area represents gentle undulating
23,35,"topography, no slope failures of major scale have been documented. The existing"
24,2,18
24,4,landslides distribution is influenced by the landuse pattern particularly the road exca vation
24,5,and quarrying. The landslides documented in the past are also mostly road cut failures and
24,6,invariably associated with the slope modification. F ailures initiated due to removal of toe
24,7,by torrent streams are prevalent in some parts of study area.
24,50,Fig. 2.1 Spatial distribution of landslides in Toposheets 78 O/6 and 78 O/7 with the hill-
24,51,shade background obtained from Aster DEM.
25,2,19
25,4,2.3.1 Landslide along road sections.
25,5,Field observations show that  landslides are largely associated with road
25,6,construction and confined  to the road benches along NH -44E along Markasa-Nongstoin
25,7,and Nongstoin by -pass in Toposheet 78O/6 and also along the road stretches from
25,8,Mawkyrwat–Shnongkalong in Toposheet 78O/7.
25,9,NH-44E in Toposheet 78O/6 run largely on flat topography or plateau top and is
25,10,"apparently stable.  However, in a few localized stretches of the road, the slopes are"
25,11,modified resulting in excavation or displacement of rocks  or slope forming material . As
25,12,such the slope failures alo ng the road corridors are primarily due to steep nature of slopes
25,13,engineered by extensive slope cuts coupled with poor slope forming material such as insitu
25,14,"soil, fractured and highly weathered rockmass."
25,15,In the southern quadrant of Toposheet 78 O/7 the slopes are very steep with scarps
25,16,and sandstones capping. A few road stretches along Sohliwai-Shnongkalong and Koniong-
25,17,Shnongkalong have landslides initiated by road construction coupled with poor slope
25,18,forming material such as insitu soil.
25,19,The triggering factor in these slope failures is mainly monsoon rain. The heavy rain
25,20,starting from the month of June through September affects surface and sub -surface water
25,21,movement. The seepage increases and in turn decreases the shear strength of the weathered
25,22,and fractured rockmass. The engineered steep slopes whi ch are l eft unsupport ed b ecome
25,23,prone to f ailure d uring rains particularly in areas with thick insitu soil  or weathered
25,24,rockmass.
25,25,"Based on the material involved, field observations show that debris slides"
25,26,"predominate in the study area . The material on the slope is largely colluvium, loose debris"
25,27,and assorted boulders and soil. This assorted material is derived primarily by the
25,28,weathering of the highly jointed granite boulders and other gneissic rocks . The
25,29,discontinuities in the cut sections have unfavorable disposition.
25,30,2.3.2 Landslide on natural slopes.
25,31,In the study area l andslides caused under natural conditions are associated with
25,32,steeper slopes and confined to the Northern slopes of Toposheet 78O/06 and souther n
25,33,slopes of Toposheet 78O/07. The slopes in these parts comprise mainly of  mica biotite
25,34,"gneisses, granite and sandstones. These rocks are highly weathered in certain pockets of"
26,2,20
26,4,the slopes and a few natural slides have initiated along these slopes. Colluviu m and
26,5,assorted boulders spread pervasively along transportational midslope where landslides
26,6,initiate relatively readily when triggered by rainfall . These areas have moderate to sparse
26,7,vegetation mostly of tropical species and geomorphologically these are h ighly dissected
26,8,"slopes and denudational hillslopes.The interplay of rainfall, weathered materials, slope"
26,9,angle and fluvial action generally cause failures in these slopes. These slopes in northern
26,10,"quadrant of Toposheet 78O/6 are carved out b y Um Krisin ya, Um It rivers while in"
26,11,"southern parts of Toposheet 78O/7 slopes are carved by Um Rilang, Um Ngi,"
26,12,PhuoRingnbar and their tributaries. Several small streams of first and second order dissect
26,13,these slopes and serve as tributaries for the trunk Um Rilang  River and Um Ngi . The
26,14,channel gradient of these small streams are high and help initiate failures due to removal of
26,15,the toe along the banks through rapid flow of water and also due to increase in discharge of
26,16,water along the narrow channels. These occur particul arly during torrential rains in the
26,17,monsoon season which help elevate pore water pressure by saturation of slope material
26,18,from intense or prolonged rainfall. The slide material includes both rock and debris.
26,20,"A. Debris slides along extensive slope cuts NH-44E, Shillong-Nongstoin road"
26,21,"(25°31'42.5""/91°23'44.2"")"
26,22,Viewing direction: South
27,2,21
27,7,B. Debris slide on Nongstoin by-pass road TS 78O/6 (25°32' 46.5/91°17' 2.7'')
27,8,Viewing direction: South east
27,12,"C. Rock slide in Koniong-Shnonkalong road in TS 78 O/7 (25°16'40""/ 91°20'54"")"
27,13,Viewing direction: North east
27,16,Fig. 2.2 (A-C); Some of the landslides in TS 78O/6 and O/7 (see the Annexure-IV).
28,2,22
28,4,3. LANDSLIDE SUSCEPTIBILITY ANALYSIS
28,6,The methodof landslide susc eptibility analysis usi ng t he Analytical Hierarchy
28,7,Process (AHP) and Weighted Mult iclass Index Ov erlay method as recommended in the
28,8,Standard Operating Procedure (SOP) of NLSM is discussed in this chapter.
28,9,3.1 Background
28,10,Landslide susceptibility map represents areas or slopes most likely to fail in response
28,11,to various geo-environmental factors. The combination of pre-disposing and triggering factors
28,12,"determines the spatial distribution of landslides. Therefore, the susceptibility analysis calls for"
28,13,understanding the intricate relationship of causative geo -environmental factors with
28,14,landslides. A susceptibility map will therefore give qualitative or quantitative estimation of
28,15,"how the mapping unit (e.g., a pixel, slope unit orfacet) will be susceptible to a potential"
28,16,future landslide.
28,17,"However, it may be categorically mentioned that the future landslide does not refer to"
28,18,any specific time frame or frequency of occurrence nor does it carry any connotation on the
28,19,magnitude or scale of the failure. It is merely an establishment of relationship of relevant geo-
28,20,environmental causative factors with landslides for the areas of interest and based on which a
28,21,qualitative assessment can be reached with regard to their stability.
28,22,In the current study individual rating for geo-factor classes and weights of geo-factors
28,23,have been determined using Analytical Hierarchy Process (AHP) after preparing the pairwise
28,24,"qualitative comparison matrix of all factors ( Saaty, 1977) after due discussion among the"
28,25,experts.
28,26,3.2 Selection of preparatory factors
28,27,The most relevant underlying factors in the initiation of landslides have been taken
28,28,into account in the area as it is deficient of landslides for which t he AHP has been adopted.
28,29,This caters to the needs of the terrain specific condition and therefore apriori knowledge or
28,30,reasonable assumption of the main causes of landslides in the area of interest is essential in
28,31,selecting t he most r elevant f actors out of the ma ny kn own p reparatory fa ctors that can
28,32,"“theoretically” cause landslides (Ghosh and Carranza, 2010). Such preparatory factors for"
28,33,"landslide susceptibility analysis d epends on the s cale of analysis, the characteristics of the"
28,34,"study area, t he landslide type, the f ailure me chanisms and deductive knowledge of the"
28,35,"main causes of landslid es ( Guzzetti et al, 1999; Glade and Crozier, 2005). A systematic"
29,2,23
29,4,overview of the i mportant p reparatory fa ctors required for susc eptibility mapping in
29,5,"different scales is given in Van Westen et al, (2008)."
29,6,3.3 Geo-factor themes
29,7,None of the geo factors mentioned in the methodology  (1.7) can be singularly
29,8,attributed for the initiation of slope failures because it is the combination of various geo -
29,9,environmental factors that act to initiate landslides in any given slope. These include both pre-
29,10,"disposing and triggering factors. However, these factors have varying degree of influence on"
29,11,slope stability. While some factor is more important than others in any given place there is
29,12,"change in various parameters from one place to another. In other words, the influence of the"
29,13,"geo-factors will have spatial variation. In addition to this, there can be temporal variation as"
29,14,most landslides are triggered by heavy downpour during monsoon which is the case in
29,15,Meghalaya. For each theme the possible factor classes are considered for preparation of geo-
29,16,factor databases for the GIS-based analysis of susceptibility to landsliding. Landslides occur
29,17,when the shearing stress along the failure plane exceeds the shearing strength of rock/debris
29,18,"mass (Varnes, 1978)."
29,19,"Some of the geo-factor themes are categorical (e.g., geomorphology, aspect etc.) and"
29,20,"others represent continuous data (e.g., slope, elevation etc.). These spatial geo-factor maps are"
29,21,prepared using various source data and employing different mapping techniques which are
29,22,detailed below.
29,23,3.3.1 Slope angle.
29,24,The outward or downward movement  of material takes place necessarily through
29,25,"certain angle of slope and hence, t he slope factor is invariably associated with any type of"
29,26,landslides. This inherent causal relationship of slope in inducing slope instability makes it the
29,27,most important and effective parameter to consider.
29,28,ASTER DEM of 30 m is used to derive slope angle for the study area usi ng
29,29,ArcGIS10.2 (Fig. 3.1). The slope map so derived is r eclassified for analysis into 10 classes
29,30,with 10 p ercentile distribution. In the study area slope angle v aries between 0°  and 6 7°
29,31,with steep er slopes concentrated in northern parts of 78 O/6  and southern quadrants of
29,32,Toposheet 78 O/7. In addition to field observations a few natural landslides identified in
29,33,the study area have been superimposed with the slope map to arrive a relationship and it is
29,34,found that most of them fall in the slope angle 25°-35°. The landslide data in the adjacent
30,2,24
30,4,study areas confirm the similar spatial relationship and this trend is in consonance with
30,5,increase in slide frequency with the slope gradient until the maximum frequency is reached
30,6,"in the 30°-35° categories, followed by a decrease (Dai and Lee, 2002)."
30,7,Based on the earlier discussions and re -assessment after field validation for
30,8,Meghalaya and adjoining states the maximum ra ting of 8 has been assigned to classes 25° -
30,9,"30° and 30°-35° while rating 7 has been assigned for 35°-40° (Table 3.1). However, these"
30,10,three classes account for only 11.27% of the study area within which few natural landslides
30,11,"have been identified. These slop es are carved out by Um ngi, Um Tajan, Um Rilang, Um"
30,12,Kynshain and Um Krisinjya and their first and second order tributaries. The slope angle 0°-
30,13,15° which has very low rating accounts for 69.89% of the total study area (Fig. 3.2). This
30,14,low angle area is ess entially plateau top within which gently undulating hillmounds
30,15,"predominate and constitutes a highly stable area which includes Nongstoin, Rambrai,"
30,16,"Markasa, Mawkyrwat, Myriem among other localities."
30,17,Table 3.1 Slope angle classes with rating and Landslide Occurrence
30,18,FavourabilityScore (LOFS) values.
30,19,Slope Rating LOFS
30,20,0°-5° 0 0
30,21,5°-10° 1 0.080358
30,22,10°-15° 2 0.10888
30,23,15°-20° 4 0.211833
30,24,20°-25° 6 0.443561
30,25,25°-30° 8 1
30,26,30°-35° 8 1
30,27,35°-40° 7 0.664706
30,28,40°-45° 6 0.443561
30,29,>45° 4 0.211833
30,30,Consistency Ratio (CR) CI/RI 0.02749
31,2,25
31,46,Fig.3.1 Slope angle map of Toposheets 78 O/6 and 78 O/7.
32,2,26
32,19,Fig. 3.2. Bar diagram showing spatial distribution of slope classes in percentage
32,21,3.3.2 Slope curvature
32,22,Slope curvature is basically the slope shape or profile curvature and is derived from
32,23,30m ASTER DEM using A rcGIS10.2. A positive curvature r epresents upwardly convex
32,24,surface while a negative curvature indicates that the surface is upwardly concave at a given
32,25,pixel.
32,26,In Meghalaya the concave and convex profile of slopes have similar spatial
32,27,"relations with landslides. However, given the fact that high anthropogenic interference is"
32,28,involved by way of slope modification and excavation of roads along the convex profile of
32,29,the slope rating 6 has been assigned to convex relative to rating 4 for concave (Table 3.2).
32,30,Failures can be expected to occur in both convex and concave areas. The curvature
32,31,"maps were reclassified into three classes viz, concave, flat and convex. Taking cognizance"
32,32,of relatively less spatial relation with landslides and after due consideration a factor weight
32,33,of 1 is assigned for the curvature. The distribution of classes is given in (Figure 3 .3) and
32,34,curvature map in (Figure 3.4).
32,35,Table 3.2 Slope curvature classes with rating and LOFS values.
32,36,Curvature Rating LOFS
32,37,Concave (upto -0.1) 4 0.411305
32,38,Flat (-0.1 to 0.1) 2 0.167612
32,39,Convex (>0.1) 6 1
32,40,Consistency Ratio (CR) CI/RI 0.03337
32,42,0.00
32,43,5.00
32,44,10.00
32,45,15.00
32,46,20.00
32,47,25.00
32,48,30.00
32,49,0-5 5-10 10-15 15-20 20-25 25-30 30-35 35-40 40-45 >45
32,50,23.31
32,51,29.01
32,52,17.57
32,53,10.33
32,54,7.21
32,55,5.51
32,56,3.70
32,57,2.06 0.89 0.40
33,2,27
33,5,Figure 3.3 Pie-chart showing spatial distribution of curvature classes in percentage
33,31,Fig. 3.4 Slope curvature map of Toposheets 78 O/6 and 78 O/7
33,33,40.87
33,34,11.52
33,35,47.61 Concave
33,36,Flat
33,37,Convex
34,2,28
34,4,3.3.3 Landuse and Landcover.
34,5,Land use land cover (LULC) map (Fig. 3.6) of the study area is prepared using the
34,6,imagery from open source go ogle earth.  The boundary file converted to .kml file in
34,7,ArcGIS is imported to Google Earth along with the common river already prepared for all
34,8,the themes. The different classes of LULC theme are identified and marked or digitized
34,9,using polylines. The same are saved in .kml and in A rcGIS the features are converted into
34,10,polygons and then again exported to Google Earth through layer to .km lconversion. Each
34,11,polygon is named as per its LULC class and reconverted into a shapefile thro ugh .kml to
34,12,layer conversion.
34,13,This LULC map so prepared is a pre -field map and requires field validation of the
34,14,features identified through the Google Earth imagery. Field validation of the map in all
34,15,accessible loc ations is done and all necessary modifications and value addition in  the
34,16,boundary and name of the LULC classes are inc orporated (Fig. 3.7 A -D). It is observed
34,17,that pre -field map for LULC is largely accurate excepting a few patches of barren and
34,18,cultivated areas which are updated in the map. Apart from abandoned and ongoing  patches
34,19,"of agricultural area a number of sand quarries , extensive slope cut  and rock quarry areas"
34,20,are updated in the LULC map.  The most widespread class in the LULC map of 78O/6 and
34,21,78O/07 is sparse vegetation followed by thickvegetation and moderate vegetation among
34,22,other classes while in TS 78O/07  thick vegetation  predominates followed by sparse
34,23,vegetation and with several patches of broom cultivation which is invariably done in steep
34,24,slope areas along the hillslope. Thick vegetation in TS 78O/O7 is obse rved mostly in the
34,25,southern quadrants where moderate to steep slopes are present.
34,26,Field study in the area shows extensive slope cut and quarries to have initiated few
34,27,landslides along the road corridors. The upslope of such excavation is rendered unstable
34,28,due to dislocation of rocks and slope modification. As such ratings of 9 and 6 have been
34,29,"assigned respectively to extensive slope cut and quarries. The sparse vegetation, thick"
34,30,"vegetation and cultivated land cover about  40.98%, 26.83% and 10.56% (Fig. 3.5) of the"
34,31,"study area respectively however, they do not have significant spatial relation with"
34,32,"landslides and their ratings have been assigned 4, 2 and 2 respectively. In the study area"
34,33,landslides are deficient but there is significant influence of anthropoge nic activity in
34,34,bringing about change in slope profile and making certain pockets susceptible  especially
35,2,29
35,4,along NH-44E. The factor weight for LULC has been assigned 7 after due observation and
35,5,consideration (Table 3.3).
35,6,Table 3.3 Land use and Land cover classes with rating and LOFS values.
35,7,Landuse/Landcover Rating LOFS
35,8,Cultivated land 2 0.0864
35,9,Plantation (LHP) 1 0.0584
35,10,Thick vegetation 2 0.0864
35,11,Moderate vegetation 3 0.1408
35,12,Sparse vegetation 4 0.2188
35,13,Settlement 2 0.0864
35,14,Barren 3 0.1408
35,15,Extensive slope cut 9 1.0000
35,16,Quarry 6 0.4192
35,17,Treated slope 0 0
35,18,Flat ground 0 0
35,19,Jhum 3 0.1408
35,20,Barren (RBM) 0 0
35,21,Broom cultivation 2 0.0864
35,22,Consistency Ratio (CR) CI/RI 0.022979
35,25,Fig. 3.5 Bar diagram showing spatial distribution of LULC classes in percentage.
35,33,0.00
35,34,5.00
35,35,10.00
35,36,15.00
35,37,20.00
35,38,25.00
35,39,30.00
35,40,35.00
35,41,40.00
35,42,45.00
35,43,0.08 0.03 0.04
35,44,10.56
35,45,0.02 0.01 0.00
35,46,18.79
35,47,0.04 0.00 0.48 2.10
35,48,40.98
35,49,26.83
35,50,0.03
36,2,30
36,40,Fig. 3.6: Land use/land cover (LULC) map of Toposheets 78 O/6 and 78 O/7.
37,2,31
37,5,A. Broom Cultivation on the hillslopes in TS 78 O/07.
37,8,B. Thick and sparse vegetation in southern quadrant of TS 78O/7.
37,10,Fig. 3.7(A-B) Field photographs of some of the characteristic LULC types
38,2,32
38,5,B. Extensive slope cut along NH-44E TS 78O/06.
38,6,Viewing direction: North
38,8,D. Areca Nut plantation in village Raibah in TS 78O/07.
38,9,Fig. 3.7 (C-D) Field photographs of some of the characteristic LULC types
39,2,33
39,4,3.3.4 Geomorphology
39,5,Geomorphology is an important predictor  or governing factor  in landslide
39,6,susceptibility mapping. The map (Fig. 3.9) is prepared using high resolution Go ogle Earth
39,7,data. Initial attempt was made to use National Geomorphological  and Lineament Map
39,8,(NGLM) data but the map required significant modification to suit to t he current study by
39,9,incorporating more classes as well as discarding certain irrelevant ones.  The different
39,10,classes of Geomorphology theme are identified and marked or  digitized using polylines.
39,11,The same are saved in .kml and in A rcGIS t he features are converted into po lygons and
39,12,then again e xported to Goo gle E arth thro ugh layer to .kml  conversion. E ach po lygon is
39,13,named as per the classes and reconverted into a shapefile through .kml to layer conversion.
39,14,The fi eld-based g eomorphology map is prepared after validating the different
39,15,classes in the field at all accessible locations. The necessary modifications in the boundary
39,16,and name of the geomorphology classes are incorporated. The LOFS of different classes in
39,17,geomorphology map is given in T able 3.4. The natural landslides identified are confined
39,18,mostly to the highly dissected hillslope in the south ern quadrants of Toposheet 78O/07.
39,19,This is  because the area is dissected by  several first and second order streams of high
39,20,gradient and active toe erosion by these streams during prolonged rainfall is the main
39,21,causative factor. Old landslides having loose debris at the base of the slopes and dislocated
39,22,boulders at the adjacent ar eas have been assigned rating of 8 as these are prone to
39,23,reactivation and initiation of failures. The highly dissected area covers 17.91% moderately
39,24,dissected covers 15.08% and low ly dissected covers 59.26% of the hi llslopes (Fig. 3.8 ).
39,25,Given their conside rable areal coverage and after studying their relative stability in the
39,26,"field, ratings of 5, 3 and 2 are assigned to these classes respectively. The study area largely"
39,27,is gently undulating landform and is essentially a dissected plateau top with subdued
39,28,rolling topography where the slope angle ranges from 0° -15° (Fig. 3.10 A -D) and has no
39,29,spatial relationship with landslides.  The factor weight of 4 is assigned for the
39,30,geomorphology theme after objective field observations.
40,2,34
40,4,Table 3.4 Geomorphology classes with rating and LOFS values
40,6,Geomorphology Rating LOFS
40,7,Highly dissected slope 5 0.3904
40,8,Moderately dissected slope 3 0.1852
40,9,Lowly dissected slope 2 0.1206
40,10,Ridge (major drainage divide) 0 0
40,11,Colluvial footslope 3 0.1852
40,12,Escarpment 5 0.3904
40,13,Valley fill 1 0.0795
40,14,Transportationalmidslope 5 0.3904
40,15,Denudationalhillslope 8 1.0000
40,16,Hilltop 0 0
40,17,Peidmont slope/Pediment 1 0.0795
40,18,Pediplain/Peneplain 0 0
40,19,Palaeo landslide 7 0.7355
40,20,Residual hill/Lowly undulating
40,21,landform
40,22,2 0.1206
40,23,Old landslide (upto 50-100 yrs
40,24,old)
40,25,8 1.0000
40,26,Consistency Ratio (CR) CI/RI 0.0253
40,33,Fig. 3.8 Bar diagram showing spatial distribution of Geomorphology classes in percentage.
40,37,0.00
40,38,10.00
40,39,20.00
40,40,30.00
40,41,40.00
40,42,50.00
40,43,60.00
40,44,0.10 0.67 0.13
40,45,17.91
40,46,0.50
40,47,59.26
40,48,15.08
40,49,3.18 0.48 2.66 0.03
41,2,35
41,39,Fig. 3.9: Geomorphology map for Toposheets 78O/6 and 78O/7
42,2,36
42,8,A. Lowly undulating landform south of Mangnor Village TS 78O/7.
42,12,B. Escarpment in the western part of TS 78O/7 near Lum Langbaria.
42,13,Fig. 3.10 (A-B) Field photographs of some of the characteristic geomorphic types in the study
42,14,area
43,2,37
43,6,C. Highly dissected slope near Nongkieh in TS 78O/7.
43,9,D. Moderately dissected slope near Shnongkalongvillage TS 78O/7.
43,11,Fig. 3.10 (C-D) Field photographs of some of the characteristic geomorphic types in the
43,12,study area.
44,2,38
44,4,3.3.5 Slope Forming Material (SFM)
44,5,Landslide susceptibility and initiation largely depends on the nature of the material
44,6,resting on the slope i.e. the composition of slope as well as the degree of compaction of the
44,7,material. T herefore slope forming material (SFM) is an important categoric al geo -factor
44,8,theme. The map generated divides slopes into conspicuous areas depending on the different
44,9,types of rock or overburden material on the slope. SFM and its spatial distribution and
44,10,depth play a crucial role in causing different types of landslid es. The spatial distribution of
44,11,soil/overburden and its thickness is controlled by erosion processes and slope morphometry
44,12,"(Dietrich et al., 1986; De Rose et al., 1991) . The pre-field Slope Forming Material (SFM)"
44,13,map is prepared by using proxies of the exi sting geological legacy map  of 1:50k available
44,14,with GSI and the already prepared geomorphology and LULC maps. Certain relevant
44,15,classes of geomorphology such as escarpment and colluvial footslope are picked as rock
44,16,"and colluvium respectively in SFM. Similar ly, the cultivated tracts  at the footslope  in"
44,17,LULC are allotted transported soil as SFM. Based on the slope and inferences drawn from
44,18,"the Google Earth images, different SFM such as insitu soils (if t he covers lie at the ri dge"
44,19,"top or few met ers b elow), t ransported soil (if the covers are loc ated on m idslopeand"
44,20,"evidences of sur face tr ansportation is convincing), river borne material (RBM) along the"
44,21,"riverbanketc., have been mapped."
44,22,The p re-field SFM map so prepared is validated in the fi eld at all accessible
44,23,locations and all necessary modifications are incorporated to prepare final map (Fig. 3.12).
44,24,Large parts of Toposheet 78O/6 and 78O/7 are covered by insitu soil (55.98%) formed by
44,25,highly weathered granitic and gneissic rocks. Sporadic barren rock exposures are visible in
44,26,"areas around Mawkyrwat, Mawpat, Wakaji  and farther south. The steep slopes of TS"
44,27,78O/7 are characterised by varied slope forming material that includes bare rock at the
44,28,escarpment; colluvium and assorted boulders and debris at lower reaches of slopes and by
44,29,"thick soil and weathered rock spread pervasively along hilltops, gentler slopes and valley"
44,30,"areas. In the southern parts of TS 78O/7, the arkosic ferruginous sandstone of Khasi Group"
44,31,"is highly weathered and forms thin or mostly barren  insitu soil with thickness of 0-0.5m,"
44,32,form capping on granite and gneissic rocks  and supports thick vegetation  along the
44,33,hillslope. The slopes in these areas are strewn by assorted weathered boulders of gneisses
44,34,and granite.
45,2,39
45,4,Rating of 6 has been assigned for th e weathered rocks while loose debris have been
45,5,assigned the maximum rating of 8 as they are invariably found associated along the slopes
45,6,where extensive cutting of slope and quarrying are carried out. After objective field
45,7,"observation and due consideration , the SFM theme is assigned the weight of 6 for the"
45,8,analysis (Table 3.5). The distribution of different classes in percentage is given in (Fig.
45,9,3.11).
45,10,Table 3.5 Slope Forming Material classes with rating and LOFS values.
45,11,SFM Rating LOFS
45,12,Amphibolite/hornblende schist 2 0.128494
45,13,Augen gneiss 1 0.075623
45,14,Sillimanite gneiss 1 0.075623
45,15,Unclassified gneiss 1 0.075623
45,16,Glauconitic Sandstone 1 0.075623
45,17,Grey and pink porphyritic granite 1 0.075623
45,18,Mica(biotite)gneiss 2 0.0973129591825378
45,19,Sandy clay and sandstone 3 0.182702206351904
45,20,"Arkose/gritty sandstone, coal, fireclay & shale 3 0.216537"
45,21,Quartzite with minor phylite and quartz mica schist 2 0.128494
45,22,"Feldspathic sandstone, conglomerate & clay' 3 0.216537"
45,23,Weathered Rock 6 0.638969
45,24,Transported Soil 3 0.216537
45,25,Insitu Soil 1 0.075623
45,26,Loose Debris 8 1
45,27,Colluvium 4 0.341997
45,28,Granitoid 2 0.099872
45,29,"Sandstone, shale,siltstone,limestone& conglomerate 5 0.486775"
45,30,Basaltic/gabroic&doleritic dykes 2 0.099872
45,31,Quartzite with thin phylliteinterbands 2 0.099872
45,32,Sandstone with shale and mudstone 4 0.331362
45,33,"Sandstone, carb shale with conglomerate/limestone 4 0.333104"
45,34,Consistency Ratio(CR) CI/RI 0.01184
46,2,40
46,6,Fig. 3.11: Bar diagram showing spatial distribution of slope forming material classes in
46,7,percentage.
46,20,0.00 10.00 20.00 30.00 40.00 50.00 60.00
46,21,Amphibolite/hornblende schist
46,22,Augen gneiss
46,23,Basaltic/gabroic & doleritic dykes
46,24,Colluvium
46,25,Glauconitic Sandstone
46,26,Grey and pink porphyritic granite
46,27,Gritty sandstone alternating with…
46,28,Insitu soil
46,29,Mica(biotite)gneiss
46,30,Norite
46,31,Porphyritic granite
46,32,River
46,33,River borne material
46,34,Sandy clay and sandstone
46,35,Sillimanite gneiss
46,36,Transported soil
46,37,Unclassified gneiss
46,38,Waterbody
46,39,Weathered rock
46,40,0.22
46,41,0.80
46,42,0.02
46,43,0.10
46,44,1.12
46,45,3.55
46,46,1.57
46,47,55.98
46,48,23.04
46,49,0.12
46,50,1.33
46,51,0.48
46,52,0.03
46,53,0.05
46,54,0.00
46,55,6.07
46,56,5.46
46,57,0.03
46,58,0.02
47,2,41
47,28,Fig.3.12: Slope forming material map of Toposheets 78O/6and 78O/7.
48,2,42
48,4,3.3.6 Regolith thickness
48,5,In the current study it may be categorically mentioned that “regolith” refers to both
48,6,insitu soil and overburden which may not be insitu and resting above the fresh rock. Any
48,7,"material resting on the slope, insitu or transported overburden, will fail depending on the"
48,8,criticality of the slope which is directly influenced by the thickness of the material resting
48,9,on the slope. Regolith thi ckness map is essentially a field based map as its preparation
48,10,using categorical proxy map and existing geological map cannot be made without error. In
48,11,the field obvious constraints are faced pertaining to spatial variation of thickness because
48,12,of the erra tic nature of depth. Hence preparation and updation of regolith thickness map
48,13,involves considerable level of subjectivity and observation of the experts. O bservations are
48,14,"made along the exposures on the ro ad cuts, quarries, str eams and la ndslide s cars to g et"
48,15,perspective idea about the thickness variation . The  map (Fig. 3.14)  is grouped into four
48,16,classes ( Table 3.6). It is therefore arrived at a consensus that the rocks which are
48,17,moderately to highly weathered (W4 -W5) overlain by overburden is clubbed with insitu
48,18,"soil or overburden itself to add up to its thickness. However, it is decided that if the veneer"
48,19,soil cover over fresh rock is less than 0.5 m the polygon will retain rock as the material.
48,20,The regolith thickness is often governed by the underlying roc k characters and also the
48,21,slope angle.
48,22,Field observations show that t he regolith thickness on gentler slopes below the
48,23,"escarpments, where slope wash material and assorted debris predominate, range from 0.5 -2"
48,24,m. The weathered rock in most places with thin v eneer of soil have thickness 0.5 -2 m
48,25,"while insitu soil in gentler areas have thickness 2 -5 m as observed along road sections,"
48,26,quarries and scars of the slide zone.
48,27,Taking into account the degree of weathering in the observed rocks in most places
48,28,the depth ranges from 1 -2 m in hillslopes and 2 -5 m on the plateau top with gentle
48,29,undulating hill mounds. Given the fact that p rediction of the thickness of SFM over a large
48,30,area is extremely difficult a systematic approach to mapping is attempted taking
48,31,representative location points on the base map and recording the details both for in - and
48,32,out- locations. The thick insitu soil of 2 -5 m  (5.51%) resting precariously on the steep
48,33,slopes engineered by road construction is particularly susceptible and accordingly afte r
48,34,field observation maximum rating of 6 has been assigned to 2 -5 m thickness . The
49,2,43
49,4,maximum area (52.42%) has a thickness of 0.5-2 m which mainly owes to the ubiquitous
49,5,insitu soil  (Fig: 3.13) . A factor weight of 4 has been assigned for the map after due
49,6,consideration of its association with initiation of landslides . The distribution of different
49,7,classes in percentage is given (Fig. 3.13).
49,8,Table 3.6 Regolith thickness classes with rating and LOFS values
49,22,Fig. 3.13 Bar diagram showing spatial distribution of regolith thickness in percentage
49,30,0.00
49,31,10.00
49,32,20.00
49,33,30.00
49,34,40.00
49,35,50.00
49,36,60.00
49,37,4.28
49,38,37.28
49,39,52.42
49,40,5.51
49,41,0.48 0.03
49,42,Regolith thickness Rating LOFS
49,43,<0.5m (rock) 0 0
49,44,0.5-2m 3 0.2959
49,45,2-5m 6 1
49,46,>5m 2 0.1732
49,47,CR CI/RI 0.02129
50,2,44
50,41,Fig. 3.14: Regolith thickness map of Toposheets 78O/6 and 78O/7
51,2,45
51,4,3.4. Methodology in landslide susceptibility analysis
51,5,Although the prime objective is same  i.e. to bring out a qualitative assessment
51,6,"map, there is a marked difference between landslide dependent and heuristic or"
51,7,knowledge driven landslide susc eptibility analysis  in that the latter is employed in areas
51,8,deficient of landslide data.
51,9,The steps for AHP modeling can be divided into the following main themes:
51,10,A.  Mutual p airwise comparison ratings obtained from experts and application of
51,11,Analytical Hierarchy Process to calculate ratings of geo-factors.
51,12,B. Preparation of LOFS maps using Eigen Values and fraction rating.
51,13,C. Factor map integration using Weighted Multiple Index Overlay andpreparation
51,14,of landslide susceptibility score map.
51,15,D. Determination of classification/break pixel values for classification of
51,16,susceptibility score map.
51,17,"For the current study, knowledge-driven (heuristic) method is made use to arrive at"
51,18,spatial relation between landslidi ng and relevant geo-factors. Different classes have
51,19,ratings while each theme is assigned a weight (Table 3.7).  The concept of Analytical
51,20,"Hierarchy Process (AHP) is developed by Saaty, (1977) for pairwise analysis of priorities"
51,21,in multi-decision making. It is an effective tool for  dealing with complex decision m aking
51,22,and helps prioritize different criteria used in various studies . This is achieved by  reducing
51,23,"complex decisions to a series of pairwise  mutual comparisons, and then  synthesizing the"
51,24,results.The AHP also incorporates a useful technique for checking th e consistency of
51,25,thedecision maker’s evaluations  for any deviation or inconsistency developed in the
51,26,process (Table 3.8).
51,27,Table 3.7 Weights assigned for geo-factors
51,28,Factors Weights
51,29,Curvature 1
51,30,Slope 8
51,31,Geomorphology 4
51,32,LULC 7
51,33,Depth 4
51,34,SFM 6
52,2,46
52,4,Calculation of Landslide Occurrence Favourability Score (LOFS) values for
52,5,various classes of individual  geo-factor is achieved after deriving Eigen values and
52,6,fraction rate for each class .  It  gives the idea about the probability of the occurrence of
52,7,slide and the r esponsible class of  the particular geo -factor. The LOFS values of different
52,8,"classes of factor maps range from 0 to 1 and once they are derived and saved in excel,"
52,9,they are joined with respective raster maps in ArcGIS to generate LOFS maps of factor
52,10,maps. T hese LOFS maps are integrated in ArcGIS to generate Susceptibility Score map
52,11,which is a qualitative landslide susc eptibility map prepared by using the Weighted Multi-
52,12,class Index Overlay method as recommended in the SOP of NLSM.
52,13,"To integrate the selected p redictors for  landslides, the weighted multi -class index"
52,14,"overlay method (Bonham-Carter, 1994)  can be applied. In each of the i -th (i = 1,2,…,n)"
52,15,"predictor maps, each of the j-th (j = 1,2,…,n ) predictor classes is assigned a favourability"
52,16,score (Fji) obtained through AHP calculation. Every i -th  predictor  map  is  assigned  an
52,17,"integer  predictor  weight,  W i,  obtained  through AHP calculation. Weighted predictor"
52,18,"maps are  then  combined  using  the following  equation,  which  calculates  an  average"
52,19,"weighted  score  of  landslide susceptibility (S) for every location/pixel (Bonham -Carter,"
52,20,1994): S= ∑ (𝐹𝑛
52,21,𝑖 ji×Wi)  ̸  ∑ 𝑊𝑛
52,22,𝑖 i
52,23,The outputmap S so derived is called susceptibility score map and is a p redictive
52,24,model of landslide susceptibilityto potential landslides in the area  under examination. This
52,25,score map needs to be categorized into a qualita tive classification to understand the
52,26,relative susceptibility of the area better. For classification of break values of the score map
52,27,"in which the Landslide Occurrence Favourability Score (LOFS) ranges from 0 to 1, the"
52,28,same logic or concept used in assigni ng rating to the classes can  be used. In any pairwise
52,29,"comparison, it is logically assumed that a factor class of rating ≥5 has more positive spatial"
52,30,relation with landslides. This rank value of “5” in a scale of “0” to “9” used in Analytical
52,31,Hierarchy Process comes after 50% of the absolute difference values (9 -0=9; 50% of 9 is
52,32,4.5). A corollary can be drawn from  this absolute difference and 50% cut-off margin or
52,33,weightage can be used to determine the break raster value or LOFS value from 0 to 1
52,34,"between “Moderate” and “High” susceptibility classes . Similarly, this logic applies w hen"
52,35,"we assign rating ≤3 to any class (lower than 30% of the absolute difference value of 9), the"
52,36,"same has less spatial relation with landslides. Accordingly, we can keep 30% cut -off"
53,2,47
53,4,margin or weightage to determinethe break values between “Low” and “M oderate”
53,5,"susceptibility classes. Thus, the break value deduced for low and moderate is 0.3 while the"
53,6,break value between moderate and high is placed at 0.5.
53,7,Table 3.8: Derivation of inter-predictor (geo-factor) weight through pair-
53,8,wise comparison matrix.
53,9,PAIRWISE COMPARISON RATING MATRIX GEO-FACTORS
53,11,Curvature Slope Geomorphology LULC Depth SFM
53,12,Curvature 1.00 0.13 0.25 0.14 0.25 0.17
53,13,Slope 8.00 1.00 5.00 2.00 5.00 3.00
53,14,Geomorphology 4.00 0.20 1.00 0.25 1.00 0.33
53,15,LULC 7.00 0.50 4.00 1.00 4.00 2.00
53,16,Depth 4.00 0.20 1.00 0.25 1.00 0.33
53,17,SFM 6.00 0.33 3.00 0.50 3.00 1.00
53,18,Sum 30.00 2.36 14.25 4.14 14.25 6.83
53,20,"Calculation of eigenvalues, fraction rating and Integer Weight"
53,22,Curvature Slope Geomorphology LULC Depth SFM
53,23,Sum
53,24,rows Fracwt
53,25,Integer
53,26,Weight
53,27,Curvature 0.03 0.05 0.02 0.03 0.02 0.02 0.18 0.03 1
53,28,Slope 0.27 0.42 0.35 0.48 0.35 0.44 2.31 0.39 13
53,29,Geomorphology 0.13 0.08 0.07 0.06 0.07 0.05 0.47 0.08 3
53,30,LULC 0.23 0.21 0.28 0.24 0.28 0.29 1.54 0.26 9
53,31,Depth 0.13 0.08 0.07 0.06 0.07 0.05 0.47 0.08 3
53,32,SFM 0.20 0.14 0.21 0.12 0.21 0.15 1.03 0.17 6
53,34,0.03 33
53,39,Checking of consistency of pairwise comparison matrix
53,41,Curvature Slope Geomorphology LULC Depth SFM
53,42,Sum
53,43,rows CV
53,44,Curvature 0.03 0.05 0.02 0.04 0.02 0.03 0.18 6.073689
53,45,Slope 0.24 0.39 0.39 0.51 0.39 0.51 2.43 6.309942
53,46,Geomorphology 0.12 0.08 0.08 0.06 0.08 0.06 0.47 6.08965
53,47,LULC 0.21 0.19 0.31 0.26 0.31 0.34 1.63 6.334179
53,48,Depth 0.12 0.08 0.08 0.06 0.08 0.06 0.47 6.08965
53,49,SFM 0.18 0.13 0.23 0.13 0.23 0.17 1.08 6.274096
53,51,37.1712
53,52,Mean Consistency Vector (Mean CV) 6.195201
53,53,Consistency Index (CI) 0.03904
53,54,Consistency Ratio (CI/RI) 0.031484
54,2,48
54,5,4. LANDSLIDE SUSCEPTIBILITY MAP
54,7,4.1 Susceptibility Map
54,8,The l andslide susceptibility map ( Fig. 4.1) of Toposheets 78O/6 and 78O/7 as
54,9,obtained using Weighted Mult iclass Index Ov erlay (WMIO) method can be used to
54,10,understand the relative stability of the study area. The map provide s fair idea of the slope
54,11,susceptibility to failure of any type in response to the interaction of the considered geo -
54,12,environmental factors.
54,13,In the current study only 0.67% of the total area is classed as highly susceptible.
54,14,This accounts for about 9.28 km2 of Toposheets 78O/06 and 78O/07. Moderately
54,15,susceptible area accounts for 10.05% (139.94 km2) while low susceptible area accounts for
54,16,89.29 % (12 42.81 km2). The high ly susceptible areas are mostly confined to the southern
54,17,quadrants of Toposheet 78/07. In Toposheet 78O/06 the high susceptible areas is negligible
54,18,as compared to the Toposheet 78O/7. A patch of high susceptible slope in the northwest of
54,19,TS 78 O/6 as shown  in the susceptibility map should actually be be low to moderate . In
54,20,"Toposheet 78O/6, the concentration of high susceptible areas are largely found associated"
54,21,with steep slopes and extensive slope cuts along road corridors in NH -44E Nongstoin by-
54,22,pass. T he North eastern quadrant along the slopes of  Um Krisinjya  river has moderate
54,23,susceptible slopes. A prominent concentration of moderate to high susceptible area is seen
54,24,"around Ngunraw, Nongkdait and Mapud villages of Toposheet 78O/7 and along the slopes"
54,25,east of Mawrap village. These slopes are steep and highly dissected and carved out by
54,26,"UmPhud Mawtla River and Um Ngi River. Besides, in these slopes headward erosion by"
54,27,first and second order streams of high gradient play critical role in initiation of a few natural
54,28,slides. Moderate susceptible slopes are seen at the periphery of high susceptible areas and
54,29,largely concentrated along the slopes adjoining Um Rilang and Wah Urnar River. These
54,30,slopes are moderately to highly dissected having slope angle ranging from  25°-59°.
54,31,Sporadic and localized p atches of moderate to high susceptible areas along road corridors
54,32,are observed as anticipated.
55,2,49
55,42,Fig. 4.1 Landslide susceptibility map of Toposheets 78O/6 and 78O/7.
56,2,50
56,4,4.2 Susceptibility along major roads
56,5,The study area has one National Highwayviz NH-44E which runs for about 35 km in
56,6,the study area st arting from Mauyeng village in s outheast part of Toposheet 78O/06 to
56,7,Nongstoin Southwest of Toposheet 78O/6. This is the arterial road serving as a life line that
56,8,"connects Shillong to Williamnagar, Tura via Nongstoin of South West Khasi Hills to South"
56,9,"and East Garo Hills District, Meghalaya."
56,10,4.2.1. Shillong-Nongstoin sector (NH-44E)
56,11,Most parts of these roads run on flat or gently undulat ing topography in Toposheet
56,12,"78O/6 where the slope is 0 °-15° and therefore these roads are largely stable. However,"
56,13,localized stretches involve slope profile modification through extensive  cutting to widen
56,14,the existing highway  and stand susceptible . Field o bservations show a few old slides
56,15,"(25°31'42.5""N/91°23'44.2""E) on the slope of the susceptible road stretch. The engineered"
56,16,steep slopes along the Nongstoin by-pass road have initiated both rock and debris slides. At
56,17,places the unfavorable dispositions of d iscontinuities along the road sections in which the
56,18,joint sets are either day -lighted by road cutting or parallel to the slope angle act as a pre -
56,19,disposing factor to initiation of landslides.  At least three sets of joints characterize the
56,20,"gneissic rock in a particular western most Nongstoin by -pass road section (25 °32'42.6"""
56,21,"N/91°15'27.3"" E). Here, the joint plane with attitude 60°/69°SE act as a slip plane while the"
56,22,sets 14 0°/75°NE and 92 °/35°NE contribute as releasing and intersecting planes
56,23,respectively. The lower part of these cut sections of the se slopes expose hard and jointed
56,24,"gneissic rock and therefore appear stable. However, t his jointed gneissic rock is capped by"
56,25,highly weathered part of the rock along with insitu soil. The scouring and erosion of t hese
56,26,weathered rock mass and insitu soil is observed along the cut sections  and can initiate
56,27,landslides from the top either as earth fall or earth slide.
56,28,The failed slopes expose intermix of assorted boulders and soil matrix. The soil or
56,29,finer matrix is eroded readily and the bou lders resting critically become  more susceptible
56,30,"to failure. Therefore, the failed slopes in these areas are anticipated to retrograde primarily"
56,31,due to the nature of poor slope material critically resting on the slopes.
57,2,51
57,4,4.2.2. Makyrwat-Nongdait sector
57,5,The road stretch from Koniong to Shnongkalong is apparently stable owing to
57,6,"exposure of the hard gneissic rock. However, in the event of road widening, slope profile"
57,7,modification can make the slopes critical.  A number of new inter -village link roads
57,8,"constructed and/or widened in recent years linking Mawpud, Snongkalong, Nongdait in"
57,9,Toposheet 78O/7 involve slope modification.  A few landslides have been documented
57,10,along the Mawpud road. These areas represent steep slopes and when the r oad cut intersect
57,11,"the weathered pockets of rock mass and poor slope forming derivative material, landslides"
57,12,can be initiated.
57,13,The slopes expose mica -biotite gneiss but Mahadek sandstone form the capping
57,14,rock. Vertical scarps and deep gorges are ubiquitous with active headward erosion and
57,15,deep undercutting by streams. This upslope and adjoining slopes havethe propensity to
57,16,initiate natural failure under high saturation due to prolonged rainfall.
57,17,4.3 Susceptibility along major settlements.
57,18,Major settlements a nd localities in the study area lie in low susceptible area. Low
57,19,susceptible area accounts for 89.29 % (1242.81 km2) of the study area which is particularly
57,20,so because the gently undulating plateau top of slope angle 0° -15° which has very low
57,21,rating accounts for about 70% of the total study area.
57,22,4.3.1 Settlements in Toposheet 78 O/6 : The major settlement in the Toposheet 78
57,23,"O/6 includes Nongstoin, the district headquarters of West Khasi Hills. Nongstoin town is"
57,24,perched on stable and gently undulating plat eau top. The township is flanked by low relief
57,25,moderately dissected slope in the south. The slope is characterized by gneissic rock and
57,26,"thick insitu soil.  While no natural landslides have been reported within the township, it is"
57,27,noteworthy to mention that anthropogenic influenced landslides have been docemented in
57,28,isolated events. The primary cause of these isolated events is sustained discharge of drained
57,29,water over the poor slope forming material which over a period of time get saturated and
57,30,fail. A classic case has been documented in PHE office complex and Metrology office in
57,31,Nongstoin where uninformed practice of draining water initiated landslides. The initiation
57,32,of landslides in the future within the township with s imilar practice under a given set of
57,33,conditions cannot be ruled out.
57,34,"Rambrai, in the central part of 78 O/6 , lies on a flat topography which represents a"
57,35,pediplain. A host of other villages scattered across the study area in TS 78 O/6 include
58,2,52
58,4,"Nongriat, Mawlum, Umlieh, Tiljang, Umsaw, Mawlieh, Siejlieh, Sohmynthar, Mawthir,"
58,5,"Khynrin, Mawlangsu, Nginiong, Mawbyrkhong, Mawdoh, Nongthymmai, Synia,"
58,6,"Mawdong, Myriaw, Nongjilak, Masar . All these villages lie on the nearly flat plateau top"
58,7,and come under low susceptible area.
58,8,4.3.2 Settlements in Toposhe et 78 O/ 7: The major settlement in the TS 78 O/ 7
58,9,"includes Mawkyrwat, the district headquarters of South West Khasi Hills. Mawkyrwat falls"
58,10,in a low susceptible area. The western slopes adjacent to Mawpud village is characterized
58,11,"by highly weathered rock, co lluvium, assorted debris and insitu soil. At least two  historic"
58,12,landslides have been reported within the village  of Mawpud. Landslides occur mostly due
58,13,to slope cut and other anthropogenic activities have been observed in the hill slopes of the
58,14,village. Denudational process is active in the area due to headward erosion by the first and
58,15,second order streams. These active small streams carry out toe erosion and more
58,16,vigorously during heavy monsoon or torrential rain and increased runoff. A few natural
58,17,landslides have been identified along these slopes and toe erosion by these small streams is
58,18,the main cause. Along these slopes the relief is comparatively high and runoff distance is
58,19,observed to be considerably long. In the event of extreme hydrological conditio n initiation
58,20,of landslides by toe erosion cannot be ruled out.
58,21,Ngunraw is a small village perched on a small flat hilltop and observed to be stable.
58,22,"However, the village is surrounded by steep highly dissected slopes or denudational slopes."
58,23,The southeastern slopes exhibit headward erosional features which can trigger landslides in
58,24,the event of extreme hydrological condition. The eastern part of the slope appears highly
58,25,susceptible and a few old landslides have also been reported. The rock is Mahadek
58,26,Sandstone on which the village rests.
58,27,Many hamlets are observed to be perched on thin ridges or hilltops such as
58,28,Mawkhyrwang and Manad and not anticipated to initiate landslides within the village
58,29,"under natural settings. However, given the steep slopes adjoining the village and depending"
58,30,"on the nature of the slope forming material, any unmethodical anthropogenic activity can"
58,31,aggravate landslides within the villages . A host of villages in the T S 78 O/7  lie on flat
58,32,"topography and observed to be stable including Nongwah, Shnongkalong,"
58,33,"Rangthong/Mawlangngat, Mawranglong, Sa kwang, Mawthawiang, Nongkynroh,"
58,34,"Phudjaud, Koniong, Tyrnai, Phlangmawphra, Myriam, Rangblang, Wahkaji, Mawrap, and"
58,35,Rangjadong.
59,2,53
59,4,5. SUMMARY AND RECOMMENDATIONS
59,5,5.1 Summary
59,6,"1. In the landslide susceptib ility study for the given area, heuristic or knowledge driven"
59,7,"approach is employed for want of uniform spatial distribution of landslides. Hence, the"
59,8,landslide susceptibility study calls for understanding the spatial and causal relationship of
59,9,"different pr e-disposing factors with landslides. Hence, t he individual rating for geo-factor"
59,10,classes and weights of geo-factors are determined after due discussion among the experts and
59,11,field inputs and Landslide Occurrence Favourability Score for different relevant c lasses are
59,12,derived using Analytical Hierarchy Process (AHP) after preparing the pairwise qualitative
59,13,"comparison matrix of all factors (Saaty, 1977)."
59,14,2. Landslide is a dynamic natural phenomenon in response to the interplay of several geo -
59,15,environmental factors and therefore in the current study six relevant pre -disposing factors
59,16,"viz. slope angle, curvature, land use and land cover (LULC), geomorphology, slope"
59,17,forming material (SFM) and regolith thickness maps were considered as input thematic
59,18,maps in the lan dslide susceptibility model. The maps were integrated in GIS using
59,19,weighted multiclass index overlay method to obtain the susceptibility score map.
59,20,"3. The final susc eptibility map on 1:50,000 is a qualitative map in which slopes have been"
59,21,classed into varying degrees of likelihood of failure in response to the interaction of the geo-
59,22,"environmental factors considered in the study. The relative terms low, medium and high"
59,23,susceptibility have been used to indicate the classified slopes.
59,24,"4. In the study area, slope angle varies between 0° and 67° however, the slope angle 0°-15°"
59,25,which has very low rating accounts for 69.89% of the total study area. This low angle area
59,26,is essentially plateau top within which gently undulating hillmounds predominate and
59,27,constitutes a highly stable area. Assessment of existing landslide data within the study area
59,28,as well as adjacent areas and objective field observations show the slope angles from 25°
59,29,to 35° (moderate to steep) have maximum spatial relation with the few existing lands lides.
59,30,"Therefore, the maximum rating of 8 has been assigned to classes 25° -30° and 30° -35°"
59,31,while rating 7 has been assigned for 35°-40°.
59,32,5. Amongst the geomorphology classes the highly dissected hills particularly in the
59,33,Southern part of Toposheets 78 O /7 and Northern parts of TS 78O /6 covering about
59,34,01.08% of the study area show maximum positive correlation with natural landslides.
60,2,54
60,4,These slopes are dissected by several first and second order streams of high gradient where
60,5,active toe erosion by these stream s during prolonged rainfall is the main causative factor
60,6,and has been assigned rating 5 for the highly dissected hills.
60,7,6. Field observations show significant influence of anthropogenic activity in bringing about
60,8,change in slope profile and making certain pockets susceptible. Extensive slope cut and
60,9,quarries are observed to have initiated a few landslides along the road corridors. The
60,10,upslope of such excavation is rendered unstable due to dislocation of rocks and slope
60,11,modification. Given their dynamicity a nd critical role in slope modification maximum
60,12,rating of 9 has been assigned to extensive slope cuts.
60,13,7. Slope forming material and its spatial distribution and also its thickness variation play a
60,14,crucial role in causing different types of landslides. The spatial distribution of soil or
60,15,"overburden and its thickness is controlled by nature of bed rock, degree of weathering,"
60,16,erosion processes and slope morphometry. About 3 7.33% stu dy area exposes ro ck of
60,17,different types which includ es s lopes having less than half a me ter of ov erburden cover.
60,18,Positive spatial association is observed for the highly weathered rocks in granitic / gneissic
60,19,terrain of south eastern slopes of Toposheet 78O/07 and ferrugineous sandstone of Khasi
60,20,Group in Southern parts of Toposheet 78O/7. Loose debris which is invariably found
60,21,associated along the slopes where extensive cutting and quarrying are carried out and also
60,22,"alonge slopes strewn with loose boulders , accordingly maximum rating of 8 is assigned to"
60,23,the loose debris.
60,24,8. The few slop e failures identified in the area are confined to the extensive slope cut for
60,25,roads or quarry sections where modification of slope profile has taken place in the process.
60,26,Out of 32 landslides identified there are 27 debris slides and 5 earth slides. About 20
60,27,natural slides have been identified along the slopes in the South eastern quadrant of the
60,28,Toposheet 78O/7.
60,29,9. Besides ratings for different classes of the geo -factors the inter -predictor weight is also
60,30,assigned for each geo -factor depending on the overa ll contributing role in slope failures.
60,31,The least weight of 1 is assigned for curvature since in Meghalaya the concave and convex
60,32,profile of slopes have similar but relatively less spatial relations with landslides in natural
60,33,setting. Large part of study a rea represents plateau top with gently undulating mounds and
60,34,constitutes relatively less role in slope failures and therefore geomorphology has been
60,35,"assigned a weight of 4. Similarly, regolith thickness has been given a weight of 4 taking"
61,2,55
61,4,into account the variation and spatial association of the regolith thickness with existing
61,5,landslides. The type of material comprising the slopes such as highly weathered rock and
61,6,loose debris contribute to the overall slope stability in the study area and so a weight of 6 is
61,7,assigned for slope forming material. Amongst all the themes the land use pattern is the
61,8,most dynamic in terms of slope modification and act as major causative factor and
61,9,therefore a weight of 7 has been assigned for land use land cover. The maximum wei ght 8
61,10,is assigned for slope angle in the study area as it plays a significantly greater role in
61,11,susceptibility of slope by way of having or providing an inherent causal relationship with
61,12,instability. Any type of existing slope failures necessarily involve slope angle of certain
61,13,degree.
61,14,10. The current landslide susceptibility study shows that only 0.67 % of the total area is
61,15,classed as highly susceptible. This accounts for about 9.28 km 2 of Toposheets 78O/06 and
61,16,78O/07. Moderately susceptible area accounts  for 10.05% (139.94 km 2) while low
61,17,susceptible area accounts for 89.29 % (1242.81 km2).
61,18,"11. The derived susceptibility map is on 1:50,000 scale and can be used for regional"
61,19,application. The map can aid planners and policy makers to acquire perspective
61,20,understanding of the potential landslide prone areas and therefore to evaluate the regional
61,21,relative stability of slopes before and during the course of constructing civil structures.
61,22,5.2 Constraints
61,23,1. The susceptibility map is valid only under the given set of geo-environmental conditions
61,24,taken as input in the susc eptibility modeling. Any change in the spatial distribution of the
61,25,geo-environmental factors considered in the modelling can affect the susceptibility of the
61,26,area over the period of time.
61,27,2. Field validation of the geo -parametric attributes of the study area is an integral part of
61,28,"the susceptibility analysis . However, the inaccessibility to certain sectors due to steep"
61,29,nature of the terrain brings about limitations in terms of uncertainty in few ge o-parametric
61,30,attributes.
61,31,3. Heuristic or knowledge driven method which is employed in the current susceptibility
61,32,modelling and mutual pairwise comparison of classes through Analytical Hierarchy Process
61,33,"comes with certain limitation. This process caters to the terrain specific needs, however, there"
61,34,"is always an inclination for unintended biasness in the ratings assigned. Therefore, earnest"
61,35,attempt is made to minimize biasness in assigning ratings to various factor classes and also
62,2,56
62,4,factor weight for each them e through mutual discussion and re -assessment through field
62,5,inputs.
62,6,4. The susceptibility map gives potential areas where landslides can initiate by  future
62,7,"landslide. However, it may be categorically mentioned that the future landslide does not refer"
62,8,to any specific time frame or frequency of occurrence nor does it carry any connotation on the
62,9,magnitude or scale of the failure. It is merely an establishment of relationship of relevant geo-
62,10,environmental causative factors with landslides for the areas of interest and based on which a
62,11,qualitative assessment is reached with regard to their stability.
62,12,5.3 Recommendations
62,13,There is non -uniform spatial distribution of landslides in the study area. While a few
62,14,natural landslides are common phenomenon and invariably associated with the moderate to
62,15,"steep slopes, the study area is relatively stable in natural setting where slope modification is"
62,16,"absent. However, unsustainable anthropogenic activity along a few stretches of"
62,17,communication corridors has played considerable role in inducing slope failures. The studies
62,18,and analysis of the existing baseline information of landslide inventory data and field
62,19,observations suggest that land -use pattern has relatively more significant influence in
62,20,inducing instability in the slope mass.
62,21,The study of cumulative landslide inventory has established that landslides in the study
62,22,area are triggered mostly by prolonged or heavy rain as the state receives high rainfall.
62,23,After consideration of the relevant geo -factors in determining the initi ation and the spatial
62,24,distribution of landslides the following generic recommendations are given:
62,25,1. Significant anthropogenic interference through modification of slope profile is found to
62,26,be a major causative factor for inducing local instability. Hillsl opes currently classified in
62,27,low to moderate susceptibility are anticipated to increase to high susceptibility status when
62,28,subjected to extreme anthropogenic interference without methodical approach in the near
62,29,future. Under such circumstances any attempt to widen the existing roads or raise civil
62,30,structures of importance on the slopes must consider the site specific suitability and
62,31,"criticality of the slope. In this re spect, the road stretch from Koniong to Shnongkalong is"
62,32,"apparently stable owing to exposure ofthehard gneissic rock. However, in the event of road"
62,33,"widening, slope profile modification can make the slopes critical. Therefore, any attempt to"
62,34,widen the road may consider grading or easing the slope angle and also consider weathered
62,35,pockets of rock mass to prevent any initiation of landslides.
63,2,57
63,4,2. Road construction represents the most dynamic of developments currently taking place
63,5,in these areas and as such a number of new inter -village link roads constructed in recent
63,6,"years linking Mawpud, Snongkalong, Nongdait in Toposheet 78O/7  involve slope"
63,7,"modification. Therefore, the minimization of landslide effects should be high on the list of"
63,8,project implementation priorities.  High steep slopes must beeased  through benching and
63,9,suitably designed retaining walls must be erected depending on the height of the
63,10,slopes.Lined drainage must necessarily be constructed and maintained  at the foot of all
63,11,extensive slope cuts.
63,12,3. The most dynamic causative factor considered in the study is the land use pattern. Local
63,13,land use pattern is driven by the needs of the people. As such rapid development work by
63,14,"way of excavation along steep slopes for public utility and buildings, quarrying along the"
63,15,road cuts and slopes of steeper angle are apparently widespread in the study area . Such
63,16,slopes may become critical or unstable in the event of prolonged rainfall or saturated
63,17,"condition.  Hence, it is recommended that efficient attempts be made to stabilize the slope"
63,18,during and after the excavation. Excavated material should be disposed  of in suitable
63,19,locations and any precariously hanging boulders and loose debris should be removed to
63,20,reduce instability.
63,21,4. A few stretch of the NH -44E in Toposheet 78O/6 have been identified as moderate to
63,22,low susceptible primarily due to extensive slope  cut and widening of the road along
63,23,moderately  slopes. The slope here has been extensively cut for road widening and several
63,24,retaining walls and breast walls have been attempted to stabilize the slope. The slope is
63,25,"moderate to thickly vegetated and the ma terial on the slope is assorted debris, highly"
63,26,"weathered rock and thick soil. Therefore, it is recommended that the assorted debris that"
63,27,readily moves down towards the road bench should be dressed and removed with adequate
63,28,number of culverts to drain of the debris.
63,29,"5. The information depicted in the derived susceptibility map is on 1:50,000 scale and"
63,30,accordingly the map can serve as the basis for further investigation for the areas of interest
63,31,in case civil structures are planned. It is therefore recommende d that the susceptibility map
63,32,showing not only the potential landslide initiation areas but adjacent upslope or downslope
63,33,should be further examined. Areas falling in high to moderate susceptibility zone should
63,34,begiven due attention while executing any civil constructions
64,2,58
64,4,Locality Index
64,5,Toposheet No 78 O/6
64,6,Name Lat Long
64,7,"Nongstoin 25°31'22.94""N 91°15'45.88""E"
64,8,"Rambrai 25°38'50.89""N 91°19'23.46""E"
64,9,"Nongriat 25° 38' 18.418"" N 91° 26' 29.952"" E"
64,10,"Mawlum 25° 37' 17.327"" N 91° 24' 42.610"" E"
64,11,"Umlieh 25° 32' 7.808"" N 91° 22' 17.798"" E"
64,12,"Tiljang 25° 33' 11.086"" N 91° 22' 22.490"" E"
64,13,"Umsaw 25° 34' 52.108"" N 91° 23' 13.966"" E"
64,14,"Mawlieh 25° 34' 38.427"" N 91° 17' 55.409"" E"
64,15,"Siejlieh 25° 35' 17.895"" N 91° 17' 57.425"" E"
64,16,"Sohmynthar 25° 41' 12.953"" N 91° 20' 5.328"" E"
64,17,"Mawthir 25° 42' 31.958"" N 91° 21' 19.948"" E"
64,18,"Khynrin 25° 42' 18.523"" N 91° 19' 44.980"" E"
64,19,"Mawlangsu 25° 35' 3.427"" N 91° 24' 11.269"" E"
64,20,"Nginiong 25° 37' 26.564"" N 91° 24' 7.501"" E"
64,21,"Mawbyrkhong 25° 39' 22.626"" N 91° 24' 3.589"" E"
64,22,"Mawdoh 25° 40' 28.949"" N 91° 24' 28.700"" E"
64,23,"Nongthymmai 25° 41' 17.998"" N 91° 26' 42.811"" E"
64,24,"Synia 25° 40' 49.483"" N 91° 25' 53.439"" E"
64,25,"Mawdong 25° 42' 40.825"" N 91° 26' 0.834"" E"
64,26,"Myriaw 25° 35' 18.144"" N 91° 29' 56.762"" E"
64,27,"Nongjilak 25° 35' 26.902"" N 91° 28' 42.132"" E"
64,28,"Masar 25° 36' 7.903"" N 91° 27' 25.046"" E"
64,29,Toposheet No 78 O/6
64,30,Name Lat Long
64,31,"Mawkyrwat 25°22'0.84""N 91°27'38.36""E"
64,32,"Ngunraw 25° 17' 51.813"" N 91° 19' 19.684"" E"
64,33,"Nongwah 25° 16' 3.475"" N 91° 19' 19.022"" E"
64,34,"Shnongkalong 25° 15' 10.751"" N 91° 15' 45.510"" E"
64,35,"Rangthong/Mawlangngat 25° 20' 20.880"" N 91° 23' 7.197"" E"
64,36,"Mawranglong 25° 22' 32.096"" N 91° 25' 18.378"" E"
64,37,"Sakwang 25° 23' 6.909"" N 91° 28' 53.079"" E"
64,38,"Mawthawiang 25° 24' 15.310"" N 91° 27' 25.394"" E"
64,39,"Nongkynroh 25° 28' 38.478"" N 91° 19' 0.113"" E"
64,40,"Manad 25° 17' 48.867"" N 91° 27' 48.927"" E"
64,41,"Phudjaud 25° 19' 24.513"" N 91° 27' 16.983"" E"
64,42,"Mawkhyrwang 25° 17' 19.051"" N 91° 26' 28.152"" E"
64,43,"Koniong 25° 17' 44.835"" N 91° 22' 2.716"" E"
64,44,"Mawpud 25° 16' 8.959"" N 91° 22' 50.473"" E"
64,45,"Tyrnai 25° 19' 0.322"" N 91° 27' 3.376"" E"
64,46,"Phlangmawphra 25° 17' 40.710"" N 91° 16' 12.439"" E"
64,47,"Myriam 25° 23' 22.747"" N 91° 18' 14.267"" E"
64,48,"Rangblang 25° 24' 44.301"" N 91° 21' 35.669"" E"
64,49,"Wahkaji 25° 21' 57.603"" N 91° 15' 40.153"" E"
64,50,"Mawrap 25° 19' 6.113"" N 91° 25' 51.386"" E"
64,51,"Rangjadong 25° 19' 16.102"" N 91° 20' 49.270"" E"
65,2,59
65,4,References
65,5,"Behera, K. K., Rocky, W. S., ( 2010): Landslide hazard zonation of around 2 -km wide"
65,6,"strip along NH -44 between Shillong (Laitkor) and Khliehriat, East Khasi"
65,7,Hills and Jaintia Hills District. K.K. Behera and W.S. Rocky (2008 -09). (GSI
65,8,Unpublished report for FS-2008-09).
65,9,"Behera, K. K., Rocky, W. S., ( 2013): Meso-scale landslide hazard zonation of Shillong"
65,10,"Town, East Khasi Hills District, Meghalaya  (GSI Unpublished report for FS-"
65,11,2008-09).
65,12,"Bonham-Carter, G.F.  (1994): Geographic Information Systems for Geoscientists:"
65,13,"Modeling with GIS. Pergamon, Elsevier Science Ltd., 398 pp"
65,14,"Bureau of Indian Standard: IS: 1893 (Part - I), (2002, Reaffirmed 2007):  Criteria for"
65,15,"earthquake resistant design of structures, part 1: General provisions and"
65,16,building (fifth revision) ICS 91.120.25.
65,17,"Cruden, D.M. &Varnes, D. J., (1996): Landslide types and processes. In: Turner AK,"
65,18,Schuster RL (eds) Landslides: investigation and mitigation (Special Report).
65,19,"Washington, DC, USA: National Research Council, Transportation and"
65,20,"Research Board Special Report 247, pp 36–75."
65,21,"Dai, F.C., Lee, C.F., (2002): Landslide characteristics and slope instability modeling"
65,22,"usingGIS, Lantau Island, Hong Kong. Geomorphology 42 (2002) pp. 213 –"
65,23,228.
65,24,"Dasgupta, S., Pande, P., Ganguly, D., Iqbal, Z., Sanyal, K., Venkatraman, N. V.,"
65,25,"Dasgupta, S., Sural, B., Harendranath, L., Mazumdar, K., Sanyal, S.,"
65,26,"Roy, A., Das, A. K., Misra, P. S., and Gupta, H., (2000): Seismotectonic"
65,27,"Atlas of India and its Environs. Geological Survey of India, 2000."
65,28,"DeRose  R.C.,  Trustrum   N.A. and Blaschke P.M., (1991):  Geomorphic  change"
65,29,"implied  by regolith  -  Slope  relationships  on  steep and  hill  slopes,"
65,30,"Taranaki,  New Zealand. Catena, 18 (5): 489-514."
65,31,"Dietrich W.E., Wilson C.J. and Reneau S.L., Hollows, (1986): Colluvium and landslides"
65,32,"in soil mantled landscapes. In: A.D. Abrahams (Editor), Hill slope Processes."
65,33,"Allen and Unwin, Boston, pp. 361-386."
65,34,Geology and Mineral Resources of Meghalaya: GSI Misc. Pub. 30 Pt. 4 Vol. 2 (ii)
66,2,60
66,4,"Ghosh, R.N., Joshi, D.D., Raju, M., ( 2001): Landslide Hazard Zonation and site specific"
66,5,studies in parts of East Khasi Hills and Ri -Bhoi Districts of Meghalaya and
66,6,preparation of landslide incidences inventory along Silchar -Agartala NH-44
66,7,and Silchar-Halflong road (GSI Unpublished report for FS-2000-01).
66,8,"Ghosh, S.,  and  Carranza, E.J.M., (2010): Spatial analysis of mutual fault/fracture and"
66,9,"slope  controls  on  rock  sliding  in Darjeeling  Himalaya,  India."
66,10,"Geomorphology, 122 (1-2): 1- 24."
66,11,"Ghosh, S., Carranza, E.J.M., Van Westen, C.J., Jetten, V.G. and  Bhattacharya, D.N.,"
66,12,(2011): Selecting and weighting spatial predictors for empirical modeling of
66,13,"landslide susceptibility in the Darjeeling Himalayas (India). Geomorphology,"
66,14,131 (1–2): 35-56.
66,15,"Ghoshal, T. B., Bodas, M.S., Ghosh, S., (2013): A multi-thematic and deterministic-cum-"
66,16,"heuristic methodology for mesoscale (1:5,000/10,000) landslide susceptibility"
66,17,"zonation; Indian Journal of Geosciences, Volume 67, No. 3 & 4 July -"
66,18,"December, 2013; pp. 217-228."
66,19,"Glade, T. and Crozier, M. J. (2005):  A  review  of  Scale  Dependency  in Landslide"
66,20,"Hazard and Risk Analysis, in Landslide  Hazard  and  Risk,  edited  by:"
66,21,"Glade,  T.,  Anderson,  M.,  and  Crozier, M.  J., John  Wiley  and  Sons,  Ltd,"
66,22,"Chichester, England, 75–138."
66,23,"Guzzetti F., Carrara A., Cardinali M., Reichenba ch P., (1999):  Landslide  hazard"
66,24,evaluation: a  review of  current  techniques  and  their application  in  a
66,25,"multi -scale  study, Central Italy. Geomorphology 31, 181–216."
66,26,"Konyak, A. , Senthilkumar, (2016): Macro-Scale (1:50,000) landslide susceptibility"
66,27,"mapping in parts of Toposheets Nos. 83 C/2 & 83 C/3, East Khasi Hills, West"
66,28,"Jaintia Hills &  Karbi Anglong Districts, Meghalaya And Assam . (GSI"
66,29,Unpublished report for FS-2015-16).
66,30,"Konyak, A. , Senthilkumar, (2017): Macro-Scale (1:50,000) landslide susceptib ility"
66,31,"mapping in parts of Toposheets Nos . 83 C/ 4, 83 C/7 & 83 C/ 8, East Jaintia"
66,32,"Hills, West Jaintia Hills &  East Khasi Hills Districts, Meghalaya.  (GSI"
66,33,Unpublished report for FS-2016-17).
67,2,61
67,4,"Kumar, P., (20 09): Landslide Hazard Zonation of around 2 km wide stri p along NH -40"
67,5,"between Shillong and Dawki, East Khasi Hills District, Meghalaya. (GSI"
67,6,Unpublished report for FS-2008-09).
67,7,"Kumar, S., Singh, G., (2016): Macro-scale (1:50,000) Landslide Susceptibility Mapping"
67,8,"in parts of Toposheet Nos. 78 O/14, & 78 O/15, Ea st Khasi Hills, West Khasi"
67,9,"Hills & West Jaintia Hills districts, Meghalaya.  (GSI Unpublished report for"
67,10,FS-2015-16).
67,11,"Kumar, S., Singh, G., (2017): Macro-scale (1:50,000) Landslide Susceptibility Mapping"
67,12,"in parts of Toposheet Nos. 78 O/9 , & 78 O/1 0, Ri-Bhoi, EastKhasi Hills &"
67,13,"West Khasi Hills districts, Meghalaya and Kamprup Dist. Assam.  (GSI"
67,14,Unpublished report for FS-2016-17).
67,15,"Mazumdar, N. , (1980): Distribution and intensity of landslide process in Northeastern"
67,16,India. A zonation map thereof. Proceedings of international symposium of
67,17,"landslides”, 1980. (GSI Unpublished report for FS-1980)."
67,18,"Michoud, C., Derron, M.H., Jaboyedoff, M. (2013): Classification of landslide-inducing"
67,19,anthropogenic activities; Formose 2013: Protecting Mountains Society from
67,20,"Natural Hazards: Plans or Dams, Post ‐grad course Barcelonnette, France, 29"
67,21,June 2013.
67,22,"Migon, P., Prokop., P., (2013): Landforms and landscape evolution in the Mylliem"
67,23,"Granite Area, Meghalaya Plateau, Northeast India; Singapore Journal of"
67,24,Tropical Geography (2013) pp.206–228.
67,25,"Raju, M., Chore,  S.A., ( 2000): A geotechnical report on slope stability studies along"
67,26,"Dawki-Umlarem Road, Jaintia Hills District, Meghalaya. (GSI Unpublished"
67,27,report for FS-2000).
67,28,"Rao, K.S., Singh, C.D., (2007): Final report on site specific studies of Sonapur Landslide,"
67,29,"Jaintia Hills Distri ct, Meghalaya (T.S. No. 83 C/8)  (GSI Unpublished report"
67,30,for FS-2007).
67,31,"Ray, S., ( 1976): Geotechnical note on slope stability along Shillong -Cherrapunjee road."
67,32,(GSI Unpublished report for FS-1976).
67,33,"Saaty, T.L., ( 1977): A scaling method for priorities in hierarchical structures . Journal of"
67,34,"Mathematical Psychology, 15:234-281."
68,2,62
68,4,"Sarkar, N. K., Chasie, M., Theophilus, P. K., Balaji, R., Imtikumzak, (2014): Debris"
68,5,"flow characterizations, causes and consequences – a study from Kohima"
68,6,"District, Nagaland, India. Indian Journal of Geosciences, Volume 67, No. 3 &"
68,7,"4, July-December, 2013; pp. 303-312."
68,8,Standard Operating Practices (SOP) of GSI on National Landslide Susceptibil ity
68,9,"Mapping (NLSM) (2014):  Manual on Macro scale (1:50,000/25,000)"
68,10,National Landslide Susceptibility Mapping (NLSM).
68,11,"Theophilus, P. K., Chasie, M., & Sarkar, N. K., (2014): Field-based landslide inventory-"
68,12,constraint from two contrasting geological domains of North East India.
68,13,"Indian Journal of Geosciences, Volume 67, No. 3 & 4, July -December, 2013;"
68,14,pp. 237-248.
68,15,"Theophilus, P.K., Chasie, M. (2017):  Macro-Scale (1:50,000) landslide susceptibility"
68,16,"mapping in parts of toposheets nos. 78O/13& 83 C/1, East Khasi Hills, West"
68,17,"Jaintia Hills & Karbi Anglong Districts, Meghalaya and Assam."
68,18,"Van Westen, C.J., Castellanos, E. and Kuriakose, S.L., (2008):  Spatial data for"
68,19,"landslide susceptibility, hazard, and vulnerability assessment: An overview."
68,20,"Engineering Geology, 102 (3-4): 112-131."
68,21,"Varnes, D. J., (1978): Slope movements, type and processes. In Landslide Analysis and"
68,22,"Control, Schuster RL, Krizek R.J.  (Eds). Transportation Research Board,"
68,23,Special Report 176.  National Academy of Sciences: Washington; 11–33.
69,1,ANNEXURE III – ANALYTICAL HIERARCHY PROCESS (CALCULATIONS)
69,2,(Classes with ‘0’ rating are not included in the pairwise comparison matrix)
69,6,Mean Consistency Vector (Mean CV) 3.024703
69,7,Consistency Index (CI) 0.012352
69,8,Consistency Ratio (CI/RI) 0.021296
69,19,PAIRWISE COMPARISON RATING MATRIX OF
69,20,THICKNESS CLASSES
69,21,0.50-2 2-5 >5
69,22,0.50-2 1.00 0.25 2.00
69,23,2-5 4.00 1.00 5.00
69,24,>5 0.50 0.20 1.00
69,25,Sum 5.50 1.45 8.00
69,26,"CALCULATION OF EIGENVALUES, FRACTION RATING AND LOFS"
69,27,0.50-2 2-5 >5 Sum rows Frac Rate LOFS
69,28,0.50-2 0.18 0.17 0.25 0.60 0.201411 0.295912
69,29,2-5 0.73 0.69 0.63 2.04 0.680643 1
69,30,>5 0.09 0.14 0.13 0.35 0.117947 0.173287
69,32,0.680643
69,33,CHECKING OF CONSISTENCY OF PAIRWISE COMPARISON MATRIX
69,34,0.50-2 2-5 >5 Sum rows CV
69,35,0.50-2 0.20 0.17 0.24 0.61 3.016051
69,36,2-5 0.81 0.68 0.59 2.08 3.050086
69,37,>5 0.10 0.14 0.12 0.35 3.007973
69,39,9.07411
70,1,ANNEXURE III – ANALYTICAL HIERARCHY PROCESS (CALCULATIONS)
70,2,(Classes with ‘0’ rating are not included in the pairwise comparison matrix)
70,4,PAIRWISE COMPARISON RATING MATRIX OF LULC CLASSES
70,6,LHP B BC CL ESC J MV Q S SV TV (HHP) S (ESC) WL DW
70,7,LHP 1.00 0.33 0.50 0.50 0.11 0.33 0.33 0.17 0.50 0.25 0.50 0.33 0.13 0.17 0.14
70,8,B 3.00 1.00 2.00 2.00 0.14 1.00 1.00 0.25 2.00 0.50 2.00 1.00 0.17 0.25 0.20
70,9,BC 2.00 0.50 1.00 1.00 0.13 0.50 0.50 0.20 1.00 0.33 1.00 0.50 0.14 0.20 0.17
70,10,CL 2.00 0.50 1.00 1.00 0.13 0.50 0.50 0.20 1.00 0.33 1.00 0.50 0.14 0.20 0.17
70,11,ESC 9.00 7.00 8.00 8.00 1.00 7.00 7.00 4.00 8.00 6.00 8.00 7.00 2.00 4.00 3.00
70,12,J 3.00 1.00 2.00 2.00 0.14 1.00 1.00 0.25 2.00 0.50 2.00 1.00 0.17 0.25 0.20
70,13,MV 3.00 1.00 2.00 2.00 0.14 1.00 1.00 0.25 2.00 0.50 2.00 1.00 0.17 0.25 0.20
70,14,Q 6.00 4.00 5.00 5.00 0.25 4.00 4.00 1.00 5.00 3.00 5.00 4.00 0.33 1.00 0.50
70,15,S 2.00 0.50 1.00 1.00 0.13 0.50 0.50 0.20 1.00 0.33 1.00 0.50 0.14 0.20 0.17
70,16,SV 4.00 2.00 3.00 3.00 0.17 2.00 2.00 0.33 3.00 1.00 3.00 2.00 0.20 0.33 0.25
70,17,TV 2.00 0.50 1.00 1.00 0.13 0.50 0.50 0.20 1.00 0.33 1.00 0.50 0.14 0.20 0.17
70,18,(HHP) 3.00 1.00 2.00 2.00 0.14 1.00 1.00 0.25 2.00 0.50 2.00 1.00 0.17 0.25 0.20
70,19,S(ESC) 8.00 6.00 7.00 7.00 0.50 6.00 6.00 3.00 7.00 5.00 7.00 6.00 1.00 3.00 2.00
70,20,WL 6.00 4.00 5.00 5.00 0.25 4.00 4.00 1.00 5.00 3.00 5.00 4.00 0.33 1.00 0.50
70,21,DW 7.00 5.00 6.00 6.00 0.33 5.00 5.00 2.00 6.00 4.00 6.00 5.00 0.50 2.00 1.00
70,23,61.00 34.33 46.50 46.50 3.68 34.33 34.33 13.30 46.50 25.58 46.50 34.33 5.73 13.30 8.86
70,24,"CALCULATION OF EIGENVALUES, FRACTION RATING AND LOFS"
70,26,LHP B BC CL ESC J MV Q S SV TV (HHP)
70,27,S
70,28,(ESC) WL DW
70,29,SUM
70,30,ROW
70,31,Frac
70,32,Rate LOFS
70,33,LHP 0.02 0.01 0.01 0.01 0.03 0.01 0.01 0.01 0.01 0.01 0.01 0.01 0.02 0.01 0.02 0.20 0.013412 0.058374
70,34,B 0.05 0.03 0.04 0.04 0.04 0.03 0.03 0.02 0.04 0.02 0.04 0.03 0.03 0.02 0.02 0.49 0.032355 0.140816
70,35,BC 0.03 0.01 0.02 0.02 0.03 0.01 0.01 0.02 0.02 0.01 0.02 0.01 0.02 0.02 0.02 0.30 0.019857 0.086422
70,36,CL 0.03 0.01 0.02 0.02 0.03 0.01 0.01 0.02 0.02 0.01 0.02 0.01 0.02 0.02 0.02 0.30 0.019857 0.086422
70,37,ESC 0.15 0.20 0.17 0.17 0.27 0.20 0.20 0.30 0.17 0.23 0.17 0.20 0.35 0.30 0.34 3.45 0.229767 1
70,38,J 0.05 0.03 0.04 0.04 0.04 0.03 0.03 0.02 0.04 0.02 0.04 0.03 0.03 0.02 0.02 0.49 0.032355 0.140816
70,39,MV 0.05 0.03 0.04 0.04 0.04 0.03 0.03 0.02 0.04 0.02 0.04 0.03 0.03 0.02 0.02 0.49 0.032355 0.140816
70,40,Q 0.10 0.12 0.11 0.11 0.07 0.12 0.12 0.08 0.11 0.12 0.11 0.12 0.06 0.08 0.06 1.44 0.096309 0.419157
70,41,S 0.03 0.01 0.02 0.02 0.03 0.01 0.01 0.02 0.02 0.01 0.02 0.01 0.02 0.02 0.02 0.30 0.019857 0.086422
70,42,SV 0.07 0.06 0.06 0.06 0.05 0.06 0.06 0.03 0.06 0.04 0.06 0.06 0.03 0.03 0.03 0.75 0.050283 0.218843
70,43,TV 0.03 0.01 0.02 0.02 0.03 0.01 0.01 0.02 0.02 0.01 0.02 0.01 0.02 0.02 0.02 0.30 0.019857 0.086422
71,1,ANNEXURE III – ANALYTICAL HIERARCHY PROCESS (CALCULATIONS)
71,2,(Classes with ‘0’ rating are not included in the pairwise comparison matrix)
71,4,(HHP) 0.05 0.03 0.04 0.04 0.04 0.03 0.03 0.02 0.04 0.02 0.04 0.03 0.03 0.02 0.02 0.49 0.032355 0.140816
71,5,S(ESC) 0.13 0.17 0.15 0.15 0.14 0.17 0.17 0.23 0.15 0.20 0.15 0.17 0.17 0.23 0.23 2.61 0.17433 0.758724
71,6,WL 0.10 0.12 0.11 0.11 0.07 0.12 0.12 0.08 0.11 0.12 0.11 0.12 0.06 0.08 0.06 1.44 0.096309 0.419157
71,7,DW 0.11 0.15 0.13 0.13 0.09 0.15 0.15 0.15 0.13 0.16 0.13 0.15 0.09 0.15 0.11 1.96 0.130744 0.56903
71,9,0.229767
71,11,CHECKING OF CONSISTENCY OF PAIRWISE COMPARISON MATRIX
71,13,LHP B BC CL ESC J MV Q S SV TV (HHP)
71,14,S
71,15,(ESC) WL DW
71,16,SUM
71,17,ROW CV
71,18,LHP 0.01 0.01 0.01 0.01 0.03 0.01 0.01 0.02 0.01 0.01 0.01 0.01 0.02 0.02 0.02 0.21 15.42881
71,19,B 0.04 0.03 0.04 0.04 0.03 0.03 0.03 0.02 0.04 0.03 0.04 0.03 0.03 0.02 0.03 0.49 15.1395
71,20,BC 0.03 0.02 0.02 0.02 0.03 0.02 0.02 0.02 0.02 0.02 0.02 0.02 0.02 0.02 0.02 0.30 15.19179
71,21,CL 0.03 0.02 0.02 0.02 0.03 0.02 0.02 0.02 0.02 0.02 0.02 0.02 0.02 0.02 0.02 0.30 15.19179
71,22,ESC 0.12 0.23 0.16 0.16 0.23 0.23 0.23 0.39 0.16 0.30 0.16 0.23 0.35 0.39 0.39 3.70 16.12457
71,23,J 0.04 0.03 0.04 0.04 0.03 0.03 0.03 0.02 0.04 0.03 0.04 0.03 0.03 0.02 0.03 0.49 15.1395
71,24,MV 0.04 0.03 0.04 0.04 0.03 0.03 0.03 0.02 0.04 0.03 0.04 0.03 0.03 0.02 0.03 0.49 15.1395
71,25,Q 0.08 0.13 0.10 0.10 0.06 0.13 0.13 0.10 0.10 0.15 0.10 0.13 0.06 0.10 0.07 1.52 15.77928
71,26,S 0.03 0.02 0.02 0.02 0.03 0.02 0.02 0.02 0.02 0.02 0.02 0.02 0.02 0.02 0.02 0.30 15.19179
71,27,SV 0.05 0.06 0.06 0.06 0.04 0.06 0.06 0.03 0.06 0.05 0.06 0.06 0.03 0.03 0.03 0.77 15.33536
71,28,TV 0.03 0.02 0.02 0.02 0.03 0.02 0.02 0.02 0.02 0.02 0.02 0.02 0.02 0.02 0.02 0.30 15.19179
71,29,(HHP) 0.04 0.03 0.04 0.04 0.03 0.03 0.03 0.02 0.04 0.03 0.04 0.03 0.03 0.02 0.03 0.49 15.1395
71,30,S(ESC) 0.11 0.19 0.14 0.14 0.11 0.19 0.19 0.29 0.14 0.25 0.14 0.19 0.17 0.29 0.26 2.82 16.17497
71,31,WL 0.08 0.13 0.10 0.10 0.06 0.13 0.13 0.10 0.10 0.15 0.10 0.13 0.06 0.10 0.07 1.52 15.77928
71,32,DW 0.09 0.16 0.12 0.12 0.08 0.16 0.16 0.19 0.12 0.20 0.12 0.16 0.09 0.19 0.13 2.10 16.04974
71,34,231.9972
71,36,Mean Consistency Vector (Mean CV) 15.46648
71,37,Consistency Index (CI) 0.03332
71,38,Consistency Ratio (CI/RI) 0.022979
72,1,ANNEXURE III – ANALYTICAL HIERARCHY PROCESS (CALCULATIONS)
72,2,(Classes with ‘0’ rating are not included in the pairwise comparison matrix)
72,23,LHP Low Height Plant
72,24,B Barren
72,25,BC Broom cultivation
72,26,CL Cultivated land
72,27,ESC Extensive slope cut
72,28,J Jhum
72,29,MV Moderate vegetation
72,30,Q Quarry
72,31,S Settlement
72,32,SV Sparse vegetation
72,33,TV Thick Vegetation
72,34,(HHP) (HHP)
72,35,S(ESC) Settlement (Extensive slope cut)
72,36,WL Wasteland
72,37,DW Dumped waste
72,38,PAIRWISE COMPARISON RATING MATRIX CURVATURE CLASSES
72,40,Concave (Upto -
72,41,0.1)
72,42,Flat (-0.01 -
72,43,0.01)
72,44,Convex
72,45,(>0.01)
72,46,Concave (Upto -0.1) 1.00 3.00 0.33
72,47,Flat (-0.01 -  0.01) 0.33 1.00 0.20
72,48,Convex (>0.01) 3.00 5.00 1.00
72,49,Sum 4.33 9.00 1.53
72,50,"CALCULATION OF EIGENVALUES, FRACTION RATING AND LOFS"
72,52,Concave (Upto -
72,53,0.1)
72,54,Flat (-0.01 -
72,55,0.01)
72,56,Convex
72,57,(>0.01)
72,58,Sum
72,59,rows Frac Rate LOFS
72,60,Concave (Upto -0.1) 0.23 0.33 0.22 0.78 0.260498 0.411305
72,61,Flat (-0.01 -  0.01) 0.08 0.11 0.13 0.32 0.106156 0.167612
72,62,Convex (>0.01) 0.69 0.56 0.65 1.90 0.633346 1
72,64,0.633346
72,65,CHECKING OF CONSISTENCY OF PAIRWISE COMPARISON MATRIX
72,67,Concave (Upto -
72,68,0.1)
72,69,Flat (-0.01 -
72,70,0.01)
72,71,Convex
72,72,(>0.01)
72,73,Sum
72,74,rows CV
72,75,Concave (Upto -0.1) 0.26 0.32 0.21 0.79 3.032969
72,76,Flat (-0.01 -  0.01) 0.09 0.11 0.13 0.32 3.011202
72,77,Convex (>0.01) 0.78 0.53 0.63 1.95 3.071973
72,80,9.116144
72,82,Mean Consistency Vector (Mean CV) 3.038715
72,83,Consistency Index (CI) 0.019357
72,84,Consistency Ratio (CI/RI) 0.033375
73,1,ANNEXURE III – ANALYTICAL HIERARCHY PROCESS (CALCULATIONS)
73,2,(Classes with ‘0’ rating are not included in the pairwise comparison matrix)
73,4,PAIRWISE COMPARISON RATING MATRIX OF SLOPE FORMING MATERIAL CLASSES
73,5,A/GSC
73,6,S
73,7,A/GSCF
73,8,S
73,9,BGS
73,10,Q
73,11,CSP C FLCS
73,12,S
73,13,GPP
73,14,G
73,15,GSC QPQM
73,16,S
73,17,QMS Q PG SLC
73,18,S
73,19,FSC
73,20,C
73,21,M M/B
73,22,G
73,23,WR TS IS LD CD COL SL S GR SSSL
73,24,C
73,25,BGD QPQM
73,26,S
73,27,SSM SCSC
73,28,L
73,29,SCG UG
73,30,A/GSCS 1.00 1.00 3.00 1.00 1.00 2.00 3.00 1.00 2.00 2.00 3.00 3.00 2.00 1.00 3.00 3.00 0.25 1.00 3.00 0.17 0.33 0.50 2.00 1.00 2.00 0.33 2.00 2.00 0.50 0.50 1.00 2.00
73,31,A/GSCF
73,32,S
73,33,1.00 1.00 3.00 1.00 1.00 2.00 3.00 1.00 2.00 2.00 3.00 3.00 2.00 1.00 3.00 3.00 0.25 1.00 3.00 0.17 0.33 0.50 2.00 1.00 2.00 0.33 2.00 2.00 0.50 0.50 1.00 2.00
73,34,BGSQ 0.33 0.33 1.00 0.33 0.33 0.50 1.00 0.33 0.50 0.50 1.00 1.00 0.50 0.33 1.00 1.00 0.17 0.33 1.00 0.13 0.20 0.25 0.50 0.33 0.50 0.20 0.50 0.50 0.25 0.25 0.33 0.50
73,35,CSP 1.00 1.00 3.00 1.00 1.00 2.00 3.00 1.00 2.00 2.00 3.00 3.00 2.00 1.00 3.00 3.00 0.25 1.00 3.00 0.17 0.33 0.50 2.00 1.00 2.00 0.33 2.00 2.00 0.50 0.50 1.00 2.00
73,36,C 1.00 1.00 3.00 1.00 1.00 2.00 3.00 1.00 2.00 2.00 3.00 3.00 2.00 1.00 3.00 3.00 0.25 1.00 3.00 0.17 0.33 0.50 2.00 1.00 2.00 0.33 2.00 2.00 0.50 0.50 1.00 2.00
73,37,FLCSS 0.50 0.50 2.00 0.50 0.50 1.00 2.00 0.50 1.00 1.00 2.00 2.00 1.00 0.50 2.00 2.00 0.20 0.50 2.00 0.14 0.25 0.33 1.00 0.50 1.00 0.25 1.00 1.00 0.33 0.33 0.50 1.00
73,38,GPPG 0.33 0.33 1.00 0.33 0.33 0.50 1.00 0.33 0.50 0.50 1.00 1.00 0.50 0.33 1.00 1.00 0.17 0.33 1.00 0.13 0.20 0.25 0.50 0.33 0.50 0.20 0.50 0.50 0.25 0.25 0.33 0.50
73,39,GSC 1.00 1.00 3.00 1.00 1.00 2.00 3.00 1.00 2.00 2.00 3.00 3.00 2.00 1.00 3.00 3.00 0.25 1.00 3.00 0.17 0.33 0.50 2.00 1.00 2.00 0.33 2.00 2.00 0.50 0.50 1.00 2.00
73,40,QPQMS 0.50 0.50 2.00 0.50 0.50 1.00 2.00 0.50 1.00 1.00 2.00 2.00 1.00 0.50 2.00 2.00 0.20 0.50 2.00 0.14 0.25 0.33 1.00 0.50 1.00 0.25 1.00 1.00 0.33 0.33 0.50 1.00
73,41,QMS 0.50 0.50 2.00 0.50 0.50 1.00 2.00 0.50 1.00 1.00 2.00 2.00 1.00 0.50 2.00 2.00 0.20 0.50 2.00 0.14 0.25 0.33 1.00 0.50 1.00 0.25 1.00 1.00 0.33 0.33 0.50 1.00
73,42,Q 0.33 0.33 1.00 0.33 0.33 0.50 1.00 0.33 0.50 0.50 1.00 1.00 0.50 0.33 1.00 1.00 0.17 0.33 1.00 0.13 0.20 0.25 0.50 0.33 0.50 0.20 0.50 0.50 0.25 0.25 0.33 0.50
73,43,PG 0.33 0.33 1.00 0.33 0.33 0.50 1.00 0.33 0.50 0.50 1.00 1.00 0.50 0.33 1.00 1.00 0.17 0.33 1.00 0.13 0.20 0.25 0.50 0.33 0.50 0.20 0.50 0.50 0.25 0.25 0.33 0.50
73,44,SLCS 0.50 0.50 2.00 0.50 0.50 1.00 2.00 0.50 1.00 1.00 2.00 2.00 1.00 0.50 2.00 2.00 0.20 0.50 2.00 0.14 0.25 0.33 1.00 0.50 1.00 0.25 1.00 1.00 0.33 0.33 0.50 1.00
73,45,FSCC 1.00 1.00 3.00 1.00 1.00 2.00 3.00 1.00 2.00 2.00 3.00 3.00 2.00 1.00 3.00 3.00 0.25 1.00 3.00 0.17 0.33 0.50 2.00 1.00 2.00 0.33 2.00 2.00 0.50 0.50 1.00 2.00
73,46,M 0.33 0.33 1.00 0.33 0.33 0.50 1.00 0.33 0.50 0.50 1.00 1.00 0.50 0.33 1.00 1.00 0.17 0.33 1.00 0.13 0.20 0.25 0.50 0.33 0.50 0.20 0.50 0.50 0.25 0.25 0.33 0.50
73,47,M/BG 0.33 0.33 1.00 0.33 0.33 0.50 1.00 0.33 0.50 0.50 1.00 1.00 0.50 0.33 1.00 1.00 0.17 0.33 1.00 0.13 0.20 0.25 0.50 0.33 0.50 0.20 0.50 0.50 0.25 0.25 0.33 0.50
73,48,WR 4.00 4.00 6.00 4.00 4.00 5.00 6.00 4.00 5.00 5.00 6.00 6.00 5.00 4.00 6.00 6.00 1.00 4.00 6.00 0.33 2.00 3.00 5.00 4.00 5.00 2.00 5.00 5.00 3.00 3.00 4.00 5.00
73,49,TS 1.00 1.00 3.00 1.00 1.00 2.00 3.00 1.00 2.00 2.00 3.00 3.00 2.00 1.00 3.00 3.00 0.25 1.00 3.00 0.17 0.33 0.50 2.00 1.00 2.00 0.33 2.00 2.00 0.50 0.50 1.00 2.00
73,50,IS 0.33 0.33 1.00 0.33 0.33 0.50 1.00 0.33 0.50 0.50 1.00 1.00 0.50 0.33 1.00 1.00 0.17 0.33 1.00 0.13 0.20 0.25 0.50 0.33 0.50 0.20 0.50 0.50 0.25 0.25 0.33 0.50
73,51,LD 6.00 6.00 8.00 6.00 6.00 7.00 8.00 6.00 7.00 7.00 8.00 8.00 7.00 6.00 8.00 8.00 3.00 6.00 8.00 1.00 4.00 5.00 7.00 6.00 7.00 4.00 7.00 7.00 5.00 5.00 6.00 7.00
73,52,CD 3.00 3.00 5.00 3.00 3.00 4.00 5.00 3.00 4.00 4.00 5.00 5.00 4.00 3.00 5.00 5.00 0.50 3.00 5.00 0.25 1.00 2.00 4.00 3.00 4.00 1.00 4.00 4.00 2.00 2.00 3.00 4.00
73,53,COL 2.00 2.00 4.00 2.00 2.00 3.00 4.00 2.00 3.00 3.00 4.00 4.00 3.00 2.00 4.00 4.00 0.33 2.00 4.00 0.20 0.50 1.00 3.00 2.00 3.00 0.50 3.00 3.00 1.00 1.00 2.00 3.00
73,54,SL 0.50 0.50 2.00 0.50 0.50 1.00 2.00 0.50 1.00 1.00 2.00 2.00 1.00 0.50 2.00 2.00 0.20 0.50 2.00 0.14 0.25 0.33 1.00 0.50 1.00 0.25 1.00 1.00 0.33 0.33 0.50 1.00
73,55,S 1.00 1.00 3.00 1.00 1.00 2.00 3.00 1.00 2.00 2.00 3.00 3.00 2.00 1.00 3.00 3.00 0.25 1.00 3.00 0.17 0.33 0.50 2.00 1.00 2.00 0.33 2.00 2.00 0.50 0.50 1.00 2.00
73,56,GR 0.50 0.50 2.00 0.50 0.50 1.00 2.00 0.50 1.00 1.00 2.00 2.00 1.00 0.50 2.00 2.00 0.20 0.50 2.00 0.14 0.25 0.33 1.00 0.50 1.00 0.25 1.00 1.00 0.33 0.33 0.50 1.00
73,57,SSSLC 3.00 3.00 5.00 3.00 3.00 4.00 5.00 3.00 4.00 4.00 5.00 5.00 4.00 3.00 5.00 5.00 0.50 3.00 5.00 0.25 1.00 2.00 4.00 3.00 4.00 1.00 4.00 4.00 2.00 2.00 3.00 4.00
73,58,BGD 0.50 0.50 2.00 0.50 0.50 1.00 2.00 0.50 1.00 1.00 2.00 2.00 1.00 0.50 2.00 2.00 0.20 0.50 2.00 0.14 0.25 0.33 1.00 0.50 1.00 0.25 1.00 1.00 0.33 0.33 0.50 1.00
73,59,QPQMS 0.50 0.50 2.00 0.50 0.50 1.00 2.00 0.50 1.00 1.00 2.00 2.00 1.00 0.50 2.00 2.00 0.20 0.50 2.00 0.14 0.25 0.33 1.00 0.50 1.00 0.25 1.00 1.00 0.33 0.33 0.50 1.00
73,60,SSM 2.00 2.00 4.00 2.00 2.00 3.00 4.00 2.00 3.00 3.00 4.00 4.00 3.00 2.00 4.00 4.00 0.33 2.00 4.00 0.20 0.50 1.00 3.00 2.00 3.00 0.50 3.00 3.00 1.00 1.00 2.00 3.00
73,61,SCSCL 2.00 2.00 4.00 2.00 2.00 3.00 4.00 2.00 3.00 3.00 4.00 4.00 3.00 2.00 4.00 4.00 0.33 2.00 4.00 0.20 0.50 1.00 3.00 2.00 3.00 0.50 3.00 3.00 1.00 1.00 2.00 3.00
73,62,SCG 1.00 1.00 3.00 1.00 1.00 2.00 3.00 1.00 2.00 2.00 3.00 3.00 2.00 1.00 3.00 3.00 0.25 1.00 3.00 0.17 0.33 0.50 2.00 1.00 2.00 0.33 2.00 2.00 0.50 0.50 1.00 2.00
73,63,UG 0.50 0.50 2.00 0.50 0.50 1.00 2.00 0.50 1.00 1.00 2.00 2.00 1.00 0.50 2.00 2.00 0.20 0.50 2.00 0.14 0.25 0.33 1.00 0.50 1.00 0.25 1.00 1.00 0.33 0.33 0.50 1.00
73,64,Sum 37.83 34.50 88.00 34.5
73,65,0
73,66,37.8
73,67,3
73,68,59.50 88.00 37.8
73,69,3
73,70,59.50 59.5
73,71,0
73,72,88.0
73,73,0
73,74,88.0
73,75,0
73,76,59.5
73,77,0
73,78,37.8
73,79,3
73,80,88.0
73,81,0
73,82,88.00 11.2
73,83,2
73,84,37.8
73,85,3
73,86,88.0
73,87,0
73,88,6.0
73,89,9
73,90,16.1
73,91,5
73,92,24.2
73,93,5
73,94,59.5
73,95,0
73,96,37.8
73,97,3
73,98,59.5
73,99,0
73,100,16.15 59.5
73,101,0
73,102,59.50 24.2
73,103,5
73,104,24.25 37.83 59.50
73,106,"CALCULATION OF EIGENVALUES, FRACTION RATING AND LOFS"
73,107,A/GSC
73,108,S
73,109,A/GSCF
73,110,S
73,111,BGS
73,112,Q
73,113,CS
73,114,P
73,115,C FLCS
73,116,S
73,117,GPP
73,118,G
73,119,GS
73,120,C
73,121,QPQM
73,122,S
73,123,QM
73,124,S
73,125,Q PG SLC
73,126,S
73,127,FSC
73,128,C
73,129,M M/B
73,130,G
73,131,WR TS IS LD CD CO
73,132,L
73,133,SL S GR SSSL
73,134,C
73,135,BG
73,136,D
73,137,QPQM
73,138,S
73,139,SS
73,140,M
73,141,SCSC
73,142,L
73,143,SC
73,144,G
73,145,UG SU
73,146,M
73,147,RO
73,148,W
73,149,RATIN
73,150,G
73,151,LOFS
73,152,A/GSCS 0.03 0.03 0.03 0.0
73,153,3
73,154,0.0
73,155,3
73,156,0.03 0.03 0.03 0.03 0.03 0.0
73,157,3
73,158,0.0
73,159,3
73,160,0.03 0.03 0.0
73,161,3
73,162,0.03 0.0
73,163,2
73,164,1.0
73,165,0
73,166,0.0
73,167,3
73,168,0.0
73,169,3
73,170,0.0
73,171,2
73,172,0.02 0.0
73,173,3
73,174,0.0
73,175,3
73,176,0.0
73,177,3
73,178,0.02 0.03 0.03 0.02 0.02 0.03 0.0
73,179,3
73,180,1.91 0.05 0.18
73,181,A/GSCF
73,182,S
73,183,0.03 0.03 0.03 0.0
73,184,3
73,185,0.0
73,186,3
73,187,0.03 0.03 0.03 0.03 0.03 0.0
73,188,3
73,189,0.0
73,190,3
73,191,0.03 0.03 0.0
73,192,3
73,193,0.03 0.0
73,194,2
73,195,1.0
73,196,0
73,197,0.0
73,198,3
73,199,0.0
73,200,3
73,201,0.0
73,202,2
73,203,0.02 0.0
73,204,3
73,205,0.0
73,206,3
73,207,0.0
73,208,3
73,209,0.02 0.03 0.03 0.02 0.02 0.03 0.0
73,210,3
73,211,1.91 0.05 0.18
74,1,ANNEXURE III – ANALYTICAL HIERARCHY PROCESS (CALCULATIONS)
74,2,(Classes with ‘0’ rating are not included in the pairwise comparison matrix)
74,4,BGSQ 0.01 0.01 0.01 0.0
74,5,1
74,6,0.0
74,7,1
74,8,0.01 0.01 0.01 0.01 0.01 0.0
74,9,1
74,10,0.0
74,11,1
74,12,0.01 0.01 0.0
74,13,1
74,14,0.01 0.0
74,15,1
74,16,0.3
74,17,3
74,18,0.0
74,19,1
74,20,0.0
74,21,2
74,22,0.0
74,23,1
74,24,0.01 0.0
74,25,1
74,26,0.0
74,27,1
74,28,0.0
74,29,1
74,30,0.01 0.01 0.01 0.01 0.01 0.01 0.0
74,31,1
74,32,0.65 0.02 0.06
74,33,CSP 0.03 0.03 0.03 0.0
74,34,3
74,35,0.0
74,36,3
74,37,0.03 0.03 0.03 0.03 0.03 0.0
74,38,3
74,39,0.0
74,40,3
74,41,0.03 0.03 0.0
74,42,3
74,43,0.03 0.0
74,44,2
74,45,1.0
74,46,0
74,47,0.0
74,48,3
74,49,0.0
74,50,3
74,51,0.0
74,52,2
74,53,0.02 0.0
74,54,3
74,55,0.0
74,56,3
74,57,0.0
74,58,3
74,59,0.02 0.03 0.03 0.02 0.02 0.03 0.0
74,60,3
74,61,1.91 0.05 0.18
74,62,C 0.03 0.03 0.03 0.0
74,63,3
74,64,0.0
74,65,3
74,66,0.03 0.03 0.03 0.03 0.03 0.0
74,67,3
74,68,0.0
74,69,3
74,70,0.03 0.03 0.0
74,71,3
74,72,0.03 0.0
74,73,2
74,74,1.0
74,75,0
74,76,0.0
74,77,3
74,78,0.0
74,79,3
74,80,0.0
74,81,2
74,82,0.02 0.0
74,83,3
74,84,0.0
74,85,3
74,86,0.0
74,87,3
74,88,0.02 0.03 0.03 0.02 0.02 0.03 0.0
74,89,3
74,90,1.91 0.05 0.18
74,91,FLCSS 0.01 0.01 0.02 0.0
74,92,1
74,93,0.0
74,94,1
74,95,0.02 0.02 0.01 0.02 0.02 0.0
74,96,2
74,97,0.0
74,98,2
74,99,0.02 0.01 0.0
74,100,2
74,101,0.02 0.0
74,102,2
74,103,0.5
74,104,0
74,105,0.0
74,106,2
74,107,0.0
74,108,2
74,109,0.0
74,110,2
74,111,0.01 0.0
74,112,2
74,113,0.0
74,114,1
74,115,0.0
74,116,2
74,117,0.02 0.02 0.02 0.01 0.01 0.01 0.0
74,118,2
74,119,1.03 0.03 0.10
74,120,GPPG 0.01 0.01 0.01 0.0
74,121,1
74,122,0.0
74,123,1
74,124,0.01 0.01 0.01 0.01 0.01 0.0
74,125,1
74,126,0.0
74,127,1
74,128,0.01 0.01 0.0
74,129,1
74,130,0.01 0.0
74,131,1
74,132,0.3
74,133,3
74,134,0.0
74,135,1
74,136,0.0
74,137,2
74,138,0.0
74,139,1
74,140,0.01 0.0
74,141,1
74,142,0.0
74,143,1
74,144,0.0
74,145,1
74,146,0.01 0.01 0.01 0.01 0.01 0.01 0.0
74,147,1
74,148,0.65 0.02 0.06
74,149,GSC 0.03 0.03 0.03 0.0
74,150,3
74,151,0.0
74,152,3
74,153,0.03 0.03 0.03 0.03 0.03 0.0
74,154,3
74,155,0.0
74,156,3
74,157,0.03 0.03 0.0
74,158,3
74,159,0.03 0.0
74,160,2
74,161,1.0
74,162,0
74,163,0.0
74,164,3
74,165,0.0
74,166,3
74,167,0.0
74,168,2
74,169,0.02 0.0
74,170,3
74,171,0.0
74,172,3
74,173,0.0
74,174,3
74,175,0.02 0.03 0.03 0.02 0.02 0.03 0.0
74,176,3
74,177,1.91 0.05 0.18
74,178,QPQMS 0.01 0.01 0.02 0.0
74,179,1
74,180,0.0
74,181,1
74,182,0.02 0.02 0.01 0.02 0.02 0.0
74,183,2
74,184,0.0
74,185,2
74,186,0.02 0.01 0.0
74,187,2
74,188,0.02 0.0
74,189,2
74,190,0.5
74,191,0
74,192,0.0
74,193,2
74,194,0.0
74,195,2
74,196,0.0
74,197,2
74,198,0.01 0.0
74,199,2
74,200,0.0
74,201,1
74,202,0.0
74,203,2
74,204,0.02 0.02 0.02 0.01 0.01 0.01 0.0
74,205,2
74,206,1.03 0.03 0.10
74,207,QMS 0.01 0.01 0.02 0.0
74,208,1
74,209,0.0
74,210,1
74,211,0.02 0.02 0.01 0.02 0.02 0.0
74,212,2
74,213,0.0
74,214,2
74,215,0.02 0.01 0.0
74,216,2
74,217,0.02 0.0
74,218,2
74,219,0.5
74,220,0
74,221,0.0
74,222,2
74,223,0.0
74,224,2
74,225,0.0
74,226,2
74,227,0.01 0.0
74,228,2
74,229,0.0
74,230,1
74,231,0.0
74,232,2
74,233,0.02 0.02 0.02 0.01 0.01 0.01 0.0
74,234,2
74,235,1.03 0.03 0.10
74,236,Q 0.01 0.01 0.01 0.0
74,237,1
74,238,0.0
74,239,1
74,240,0.01 0.01 0.01 0.01 0.01 0.0
74,241,1
74,242,0.0
74,243,1
74,244,0.01 0.01 0.0
74,245,1
74,246,0.01 0.0
74,247,1
74,248,0.3
74,249,3
74,250,0.0
74,251,1
74,252,0.0
74,253,2
74,254,0.0
74,255,1
74,256,0.01 0.0
74,257,1
74,258,0.0
74,259,1
74,260,0.0
74,261,1
74,262,0.01 0.01 0.01 0.01 0.01 0.01 0.0
74,263,1
74,264,0.65 0.02 0.06
74,265,PG 0.01 0.01 0.01 0.0
74,266,1
74,267,0.0
74,268,1
74,269,0.01 0.01 0.01 0.01 0.01 0.0
74,270,1
74,271,0.0
74,272,1
74,273,0.01 0.01 0.0
74,274,1
74,275,0.01 0.0
74,276,1
74,277,0.3
74,278,3
74,279,0.0
74,280,1
74,281,0.0
74,282,2
74,283,0.0
74,284,1
74,285,0.01 0.0
74,286,1
74,287,0.0
74,288,1
74,289,0.0
74,290,1
74,291,0.01 0.01 0.01 0.01 0.01 0.01 0.0
74,292,1
74,293,0.65 0.02 0.06
74,294,SLCS 0.01 0.01 0.02 0.0
74,295,1
74,296,0.0
74,297,1
74,298,0.02 0.02 0.01 0.02 0.02 0.0
74,299,2
74,300,0.0
74,301,2
74,302,0.02 0.01 0.0
74,303,2
74,304,0.02 0.0
74,305,2
74,306,0.5
74,307,0
74,308,0.0
74,309,2
74,310,0.0
74,311,2
74,312,0.0
74,313,2
74,314,0.01 0.0
74,315,2
74,316,0.0
74,317,1
74,318,0.0
74,319,2
74,320,0.02 0.02 0.02 0.01 0.01 0.01 0.0
74,321,2
74,322,1.03 0.03 0.10
74,323,FSCC 0.03 0.03 0.03 0.0
74,324,3
74,325,0.0
74,326,3
74,327,0.03 0.03 0.03 0.03 0.03 0.0
74,328,3
74,329,0.0
74,330,3
74,331,0.03 0.03 0.0
74,332,3
74,333,0.03 0.0
74,334,2
74,335,1.0
74,336,0
74,337,0.0
74,338,3
74,339,0.0
74,340,3
74,341,0.0
74,342,2
74,343,0.02 0.0
74,344,3
74,345,0.0
74,346,3
74,347,0.0
74,348,3
74,349,0.02 0.03 0.03 0.02 0.02 0.03 0.0
74,350,3
74,351,1.91 0.05 0.18
74,352,M 0.01 0.01 0.01 0.0
74,353,1
74,354,0.0
74,355,1
74,356,0.01 0.01 0.01 0.01 0.01 0.0
74,357,1
74,358,0.0
74,359,1
74,360,0.01 0.01 0.0
74,361,1
74,362,0.01 0.0
74,363,1
74,364,0.3
74,365,3
74,366,0.0
74,367,1
74,368,0.0
74,369,2
74,370,0.0
74,371,1
74,372,0.01 0.0
74,373,1
74,374,0.0
74,375,1
74,376,0.0
74,377,1
74,378,0.01 0.01 0.01 0.01 0.01 0.01 0.0
74,379,1
74,380,0.65 0.02 0.06
74,381,M/BG 0.01 0.01 0.01 0.0
74,382,1
74,383,0.0
74,384,1
74,385,0.01 0.01 0.01 0.01 0.01 0.0
74,386,1
74,387,0.0
74,388,1
74,389,0.01 0.01 0.0
74,390,1
74,391,0.01 0.0
74,392,1
74,393,0.3
74,394,3
74,395,0.0
74,396,1
74,397,0.0
74,398,2
74,399,0.0
74,400,1
74,401,0.01 0.0
74,402,1
74,403,0.0
74,404,1
74,405,0.0
74,406,1
74,407,0.01 0.01 0.01 0.01 0.01 0.01 0.0
74,408,1
74,409,0.65 0.02 0.06
74,410,WR 0.11 0.12 0.07 0.1
74,411,2
74,412,0.1
74,413,1
74,414,0.08 0.07 0.11 0.08 0.08 0.0
74,415,7
74,416,0.0
74,417,7
74,418,0.08 0.11 0.0
74,419,7
74,420,0.07 0.0
74,421,9
74,422,4.0
74,423,0
74,424,0.0
74,425,7
74,426,0.0
74,427,5
74,428,0.1
74,429,2
74,430,0.12 0.0
74,431,8
74,432,0.1
74,433,1
74,434,0.0
74,435,8
74,436,0.12 0.08 0.08 0.12 0.12 0.11 0.0
74,437,8
74,438,6.86 0.19 0.65
74,439,TS 0.03 0.03 0.03 0.0
74,440,3
74,441,0.0
74,442,3
74,443,0.03 0.03 0.03 0.03 0.03 0.0
74,444,3
74,445,0.0
74,446,3
74,447,0.03 0.03 0.0
74,448,3
74,449,0.03 0.0
74,450,2
74,451,1.0
74,452,0
74,453,0.0
74,454,3
74,455,0.0
74,456,3
74,457,0.0
74,458,2
74,459,0.02 0.0
74,460,3
74,461,0.0
74,462,3
74,463,0.0
74,464,3
74,465,0.02 0.03 0.03 0.02 0.02 0.03 0.0
74,466,3
74,467,1.91 0.05 0.18
74,468,IS 0.01 0.01 0.01 0.0
74,469,1
74,470,0.0
74,471,1
74,472,0.01 0.01 0.01 0.01 0.01 0.0
74,473,1
74,474,0.0
74,475,1
74,476,0.01 0.01 0.0
74,477,1
74,478,0.01 0.0
74,479,1
74,480,0.3
74,481,3
74,482,0.0
74,483,1
74,484,0.0
74,485,2
74,486,0.0
74,487,1
74,488,0.01 0.0
74,489,1
74,490,0.0
74,491,1
74,492,0.0
74,493,1
74,494,0.01 0.01 0.01 0.01 0.01 0.01 0.0
74,495,1
74,496,0.65 0.02 0.06
74,497,LD 0.16 0.17 0.09 0.1
74,498,7
74,499,0.1
74,500,6
74,501,0.12 0.09 0.16 0.12 0.12 0.0
74,502,9
74,503,0.0
74,504,9
74,505,0.12 0.16 0.0
74,506,9
74,507,0.09 0.2
74,508,7
74,509,6.0
74,510,0
74,511,0.0
74,512,9
74,513,0.1
74,514,6
74,515,0.2
74,516,5
74,517,0.21 0.1
74,518,2
74,519,0.1
74,520,6
74,521,0.1
74,522,2
74,523,0.25 0.12 0.12 0.21 0.21 0.16 0.1
74,524,2
74,525,10.5
74,526,4
74,527,0.28 1.00
74,528,CD 0.08 0.09 0.06 0.0
74,529,9
74,530,0.0
74,531,8
74,532,0.07 0.06 0.08 0.07 0.07 0.0
74,533,6
74,534,0.0
74,535,6
74,536,0.07 0.08 0.0
74,537,6
74,538,0.06 0.0
74,539,4
74,540,3.0
74,541,0
74,542,0.0
74,543,6
74,544,0.0
74,545,4
74,546,0.0
74,547,6
74,548,0.08 0.0
74,549,7
74,550,0.0
74,551,8
74,552,0.0
74,553,7
74,554,0.06 0.07 0.07 0.08 0.08 0.08 0.0
74,555,7
74,556,5.11 0.14 0.48
74,557,COL 0.05 0.06 0.05 0.0
74,558,6
74,559,0.0
74,560,5
74,561,0.05 0.05 0.05 0.05 0.05 0.0
74,562,5
74,563,0.0
74,564,5
74,565,0.05 0.05 0.0
74,566,5
74,567,0.05 0.0
74,568,3
74,569,2.0
74,570,0
74,571,0.0
74,572,5
74,573,0.0
74,574,3
74,575,0.0
74,576,3
74,577,0.04 0.0
74,578,5
74,579,0.0
74,580,5
74,581,0.0
74,582,5
74,583,0.03 0.05 0.05 0.04 0.04 0.05 0.0
74,584,5
74,585,3.45 0.09 0.33
74,586,SL 0.01 0.01 0.02 0.0
74,587,1
74,588,0.0
74,589,1
74,590,0.02 0.02 0.01 0.02 0.02 0.0
74,591,2
74,592,0.0
74,593,2
74,594,0.02 0.01 0.0
74,595,2
74,596,0.02 0.0
74,597,2
74,598,0.5
74,599,0
74,600,0.0
74,601,2
74,602,0.0
74,603,2
74,604,0.0
74,605,2
74,606,0.01 0.0
74,607,2
74,608,0.0
74,609,1
74,610,0.0
74,611,2
74,612,0.02 0.02 0.02 0.01 0.01 0.01 0.0
74,613,2
74,614,1.03 0.03 0.10
74,615,S 0.03 0.03 0.03 0.0
74,616,3
74,617,0.0
74,618,3
74,619,0.03 0.03 0.03 0.03 0.03 0.0
74,620,3
74,621,0.0
74,622,3
74,623,0.03 0.03 0.0
74,624,3
74,625,0.03 0.0
74,626,2
74,627,1.0
74,628,0
74,629,0.0
74,630,3
74,631,0.0
74,632,3
74,633,0.0
74,634,2
74,635,0.02 0.0
74,636,3
74,637,0.0
74,638,3
74,639,0.0
74,640,3
74,641,0.02 0.03 0.03 0.02 0.02 0.03 0.0
74,642,3
74,643,1.91 0.05 0.18
74,644,GR 0.01 0.01 0.02 0.0
74,645,1
74,646,0.0
74,647,1
74,648,0.02 0.02 0.01 0.02 0.02 0.0
74,649,2
74,650,0.0
74,651,2
74,652,0.02 0.01 0.0
74,653,2
74,654,0.02 0.0
74,655,2
74,656,0.5
74,657,0
74,658,0.0
74,659,2
74,660,0.0
74,661,2
74,662,0.0
74,663,2
74,664,0.01 0.0
74,665,2
74,666,0.0
74,667,1
74,668,0.0
74,669,2
74,670,0.02 0.02 0.02 0.01 0.01 0.01 0.0
74,671,2
74,672,1.03 0.03 0.10
74,673,SSSLC 0.08 0.09 0.06 0.0
74,674,9
74,675,0.0
74,676,8
74,677,0.07 0.06 0.08 0.07 0.07 0.0
74,678,6
74,679,0.0
74,680,6
74,681,0.07 0.08 0.0
74,682,6
74,683,0.06 0.0
74,684,4
74,685,3.0
74,686,0
74,687,0.0
74,688,6
74,689,0.0
74,690,4
74,691,0.0
74,692,6
74,693,0.08 0.0
74,694,7
74,695,0.0
74,696,8
74,697,0.0
74,698,7
74,699,0.06 0.07 0.07 0.08 0.08 0.08 0.0
74,700,7
74,701,5.11 0.14 0.48
74,702,BGD 0.01 0.01 0.02 0.0
74,703,1
74,704,0.0
74,705,1
74,706,0.02 0.02 0.01 0.02 0.02 0.0
74,707,2
74,708,0.0
74,709,2
74,710,0.02 0.01 0.0
74,711,2
74,712,0.02 0.0
74,713,2
74,714,0.5
74,715,0
74,716,0.0
74,717,2
74,718,0.0
74,719,2
74,720,0.0
74,721,2
74,722,0.01 0.0
74,723,2
74,724,0.0
74,725,1
74,726,0.0
74,727,2
74,728,0.02 0.02 0.02 0.01 0.01 0.01 0.0
74,729,2
74,730,1.03 0.03 0.10
74,731,QPQMS 0.01 0.01 0.02 0.0
74,732,1
74,733,0.0
74,734,1
74,735,0.02 0.02 0.01 0.02 0.02 0.0
74,736,2
74,737,0.0
74,738,2
74,739,0.02 0.01 0.0
74,740,2
74,741,0.02 0.0
74,742,2
74,743,0.5
74,744,0
74,745,0.0
74,746,2
74,747,0.0
74,748,2
74,749,0.0
74,750,2
74,751,0.01 0.0
74,752,2
74,753,0.0
74,754,1
74,755,0.0
74,756,2
74,757,0.02 0.02 0.02 0.01 0.01 0.01 0.0
74,758,2
74,759,1.03 0.03 0.10
74,760,SSM 0.05 0.06 0.05 0.0
74,761,6
74,762,0.0
74,763,5
74,764,0.05 0.05 0.05 0.05 0.05 0.0
74,765,5
74,766,0.0
74,767,5
74,768,0.05 0.05 0.0
74,769,5
74,770,0.05 0.0
74,771,3
74,772,2.0
74,773,0
74,774,0.0
74,775,5
74,776,0.0
74,777,3
74,778,0.0
74,779,3
74,780,0.04 0.0
74,781,5
74,782,0.0
74,783,5
74,784,0.0
74,785,5
74,786,0.03 0.05 0.05 0.04 0.04 0.05 0.0
74,787,5
74,788,3.45 0.09 0.33
74,789,SCSCL 0.05 0.06 0.05 0.0
74,790,6
74,791,0.0
74,792,5
74,793,0.05 0.05 0.05 0.05 0.05 0.0
74,794,5
74,795,0.0
74,796,5
74,797,0.05 0.05 0.0
74,798,5
74,799,0.05 0.0
74,800,3
74,801,2.0
74,802,0
74,803,0.0
74,804,5
74,805,0.0
74,806,3
74,807,0.0
74,808,3
74,809,0.04 0.0
74,810,5
74,811,0.0
74,812,5
74,813,0.0
74,814,5
74,815,0.03 0.05 0.05 0.04 0.04 0.05 0.0
74,816,5
74,817,3.45 0.09 0.33
74,818,SCG 0.03 0.03 0.03 0.0
74,819,3
74,820,0.0
74,821,3
74,822,0.03 0.03 0.03 0.03 0.03 0.0
74,823,3
74,824,0.0
74,825,3
74,826,0.03 0.03 0.0
74,827,3
74,828,0.03 0.0
74,829,2
74,830,1.0
74,831,0
74,832,0.0
74,833,3
74,834,0.0
74,835,3
74,836,0.0
74,837,2
74,838,0.02 0.0
74,839,3
74,840,0.0
74,841,3
74,842,0.0
74,843,3
74,844,0.02 0.03 0.03 0.02 0.02 0.03 0.0
74,845,3
74,846,1.91 0.05 0.18
74,847,UG 0.01 0.01 0.02 0.0
74,848,1
74,849,0.0
74,850,1
74,851,0.02 0.02 0.01 0.02 0.02 0.0
74,852,2
74,853,0.0
74,854,2
74,855,0.02 0.01 0.0
74,856,2
74,857,0.02 0.0
74,858,2
74,859,0.5
74,860,0
74,861,0.0
74,862,2
74,863,0.0
74,864,2
74,865,0.0
74,866,2
74,867,0.01 0.0
74,868,2
74,869,0.0
74,870,1
74,871,0.0
74,872,2
74,873,0.02 0.02 0.02 0.01 0.01 0.01 0.0
74,874,2
74,875,1.03 0.03 0.10
74,876,MAx 0.28
74,878,CHECKING OF CONSISTENCY OF PAIRWISE COMPARISON MATRIX
74,879,A/GSC
74,880,S
74,881,A/GSCF
74,882,S
74,883,BGS
74,884,Q
74,885,CSP C FLCS
74,886,S
74,887,GPP
74,888,G
74,889,GS
74,890,C
74,891,QPQM
74,892,S
74,893,QM
74,894,S
74,895,Q PG SLC
74,896,S
74,897,FSC
74,898,C
74,899,M M/B
74,900,G
74,901,WR TS IS LD CD CO
74,902,L
74,903,SL S GR SSSL
74,904,C
74,905,BG
74,906,D
74,907,QPQM
74,908,S
74,909,SS
74,910,M
74,911,SCSC
74,912,L
74,913,SC
74,914,G
74,915,UG SUM
74,916,RO
74,917,W
74,918,CV
74,919,A/GSCS 0.05 0.05 0.05 0.05 0.05 0.06 0.05 0.05 0.06 0.06 0.05 0.05 0.06 0.05 0.05 0.05 0.05 0.05 0.05 0.05 0.05 0.05 0.06 0.05 0.06 0.05 0.06 0.06 0.05 0.05 0.05 0.06 1.66 32.20
74,920,A/GSCF
74,921,S
74,922,0.05 0.05 0.05 0.05 0.05 0.06 0.05 0.05 0.06 0.06 0.05 0.05 0.06 0.05 0.05 0.05 0.05 0.05 0.05 0.05 0.05 0.05 0.06 0.05 0.06 0.05 0.06 0.06 0.05 0.05 0.05 0.06 1.66 32.20
74,923,BGSQ 0.02 0.02 0.02 0.02 0.02 0.01 0.02 0.02 0.01 0.01 0.02 0.02 0.01 0.02 0.02 0.02 0.03 0.02 0.02 0.04 0.03 0.02 0.01 0.02 0.01 0.03 0.01 0.01 0.02 0.02 0.02 0.01 0.60 33.81
75,1,ANNEXURE III – ANALYTICAL HIERARCHY PROCESS (CALCULATIONS)
75,2,(Classes with ‘0’ rating are not included in the pairwise comparison matrix)
75,4,CSP 0.05 0.05 0.05 0.05 0.05 0.06 0.05 0.05 0.06 0.06 0.05 0.05 0.06 0.05 0.05 0.05 0.05 0.05 0.05 0.05 0.05 0.05 0.06 0.05 0.06 0.05 0.06 0.06 0.05 0.05 0.05 0.06 1.66 32.20
75,5,C 0.05 0.05 0.05 0.05 0.05 0.06 0.05 0.05 0.06 0.06 0.05 0.05 0.06 0.05 0.05 0.05 0.05 0.05 0.05 0.05 0.05 0.05 0.06 0.05 0.06 0.05 0.06 0.06 0.05 0.05 0.05 0.06 1.66 32.20
75,6,FLCSS 0.03 0.03 0.04 0.03 0.03 0.03 0.04 0.03 0.03 0.03 0.04 0.04 0.03 0.03 0.04 0.04 0.04 0.03 0.04 0.04 0.03 0.03 0.03 0.03 0.03 0.03 0.03 0.03 0.03 0.03 0.03 0.03 0.97 34.78
75,7,GPPG 0.02 0.02 0.02 0.02 0.02 0.01 0.02 0.02 0.01 0.01 0.02 0.02 0.01 0.02 0.02 0.02 0.03 0.02 0.02 0.04 0.03 0.02 0.01 0.02 0.01 0.03 0.01 0.01 0.02 0.02 0.02 0.01 0.60 33.81
75,8,GSC 0.05 0.05 0.05 0.05 0.05 0.06 0.05 0.05 0.06 0.06 0.05 0.05 0.06 0.05 0.05 0.05 0.05 0.05 0.05 0.05 0.05 0.05 0.06 0.05 0.06 0.05 0.06 0.06 0.05 0.05 0.05 0.06 1.66 32.20
75,9,QPQMS 0.03 0.03 0.04 0.03 0.03 0.03 0.04 0.03 0.03 0.03 0.04 0.04 0.03 0.03 0.04 0.04 0.04 0.03 0.04 0.04 0.03 0.03 0.03 0.03 0.03 0.03 0.03 0.03 0.03 0.03 0.03 0.03 0.97 34.78
75,10,QMS 0.03 0.03 0.04 0.03 0.03 0.03 0.04 0.03 0.03 0.03 0.04 0.04 0.03 0.03 0.04 0.04 0.04 0.03 0.04 0.04 0.03 0.03 0.03 0.03 0.03 0.03 0.03 0.03 0.03 0.03 0.03 0.03 0.97 34.78
75,11,Q 0.02 0.02 0.02 0.02 0.02 0.01 0.02 0.02 0.01 0.01 0.02 0.02 0.01 0.02 0.02 0.02 0.03 0.02 0.02 0.04 0.03 0.02 0.01 0.02 0.01 0.03 0.01 0.01 0.02 0.02 0.02 0.01 0.60 33.81
75,12,PG 0.02 0.02 0.02 0.02 0.02 0.01 0.02 0.02 0.01 0.01 0.02 0.02 0.01 0.02 0.02 0.02 0.03 0.02 0.02 0.04 0.03 0.02 0.01 0.02 0.01 0.03 0.01 0.01 0.02 0.02 0.02 0.01 0.60 33.81
75,13,SLCS 0.03 0.03 0.04 0.03 0.03 0.03 0.04 0.03 0.03 0.03 0.04 0.04 0.03 0.03 0.04 0.04 0.04 0.03 0.04 0.04 0.03 0.03 0.03 0.03 0.03 0.03 0.03 0.03 0.03 0.03 0.03 0.03 0.97 34.78
75,14,FSCC 0.05 0.05 0.05 0.05 0.05 0.06 0.05 0.05 0.06 0.06 0.05 0.05 0.06 0.05 0.05 0.05 0.05 0.05 0.05 0.05 0.05 0.05 0.06 0.05 0.06 0.05 0.06 0.06 0.05 0.05 0.05 0.06 1.66 32.20
75,15,M 0.02 0.02 0.02 0.02 0.02 0.01 0.02 0.02 0.01 0.01 0.02 0.02 0.01 0.02 0.02 0.02 0.03 0.02 0.02 0.04 0.03 0.02 0.01 0.02 0.01 0.03 0.01 0.01 0.02 0.02 0.02 0.01 0.60 33.81
75,16,M/BG 0.02 0.02 0.02 0.02 0.02 0.01 0.02 0.02 0.01 0.01 0.02 0.02 0.01 0.02 0.02 0.02 0.03 0.02 0.02 0.04 0.03 0.02 0.01 0.02 0.01 0.03 0.01 0.01 0.02 0.02 0.02 0.01 0.60 33.81
75,17,WR 0.21 0.21 0.11 0.21 0.21 0.14 0.11 0.21 0.14 0.14 0.11 0.11 0.14 0.21 0.11 0.11 0.19 0.21 0.11 0.09 0.28 0.28 0.14 0.21 0.14 0.28 0.14 0.14 0.28 0.28 0.21 0.14 5.53 29.80
75,18,TS 0.05 0.05 0.05 0.05 0.05 0.06 0.05 0.05 0.06 0.06 0.05 0.05 0.06 0.05 0.05 0.05 0.05 0.05 0.05 0.05 0.05 0.05 0.06 0.05 0.06 0.05 0.06 0.06 0.05 0.05 0.05 0.06 1.66 32.20
75,19,IS 0.02 0.02 0.02 0.02 0.02 0.01 0.02 0.02 0.01 0.01 0.02 0.02 0.01 0.02 0.02 0.02 0.03 0.02 0.02 0.04 0.03 0.02 0.01 0.02 0.01 0.03 0.01 0.01 0.02 0.02 0.02 0.01 0.60 33.81
75,20,LD 0.31 0.31 0.14 0.31 0.31 0.20 0.14 0.31 0.20 0.20 0.14 0.14 0.20 0.31 0.14 0.14 0.56 0.31 0.14 0.28 0.55 0.47 0.20 0.31 0.20 0.55 0.20 0.20 0.47 0.47 0.31 0.20 8.88 31.17
75,21,CD 0.15 0.15 0.09 0.15 0.15 0.11 0.09 0.15 0.11 0.11 0.09 0.09 0.11 0.15 0.09 0.09 0.09 0.15 0.09 0.07 0.14 0.19 0.11 0.15 0.11 0.14 0.11 0.11 0.19 0.19 0.15 0.11 4.02 29.08
75,22,COL 0.10 0.10 0.07 0.10 0.10 0.08 0.07 0.10 0.08 0.08 0.07 0.07 0.08 0.10 0.07 0.07 0.06 0.10 0.07 0.06 0.07 0.09 0.08 0.10 0.08 0.07 0.08 0.08 0.09 0.09 0.10 0.08 2.71 29.07
75,23,SL 0.03 0.03 0.04 0.03 0.03 0.03 0.04 0.03 0.03 0.03 0.04 0.04 0.03 0.03 0.04 0.04 0.04 0.03 0.04 0.04 0.03 0.03 0.03 0.03 0.03 0.03 0.03 0.03 0.03 0.03 0.03 0.03 0.97 34.78
75,24,S 0.05 0.05 0.05 0.05 0.05 0.06 0.05 0.05 0.06 0.06 0.05 0.05 0.06 0.05 0.05 0.05 0.05 0.05 0.05 0.05 0.05 0.05 0.06 0.05 0.06 0.05 0.06 0.06 0.05 0.05 0.05 0.06 1.66 32.20
75,25,GR 0.03 0.03 0.04 0.03 0.03 0.03 0.04 0.03 0.03 0.03 0.04 0.04 0.03 0.03 0.04 0.04 0.04 0.03 0.04 0.04 0.03 0.03 0.03 0.03 0.03 0.03 0.03 0.03 0.03 0.03 0.03 0.03 0.97 34.78
75,26,SSSLC 0.15 0.15 0.09 0.15 0.15 0.11 0.09 0.15 0.11 0.11 0.09 0.09 0.11 0.15 0.09 0.09 0.09 0.15 0.09 0.07 0.14 0.19 0.11 0.15 0.11 0.14 0.11 0.11 0.19 0.19 0.15 0.11 4.02 29.08
75,27,BGD 0.03 0.03 0.04 0.03 0.03 0.03 0.04 0.03 0.03 0.03 0.04 0.04 0.03 0.03 0.04 0.04 0.04 0.03 0.04 0.04 0.03 0.03 0.03 0.03 0.03 0.03 0.03 0.03 0.03 0.03 0.03 0.03 0.97 34.78
75,28,QPQMS 0.03 0.03 0.04 0.03 0.03 0.03 0.04 0.03 0.03 0.03 0.04 0.04 0.03 0.03 0.04 0.04 0.04 0.03 0.04 0.04 0.03 0.03 0.03 0.03 0.03 0.03 0.03 0.03 0.03 0.03 0.03 0.03 0.97 34.78
75,29,SSM 0.10 0.10 0.07 0.10 0.10 0.08 0.07 0.10 0.08 0.08 0.07 0.07 0.08 0.10 0.07 0.07 0.06 0.10 0.07 0.06 0.07 0.09 0.08 0.10 0.08 0.07 0.08 0.08 0.09 0.09 0.10 0.08 2.71 29.07
75,30,SCSCL 0.10 0.10 0.07 0.10 0.10 0.08 0.07 0.10 0.08 0.08 0.07 0.07 0.08 0.10 0.07 0.07 0.06 0.10 0.07 0.06 0.07 0.09 0.08 0.10 0.08 0.07 0.08 0.08 0.09 0.09 0.10 0.08 2.71 29.07
75,31,SCG 0.05 0.05 0.05 0.05 0.05 0.06 0.05 0.05 0.06 0.06 0.05 0.05 0.06 0.05 0.05 0.05 0.05 0.05 0.05 0.05 0.05 0.05 0.06 0.05 0.06 0.05 0.06 0.06 0.05 0.05 0.05 0.06 1.66 32.20
75,32,UG 0.03 0.03 0.04 0.03 0.03 0.03 0.04 0.03 0.03 0.03 0.04 0.04 0.03 0.03 0.04 0.04 0.04 0.03 0.04 0.04 0.03 0.03 0.03 0.03 0.03 0.03 0.03 0.03 0.03 0.03 0.03 0.03 0.97 34.78
75,33,1045.77
75,38,"A/GSCS Arkose/gritty sandstone, clay & shale M 'Migmatite'"
75,39,"A/GSCFS Arkose/gritty sandstone, coal, fireclay & shale M/BG  'Migmatite / Banded gneiss'"
75,40,BGSQ Banded gneiss with enclaves of schistose quartzite WR Weathered Rock
75,41,CSP Conglomerate and sandstone with  Pebbles TS Transported Soil
75,42,C 'Conglomerate' IS Insitu Soil
75,43,LCSS Fossiliferous Limestone and calcareous shale-sand* LD Loose Debris
75,44,GPPG Grey and pink porphyritic granite CD Compacted Debris
75,45,GSC Gritty sandstone alternating with conglomerate COL Colluvium
75,46,QPQMS Quartzite with minor phylite and quartz mica schi* SL Soil and Lithomarge
75,47,QMS 'Quartz mica schist' S Scree
75,48,Q  'Quartzite' GR Granitoid
75,49,"PG 'Porphyritic granite' SSSLC Sandstone, Shale, Siltstone, Limestone-Conglomerate"
75,50,"SLCS Sandstone, limestone and calcareous shale BGD Basltic/Gabroic_Dolerite dykes"
75,51,"SCC  'Feldspathic sandstone, conglomerate & clay' QPQMS Quartzite with minor phylite and quartz mica schi*"
75,52,SSM Sandstone with Shale and Mudstone
75,53,"SCSCL Sandstone, Carb shale with conglomerate/ Limestone"
75,54,Mean Consistency Vector (Mean CV) 32.6803709
75,55,Consistency Index (CI) 0.021262
75,56,Consistency Ratio (CI/RI) 0.014663
76,1,ANNEXURE III – ANALYTICAL HIERARCHY PROCESS (CALCULATIONS)
76,2,(Classes with ‘0’ rating are not included in the pairwise comparison matrix)
76,4,"SCG Sandstone, Clay and grit"
76,5,UG Unclassified gneiss
77,1,ANNEXURE III – ANALYTICAL HIERARCHY PROCESS (CALCULATIONS)
77,2,(Classes with ‘0’ rating are not included in the pairwise comparison matrix)
77,14,PAIRWISE COMPARISON RATING MATRIX OF SLOPE CLASSES
77,16,5 - 10 10-15 15-20 20-25 25-30 30-35 35-40 40-45 >45
77,17,5 - 10 1.00 0.50 0.25 0.17 0.13 0.13 0.14 0.17 0.25
77,18,10 - 15 2.00 1.00 0.33 0.20 0.14 0.14 0.17 0.20 0.33
77,19,15 -20 4.00 3.00 1.00 0.33 0.20 0.20 0.25 0.33 1.00
77,20,20 - 25 6.00 5.00 3.00 1.00 0.33 0.33 0.50 1.00 3.00
77,21,25 -30 8.00 7.00 5.00 3.00 1.00 1.00 2.00 3.00 5.00
77,22,30- 35 8.00 7.00 5.00 3.00 1.00 1.00 2.00 3.00 5.00
77,23,35 - 40 7.00 6.00 4.00 2.00 0.50 0.50 1.00 2.00 4.00
77,24,40 - 45 6.00 5.00 3.00 1.00 0.33 0.33 0.50 1.00 3.00
77,25,>45 4.00 3.00 1.00 0.33 0.20 0.20 0.25 0.33 1.00
77,26,Sum 46.00 37.50 22.58 11.03 3.83 3.83 6.81 11.03 22.58
77,27,"CALCULATION OF EIGENVALUES, FRACTION RATING AND LOFS"
77,29,5 - 10 10-15 15-20 20-25 25-30 30-35 35-40 40-45 >45 Sum rows Rating LOFS
77,30,5 - 10 0.02 0.01 0.01 0.02 0.03 0.03 0.02 0.02 0.01 0.17 0.019289 0.080279
77,31,10 - 15 0.04 0.03 0.01 0.02 0.04 0.04 0.02 0.02 0.01 0.23 0.026101 0.108628
77,32,15 -20 0.09 0.08 0.04 0.03 0.05 0.05 0.04 0.03 0.04 0.46 0.050774 0.211318
77,33,20 - 25 0.13 0.13 0.13 0.09 0.09 0.09 0.07 0.09 0.13 0.96 0.106445 0.443014
77,34,25 -30 0.17 0.19 0.22 0.27 0.26 0.26 0.29 0.27 0.22 2.16 0.240275 1
77,35,30- 35 0.17 0.19 0.22 0.27 0.26 0.26 0.29 0.27 0.22 2.16 0.240275 1
77,36,35 - 40 0.15 0.16 0.18 0.18 0.13 0.13 0.15 0.18 0.18 1.44 0.159622 0.66433
77,37,40 - 45 0.13 0.13 0.13 0.09 0.09 0.09 0.07 0.09 0.13 0.96 0.106445 0.443014
77,38,>45 0.09 0.08 0.04 0.03 0.05 0.05 0.04 0.03 0.04 0.46 0.050774 0.211318
77,40,0.240275
77,42,"CALCULATION OF EIGENVALUES, FRACTION RATING AND LOFS"
77,44,5 - 10 10-15 15-20 20-25 25-30 30-35 35-40 40-45 >45 Sum rows CV
77,45,5 - 10 0.02 0.01 0.01 0.02 0.03 0.03 0.02 0.02 0.01 0.18 9.13
77,46,10 - 15 0.04 0.03 0.02 0.02 0.03 0.03 0.03 0.02 0.02 0.24 9.06
77,47,15 -20 0.08 0.08 0.05 0.04 0.05 0.05 0.04 0.04 0.05 0.46 9.14
77,48,20 - 25 0.12 0.13 0.15 0.11 0.08 0.08 0.08 0.11 0.15 1.00 9.43
77,49,25 -30 0.15 0.18 0.25 0.32 0.24 0.24 0.32 0.32 0.25 2.28 9.50
77,50,30- 35 0.15 0.18 0.25 0.32 0.24 0.24 0.32 0.32 0.25 2.28 9.50
77,51,35 - 40 0.14 0.16 0.20 0.21 0.12 0.12 0.16 0.21 0.20 1.52 9.54
77,52,40 - 45 0.12 0.13 0.15 0.11 0.08 0.08 0.08 0.11 0.15 1.00 9.43
77,53,>45 0.08 0.08 0.05 0.04 0.05 0.05 0.04 0.04 0.05 0.46 9.14
77,55,83.87
77,56,Mean Consistency Vector (Mean CV) 9.318883
77,57,Consistency Index (CI) 0.03986
77,58,Consistency Ratio (CI/RI) 0.02749
78,1,ANNEXURE III – ANALYTICAL HIERARCHY PROCESS (CALCULATIONS)
78,2,(Classes with ‘0’ rating are not included in the pairwise comparison matrix)
78,6,PAIRWISE COMPARISON RATING MATRIX GEOMORPHOLOGY CLASSES
78,8,CF DHS RT OS VF HDS MDS LDS LUL TMS ES CFS PLS PDM
78,9,CF 1.00 0.17 3.00 0.17 3.00 0.33 1.00 2.00 2.00 0.33 0.33 1.00 0.20 3.00
78,10,DHS 6.00 1.00 8.00 1.00 8.00 4.00 6.00 7.00 7.00 4.00 4.00 6.00 2.00 8.00
78,11,RT 0.33 0.13 1.00 0.13 1.00 0.20 0.33 0.50 0.50 0.20 0.20 0.33 0.14 1.00
78,12,OS 6.00 1.00 8.00 1.00 8.00 4.00 6.00 7.00 7.00 4.00 4.00 6.00 2.00 8.00
78,13,VF 0.33 0.13 1.00 0.13 1.00 0.20 0.33 0.50 0.50 0.20 0.20 0.33 0.14 1.00
78,14,HDS 3.00 0.25 5.00 0.25 5.00 1.00 3.00 4.00 4.00 1.00 1.00 3.00 0.33 5.00
78,15,MDS 1.00 0.17 3.00 0.17 3.00 0.33 1.00 2.00 2.00 0.33 0.33 1.00 0.20 3.00
78,16,LDS 0.50 0.14 2.00 0.14 2.00 0.25 0.50 1.00 1.00 0.25 0.25 0.50 0.17 2.00
78,17,LUL 0.50 0.14 2.00 0.14 2.00 0.25 0.50 1.00 1.00 0.25 0.25 0.50 0.17 2.00
78,18,TMS 3.00 0.25 5.00 0.25 5.00 1.00 3.00 4.00 4.00 1.00 1.00 3.00 0.33 5.00
78,19,ES 3.00 0.25 5.00 0.25 5.00 1.00 3.00 4.00 4.00 1.00 1.00 3.00 0.33 5.00
78,20,CFS 1.00 0.17 3.00 0.17 3.00 0.33 1.00 2.00 2.00 0.33 0.33 1.00 0.20 3.00
78,21,PLS 5.00 0.50 7.00 0.50 7.00 3.00 5.00 6.00 6.00 3.00 3.00 5.00 1.00 7.00
78,22,PDM 0.33 0.13 1.00 0.13 1.00 0.20 0.33 0.50 0.50 0.20 0.20 0.33 0.14 1.00
78,23,Sum 31.00 4.41 54.00 4.41 54.00 16.10 31.00 41.50 41.50 16.10 16.10 31.00 7.36 54.00
78,24,"Calculation of Eigen values, fraction rating and LOFS"
78,26,CF DHS RT OS VF HDS MDS LDS LUL TMS ES CFS PLS PDM Sum
78,27,rows
78,28,Frac
78,29,Rating LOFS
78,30,CF 0.03 0.04 0.06 0.04 0.06 0.02 0.03 0.05 0.05 0.02 0.02 0.03 0.03 0.06 0.52 0.037477 0.1852
78,31,DHS 0.19 0.23 0.15 0.23 0.15 0.25 0.19 0.17 0.17 0.25 0.25 0.19 0.27 0.15 2.83 0.202349 1.0000
78,32,RT 0.01 0.03 0.02 0.03 0.02 0.01 0.01 0.01 0.01 0.01 0.01 0.01 0.02 0.02 0.23 0.01609 0.0795
78,33,OS 0.19 0.23 0.15 0.23 0.15 0.25 0.19 0.17 0.17 0.25 0.25 0.19 0.27 0.15 2.83 0.202349 1.0000
78,34,VF 0.01 0.03 0.02 0.03 0.02 0.01 0.01 0.01 0.01 0.01 0.01 0.01 0.02 0.02 0.23 0.01609 0.0795
78,35,HDS 0.10 0.06 0.09 0.06 0.09 0.06 0.10 0.10 0.10 0.06 0.06 0.10 0.05 0.09 1.11 0.078989 0.3904
78,36,MDS 0.03 0.04 0.06 0.04 0.06 0.02 0.03 0.05 0.05 0.02 0.02 0.03 0.03 0.06 0.52 0.037477 0.1852
78,37,LDS 0.02 0.03 0.04 0.03 0.04 0.02 0.02 0.02 0.02 0.02 0.02 0.02 0.02 0.04 0.34 0.024407 0.1206
78,38,LUL 0.02 0.03 0.04 0.03 0.04 0.02 0.02 0.02 0.02 0.02 0.02 0.02 0.02 0.04 0.34 0.024407 0.1206
79,1,ANNEXURE III – ANALYTICAL HIERARCHY PROCESS (CALCULATIONS)
79,2,(Classes with ‘0’ rating are not included in the pairwise comparison matrix)
79,4,TMS 0.10 0.06 0.09 0.06 0.09 0.06 0.10 0.10 0.10 0.06 0.06 0.10 0.05 0.09 1.11 0.078989 0.3904
79,5,ES 0.10 0.06 0.09 0.06 0.09 0.06 0.10 0.10 0.10 0.06 0.06 0.10 0.05 0.09 1.11 0.078989 0.3904
79,6,CFS 0.03 0.04 0.06 0.04 0.06 0.02 0.03 0.05 0.05 0.02 0.02 0.03 0.03 0.06 0.52 0.037477 0.1852
79,7,PLS 0.16 0.11 0.13 0.11 0.13 0.19 0.16 0.14 0.14 0.19 0.19 0.16 0.14 0.13 2.08 0.14882 0.7355
79,8,PDM 0.01 0.03 0.02 0.03 0.02 0.01 0.01 0.01 0.01 0.01 0.01 0.01 0.02 0.02 0.23 0.01609 0.0795
79,10,0.202349 1.0000
79,11,Checking of consistency of pairwise comparison matrix
79,13,CF DHS RT OS VF HDS MDS LDS LUL TMS ES CFS OS PDM Sum
79,14,rows CV
79,15,CF 0.04 0.03 0.05 0.03 0.05 0.03 0.04 0.05 0.05 0.03 0.03 0.04 0.03 0.05 0.53 14.17058
79,16,DHS 0.22 0.20 0.13 0.20 0.13 0.32 0.22 0.17 0.17 0.32 0.32 0.22 0.30 0.13 3.05 15.08603
79,17,RT 0.01 0.03 0.02 0.03 0.02 0.02 0.01 0.01 0.01 0.02 0.02 0.01 0.02 0.02 0.23 14.25684
79,18,OS 0.22 0.20 0.13 0.20 0.13 0.32 0.22 0.17 0.17 0.32 0.32 0.22 0.30 0.13 3.05 15.08603
79,19,VF 0.01 0.03 0.02 0.03 0.02 0.02 0.01 0.01 0.01 0.02 0.02 0.01 0.02 0.02 0.23 14.25684
79,20,HDS 0.11 0.05 0.08 0.05 0.08 0.08 0.11 0.10 0.10 0.08 0.08 0.11 0.05 0.08 1.16 14.70644
79,21,MDS 0.04 0.03 0.05 0.03 0.05 0.03 0.04 0.05 0.05 0.03 0.03 0.04 0.03 0.05 0.53 14.17058
79,22,LDS 0.02 0.03 0.03 0.03 0.03 0.02 0.02 0.02 0.02 0.02 0.02 0.02 0.02 0.03 0.34 14.07119
79,23,LUL 0.02 0.03 0.03 0.03 0.03 0.02 0.02 0.02 0.02 0.02 0.02 0.02 0.02 0.03 0.34 14.07119
79,24,TMS 0.11 0.05 0.08 0.05 0.08 0.08 0.11 0.10 0.10 0.08 0.08 0.11 0.05 0.08 1.16 14.70644
79,25,ES 0.11 0.05 0.08 0.05 0.08 0.08 0.11 0.10 0.10 0.08 0.08 0.11 0.05 0.08 1.16 14.70644
79,26,CFS 0.04 0.03 0.05 0.03 0.05 0.03 0.04 0.05 0.05 0.03 0.03 0.04 0.03 0.05 0.53 14.17058
79,27,OS 0.19 0.10 0.11 0.10 0.11 0.24 0.19 0.15 0.15 0.24 0.24 0.19 0.15 0.11 2.25 15.15253
79,28,PDM 0.01 0.03 0.02 0.03 0.02 0.02 0.01 0.01 0.01 0.02 0.02 0.01 0.02 0.02 0.23 14.25684
79,30,202.8685
79,36,Mean Consistency Vector (Mean CV) 14.49061
79,37,Consistency Index (CI) 0.037739
79,38,Consistency Ratio (CI/RI) 0.025328
79,39,CF
79,41,Colluvial Fan
80,1,ANNEXURE III – ANALYTICAL HIERARCHY PROCESS (CALCULATIONS)
80,2,(Classes with ‘0’ rating are not included in the pairwise comparison matrix)
80,5,DHS DenudationalHIllslope
80,6,RT Ridge Top
80,7,OS Oldslide
80,8,VF Valley Fill
80,9,HDS Highly dissected slope
80,10,MDS Moderately
80,11,LDS Lowly  dissected slope
80,12,LUL Lowly undulating landform
80,13,TMS Transportationalmidslope
80,14,ES Escarpment
80,15,CFS Colluvial Footslope
80,16,PLS Palaeoslide
80,17,PDM Pediment
81,1,ANNEXURE III – ANALYTICAL HIERARCHY PROCESS (CALCULATIONS)
81,2,(Classes with ‘0’ rating are not included in the pairwise comparison matrix)
81,4,PAIRWISE COMPARISON RATING MATRIX GEO-FACTORS
81,6,Curvature Slope Geomorphology LULC Depth SFM
81,7,Curvature 1.00 0.13 0.25 0.14 0.25 0.17
81,8,Slope 8.00 1.00 5.00 2.00 5.00 3.00
81,9,Geomorphology 4.00 0.20 1.00 0.25 1.00 0.33
81,10,LULC 7.00 0.50 4.00 1.00 4.00 2.00
81,11,Depth 4.00 0.20 1.00 0.25 1.00 0.33
81,12,SFM 6.00 0.33 3.00 0.50 3.00 1.00
81,13,Sum 30.00 2.36 14.25 4.14 14.25 6.83
81,15,"CALCULATION OF EIGENVALUES, FRACTION RATING AND INTEGER WEIGHT"
81,17,Curvature Slope Geomorphology LULC Depth SFM
81,18,Sum
81,19,rows Fracwt
81,20,Integer
81,21,Weight
81,22,Curvature 0.03 0.05 0.02 0.03 0.02 0.02 0.18 0.03 1
81,23,Slope 0.27 0.42 0.35 0.48 0.35 0.44 2.31 0.39 13
81,24,Geomorphology 0.13 0.08 0.07 0.06 0.07 0.05 0.47 0.08 3
81,25,LULC 0.23 0.21 0.28 0.24 0.28 0.29 1.54 0.26 9
81,26,Depth 0.13 0.08 0.07 0.06 0.07 0.05 0.47 0.08 3
81,27,SFM 0.20 0.14 0.21 0.12 0.21 0.15 1.03 0.17 6
81,29,0.03 33
81,31,Checking of consistency of pairwise comparison matrix
81,33,Curvature Slope Geomorphology LULC Depth SFM
81,34,Sum
81,35,rows CV
81,36,Curvature 0.03 0.05 0.02 0.04 0.02 0.03 0.18 6.073689
81,37,Slope 0.24 0.39 0.39 0.51 0.39 0.51 2.43 6.309942
81,38,Geomorphology 0.12 0.08 0.08 0.06 0.08 0.06 0.47 6.08965
81,39,LULC 0.21 0.19 0.31 0.26 0.31 0.34 1.63 6.334179
81,40,Depth 0.12 0.08 0.08 0.06 0.08 0.06 0.47 6.08965
81,41,SFM 0.18 0.13 0.23 0.13 0.23 0.17 1.08 6.274096
81,43,37.1712
81,48,Mean Consistency Vector (Mean CV) 6.195201
81,49,Consistency Index (CI) 0.03904
81,50,Consistency Ratio (CI/RI) 0.031484
82,1,ANNEXURE IV – Landslide inventory
82,5,01 Slide No MEG/WKH/78O6/2017-18/01
82,6,02 State MEGHALAYA
82,7,03 District WEST KHASI  HILLS
82,8,04 Toposheet 78O/06
82,9,05 Name of the slide Markasa debris slide
82,10,06 NH_SH_locality 1.5 km East of Markasa NH-44E
82,11,"07 Latitude 25°31'21.78 """
82,12,"08 Longitude 91°26'53.98 """
82,13,09 Length 40
82,14,10 Width 37
82,15,11 Height 25
82,16,12 Area 1480
82,17,13 Depth 1
82,18,14 Volume 1480
82,19,15 Run out distance 0
82,20,16 Type of  Material Debris
82,21,17 Type of movement Slide
82,22,18 Rate of movement Very rapid
82,23,19 Activity Active
82,24,20 Distribution Confined
82,25,21 Style Single
82,26,22 Failure mechanism Deep rotational failure
82,27,23 History 2017
82,28,24 Geomorphology Moderately dissected hills
82,29,25 Geology Granite gneiss
82,30,26 Structure -
82,31,27 Landuse/Landcover Extensive slope cut/ settlement
82,32,28 Hydrological condition Damp
82,33,29 Triggering Factor Rainfall
82,34,30 Death of persons -
82,35,31 People affected -
82,36,32 Live stock loss -
82,37,33 Communication -
82,38,34 InfraStructure -
82,39,35 Agriculture/Forest/Barren
82,40,Sparsely forested
82,41,36 Geo-scientific Causes 1. Highly weathered rock mass. 2.Toe cutting of slope. 3. Prolonged
82,42,antecedent rainfall.
82,43,37 Remedial measures 1. Removal of debris fromnala and proper maintenance of
82,44,nearby culvert 2. Dressing of debris from accumulated
82,45,zone. 3.Construction of retaining wall.
82,46,38 Remarks if any  Loose boulder observed on the adjoining flanks
82,47,39 Photos sketch  of Plan Section
83,1,ANNEXURE IV – Landslide inventory
83,4,Viewing direction: North
83,5,40 Summary/Abstract
83,6,41 pdf
83,7,42 Landslide category I
84,1,ANNEXURE IV – Landslide inventory
84,4,No Field Description
84,5,01 Slide No MEG/WKH/78O6/2017-18/02
84,6,02 State MEGHALAYA
84,7,03 District WEST KHASI  HILLS
84,8,04 Toposheet 78O/06
84,9,05 Name of the slide Khyllem slide
84,10,06 NH_SH_locality NH-44E
84,11,"07 Latitude 25° 31'41.91"""
84,12,"08 Longitude 91°23'44.56"""
84,13,09 Length 25
84,14,10 Width 40
84,15,11 Height 19
84,16,12 Area 1000
84,17,13 Depth 1
84,18,14 Volume 1000
84,19,15 Run out distance -
84,20,16 Type of  Material Debris
84,21,17 Type of movement Slide
84,22,18 Rate of movement very rapid
84,23,19 Activity Active
84,24,20 Distribution Retrogressive
84,25,21 Style Single
84,26,22 Failure mechanism shallow Translational Failure
84,27,23 History 2017
84,28,24 Geomorphology Moderately dissected hills
84,29,25 Geology Granite gneiss/Charnockite
84,30,26 Structure -
84,31,27 LanduseLandcover Extensive slope cut/ settlement
84,32,28 Hydrological condition Dripping
84,33,29 Triggering Factor Anthropogenic
84,34,30 Death of persons Nil
84,35,31 People affected Nil
84,36,32 Live stock loss Nil
84,37,33 Communication Nil
84,38,34 InfraStructure Cracks developed in the house building located in the upslope
84,39,35 Agriculture/Forest/Barren
84,40,-
84,41,36 Geo-scientific Causes 1. Unconsolidated and highly weathered debris material
84,42,on the slope.
84,43,2. Steep cutting of slope.
84,44,37 Remedial measures 1. Removal of the debris from the accumulation portion
84,45,2. Retaining wall with sufficient height and weepholes
84,46,3. Proper lined hillside drainage for the channelling of
84,47,water on the left flanks of slide
84,48,38 Remarks if any Crack observed on building wall and the floor of house
84,49,Reported old slide on upslopes 3-4 decades ago
85,1,ANNEXURE IV – Landslide inventory
85,3,39 Photos sketch  of Plan Section
85,5,Viewing direction: South
85,6,40 Summary/Abstract
85,7,41 pdf
85,8,42 Landslide category I
86,1,ANNEXURE IV – Landslide inventory
86,10,No Field Description
86,11,01 Slide No MEG/WKH/78O6/2017-18/03
86,12,02 State MEGHALAYA
86,13,03 District WEST KHASI  HILLS
86,14,04 Toposheet 78O/06
86,15,"05 Name of the slide Nongspung slide,"
86,16,"06 NH_SH_locality 1.4 km West of Nongspung, NH-44E"
86,17,"07 Latitude 25°32'44.31"""
86,18,"08 Longitude 91°19'31.45"""
86,19,09 Length 20
86,20,10 Width 15
86,21,11 Height 12
86,22,12 Area 300
86,23,13 Depth 1
86,24,14 Volume 300
86,25,15 Run out distance -
86,26,16 Type of  Material Debris
86,27,17 Type of movement Slide
86,28,18 Rate of movement very rapid
86,29,19 Activity Active
86,30,20 Distribution confine
86,31,21 Style Single
86,32,22 Failure mechanism Shallow Translational Failure
86,33,23 History NA
86,34,24 Geomorphology Moderately dissected hills
86,35,25 Geology Granite Gniess
86,36,26 Structure -
86,37,27 LanduseLandcover Extensive slope cut/ settlement
86,38,28 Hydrological condition Dry
86,39,29 Triggering Factor Anthropogenic
86,40,30 Death of persons Nil
86,41,31 People affected Nil
86,42,32 Live stock loss Nil
86,43,33 Communication Nil
86,44,34 InfraStructure Nil
86,45,35 Agriculture/Forest/Barren
86,46,Forested
86,47,36 Geo-scientific Causes 1. Unconsolidated& highly weathered slope forming
86,48,material. 2. Steep slope with thick overburden.
86,49,37 Remedial measures 1. Construction of retaining wall.
87,1,ANNEXURE IV – Landslide inventory
87,3,38 Remarks if any -
87,4,39 Photos sketch  of Plan Section
87,6,Viewing direction: North
87,7,40 Summary/Abstract
87,8,41 pdf
87,9,42 Landslide category I
88,1,ANNEXURE IV – Landslide inventory
88,5,No Field Description
88,6,01 Slide No MEG/WKH/78O6/2017-18/04
88,7,02 State MEGHALAYA
88,8,03 District SOUTH WEST KHASI  HILLS
88,9,04 Toposheet 78O/06
88,10,05 Name of the slide Mawphynsiar slide
88,11,06 NH_SH_locality Rambrai Road
88,12,"07 Latitude 25°36'54.33"""
88,13,"08 Longitude 91°18'35.54"""
88,14,09 Length 10
88,15,10 Width 13
88,16,11 Height 05
88,17,12 Area 130
88,18,13 Depth 1
88,19,14 Volume 130
88,20,15 Run out distance 0
88,21,16 Type of  Material Debris
88,22,17 Type of movement Slide
88,23,18 Rate of movement very rapid
88,24,19 Activity Active
88,25,20 Distribution confine
88,26,21 Style Single
88,27,22 Failure mechanism shallow Translational Failure
88,28,23 History 2017
88,29,24 Geomorphology Moderately dissected hills
88,30,25 Geology Mica biotitegniess
88,31,26 Structure Nil
88,32,27 LanduseLandcover Nil
88,33,28 Hydrological condition Dry
88,34,29 Triggering Factor Rainfall
88,35,30 Death of persons Nil
88,36,31 People affected Nil
88,37,32 Live stock loss Nil
88,38,33 Communication Nil
88,39,34 InfraStructure Nil
88,40,35 Agriculture/Forest/Barren
88,41,Forested
88,42,36 Geo-scientific Causes 1. Steep slope with thick overburden 2. Slope cut or toe
88,43,cutting during road widening.
88,44,37 Remedial measures 1. Retaining wall.
88,45,38 Remarks if any -
89,1,ANNEXURE IV – Landslide inventory
89,3,39 Photos sketch  of Plan Section
89,5,Viewing direction: NE
89,6,40 Summary/Abstract
89,7,41 pdf
89,8,42 Landslide category I
90,1,ANNEXURE IV – Landslide inventory
90,3,No Field Description
90,4,01 Slide No MEG/WKH/78O6/2017-18/05
90,5,02 State MEGHALAYA
90,6,03 District WEST KHASI HILLS
90,7,04 Toposheet 78O/06
90,8,05 Name of the slide Nongstoin PHE slide
90,9,06 NH_SH_locality Nongstoin PHE
90,10,"07 Latitude 25°31'23.1"""
90,11,08 Longitude_Degree 91°16'08.3''
90,13,09 Length 13
90,14,10 Width 10
90,15,11 Height 08
90,16,12 Area 130
90,17,13 Depth 2
90,18,14 Volume 260
90,19,15 Run out distance 50
90,20,16 Type of  Material Soil
90,21,17 Type of movement Flow
90,22,18 Rate of movement Very rapid
90,23,19 Activity Active
90,24,20 Distribution Confine
90,25,21 Style Single
90,26,22 Failure mechanism Shallow Translational Failure
90,27,23 History August 17
90,28,24 Geomorphology Lowly dissected hills
90,29,25 Geology Granite
90,30,26 Structure -
90,31,27 LanduseLandcover Extensive slope cut
90,32,28 Hydrological condition Dry
90,33,29 Triggering Factor Rainfall
90,34,30 Death of persons Nil
90,35,31 People affected Nil
90,36,32 Live stock loss Nil
90,37,33 Communication Nil
90,38,34 InfraStructure Fencing wall in downslope destroyed
90,39,35 Agriculture/Forest/Barren
90,40,-
90,41,36 Geo-scientific Causes 1. Highly weathered slope forming material and thick overburden. 2.
90,42,Sustained discharge of water through domestic sewage pipe on the crown
90,43,area
90,44,37 Remedial measures 1. Remove or drain the water away from the crown or contour draining
90,45,38 Remarks -
91,1,ANNEXURE IV – Landslide inventory
91,3,39 Photos sketch  of Plan
91,4,Section
91,6,Viewing direction: South
91,7,40 Summary/Abstract
91,8,41 pdf
91,9,42 Landslide category I
92,1,ANNEXURE IV – Landslide inventory
92,3,No Field Description
92,4,01 Slide No MEG/WKH/78O6/2017-18/6
92,5,02 State MEGHALAYA
92,6,03 District WEST KHASI HILLS
92,7,04 Toposheet 78O/6
92,8,05 Name of the slide Pyndengrei slide No 1
92,9,06 NH_SH_locality NH-44E Nongstoinby-pass
92,10,"07 Latitude 25°32' 41.7"""
92,11,08 Longitude 91°16'14.6''
92,12,09 Length 20
92,13,10 Width 25
92,14,11 Height 17
92,15,12 Area 500
92,16,13 Depth 1
92,17,14 Volume 500
92,18,15 Run out distance 0
92,19,16 Type of  Material Debris
92,20,17 Type of movement Slide
92,21,18 Rate of movement Very rapid
92,22,19 Activity Active
92,23,20 Distribution Widening
92,24,21 Style Single
92,25,22 Failure mechanism Shallow Translational Failure
92,26,23 History NA
92,27,24 Geomorphology Lowly dissected hills
92,28,25 Geology Granite
92,29,26 Structure -
92,30,27 LanduseLandcover Extensive slope cut
92,31,28 Hydrological condition Dry
92,32,29 Triggering Factor Rainfall
92,33,30 Death of persons Nil
92,34,31 People affected Nil
92,35,32 Live stock loss Nil
92,36,33 Communication Nil
92,37,34 InfraStructure Nil
92,38,35 Agriculture/Forest/Barren
92,39,Forested
92,40,36 Geo-scientific Causes 1. Steep slopes with thick soil and assorted debris and
92,41,37 Remedial measures 1. Removal of debris and construction hill side drainage.
92,42,"38 Remarks, if any ."
93,1,ANNEXURE IV – Landslide inventory
93,3,39 Photos sketch  of Plan
93,4,Section
93,6,Viewing direction: SE
93,7,40 Summary/Abstract
93,8,41 Pdf
93,9,42 Landslide category I
94,1,ANNEXURE IV – Landslide inventory
94,5,No Field Description
94,6,01 Slide No MEG/WKH/78O6/2017-18/7
94,7,02 State MEGHALAYA
94,8,03 District WEST KHASIHILLS
94,9,04 Toposheet 78O/06
94,10,05 Name of the slide Pyndengrei slide No 2
94,11,06 NH_SH_locality NH-44E Nongstoin bypass
94,12,"07 Latitude 25°32'42.22"""
94,13,08 Longitude 91°16'11.2''
94,14,09 Length 22
94,15,10 Width 20
94,16,11 Height 18
94,17,12 Area 440
94,18,13 Depth 4
94,19,14 Volume 1760
94,20,15 Run out distance -
94,21,16 Type of  Material Debris
94,22,17 Type of movement Slide
94,23,18 Rate of movement Very rapid
94,24,19 Activity Active
94,25,20 Distribution Retrogressive
94,26,21 Style Single
94,27,22 Failure mechanism Shallow Translational Failure
94,28,23 History 2016
94,29,24 Geomorphology Lowly dissected hills
94,30,25 Geology Granite
94,31,26 Structure NA
94,32,27 LanduseLandcover Extensive slope cut
94,33,28 Hydrological condition Dry
94,34,29 Triggering Factor Rainfall
94,35,30 Death of persons Nil
94,36,31 People affected Nil
94,37,32 Live stock loss Nil
94,38,33 Communication Nil
94,39,34 InfraStructure Nil
94,40,35 Agriculture/Forest/Barren
94,41,Forested
94,42,36 Geo-scientific Causes 1. Weathered rock mass. 2. Thick overburden. 3. Steep slope.
94,43,37 Remedial measures 1. Clearing of debris from the accumulated zone. 2. Retaining wall
94,44,construction at the toe.
94,45,"38 Remarks, if any -"
95,1,ANNEXURE IV – Landslide inventory
95,3,39 Photos sketch  of Plan Section
95,5,Viewing direction: SE
95,6,40 Summary/Abstract
95,7,41 pdf
95,8,42 Landslide category I
96,1,ANNEXURE IV – Landslide inventory
96,8,No Field Description
96,9,01 Slide No MEG/WKH/78O6/2017-18/8
96,10,02 State MEGHALAYA
96,11,03 District WESTKHASIHILLS
96,12,04 Toposheet 78O/06
96,13,05 Name of the slide Pyndengrei slide No 3
96,14,06 NH_SH_locality NH-44E Nongstoin bypass
96,15,"07 Latitude_Degree 25°32'41.66"""
96,16,"08 Longitude_Degree 91°16'6.87"""
96,17,09 Length 15
96,18,10 Width 12
96,19,11 Height 12
96,20,12 Area 180
96,21,13 Depth 3
96,22,14 Volume 450
96,23,15 Run out distance -
96,24,16 Type of  Material Debris
96,25,17 Type of movement Slide
96,26,18 Rate of movement Very rapid
96,27,19 Activity Active
96,28,20 Distribution confine
96,29,21 Style Single
96,30,22 Failure mechanism Shallow Translational Failure
96,31,23 History
96,32,24 Geomorphology Lowly dissected hills
96,33,25 Geology Granite
96,34,26 Structure -
96,35,27 LanduseLandcover Thick vegetation
96,36,28 Hydrological condition Dry
96,37,29 Triggering Factor Rainfall
96,38,30 Death of persons Nil
96,39,31 People affected Nil
96,40,32 Live stock loss Nil
96,41,33 Communication Nil
96,42,34 InfraStructure Nil
96,43,35 Agriculture/Forest/Barren
96,44,Forested
96,45,36 Geo-scientific Causes 1. Steep slope coupled with highly weathered rockmass
96,46,37 Remedial measures 1. Retaining wall construction at the toe
96,47,38 Remarks if any -
97,1,ANNEXURE IV – Landslide inventory
97,3,39 Photos sketch  of Plan
97,4,Section
97,6,Viewing direction: SE
97,7,40 Summary/Abstract
97,8,41 pdf
97,9,42 Landslide category I
98,1,ANNEXURE IV – Landslide inventory
98,3,No Field Description
98,4,01 Slide No MEG/WKH/78O6/2017-18/9
98,5,02 State MEGHALAYA
98,6,03 District WEST KHASI  HILLS
98,7,04 Toposheet 78O/06
98,8,05 Name of the slide Siejlieh slide no. 1
98,9,06 NH_SH_locality NH-44E Nongstoin bypass
98,10,"07 Latitude_Degree 25°33'0.44"""
98,11,"08 Longitude_Degree 91°15'1.03"""
98,12,09 Length 10
98,13,10 Width 12
98,14,11 Height 07
98,15,12 Area 120
98,16,13 Depth 4
98,17,14 Volume 480
98,18,15 Run out distance 0
98,19,16 Type of  Material Debris
98,20,17 Type of movement Slide
98,21,18 Rate of movement Very rapid
98,22,19 Activity Suspended
98,23,20 Distribution Widening
98,24,21 Style Single
98,25,22 Failure mechanism Shallow Translational Failure
98,26,23 History 2016
98,27,24 Geomorphology Lowly dissected hills
98,28,25 Geology Granite
98,29,26 Structure NA
98,30,27 LanduseLandcover Thick vegetation
98,31,28 Hydrological condition Dry
98,32,29 Triggering Factor Rainfall
98,33,30 Death of persons Nil
98,34,31 People affected Nil
98,35,32 Live stock loss Nil
98,36,33 Communication Nil
98,37,34 InfraStructure Nil
98,38,35 Agriculture/Forest/Barren
98,39,Forested
98,40,36 Geo-scientific Causes 1. Highly weathered rockmass.2. Thick overburden in the crown area. 3.
98,41,Steepening of slope by road cutting.
98,42,37 Remedial measures 1. Removal of debris from the slide zone and proper maintenance of drain.
98,43,38 Remarks if any -
99,1,ANNEXURE IV – Landslide inventory
99,3,39 Photos sketch  of Plan
99,4,Section
99,6,Viewing direction: SE
99,7,40 Summary/Abstract
99,8,41 Pdf
99,9,42 Landslide category I
100,1,ANNEXURE IV – Landslide inventory
100,3,No Field Description
100,4,01 Slide No MEG/WKH/78O6/2017-18/10
100,5,02 State MEGHALAYA
100,6,03 District WESTKHASI HILLS
100,7,04 Toposheet 78O/06
100,8,05 Name of the slide Siejlieh slide no. 2
100,9,06 NH_SH_locality NH-44E Nongstoin bypass
100,10,"07 Latitude_Degree 25°32'41.6"""
100,11,08 Longitude_Degree 91°15'49.4''
100,12,09 Length 16
100,13,10 Width 18
100,14,11 Height 14
100,15,12 Area 288
100,16,13 Depth 3.5
100,17,14 Volume 1008
100,18,15 Run out distance -
100,19,16 Type of  Material Debris
100,20,17 Type of movement Slide
100,21,18 Rate of movement Very rapid
100,22,19 Activity Active
100,23,20 Distribution Confined
100,24,21 Style Single
100,25,22 Failure mechanism Shallow Translational Failure
100,26,23 History NA
100,27,24 Geomorphology Lowly dissected hills
100,28,25 Geology Granite
100,29,26 Structure -
100,30,27 LanduseLandcover Broom plantation
100,31,28 Hydrological condition Damp
100,32,29 Triggering Factor Rainfall
100,33,30 Death of persons Nil
100,34,31 People affected Nil
100,35,32 Live stock loss Nil
100,36,33 Communication Nil
100,37,34 InfraStructure Nil
100,38,35 Agriculture/Forest/Barren
100,39,Forested
100,40,36 Geo-scientific Causes 1. Highly weathered rockmass. 2. Thick overburden
100,41,37 Remedial measures 1. Retaining wall.
100,42,38 Remarks if any -
101,1,ANNEXURE IV – Landslide inventory
101,3,39 Photos sketch  of Plan Section
101,5,Viewing direction: SE
101,6,40 Summary/Abstract
101,7,41 Pdf
101,8,Landslide category I
102,1,ANNEXURE IV – Landslide inventory
102,3,No Field Description
102,4,01 Slide No MEG/WKH/78O6/2017-18/11
102,5,02 State MEGHALAYA
102,6,03 District WEST KHASI HILLS
102,7,04 Toposheet 78O/06
102,8,05 Name of the slide Pyndengrei slide no. 4
102,9,06 NH_SH_locality NH-44E Nongstoin by-pass
102,10,"07 Latitude_Degree 25°32'42.74"""
102,11,"08 Longitude_Degree 91°16'34.12"""
102,12,09 Length 18
102,13,10 Width 12
102,14,11 Height 16
102,15,12 Area 216
102,16,13 Depth 3
102,17,14 Volume 648
102,18,15 Run out distance 0
102,19,16 Type of  Material Debris
102,20,17 Type of movement Slide
102,21,18 Rate of movement Very rapid
102,22,19 Activity Acitve
102,23,20 Distribution confine
102,24,21 Style Single
102,25,22 Failure mechanism Shallow Translational Failure
102,26,23 History NA
102,27,24 Geomorphology Lowly dissected hills
102,28,25 Geology Granite
102,29,26 Structure NA
102,30,27 LanduseLandcover Extensive slope cut
102,31,28 Hydrological condition Dry
102,32,29 Triggering Factor Rainfall
102,33,30 Death of persons Nil
102,34,31 People affected Nil
102,35,32 Live stock loss Nil
102,36,33 Communication Nil
102,37,34 InfraStructure Nil
102,38,35 Agriculture/Forest/Barren
102,39,Forested
102,40,36 Geo-scientific Causes 1. Steep slope coupled with thick overburden and highly weathered rockmass.
102,41,37 Remedial measures 1. Removal of assorted boulders from the slide zone and construction of lined
102,42,hillside drainage.
102,43,38 Remarks if any -
103,1,ANNEXURE IV – Landslide inventory
103,3,39 Photos sketch  of Plan
103,4,Section
103,6,Viewing direction: South
103,7,40 Summary/Abstract
103,8,41 pdf
103,9,42 Landslide category I
104,1,ANNEXURE IV – Landslide inventory
104,3,No Field Description
104,4,01 Slide No MEG/WKH/78O6/2017-18/12
104,5,02 State MEGHALAYA
104,6,03 District WEST KHASI HILLS
104,7,04 Toposheet 78O/06
104,8,05 Name of the slide ≃ 4.1 km E of  Pdengshakap
104,9,06 NH_SH_locality Laremshiap road
104,10,"07 Latitude 25°32'41.77"""
104,11,"08 Longitude 91°16'3.62"""
104,12,09 Length 15
104,13,10 Width 12
104,14,11 Height 10
104,15,12 Area 180
104,16,13 Depth 3
104,17,14 Volume 540
104,18,15 Run out distance 0
104,19,16 Type of  Material Rock
104,20,17 Type of movement Slide
104,21,18 Rate of movement Very rapid
104,22,19 Activity Active
104,23,20 Distribution Confined
104,24,21 Style Single
104,25,22 Failure mechanism Shallow Translational Failure
104,26,23 History NA
104,27,24 Geomorphology Lowly dissected hills
104,28,25 Geology Granite
104,29,26 Structure NA
104,30,27 LanduseLandcover Sparse vegetation
104,31,28 Hydrological condition Dry
104,32,29 Triggering Factor Rainfall
104,33,30 Death of persons Nil
104,34,31 People affected Nil
104,35,32 Live stock loss Nil
104,36,33 Communication Nil
104,37,34 InfraStructure Nil
104,38,35 Agriculture/Forest/Barren
104,39,Forested
104,40,36 Geo-scientific Causes 1. Toe erosion by nala. 2. Jointed and weathered rock mass.
104,41,37 Remedial measures 1. Clearing of debris from the culvert.
104,42,38 Remarks if any -
105,1,ANNEXURE IV – Landslide inventory
105,3,39 Photos sketch  of Plan Section
105,5,Viewing direction: South
105,6,40 Summary/Abstract
105,7,41 pdf
105,8,42 Landslide category I
106,1,ANNEXURE IV – Landslide inventory
106,3,No Field Description
106,4,01 Slide No MEG/WKH/78O6/2017-18/13
106,5,02 State MEGHALAYA
106,6,03 District WEST KHASI HILLS
106,7,04 Toposheet 78O/06
106,8,05 Name of the slide NH-44E by-pass slide
106,9,06 NH_SH_locality NH-44E Nongstoin by-pass
106,10,"07 Latitude 25°32'45.38"""
106,11,"08 Longitude 91°17'3.42"""
106,12,09 Length 25
106,13,10 Width 50
106,14,11 Height 20
106,15,12 Area 1250
106,16,13 Depth 4
106,17,14 Volume 5000
106,18,15 Run out distance NA
106,19,16 Type of  Material Debris
106,20,17 Type of movement Slide
106,21,18 Rate of movement Very rapid
106,22,19 Activity Active
106,23,20 Distribution widening
106,24,21 Style Single
106,25,22 Failure mechanism Shallow Translational Failure
106,26,23 History 2016
106,27,24 Geomorphology Lowly dissected hills
106,28,25 Geology Granite
106,29,26 Structure NA
106,30,27 LanduseLandcover Extensive slope cut
106,31,28 Hydrological condition wet
106,32,29 Triggering Factor Rainfall
106,33,30 Death of persons Nil
106,34,31 People affected Nil
106,35,32 Live stock loss Nil
106,36,33 Communication Nil
106,37,34 InfraStructure Nil
106,38,35 Agriculture/Forest/Barren
106,39,-
106,40,36 Geo-scientific Causes 1. Thick overburden. 2. Weathered rockmass.
106,41,37 Remedial measures 1. Propermaintenance of hillside drainage. 2. Distribution of accumulated
106,42,mass at the foot of the slide. 3. Removal of loose boulders from upslope.
106,43,38 Remarks if any -
107,1,ANNEXURE IV – Landslide inventory
107,3,39 Photos sketch  of Plan Section
107,5,Viewing direction: SE
107,6,40 Summary/Abstract
107,7,41 Pdf
107,8,42 Landslide category I
108,1,ANNEXURE IV – Landslide inventory
108,3,No Field Description
108,4,01 Slide No MEG/WKH/78O6/2017-18/14
108,5,02 State MEGHALAYA
108,6,03 District WEST KHASI  HILLS
108,7,04 Toposheet 78O/06
108,8,05 Name of the slide Pyndengrei slide no 5
108,9,06 NH_SH_locality NH-44E Nongstoin by-pass
108,10,"07 Latitude 25°32'52.32"""
108,11,"08 Longitude 91°17'33.32"""
108,12,09 Length 15
108,13,10 Width 12
108,14,11 Height 12
108,15,12 Area 180
108,16,13 Depth 1
108,17,14 Volume 180
108,18,15 Run out distance 0
108,19,16 Type of  Material Debris
108,20,17 Type of movement Slide
108,21,18 Rate of movement very rapid
108,22,19 Activity Active
108,23,20 Distribution Confined
108,24,21 Style Single
108,25,22 Failure mechanism Shallow Translational Failure
108,26,23 History NA
108,27,24 Geomorphology Moderately dissected hills
108,28,25 Geology Granite
108,29,26 Structure NA
108,30,27 LanduseLandcover Extensive slope cut/ settlement
108,31,28 Hydrological condition Dry
108,32,29 Triggering Factor Rainfall
108,33,30 Death of persons Nil
108,34,31 People affected Nil
108,35,32 Live stock loss Nil
108,36,33 Communication Nil
108,37,34 InfraStructure Nil
108,38,35 Agriculture/Forest/Barren
108,39,-
108,40,36 Geo-scientific Causes 1. Highly weathered and disjointed rockmass. 2. Thick
108,41,overburden in the crown area. 3. Steepening of slope by
108,42,road cutting.
108,43,37 Remedial measures 1. Removal of debris from the slide zone and proper
108,44,maintenance of drain.
108,45,38 Remarks if any -
109,1,ANNEXURE IV – Landslide inventory
109,3,39 Photos sketch  of Plan Section
109,5,Viewing direction: SE
109,6,40 Summary/Abstract
109,7,41 pdf
109,8,42 Landslide category I
110,1,ANNEXURE IV – Landslide inventory
110,3,No Field Description
110,4,01 Slide No MEG/WKH/78O6/2017-18/15
110,5,02 State MEGHALAYA
110,6,03 District WEST KHASI  HILLS
110,7,04 Toposheet 78O/06
110,8,05 Name of the slide Pyndengrei slide no 6
110,9,06 NH_SH_locality NH-44E Nongstoin by-pass
110,10,"07 Latitude 25°32'59.50"""
110,11,"08 Longitude 91°17'44.54"""
110,12,09 Length 18
110,13,10 Width 35
110,14,11 Height 15
110,15,12 Area 630
110,16,13 Depth 1
110,17,14 Volume 630
110,18,15 Run out distance 0
110,19,16 Type of  Material Debris
110,20,17 Type of movement Slide
110,21,18 Rate of movement Very rapid
110,22,19 Activity Active
110,23,20 Distribution Widening
110,24,21 Style Multiple
110,25,22 Failure mechanism Shallow Translational Failure
110,26,23 History NA
110,27,24 Geomorphology Moderately dissected hills
110,28,25 Geology Granite
110,29,26 Structure NA
110,30,27 Landuse/Landcover Extensive slope cut/ settlement
110,31,28 Hydrological condition Dripping
110,32,29 Triggering Factor Rainfall
110,33,30 Death of persons Nil
110,34,31 People affected Nil
110,35,32 Live stock loss Nil
110,36,33 Communication Nil
110,37,34 InfraStructure Nil
110,38,35 Agriculture/Forest/Barren
110,39,Sparsely
110,40,36 Geo-scientific Causes 1. Highly weathered rock mass. 2. Thick overburden.3.
110,41,Steepening of slope by road widening.
110,42,37 Remedial measures 1. Channeling of household sewage water away from the
110,43,crown area
110,44,2. Clearing of debris from the nala and construction of
110,45,retaining wall with sufficient height
110,46,38 Remarks if any -
111,1,ANNEXURE IV – Landslide inventory
111,3,39 Photos sketch  of Plan Section
111,5,Viewing direction: North
111,6,40 Summary/Abstract
111,7,41 pdf
111,8,42 Landslide category I
112,1,ANNEXURE IV – Landslide inventory
112,3,No Field Description
112,4,01 Slide No MEG/WKH/78O6/2017-18/16
112,5,02 State MEGHALAYA
112,6,03 District SOUTH WEST KHASI  HILLS
112,7,04 Toposheet 78O/06
112,8,05 Name of the slide Pyndengrei slide no 7
112,9,06 NH_SH_locality NH-44E Nongstoin by-pass
112,10,"07 Latitude 25° 33'04.5"""
112,11,"08 Longitude 91°17'49.4"""
112,12,09 Length 15
112,13,10 Width 10
112,14,11 Height 15
112,15,12 Area 150
112,16,13 Depth 1
112,17,14 Volume 150
112,18,15 Run out distance NA
112,19,16 Type of  Material Rock
112,20,17 Type of movement Slide
112,21,18 Rate of movement Very rapid
112,22,19 Activity Active
112,23,20 Distribution Confined
112,24,21 Style Single
112,25,22 Failure mechanism shallow Translational Failure
112,26,23 History
112,27,24 Geomorphology Moderately dissected hills
112,28,25 Geology Granite
112,29,26 Structure -
112,30,27 LanduseLandcover Extensive slope cut/ settlement
112,31,28 Hydrological condition Dry
112,32,29 Triggering Factor Rainfall
112,33,30 Death of persons Nil
112,34,31 People affected Nil
112,35,32 Live stock loss Nil
112,36,33 Communication Nil
112,37,34 InfraStructure Nil
112,38,35 Agriculture/Forest/Barren
112,39,Barren
112,40,36 Geo-scientific Causes 1. Intersection of two prominent set of discontinuities. 2.
112,41,Steepening of slope by road widening.
112,42,37 Remedial measures 1. Removal of overhangs 2. Clearing of debris.
112,43,38 Remarks if any -
113,1,ANNEXURE IV – Landslide inventory
113,3,39 Photos sketch  of Plan Section
113,5,Viewing direction: SE
113,6,40 Summary/Abstract
113,7,41 pdf
113,8,42 Landslide category I
114,1,ANNEXURE IV – Landslide inventory
114,3,No Field Description
114,4,01 Slide No MEG/WKH/78O6/2017-18/17
114,5,02 State MEGHALAYA
114,6,03 District WEST KHASIHILLS
114,7,04 Toposheet 78O/6
114,8,05 Name of the slide Pyndengrei Metrology slide
114,9,"06 NH_SH_locality Pyndengrei, Nongstoin"
114,10,"07 Latitude_Degree 25°31'40.01"""
114,11,"08 Longitude_Degree 91°15'47.57"""
114,12,09 Length 13m
114,13,10 Width 13
114,14,11 Height 11
114,15,12 Area 169
114,16,13 Depth 1
114,17,14 Volume 169
114,18,15 Run out distance 0
114,19,16 Type of  Material Debris
114,20,17 Type of movement Slide
114,21,18 Rate of movement Very rapid
114,22,19 Activity Suspended
114,23,20 Distribution Confined
114,24,21 Style Single
114,25,22 Failure mechanism Shallow Translational Failure
114,26,23 History 2017
114,27,24 Geomorphology Lowly dissected hills
114,28,25 Geology Granite gniess
114,29,26 Structure NA
114,30,27 LanduseLandcover Moderate Vegetation
114,31,28 Hydrological condition Damp
114,32,29 Triggering Factor Rainfall
114,33,30 Death of persons Nil
114,34,31 People affected Nil
114,35,32 Live stock loss Nil
114,36,33 Communication Nil
114,37,34 Infrastructure Store hut.
114,38,35 Agriculture/Forest/Barre
114,39,n Settlement  area
114,40,36 Geo-scientific Causes 1. Steep slope coupled with thick soil 2. Sustained discharged of water in
114,41,the crown area by Metrology office drain. 3. Prolonged antecedent
114,42,rainfall.
114,43,37 Remedial measures 1. Construction of retaining wall.
114,44,2. Channeling of water away from the crown area
114,45,"38 Remarks, if any"
115,1,ANNEXURE IV – Landslide inventory
115,3,39 Photos sketch  of Plan
115,4,Section
115,6,Viewing direction:NW
115,7,40 Summary/Abstract
115,8,41 Pdf
115,9,42 Landslide Category I
116,1,ANNEXURE IV – Landslide inventory
116,3,No Field Description
116,4,01 Slide No MEG/WKH/78O6/2017-18/18
116,5,02 State MEGHALAYA
116,6,03 District WEST KHASI HILLS
116,7,04 Toposheet 78O/06
116,8,05 Name of the slide Myriaw slide
116,9,06 NH_SH_locality Myriaw village
116,10,"07 Latitude_Degree 25°35'13.6"""
116,12,08 Longitude_Degree 91°29'54.8''
116,13,09 Length 22
116,14,10 Width 20
116,15,11 Height 17
116,16,12 Area 440
116,17,13 Depth 4
116,18,14 Volume 1760
116,19,15 Run out distance 0
116,20,16 Type of  Material Debris
116,21,17 Type of movement Slide
116,22,18 Rate of movement Very rapid
116,23,19 Activity Active
116,24,20 Distribution Confined
116,25,21 Style Single
116,26,22 Failure mechanism Shallow Translational Failure
116,27,23 History 2017
116,28,24 Geomorphology Lowly dissected hills
116,29,25 Geology Granite
116,30,26 Structure NA
116,31,27 LanduseLandcover Settlement
116,32,28 Hydrological condition Dry
116,33,29 Triggering Factor Rainfall
116,34,30 Death of persons Nil
116,35,31 People affected Nil
116,36,32 Live stock loss Nil
116,37,33 Communication Nil
116,38,34 InfraStructure House at risk near the crown.
116,39,35 Agriculture/Forest/Barren
116,40,Forested
116,41,36 Geo-scientific Causes 1. Steep slope with assorted boulders and insitu soil. 2. Matrix material
116,42,between boulders washed off.
116,43,37 Remedial measures 1. Avoid discharge of water at the crown area.
116,44,38 Remarks if any 1. Old scarp observed on the left flank of the slide. 2. Old scarp area my
116,45,retrograde.
117,1,ANNEXURE IV – Landslide inventory
117,3,39 Photos sketch  of Plan Section
117,5,Viewing direction: East
117,6,40 Summary/Abstract
117,7,41 pdf
117,8,42 Landslide category I
118,1,ANNEXURE IV – Landslide inventory
118,3,No Field Description
118,4,01 Slide No MEG/WKH/78O6/2017-18/19
118,5,02 State MEGHALAYA
118,6,03 District SOUTH WEST KHASI  HILLS
118,7,04 Toposheet 78O/06
118,8,05 Name of the slide Domkseh slide
118,9,06 NH_SH_locality Domkseh road
118,10,"07 Latitude 25°31'31.92"""
118,11,"08 Longitude 91°28'3.66"""
118,12,09 Length 20
118,13,10 Width 22
118,14,11 Height 15
118,15,12 Area 440
118,16,13 Depth 1
118,17,14 Volume 440
118,18,15 Run out distance 0
118,19,16 Type of  Material Debris
118,20,17 Type of movement Slide
118,21,18 Rate of movement Very rapid
118,22,19 Activity Active
118,23,20 Distribution Confined
118,24,21 Style Single
118,25,22 Failure mechanism Shallow Translational Failure
118,26,23 History
118,27,24 Geomorphology Moderately dissected hills
118,28,25 Geology Granite
118,29,26 Structure NA
118,30,27 LanduseLandcover Extensive slope cut/ settlement
118,31,28 Hydrological condition Dry
118,32,29 Triggering Factor Rainfall
118,33,30 Death of persons Nil
118,34,31 People affected Nil
118,35,32 Live stock loss Nil
118,36,33 Communication Nil
118,37,34 InfraStructure Nil
118,38,35 Agriculture/Forest/Barren
118,39,Forested
118,40,36 Geo-scientific Causes 1. Assorted boulders with insitu soil material. 2. Toe
118,41,cutting by drainage.
118,42,37 Remedial measures 1.  Clearing of debris from the nala 2. Retaining wall with
118,43,proper hillside drainage.
118,44,38 Remarks if any -
119,1,ANNEXURE IV – Landslide inventory
119,3,39 Photos sketch  of Plan Section
119,5,Viewing direction: SE
119,6,40 Summary/Abstract
119,7,41 pdf
119,8,42 Landslide category I
120,1,ANNEXURE IV – Landslide inventory
120,3,No Field Description
120,4,01 Slide No MEG/WKH/78O6/2017-18/20
120,5,02 State MEGHALAYA
120,6,03 District SOUTH WEST KHASI  HILLS
120,7,04 Toposheet 78O/06
120,8,05 Name of the slide Nongstoin taxi stand slide
120,9,06 NH_SH_locality NH-44E
120,10,"07 Latitude 25° 31'10.4 """
120,11,"08 Longitude 91°15'59.2"""
120,12,09 Length 10
120,13,10 Width 19
120,14,11 Height 10
120,15,12 Area 190
120,16,13 Depth 1
120,17,14 Volume 190
120,18,15 Run out distance -
120,19,16 Type of  Material Debris
120,20,17 Type of movement Slide
120,21,18 Rate of movement Very rapid
120,22,19 Activity Active
120,23,20 Distribution Advancing
120,24,21 Style Single
120,25,22 Failure mechanism Shallow Translational Failure
120,26,23 History
120,27,24 Geomorphology Moderately dissected hills
120,28,25 Geology Granite
120,29,26 Structure NA
120,30,27 LanduseLandcover Extensive slope cut/ settlement
120,31,28 Hydrological condition Flowing(spring)
120,32,29 Triggering Factor Rainfall
120,33,30 Death of persons Nil
120,34,31 People affected Nil
120,35,32 Live stock loss Nil
120,36,33 Communication Nil
120,37,34 InfraStructure Nil
120,38,35 Agriculture/Forest/Barren
120,39,Barren
120,40,36 Geo-scientific Causes 1. Steepening of slope by road cut. 2. Weathered material
120,41,and thick soil.
120,42,37 Remedial measures  1. Retaining wall with sufficient height and weep hole.
120,43,38 Remarks if any -
121,1,ANNEXURE IV – Landslide inventory
121,3,39 Photos sketch  of Plan Section
121,5,Viewing direction: NW
121,6,40 Summary/Abstract
121,7,41 pdf
121,8,42 Landslide category I
122,1,ANNEXURE IV – Landslide inventory
122,3,No Field Description
122,4,01 Slide No MEG/WKH/78O6/2017-18/21
122,5,02 State MEGHALAYA
122,6,03 District SOUTH WEST KHASI HILLS
122,7,04 Toposheet 78O/06
122,8,05 Name of the slide Nongspung natural slide
122,9,06 NH_SH_locality NE of Nongspung
122,10,"07 Latitude 25°32'59.86"""
122,11,"08 Longitude 91°20'28.23"""
122,12,09 Length 30
122,13,10 Width 35
122,14,11 Height 21
122,15,12 Area 1050
122,16,13 Depth 0.5
122,17,14 Volume 11025
122,18,15 Run out distance 0
122,19,16 Type of  Material Debris
122,20,17 Type of movement Slide
122,21,18 Rate of movement very rapid
122,22,19 Activity Active
122,23,20 Distribution Confined
122,24,21 Style Single
122,25,22 Failure mechanism Shallow Translational Failure
122,26,23 History 2017
122,27,24 Geomorphology Moderately  dissected hills
122,28,25 Geology Granite
122,29,26 Structure -
122,30,27 LanduseLandcover Moderately dissected slope
122,31,28 Hydrological condition dry
122,32,29 Triggering Factor Rainfall
122,33,30 Death of persons Nil
122,34,31 People affected Nil
122,35,32 Live stock loss Nil
122,36,33 Communication Nil
122,37,34 InfraStructure Nil
122,38,35 Agriculture/Forest/Barren
122,39,Forested
122,40,36 Geo-scientific Causes 1.  Weakand loose slope forming material which leads to
122,41,reduce in the shear strength.
122,42,37 Remedial measures 2. Afforestation.
122,43,38 Remarks -
123,1,ANNEXURE IV – Landslide inventory
123,3,39 Photos sketch  of Plan Section
123,5,Viewing direction: NW
123,6,40 Summary/Abstract
123,7,41 pdf
123,8,42 Landslide category I
124,1,ANNEXURE IV – Landslide inventory
124,3,No Field Description
124,4,01 Slide No MEG/WKH/78O7/2017-18/22
124,5,02 State MEGHALAYA
124,6,03 District SOUTH WEST KHASI HILLS
124,7,04 Toposheet 78O/07
124,8,05 Name of the slide Mawpud village
124,9,06 NH_SH_locality Mawpud village
124,10,"07 Latitude 25°16'0.98"""
124,11,"08 Longitude 91°22'59.55"""
124,12,09 Length 20
124,13,10 Width 10
124,14,11 Height 15
124,15,12 Area 3000
124,16,13 Depth 1
124,17,14 Volume 3000
124,18,15 Run out distance 20
124,19,16 Type of  Material Debris
124,20,17 Type of movement Slide
124,21,18 Rate of movement Very rapid
124,22,19 Activity Active
124,23,20 Distribution Confined
124,24,21 Style Single
124,25,22 Failure mechanism Shallow Translational Failure
124,26,23 History 2017
124,27,24 Geomorphology Moderately  dissected hills
124,28,25 Geology Granite
124,29,26 Structure NA
124,30,27 LanduseLandcover Settlement
124,31,28 Hydrological condition Dry
124,32,29 Triggering Factor Rainfall
124,33,30 Death of persons Nil
124,34,31 People affected 5
124,35,32 Live stock loss Nil
124,36,33 Communication Nil
124,37,34 InfraStructure House
124,38,35 Agriculture/Forest/Barren
124,39,Barren
124,40,36 Geo-scientific Causes 1. Highly weathered rock with assorted boulder 2. Steep slope.
124,41,37 Remedial measures 1. Construction of hill side drain and retaining wall.
124,42,38 Remarks if any Septic tank may have weakened the already loose soil.
125,1,ANNEXURE IV – Landslide inventory
125,3,39 Photos sketch  of Plan Section
125,5,Viewing direction: NE
125,6,40 Summary/Abstract
125,7,41 pdf
125,8,42 Landslide category I
126,1,ANNEXURE IV – Landslide inventory
126,3,No Field Description
126,4,01 Slide No MEG/WKH/78O7/2017-18/23
126,5,02 State MEGHALAYA
126,6,03 District SOUTH WEST KHASI HILLS
126,7,04 Toposheet 78O/07
126,8,05 Name of the slide Nongnah slide
126,9,06 NH_SH_locality Nongnah-Ranikor road
126,10,"07 Latitude 25°16'40.90"""
126,11,"08 Longitude 91°20'56.15"""
126,12,09 Length 20
126,13,10 Width 15
126,14,11 Height 15
126,15,12 Area 4500
126,16,13 Depth 1
126,17,14 Volume 40
126,18,15 Run out distance 160
126,19,16 Type of  Material Rock
126,20,17 Type of movement Slide
126,21,18 Rate of movement Very rapid
126,22,19 Activity Active
126,23,20 Distribution Retrogressive
126,24,21 Style Single
126,25,22 Failure mechanism Shallow Translational Failure
126,26,23 History 2017
126,27,24 Geomorphology Moderately dissected hills
126,28,25 Geology sandstone
126,29,26 Structure NA
126,30,27 LanduseLandcover High height plantation/vegetation
126,31,28 Hydrological condition Dry
126,32,29 Triggering Factor Rainfall
126,33,30 Death of persons Nil
126,34,31 People affected Nil
126,35,32 Live stock loss Nil
126,36,33 Communication Nil
126,37,34 InfraStructure Nil
126,38,35 Agriculture/Forest/Barren
126,39,Forested
126,40,36 Geo-scientific Causes 1. Steep slope and weathered and jointed rocks which enable the percolation
126,41,"of rain water, 2. Loose soil cover"
126,42,37 Remedial measures 1. Removal of debris and construction of retaining wall.
126,43,38 Remarks if any
127,1,ANNEXURE IV – Landslide inventory
127,3,39 Photos sketch  of Plan
127,4,Section
127,6,Viewing direction:NE
127,7,40 Summary/Abstract
127,8,41 pdf
127,9,42 Landslide category I
128,1,ANNEXURE IV – Landslide inventory
128,3,No Field Description
128,4,01 Slide No MEG/WKH/78O7/2017-18/24
128,5,02 State MEGHALAYA
128,6,03 District SOUTH WEST KHASI  HILLS
128,7,04 Toposheet 78O/07
128,8,05 Name of the slide Turnia Shining Secondary School slide
128,9,06 NH_SH_locality Ngunrao village.
128,10,"07 Latitude 25°17'57.73"""
128,11,"08 Longitude 91°19'32.07"""
128,12,09 Length 25
128,13,10 Width 20
128,14,11 Height 16
128,15,12 Area 500
128,16,13 Depth 1
128,17,14 Volume 500
128,18,15 Run out distance 0
128,19,16 Type of  Material Debris
128,20,17 Type of movement Slide
128,21,18 Rate of movement Very rapid
128,22,19 Activity Active
128,23,20 Distribution Confined
128,24,21 Style Single
128,25,22 Failure mechanism Shallow Translational Failure
128,26,23 History 2017
128,27,24 Geomorphology Moderately dissected hills
128,28,25 Geology Sandstone
128,29,26 Structure NA
128,30,27 LanduseLandcover Extensive slope cut/ settlement
128,31,28 Hydrological condition Dry
128,32,29 Triggering Factor Rainfall
128,33,30 Death of persons Nil
128,34,31 People affected Nil
128,35,32 Live stock loss Nil
128,36,33 Communication Nil
128,37,34 InfraStructure Nil
128,38,35 Agriculture/Forest/Barren
128,39,Forested
128,40,"36 Geo-scientific Causes 1. Highly weathered rock mass, loose soil 2. Steep vertical surface."
128,41,37 Remedial measures 1. Drainage maintenance along the toe.
128,43,38 Remarks if any -
129,1,ANNEXURE IV – Landslide inventory
129,3,39 Photos sketch  of Plan Section
129,5,Viewing direction: SW
129,6,40 Summary/Abstract
129,7,41 pdf
129,8,42 Landslide category I
130,1,ANNEXURE IV – Landslide inventory
130,3,No Field Description
130,4,01 Slide No MEG/WKH/78O7/2017-18/25
130,5,02 State MEGHALAYA
130,6,03 District SOUTH WEST KHASI  HILLS
130,7,04 Toposheet 78O/07
130,8,05 Name of the slide Mawpud road slide
130,9,06 NH_SH_locality Mawpud road
130,10,"07 Latitude 25°15'4.36"""
130,11,"08 Longitude 91°27'16.25"""
130,12,09 Length 13
130,13,10 Width 04
130,14,11 Height 10
130,15,12 Area 52
130,16,13 Depth 2
130,17,14 Volume 104
130,18,15 Run out distance 0
130,19,16 Type of  Material Debris
130,20,17 Type of movement Slide
130,21,18 Rate of movement very rapid
130,22,19 Activity Active
130,23,20 Distribution confine
130,24,21 Style Single
130,25,22 Failure mechanism Shallow Translational Failure
130,26,23 History NA
130,27,24 Geomorphology Moderately dissected hills
130,28,25 Geology Granite gniess
130,29,26 Structure -
130,30,27 LanduseLandcover Extensive slope cut/ settlement
130,31,28 Hydrological condition Dry
130,32,29 Triggering Factor Rainfall
130,33,30 Death of persons Nil
130,34,31 People affected Nil
130,35,32 Live stock loss Nil
130,36,33 Communication Nil
130,37,34 InfraStructure Nil
130,38,35 Agriculture/Forest/Barren Forested
130,39,36 Geo-scientific Causes 1. Loose weathered rockand  debris
130,40,37 Remedial measures 1. Removal of weathered debris 2.Hills side drainage maintenance.
130,41,38 Remarks if any -
131,1,ANNEXURE IV – Landslide inventory
131,3,39 Photos sketch  of Plan Section
131,5,Viewing direction: NW
131,6,40 Summary/Abstract
131,7,41 pdf
131,8,42 Landslide category I
135,4,PROFORMA FOR WORK INPUT
135,5,"Title of Report: Macro.scale (1 .50, 000) landslide susceptibility mapping in Toposheet 78O/06. 78O /07, parts"
135,6,"of West Khasi Hills. South West Khasi Hills district, Meghalaya and parts of Kamrup district, Assam."
135,8,"Name of the author(s): Chiezou. K, Geologist and Konyak K, Geologist."
135,10,1. Background of the investigation; at whose
135,11,instance or with what particular objective in view
135,12,was the investigation was undertaken.
135,14,This item is a standard field season programme
135,15,taken up on priority for National Landslide
135,16,Susceptibility Mapping. The objective of the
135,17,item is 1. To prepare landslide inventory
135,18,database using high resolution remote sensing
135,19,data and field inputs. 2. To prepare toposheet-
135,20,"wise 1:50,000 scale spatial database for"
135,21,geofactors of landslides for use as input thematic
135,22,maps. 3. To prepare landslide susceptibility map
135,23,using Multi-class index overlay method in a GIS
135,24,platform.
135,26,2. Whether the item of investigation was
135,27,included in the approved programme for the year
135,28,"concerned. If so, particulars, such as Item No.,"
135,29,page reference etc. may be given
135,31,"Yes, the item was included in the approved"
135,32,"Annual Programme of GSI, NER, Field Seasons"
135,33,2017–2018.
135,34,Item code no. M4LSSM/NC/NER/SU-
135,35,MEG/2017/12672).
135,37,3. Date of commencement of the investigation
135,38,with month and year and exact number of days
135,39,spent by the officer(s) in the field in connection
135,40,with the investigation
135,42,13th July 2017
135,43,1. K. Chieozu: 83days.
135,44,2. Achan Konyak: 80 days.
135,46,4. Brief comments by the Director/ Supervisory
135,47,Officer’s on the conclusion and recommendation
135,48,by the author(s) with suggestion for
135,49,implementation of the same
135,52,5. Please state specifically how the results of the
135,53,investigation were achieved compared with the
135,54,objective for which it was undertaken
135,56,"The assigned Nature of work, quantum and"
135,57,achievements was achieved within the stipulated
135,58,time.
135,59,The final outcome of the study is generated
135,60,"Landslide susceptibility maps of High, Moderate"
135,61,and Low for three Toposheets viz 78O/6 &
135,62,78O/7
135,63,Signature:
135,64,Name: BibhasSen
135,65,"Designation: Director,"
135,66,"Place: Shillong                                                                                          Division: Landslide Division,"
135,67,Date: ____________
