{
  "type": "FeatureCollection",
  "name": "mizoram_landslide_inventory_129",
  "features": [
    {
      "type": "Feature",
      "properties": {
        "landslide_id": "UNKNOWN_ID",
        "zone_name": "Landslide Zone (Champhai)",
        "state": "Mizoram",
        "district": "Champhai",
        "hazard_type": "LANDSLIDE",
        "risk_level": "HIGH",
        "historical_event_count": 1
      },
      "geometry": {
        "type": "Polygon",
        "coordinates": [
          [
            [
              93.277,
              23.4845
            ],
            [
              93.27698555418002,
              23.48420594857901
            ],
            [
              93.27694235584121,
              23.483914729033952
            ],
            [
              93.2768708210072,
              23.483629145968237
            ],
            [
              93.27677163859754,
              23.483351949702904
            ],
            [
              93.27664576379304,
              23.48308580978952
            ],
            [
              93.27649440883691,
              23.48283328930094
            ],
            [
              93.27631903136009,
              23.48259682014751
            ],
            [
              93.27612132034356,
              23.482378679656442
            ],
            [
              93.27590317985249,
              23.482180968639913
            ],
            [
              93.27566671069906,
              23.482005591163094
            ],
            [
              93.27541419021048,
              23.481854236206956
            ],
            [
              93.27514805029709,
              23.481728361402467
            ],
            [
              93.27487085403176,
              23.481629178992804
            ],
            [
              93.27458527096604,
              23.48155764415879
            ],
            [
              93.274294051421,
              23.481514445819982
            ],
            [
              93.274,
              23.4815
            ],
            [
              93.273705948579,
              23.481514445819982
            ],
            [
              93.27341472903396,
              23.48155764415879
            ],
            [
              93.27312914596824,
              23.481629178992804
            ],
            [
              93.27285194970291,
              23.481728361402467
            ],
            [
              93.27258580978952,
              23.481854236206956
            ],
            [
              93.27233328930095,
              23.482005591163094
            ],
            [
              93.27209682014751,
              23.482180968639913
            ],
            [
              93.27187867965644,
              23.482378679656442
            ],
            [
              93.27168096863991,
              23.48259682014751
            ],
            [
              93.27150559116309,
              23.48283328930094
            ],
            [
              93.27135423620696,
              23.48308580978952
            ],
            [
              93.27122836140246,
              23.483351949702904
            ],
            [
              93.27112917899281,
              23.483629145968237
            ],
            [
              93.27105764415879,
              23.483914729033952
            ],
            [
              93.27101444581999,
              23.48420594857901
            ],
            [
              93.271,
              23.4845
            ],
            [
              93.27101444581999,
              23.48479405142099
            ],
            [
              93.27105764415879,
              23.48508527096605
            ],
            [
              93.27112917899281,
              23.485370854031764
            ],
            [
              93.27122836140246,
              23.485648050297097
            ],
            [
              93.27135423620696,
              23.48591419021048
            ],
            [
              93.27150559116309,
              23.48616671069906
            ],
            [
              93.27168096863991,
              23.48640317985249
            ],
            [
              93.27187867965644,
              23.48662132034356
            ],
            [
              93.27209682014751,
              23.48681903136009
            ],
            [
              93.27233328930095,
              23.486994408836907
            ],
            [
              93.27258580978952,
              23.487145763793045
            ],
            [
              93.27285194970291,
              23.487271638597534
            ],
            [
              93.27312914596824,
              23.487370821007197
            ],
            [
              93.27341472903396,
              23.48744235584121
            ],
            [
              93.273705948579,
              23.48748555418002
            ],
            [
              93.274,
              23.4875
            ],
            [
              93.274294051421,
              23.48748555418002
            ],
            [
              93.27458527096604,
              23.48744235584121
            ],
            [
              93.27487085403176,
              23.487370821007197
            ],
            [
              93.27514805029709,
              23.487271638597534
            ],
            [
              93.27541419021048,
              23.487145763793045
            ],
            [
              93.27566671069906,
              23.486994408836907
            ],
            [
              93.27590317985249,
              23.48681903136009
            ],
            [
              93.27612132034356,
              23.48662132034356
            ],
            [
              93.27631903136009,
              23.48640317985249
            ],
            [
              93.27649440883691,
              23.48616671069906
            ],
            [
              93.27664576379304,
              23.48591419021048
            ],
            [
              93.27677163859754,
              23.485648050297097
            ],
            [
              93.2768708210072,
              23.485370854031764
            ],
            [
              93.27694235584121,
              23.48508527096605
            ],
            [
              93.27698555418002,
              23.48479405142099
            ],
            [
              93.277,
              23.4845
            ]
          ]
        ]
      }
    },
    {
      "type": "Feature",
      "properties": {
        "landslide_id": "UNKNOWN_ID",
        "zone_name": "Landslide Zone (Champhai)",
        "state": "Mizoram",
        "district": "Champhai",
        "hazard_type": "LANDSLIDE",
        "risk_level": "HIGH",
        "historical_event_count": 1
      },
      "geometry": {
        "type": "Polygon",
        "coordinates": [
          [
            [
              93.2831,
              23.4839
            ],
            [
              93.28308555418002,
              23.483605948579008
            ],
            [
              93.28304235584122,
              23.48331472903395
            ],
            [
              93.2829708210072,
              23.483029145968235
            ],
            [
              93.28287163859754,
              23.4827519497029
            ],
            [
              93.28274576379305,
              23.48248580978952
            ],
            [
              93.28259440883691,
              23.48223328930094
            ],
            [
              93.28241903136009,
              23.481996820147508
            ],
            [
              93.28222132034357,
              23.48177867965644
            ],
            [
              93.2820031798525,
              23.48158096863991
            ],
            [
              93.28176671069906,
              23.481405591163092
            ],
            [
              93.28151419021049,
              23.481254236206954
            ],
            [
              93.2812480502971,
              23.481128361402465
            ],
            [
              93.28097085403176,
              23.481029178992802
            ],
            [
              93.28068527096605,
              23.48095764415879
            ],
            [
              93.280394051421,
              23.48091444581998
            ],
            [
              93.2801,
              23.4809
            ],
            [
              93.27980594857901,
              23.48091444581998
            ],
            [
              93.27951472903396,
              23.48095764415879
            ],
            [
              93.27922914596824,
              23.481029178992802
            ],
            [
              93.27895194970291,
              23.481128361402465
            ],
            [
              93.27868580978952,
              23.481254236206954
            ],
            [
              93.27843328930095,
              23.481405591163092
            ],
            [
              93.27819682014751,
              23.48158096863991
            ],
            [
              93.27797867965644,
              23.48177867965644
            ],
            [
              93.27778096863992,
              23.481996820147508
            ],
            [
              93.2776055911631,
              23.48223328930094
            ],
            [
              93.27745423620696,
              23.48248580978952
            ],
            [
              93.27732836140247,
              23.4827519497029
            ],
            [
              93.27722917899281,
              23.483029145968235
            ],
            [
              93.27715764415879,
              23.48331472903395
            ],
            [
              93.27711444581999,
              23.483605948579008
            ],
            [
              93.2771,
              23.4839
            ],
            [
              93.27711444581999,
              23.48419405142099
            ],
            [
              93.27715764415879,
              23.484485270966047
            ],
            [
              93.27722917899281,
              23.484770854031762
            ],
            [
              93.27732836140247,
              23.485048050297095
            ],
            [
              93.27745423620696,
              23.485314190210477
            ],
            [
              93.2776055911631,
              23.485566710699057
            ],
            [
              93.27778096863992,
              23.48580317985249
            ],
            [
              93.27797867965644,
              23.486021320343557
            ],
            [
              93.27819682014751,
              23.486219031360086
            ],
            [
              93.27843328930095,
              23.486394408836905
            ],
            [
              93.27868580978952,
              23.486545763793043
            ],
            [
              93.27895194970291,
              23.48667163859753
            ],
            [
              93.27922914596824,
              23.486770821007195
            ],
            [
              93.27951472903396,
              23.48684235584121
            ],
            [
              93.27980594857901,
              23.486885554180017
            ],
            [
              93.2801,
              23.4869
            ],
            [
              93.280394051421,
              23.486885554180017
            ],
            [
              93.28068527096605,
              23.48684235584121
            ],
            [
              93.28097085403176,
              23.486770821007195
            ],
            [
              93.2812480502971,
              23.48667163859753
            ],
            [
              93.28151419021049,
              23.486545763793043
            ],
            [
              93.28176671069906,
              23.486394408836905
            ],
            [
              93.2820031798525,
              23.486219031360086
            ],
            [
              93.28222132034357,
              23.486021320343557
            ],
            [
              93.28241903136009,
              23.48580317985249
            ],
            [
              93.28259440883691,
              23.485566710699057
            ],
            [
              93.28274576379305,
              23.485314190210477
            ],
            [
              93.28287163859754,
              23.485048050297095
            ],
            [
              93.2829708210072,
              23.484770854031762
            ],
            [
              93.28304235584122,
              23.484485270966047
            ],
            [
              93.28308555418002,
              23.48419405142099
            ],
            [
              93.2831,
              23.4839
            ]
          ]
        ]
      }
    },
    {
      "type": "Feature",
      "properties": {
        "landslide_id": "UNKNOWN_ID",
        "zone_name": "Landslide Zone (Champhai)",
        "state": "Mizoram",
        "district": "Champhai",
        "hazard_type": "LANDSLIDE",
        "risk_level": "HIGH",
        "historical_event_count": 1
      },
      "geometry": {
        "type": "Polygon",
        "coordinates": [
          [
            [
              93.2831,
              23.4836
            ],
            [
              93.28308555418002,
              23.48330594857901
            ],
            [
              93.28304235584122,
              23.48301472903395
            ],
            [
              93.2829708210072,
              23.482729145968236
            ],
            [
              93.28287163859754,
              23.482451949702902
            ],
            [
              93.28274576379305,
              23.48218580978952
            ],
            [
              93.28259440883691,
              23.48193328930094
            ],
            [
              93.28241903136009,
              23.48169682014751
            ],
            [
              93.28222132034357,
              23.48147867965644
            ],
            [
              93.2820031798525,
              23.48128096863991
            ],
            [
              93.28176671069906,
              23.481105591163093
            ],
            [
              93.28151419021049,
              23.480954236206955
            ],
            [
              93.2812480502971,
              23.480828361402466
            ],
            [
              93.28097085403176,
              23.480729178992803
            ],
            [
              93.28068527096605,
              23.48065764415879
            ],
            [
              93.280394051421,
              23.48061444581998
            ],
            [
              93.2801,
              23.4806
            ],
            [
              93.27980594857901,
              23.48061444581998
            ],
            [
              93.27951472903396,
              23.48065764415879
            ],
            [
              93.27922914596824,
              23.480729178992803
            ],
            [
              93.27895194970291,
              23.480828361402466
            ],
            [
              93.27868580978952,
              23.480954236206955
            ],
            [
              93.27843328930095,
              23.481105591163093
            ],
            [
              93.27819682014751,
              23.48128096863991
            ],
            [
              93.27797867965644,
              23.48147867965644
            ],
            [
              93.27778096863992,
              23.48169682014751
            ],
            [
              93.2776055911631,
              23.48193328930094
            ],
            [
              93.27745423620696,
              23.48218580978952
            ],
            [
              93.27732836140247,
              23.482451949702902
            ],
            [
              93.27722917899281,
              23.482729145968236
            ],
            [
              93.27715764415879,
              23.48301472903395
            ],
            [
              93.27711444581999,
              23.48330594857901
            ],
            [
              93.2771,
              23.4836
            ],
            [
              93.27711444581999,
              23.48389405142099
            ],
            [
              93.27715764415879,
              23.484185270966048
            ],
            [
              93.27722917899281,
              23.484470854031763
            ],
            [
              93.27732836140247,
              23.484748050297096
            ],
            [
              93.27745423620696,
              23.485014190210478
            ],
            [
              93.2776055911631,
              23.485266710699058
            ],
            [
              93.27778096863992,
              23.48550317985249
            ],
            [
              93.27797867965644,
              23.485721320343558
            ],
            [
              93.27819682014751,
              23.485919031360087
            ],
            [
              93.27843328930095,
              23.486094408836905
            ],
            [
              93.27868580978952,
              23.486245763793043
            ],
            [
              93.27895194970291,
              23.486371638597532
            ],
            [
              93.27922914596824,
              23.486470821007195
            ],
            [
              93.27951472903396,
              23.48654235584121
            ],
            [
              93.27980594857901,
              23.486585554180017
            ],
            [
              93.2801,
              23.4866
            ],
            [
              93.280394051421,
              23.486585554180017
            ],
            [
              93.28068527096605,
              23.48654235584121
            ],
            [
              93.28097085403176,
              23.486470821007195
            ],
            [
              93.2812480502971,
              23.486371638597532
            ],
            [
              93.28151419021049,
              23.486245763793043
            ],
            [
              93.28176671069906,
              23.486094408836905
            ],
            [
              93.2820031798525,
              23.485919031360087
            ],
            [
              93.28222132034357,
              23.485721320343558
            ],
            [
              93.28241903136009,
              23.48550317985249
            ],
            [
              93.28259440883691,
              23.485266710699058
            ],
            [
              93.28274576379305,
              23.485014190210478
            ],
            [
              93.28287163859754,
              23.484748050297096
            ],
            [
              93.2829708210072,
              23.484470854031763
            ],
            [
              93.28304235584122,
              23.484185270966048
            ],
            [
              93.28308555418002,
              23.48389405142099
            ],
            [
              93.2831,
              23.4836
            ]
          ]
        ]
      }
    },
    {
      "type": "Feature",
      "properties": {
        "landslide_id": "UNKNOWN_ID",
        "zone_name": "Landslide Zone (Champhai)",
        "state": "Mizoram",
        "district": "Champhai",
        "hazard_type": "LANDSLIDE",
        "risk_level": "HIGH",
        "historical_event_count": 1
      },
      "geometry": {
        "type": "Polygon",
        "coordinates": [
          [
            [
              93.2834,
              23.4833
            ],
            [
              93.28338555418001,
              23.48300594857901
            ],
            [
              93.28334235584121,
              23.48271472903395
            ],
            [
              93.28327082100719,
              23.482429145968236
            ],
            [
              93.28317163859754,
              23.482151949702903
            ],
            [
              93.28304576379304,
              23.48188580978952
            ],
            [
              93.28289440883691,
              23.48163328930094
            ],
            [
              93.28271903136009,
              23.48139682014751
            ],
            [
              93.28252132034356,
              23.48117867965644
            ],
            [
              93.28230317985249,
              23.480980968639912
            ],
            [
              93.28206671069906,
              23.480805591163094
            ],
            [
              93.28181419021048,
              23.480654236206956
            ],
            [
              93.28154805029709,
              23.480528361402467
            ],
            [
              93.28127085403176,
              23.480429178992804
            ],
            [
              93.28098527096604,
              23.48035764415879
            ],
            [
              93.280694051421,
              23.48031444581998
            ],
            [
              93.2804,
              23.4803
            ],
            [
              93.280105948579,
              23.48031444581998
            ],
            [
              93.27981472903396,
              23.48035764415879
            ],
            [
              93.27952914596824,
              23.480429178992804
            ],
            [
              93.27925194970291,
              23.480528361402467
            ],
            [
              93.27898580978952,
              23.480654236206956
            ],
            [
              93.27873328930094,
              23.480805591163094
            ],
            [
              93.27849682014751,
              23.480980968639912
            ],
            [
              93.27827867965644,
              23.48117867965644
            ],
            [
              93.27808096863991,
              23.48139682014751
            ],
            [
              93.27790559116309,
              23.48163328930094
            ],
            [
              93.27775423620696,
              23.48188580978952
            ],
            [
              93.27762836140246,
              23.482151949702903
            ],
            [
              93.27752917899281,
              23.482429145968236
            ],
            [
              93.27745764415879,
              23.48271472903395
            ],
            [
              93.27741444581999,
              23.48300594857901
            ],
            [
              93.2774,
              23.4833
            ],
            [
              93.27741444581999,
              23.48359405142099
            ],
            [
              93.27745764415879,
              23.48388527096605
            ],
            [
              93.27752917899281,
              23.484170854031763
            ],
            [
              93.27762836140246,
              23.484448050297097
            ],
            [
              93.27775423620696,
              23.48471419021048
            ],
            [
              93.27790559116309,
              23.48496671069906
            ],
            [
              93.27808096863991,
              23.48520317985249
            ],
            [
              93.27827867965644,
              23.48542132034356
            ],
            [
              93.27849682014751,
              23.485619031360088
            ],
            [
              93.27873328930094,
              23.485794408836906
            ],
            [
              93.27898580978952,
              23.485945763793044
            ],
            [
              93.27925194970291,
              23.486071638597533
            ],
            [
              93.27952914596824,
              23.486170821007196
            ],
            [
              93.27981472903396,
              23.48624235584121
            ],
            [
              93.280105948579,
              23.486285554180018
            ],
            [
              93.2804,
              23.4863
            ],
            [
              93.280694051421,
              23.486285554180018
            ],
            [
              93.28098527096604,
              23.48624235584121
            ],
            [
              93.28127085403176,
              23.486170821007196
            ],
            [
              93.28154805029709,
              23.486071638597533
            ],
            [
              93.28181419021048,
              23.485945763793044
            ],
            [
              93.28206671069906,
              23.485794408836906
            ],
            [
              93.28230317985249,
              23.485619031360088
            ],
            [
              93.28252132034356,
              23.48542132034356
            ],
            [
              93.28271903136009,
              23.48520317985249
            ],
            [
              93.28289440883691,
              23.48496671069906
            ],
            [
              93.28304576379304,
              23.48471419021048
            ],
            [
              93.28317163859754,
              23.484448050297097
            ],
            [
              93.28327082100719,
              23.484170854031763
            ],
            [
              93.28334235584121,
              23.48388527096605
            ],
            [
              93.28338555418001,
              23.48359405142099
            ],
            [
              93.2834,
              23.4833
            ]
          ]
        ]
      }
    },
    {
      "type": "Feature",
      "properties": {
        "landslide_id": "UNKNOWN_ID",
        "zone_name": "Landslide Zone (Champhai)",
        "state": "Mizoram",
        "district": "Champhai",
        "hazard_type": "LANDSLIDE",
        "risk_level": "HIGH",
        "historical_event_count": 1
      },
      "geometry": {
        "type": "Polygon",
        "coordinates": [
          [
            [
              93.287,
              23.4798
            ],
            [
              93.28698555418002,
              23.47950594857901
            ],
            [
              93.28694235584122,
              23.479214729033952
            ],
            [
              93.2868708210072,
              23.478929145968237
            ],
            [
              93.28677163859754,
              23.478651949702904
            ],
            [
              93.28664576379305,
              23.478385809789522
            ],
            [
              93.28649440883692,
              23.478133289300942
            ],
            [
              93.2863190313601,
              23.47789682014751
            ],
            [
              93.28612132034357,
              23.477678679656442
            ],
            [
              93.2859031798525,
              23.477480968639913
            ],
            [
              93.28566671069906,
              23.477305591163095
            ],
            [
              93.28541419021049,
              23.477154236206957
            ],
            [
              93.2851480502971,
              23.477028361402468
            ],
            [
              93.28487085403177,
              23.476929178992805
            ],
            [
              93.28458527096605,
              23.47685764415879
            ],
            [
              93.284294051421,
              23.476814445819983
            ],
            [
              93.284,
              23.4768
            ],
            [
              93.28370594857901,
              23.476814445819983
            ],
            [
              93.28341472903396,
              23.47685764415879
            ],
            [
              93.28312914596825,
              23.476929178992805
            ],
            [
              93.28285194970292,
              23.477028361402468
            ],
            [
              93.28258580978952,
              23.477154236206957
            ],
            [
              93.28233328930095,
              23.477305591163095
            ],
            [
              93.28209682014752,
              23.477480968639913
            ],
            [
              93.28187867965644,
              23.477678679656442
            ],
            [
              93.28168096863992,
              23.47789682014751
            ],
            [
              93.2815055911631,
              23.478133289300942
            ],
            [
              93.28135423620697,
              23.478385809789522
            ],
            [
              93.28122836140247,
              23.478651949702904
            ],
            [
              93.28112917899281,
              23.478929145968237
            ],
            [
              93.28105764415879,
              23.479214729033952
            ],
            [
              93.28101444581999,
              23.47950594857901
            ],
            [
              93.281,
              23.4798
            ],
            [
              93.28101444581999,
              23.48009405142099
            ],
            [
              93.28105764415879,
              23.48038527096605
            ],
            [
              93.28112917899281,
              23.480670854031764
            ],
            [
              93.28122836140247,
              23.480948050297098
            ],
            [
              93.28135423620697,
              23.48121419021048
            ],
            [
              93.2815055911631,
              23.48146671069906
            ],
            [
              93.28168096863992,
              23.48170317985249
            ],
            [
              93.28187867965644,
              23.48192132034356
            ],
            [
              93.28209682014752,
              23.48211903136009
            ],
            [
              93.28233328930095,
              23.482294408836907
            ],
            [
              93.28258580978952,
              23.482445763793045
            ],
            [
              93.28285194970292,
              23.482571638597534
            ],
            [
              93.28312914596825,
              23.482670821007197
            ],
            [
              93.28341472903396,
              23.48274235584121
            ],
            [
              93.28370594857901,
              23.48278555418002
            ],
            [
              93.284,
              23.4828
            ],
            [
              93.284294051421,
              23.48278555418002
            ],
            [
              93.28458527096605,
              23.48274235584121
            ],
            [
              93.28487085403177,
              23.482670821007197
            ],
            [
              93.2851480502971,
              23.482571638597534
            ],
            [
              93.28541419021049,
              23.482445763793045
            ],
            [
              93.28566671069906,
              23.482294408836907
            ],
            [
              93.2859031798525,
              23.48211903136009
            ],
            [
              93.28612132034357,
              23.48192132034356
            ],
            [
              93.2863190313601,
              23.48170317985249
            ],
            [
              93.28649440883692,
              23.48146671069906
            ],
            [
              93.28664576379305,
              23.48121419021048
            ],
            [
              93.28677163859754,
              23.480948050297098
            ],
            [
              93.2868708210072,
              23.480670854031764
            ],
            [
              93.28694235584122,
              23.48038527096605
            ],
            [
              93.28698555418002,
              23.48009405142099
            ],
            [
              93.287,
              23.4798
            ]
          ]
        ]
      }
    },
    {
      "type": "Feature",
      "properties": {
        "landslide_id": "UNKNOWN_ID",
        "zone_name": "Landslide Zone (Champhai)",
        "state": "Mizoram",
        "district": "Champhai",
        "hazard_type": "LANDSLIDE",
        "risk_level": "HIGH",
        "historical_event_count": 1
      },
      "geometry": {
        "type": "Polygon",
        "coordinates": [
          [
            [
              93.2879,
              23.4784
            ],
            [
              93.28788555418001,
              23.47810594857901
            ],
            [
              93.2878423558412,
              23.477814729033952
            ],
            [
              93.28777082100719,
              23.477529145968237
            ],
            [
              93.28767163859753,
              23.477251949702904
            ],
            [
              93.28754576379303,
              23.47698580978952
            ],
            [
              93.2873944088369,
              23.47673328930094
            ],
            [
              93.28721903136008,
              23.47649682014751
            ],
            [
              93.28702132034356,
              23.476278679656442
            ],
            [
              93.28680317985248,
              23.476080968639913
            ],
            [
              93.28656671069905,
              23.475905591163094
            ],
            [
              93.28631419021048,
              23.475754236206956
            ],
            [
              93.28604805029708,
              23.475628361402467
            ],
            [
              93.28577085403175,
              23.475529178992804
            ],
            [
              93.28548527096603,
              23.47545764415879
            ],
            [
              93.28519405142099,
              23.475414445819982
            ],
            [
              93.2849,
              23.4754
            ],
            [
              93.284605948579,
              23.475414445819982
            ],
            [
              93.28431472903395,
              23.47545764415879
            ],
            [
              93.28402914596823,
              23.475529178992804
            ],
            [
              93.2837519497029,
              23.475628361402467
            ],
            [
              93.28348580978951,
              23.475754236206956
            ],
            [
              93.28323328930094,
              23.475905591163094
            ],
            [
              93.2829968201475,
              23.476080968639913
            ],
            [
              93.28277867965643,
              23.476278679656442
            ],
            [
              93.2825809686399,
              23.47649682014751
            ],
            [
              93.28240559116308,
              23.47673328930094
            ],
            [
              93.28225423620695,
              23.47698580978952
            ],
            [
              93.28212836140246,
              23.477251949702904
            ],
            [
              93.2820291789928,
              23.477529145968237
            ],
            [
              93.28195764415878,
              23.477814729033952
            ],
            [
              93.28191444581998,
              23.47810594857901
            ],
            [
              93.2819,
              23.4784
            ],
            [
              93.28191444581998,
              23.47869405142099
            ],
            [
              93.28195764415878,
              23.47898527096605
            ],
            [
              93.2820291789928,
              23.479270854031764
            ],
            [
              93.28212836140246,
              23.479548050297097
            ],
            [
              93.28225423620695,
              23.47981419021048
            ],
            [
              93.28240559116308,
              23.48006671069906
            ],
            [
              93.2825809686399,
              23.48030317985249
            ],
            [
              93.28277867965643,
              23.48052132034356
            ],
            [
              93.2829968201475,
              23.48071903136009
            ],
            [
              93.28323328930094,
              23.480894408836907
            ],
            [
              93.28348580978951,
              23.481045763793045
            ],
            [
              93.2837519497029,
              23.481171638597534
            ],
            [
              93.28402914596823,
              23.481270821007197
            ],
            [
              93.28431472903395,
              23.48134235584121
            ],
            [
              93.284605948579,
              23.48138555418002
            ],
            [
              93.2849,
              23.4814
            ],
            [
              93.28519405142099,
              23.48138555418002
            ],
            [
              93.28548527096603,
              23.48134235584121
            ],
            [
              93.28577085403175,
              23.481270821007197
            ],
            [
              93.28604805029708,
              23.481171638597534
            ],
            [
              93.28631419021048,
              23.481045763793045
            ],
            [
              93.28656671069905,
              23.480894408836907
            ],
            [
              93.28680317985248,
              23.48071903136009
            ],
            [
              93.28702132034356,
              23.48052132034356
            ],
            [
              93.28721903136008,
              23.48030317985249
            ],
            [
              93.2873944088369,
              23.48006671069906
            ],
            [
              93.28754576379303,
              23.47981419021048
            ],
            [
              93.28767163859753,
              23.479548050297097
            ],
            [
              93.28777082100719,
              23.479270854031764
            ],
            [
              93.2878423558412,
              23.47898527096605
            ],
            [
              93.28788555418001,
              23.47869405142099
            ],
            [
              93.2879,
              23.4784
            ]
          ]
        ]
      }
    },
    {
      "type": "Feature",
      "properties": {
        "landslide_id": "UNKNOWN_ID",
        "zone_name": "Landslide Zone (Champhai)",
        "state": "Mizoram",
        "district": "Champhai",
        "hazard_type": "LANDSLIDE",
        "risk_level": "HIGH",
        "historical_event_count": 1
      },
      "geometry": {
        "type": "Polygon",
        "coordinates": [
          [
            [
              93.2884,
              23.4779
            ],
            [
              93.28838555418001,
              23.47760594857901
            ],
            [
              93.28834235584121,
              23.477314729033953
            ],
            [
              93.28827082100719,
              23.47702914596824
            ],
            [
              93.28817163859753,
              23.476751949702905
            ],
            [
              93.28804576379304,
              23.476485809789523
            ],
            [
              93.2878944088369,
              23.476233289300943
            ],
            [
              93.28771903136008,
              23.47599682014751
            ],
            [
              93.28752132034356,
              23.475778679656443
            ],
            [
              93.28730317985249,
              23.475580968639914
            ],
            [
              93.28706671069905,
              23.475405591163096
            ],
            [
              93.28681419021048,
              23.475254236206958
            ],
            [
              93.28654805029709,
              23.47512836140247
            ],
            [
              93.28627085403176,
              23.475029178992806
            ],
            [
              93.28598527096604,
              23.474957644158792
            ],
            [
              93.28569405142099,
              23.474914445819984
            ],
            [
              93.2854,
              23.4749
            ],
            [
              93.285105948579,
              23.474914445819984
            ],
            [
              93.28481472903395,
              23.474957644158792
            ],
            [
              93.28452914596824,
              23.475029178992806
            ],
            [
              93.2842519497029,
              23.47512836140247
            ],
            [
              93.28398580978951,
              23.475254236206958
            ],
            [
              93.28373328930094,
              23.475405591163096
            ],
            [
              93.2834968201475,
              23.475580968639914
            ],
            [
              93.28327867965643,
              23.475778679656443
            ],
            [
              93.28308096863991,
              23.47599682014751
            ],
            [
              93.28290559116309,
              23.476233289300943
            ],
            [
              93.28275423620696,
              23.476485809789523
            ],
            [
              93.28262836140246,
              23.476751949702905
            ],
            [
              93.2825291789928,
              23.47702914596824
            ],
            [
              93.28245764415878,
              23.477314729033953
            ],
            [
              93.28241444581998,
              23.47760594857901
            ],
            [
              93.2824,
              23.4779
            ],
            [
              93.28241444581998,
              23.478194051420992
            ],
            [
              93.28245764415878,
              23.47848527096605
            ],
            [
              93.2825291789928,
              23.478770854031765
            ],
            [
              93.28262836140246,
              23.4790480502971
            ],
            [
              93.28275423620696,
              23.47931419021048
            ],
            [
              93.28290559116309,
              23.47956671069906
            ],
            [
              93.28308096863991,
              23.479803179852492
            ],
            [
              93.28327867965643,
              23.48002132034356
            ],
            [
              93.2834968201475,
              23.48021903136009
            ],
            [
              93.28373328930094,
              23.480394408836908
            ],
            [
              93.28398580978951,
              23.480545763793046
            ],
            [
              93.2842519497029,
              23.480671638597535
            ],
            [
              93.28452914596824,
              23.480770821007198
            ],
            [
              93.28481472903395,
              23.48084235584121
            ],
            [
              93.285105948579,
              23.48088555418002
            ],
            [
              93.2854,
              23.480900000000002
            ],
            [
              93.28569405142099,
              23.48088555418002
            ],
            [
              93.28598527096604,
              23.48084235584121
            ],
            [
              93.28627085403176,
              23.480770821007198
            ],
            [
              93.28654805029709,
              23.480671638597535
            ],
            [
              93.28681419021048,
              23.480545763793046
            ],
            [
              93.28706671069905,
              23.480394408836908
            ],
            [
              93.28730317985249,
              23.48021903136009
            ],
            [
              93.28752132034356,
              23.48002132034356
            ],
            [
              93.28771903136008,
              23.479803179852492
            ],
            [
              93.2878944088369,
              23.47956671069906
            ],
            [
              93.28804576379304,
              23.47931419021048
            ],
            [
              93.28817163859753,
              23.4790480502971
            ],
            [
              93.28827082100719,
              23.478770854031765
            ],
            [
              93.28834235584121,
              23.47848527096605
            ],
            [
              93.28838555418001,
              23.478194051420992
            ],
            [
              93.2884,
              23.4779
            ]
          ]
        ]
      }
    },
    {
      "type": "Feature",
      "properties": {
        "landslide_id": "UNKNOWN_ID",
        "zone_name": "Landslide Zone (Champhai)",
        "state": "Mizoram",
        "district": "Champhai",
        "hazard_type": "LANDSLIDE",
        "risk_level": "HIGH",
        "historical_event_count": 1
      },
      "geometry": {
        "type": "Polygon",
        "coordinates": [
          [
            [
              93.2893,
              23.4776
            ],
            [
              93.28928555418001,
              23.47730594857901
            ],
            [
              93.28924235584121,
              23.47701472903395
            ],
            [
              93.28917082100719,
              23.476729145968235
            ],
            [
              93.28907163859753,
              23.476451949702902
            ],
            [
              93.28894576379304,
              23.47618580978952
            ],
            [
              93.2887944088369,
              23.47593328930094
            ],
            [
              93.28861903136008,
              23.47569682014751
            ],
            [
              93.28842132034356,
              23.47547867965644
            ],
            [
              93.28820317985249,
              23.47528096863991
            ],
            [
              93.28796671069905,
              23.475105591163093
            ],
            [
              93.28771419021048,
              23.474954236206955
            ],
            [
              93.28744805029709,
              23.474828361402466
            ],
            [
              93.28717085403176,
              23.474729178992803
            ],
            [
              93.28688527096604,
              23.47465764415879
            ],
            [
              93.28659405142099,
              23.47461444581998
            ],
            [
              93.2863,
              23.4746
            ],
            [
              93.286005948579,
              23.47461444581998
            ],
            [
              93.28571472903396,
              23.47465764415879
            ],
            [
              93.28542914596824,
              23.474729178992803
            ],
            [
              93.28515194970291,
              23.474828361402466
            ],
            [
              93.28488580978951,
              23.474954236206955
            ],
            [
              93.28463328930094,
              23.475105591163093
            ],
            [
              93.2843968201475,
              23.47528096863991
            ],
            [
              93.28417867965643,
              23.47547867965644
            ],
            [
              93.28398096863991,
              23.47569682014751
            ],
            [
              93.28380559116309,
              23.47593328930094
            ],
            [
              93.28365423620696,
              23.47618580978952
            ],
            [
              93.28352836140246,
              23.476451949702902
            ],
            [
              93.2834291789928,
              23.476729145968235
            ],
            [
              93.28335764415878,
              23.47701472903395
            ],
            [
              93.28331444581998,
              23.47730594857901
            ],
            [
              93.2833,
              23.4776
            ],
            [
              93.28331444581998,
              23.47789405142099
            ],
            [
              93.28335764415878,
              23.478185270966048
            ],
            [
              93.2834291789928,
              23.478470854031762
            ],
            [
              93.28352836140246,
              23.478748050297096
            ],
            [
              93.28365423620696,
              23.479014190210478
            ],
            [
              93.28380559116309,
              23.479266710699058
            ],
            [
              93.28398096863991,
              23.47950317985249
            ],
            [
              93.28417867965643,
              23.479721320343558
            ],
            [
              93.2843968201475,
              23.479919031360087
            ],
            [
              93.28463328930094,
              23.480094408836905
            ],
            [
              93.28488580978951,
              23.480245763793043
            ],
            [
              93.28515194970291,
              23.480371638597532
            ],
            [
              93.28542914596824,
              23.480470821007195
            ],
            [
              93.28571472903396,
              23.48054235584121
            ],
            [
              93.286005948579,
              23.480585554180017
            ],
            [
              93.2863,
              23.4806
            ],
            [
              93.28659405142099,
              23.480585554180017
            ],
            [
              93.28688527096604,
              23.48054235584121
            ],
            [
              93.28717085403176,
              23.480470821007195
            ],
            [
              93.28744805029709,
              23.480371638597532
            ],
            [
              93.28771419021048,
              23.480245763793043
            ],
            [
              93.28796671069905,
              23.480094408836905
            ],
            [
              93.28820317985249,
              23.479919031360087
            ],
            [
              93.28842132034356,
              23.479721320343558
            ],
            [
              93.28861903136008,
              23.47950317985249
            ],
            [
              93.2887944088369,
              23.479266710699058
            ],
            [
              93.28894576379304,
              23.479014190210478
            ],
            [
              93.28907163859753,
              23.478748050297096
            ],
            [
              93.28917082100719,
              23.478470854031762
            ],
            [
              93.28924235584121,
              23.478185270966048
            ],
            [
              93.28928555418001,
              23.47789405142099
            ],
            [
              93.2893,
              23.4776
            ]
          ]
        ]
      }
    },
    {
      "type": "Feature",
      "properties": {
        "landslide_id": "UNKNOWN_ID",
        "zone_name": "Landslide Zone (Champhai)",
        "state": "Mizoram",
        "district": "Champhai",
        "hazard_type": "LANDSLIDE",
        "risk_level": "HIGH",
        "historical_event_count": 1
      },
      "geometry": {
        "type": "Polygon",
        "coordinates": [
          [
            [
              93.2922,
              23.4745
            ],
            [
              93.29218555418001,
              23.47420594857901
            ],
            [
              93.29214235584121,
              23.47391472903395
            ],
            [
              93.29207082100719,
              23.473629145968236
            ],
            [
              93.29197163859753,
              23.473351949702902
            ],
            [
              93.29184576379303,
              23.47308580978952
            ],
            [
              93.2916944088369,
              23.47283328930094
            ],
            [
              93.29151903136008,
              23.47259682014751
            ],
            [
              93.29132132034356,
              23.47237867965644
            ],
            [
              93.29110317985248,
              23.47218096863991
            ],
            [
              93.29086671069905,
              23.472005591163093
            ],
            [
              93.29061419021048,
              23.471854236206955
            ],
            [
              93.29034805029708,
              23.471728361402466
            ],
            [
              93.29007085403175,
              23.471629178992803
            ],
            [
              93.28978527096604,
              23.47155764415879
            ],
            [
              93.28949405142099,
              23.47151444581998
            ],
            [
              93.2892,
              23.4715
            ],
            [
              93.288905948579,
              23.47151444581998
            ],
            [
              93.28861472903395,
              23.47155764415879
            ],
            [
              93.28832914596823,
              23.471629178992803
            ],
            [
              93.2880519497029,
              23.471728361402466
            ],
            [
              93.28778580978951,
              23.471854236206955
            ],
            [
              93.28753328930094,
              23.472005591163093
            ],
            [
              93.2872968201475,
              23.47218096863991
            ],
            [
              93.28707867965643,
              23.47237867965644
            ],
            [
              93.2868809686399,
              23.47259682014751
            ],
            [
              93.28670559116308,
              23.47283328930094
            ],
            [
              93.28655423620695,
              23.47308580978952
            ],
            [
              93.28642836140246,
              23.473351949702902
            ],
            [
              93.2863291789928,
              23.473629145968236
            ],
            [
              93.28625764415878,
              23.47391472903395
            ],
            [
              93.28621444581998,
              23.47420594857901
            ],
            [
              93.2862,
              23.4745
            ],
            [
              93.28621444581998,
              23.47479405142099
            ],
            [
              93.28625764415878,
              23.475085270966048
            ],
            [
              93.2863291789928,
              23.475370854031762
            ],
            [
              93.28642836140246,
              23.475648050297096
            ],
            [
              93.28655423620695,
              23.475914190210478
            ],
            [
              93.28670559116308,
              23.476166710699058
            ],
            [
              93.2868809686399,
              23.47640317985249
            ],
            [
              93.28707867965643,
              23.476621320343558
            ],
            [
              93.2872968201475,
              23.476819031360087
            ],
            [
              93.28753328930094,
              23.476994408836905
            ],
            [
              93.28778580978951,
              23.477145763793043
            ],
            [
              93.2880519497029,
              23.477271638597532
            ],
            [
              93.28832914596823,
              23.477370821007195
            ],
            [
              93.28861472903395,
              23.47744235584121
            ],
            [
              93.288905948579,
              23.477485554180017
            ],
            [
              93.2892,
              23.4775
            ],
            [
              93.28949405142099,
              23.477485554180017
            ],
            [
              93.28978527096604,
              23.47744235584121
            ],
            [
              93.29007085403175,
              23.477370821007195
            ],
            [
              93.29034805029708,
              23.477271638597532
            ],
            [
              93.29061419021048,
              23.477145763793043
            ],
            [
              93.29086671069905,
              23.476994408836905
            ],
            [
              93.29110317985248,
              23.476819031360087
            ],
            [
              93.29132132034356,
              23.476621320343558
            ],
            [
              93.29151903136008,
              23.47640317985249
            ],
            [
              93.2916944088369,
              23.476166710699058
            ],
            [
              93.29184576379303,
              23.475914190210478
            ],
            [
              93.29197163859753,
              23.475648050297096
            ],
            [
              93.29207082100719,
              23.475370854031762
            ],
            [
              93.29214235584121,
              23.475085270966048
            ],
            [
              93.29218555418001,
              23.47479405142099
            ],
            [
              93.2922,
              23.4745
            ]
          ]
        ]
      }
    },
    {
      "type": "Feature",
      "properties": {
        "landslide_id": "UNKNOWN_ID",
        "zone_name": "Landslide Zone (Champhai)",
        "state": "Mizoram",
        "district": "Champhai",
        "hazard_type": "LANDSLIDE",
        "risk_level": "HIGH",
        "historical_event_count": 1
      },
      "geometry": {
        "type": "Polygon",
        "coordinates": [
          [
            [
              93.2958,
              23.475
            ],
            [
              93.29578555418001,
              23.47470594857901
            ],
            [
              93.29574235584121,
              23.474414729033953
            ],
            [
              93.29567082100719,
              23.474129145968238
            ],
            [
              93.29557163859754,
              23.473851949702905
            ],
            [
              93.29544576379304,
              23.473585809789522
            ],
            [
              93.29529440883691,
              23.473333289300943
            ],
            [
              93.29511903136009,
              23.47309682014751
            ],
            [
              93.29492132034356,
              23.472878679656443
            ],
            [
              93.29470317985249,
              23.472680968639914
            ],
            [
              93.29446671069906,
              23.472505591163095
            ],
            [
              93.29421419021048,
              23.472354236206957
            ],
            [
              93.29394805029709,
              23.47222836140247
            ],
            [
              93.29367085403176,
              23.472129178992805
            ],
            [
              93.29338527096604,
              23.47205764415879
            ],
            [
              93.293094051421,
              23.472014445819983
            ],
            [
              93.2928,
              23.472
            ],
            [
              93.292505948579,
              23.472014445819983
            ],
            [
              93.29221472903396,
              23.47205764415879
            ],
            [
              93.29192914596824,
              23.472129178992805
            ],
            [
              93.29165194970291,
              23.47222836140247
            ],
            [
              93.29138580978952,
              23.472354236206957
            ],
            [
              93.29113328930094,
              23.472505591163095
            ],
            [
              93.29089682014751,
              23.472680968639914
            ],
            [
              93.29067867965644,
              23.472878679656443
            ],
            [
              93.29048096863991,
              23.47309682014751
            ],
            [
              93.29030559116309,
              23.473333289300943
            ],
            [
              93.29015423620696,
              23.473585809789522
            ],
            [
              93.29002836140246,
              23.473851949702905
            ],
            [
              93.28992917899281,
              23.474129145968238
            ],
            [
              93.28985764415879,
              23.474414729033953
            ],
            [
              93.28981444581999,
              23.47470594857901
            ],
            [
              93.2898,
              23.475
            ],
            [
              93.28981444581999,
              23.475294051420992
            ],
            [
              93.28985764415879,
              23.47558527096605
            ],
            [
              93.28992917899281,
              23.475870854031765
            ],
            [
              93.29002836140246,
              23.4761480502971
            ],
            [
              93.29015423620696,
              23.47641419021048
            ],
            [
              93.29030559116309,
              23.47666671069906
            ],
            [
              93.29048096863991,
              23.476903179852492
            ],
            [
              93.29067867965644,
              23.47712132034356
            ],
            [
              93.29089682014751,
              23.47731903136009
            ],
            [
              93.29113328930094,
              23.477494408836908
            ],
            [
              93.29138580978952,
              23.477645763793046
            ],
            [
              93.29165194970291,
              23.477771638597535
            ],
            [
              93.29192914596824,
              23.477870821007198
            ],
            [
              93.29221472903396,
              23.47794235584121
            ],
            [
              93.292505948579,
              23.47798555418002
            ],
            [
              93.2928,
              23.478
            ],
            [
              93.293094051421,
              23.47798555418002
            ],
            [
              93.29338527096604,
              23.47794235584121
            ],
            [
              93.29367085403176,
              23.477870821007198
            ],
            [
              93.29394805029709,
              23.477771638597535
            ],
            [
              93.29421419021048,
              23.477645763793046
            ],
            [
              93.29446671069906,
              23.477494408836908
            ],
            [
              93.29470317985249,
              23.47731903136009
            ],
            [
              93.29492132034356,
              23.47712132034356
            ],
            [
              93.29511903136009,
              23.476903179852492
            ],
            [
              93.29529440883691,
              23.47666671069906
            ],
            [
              93.29544576379304,
              23.47641419021048
            ],
            [
              93.29557163859754,
              23.4761480502971
            ],
            [
              93.29567082100719,
              23.475870854031765
            ],
            [
              93.29574235584121,
              23.47558527096605
            ],
            [
              93.29578555418001,
              23.475294051420992
            ],
            [
              93.2958,
              23.475
            ]
          ]
        ]
      }
    },
    {
      "type": "Feature",
      "properties": {
        "landslide_id": "UNKNOWN_ID",
        "zone_name": "Landslide Zone (Champhai)",
        "state": "Mizoram",
        "district": "Champhai",
        "hazard_type": "LANDSLIDE",
        "risk_level": "HIGH",
        "historical_event_count": 1
      },
      "geometry": {
        "type": "Polygon",
        "coordinates": [
          [
            [
              93.2955,
              23.4717
            ],
            [
              93.29548555418002,
              23.471405948579008
            ],
            [
              93.29544235584122,
              23.47111472903395
            ],
            [
              93.2953708210072,
              23.470829145968235
            ],
            [
              93.29527163859754,
              23.4705519497029
            ],
            [
              93.29514576379304,
              23.47028580978952
            ],
            [
              93.29499440883691,
              23.47003328930094
            ],
            [
              93.29481903136009,
              23.469796820147508
            ],
            [
              93.29462132034357,
              23.46957867965644
            ],
            [
              93.2944031798525,
              23.46938096863991
            ],
            [
              93.29416671069906,
              23.469205591163092
            ],
            [
              93.29391419021049,
              23.469054236206954
            ],
            [
              93.2936480502971,
              23.468928361402465
            ],
            [
              93.29337085403176,
              23.468829178992802
            ],
            [
              93.29308527096605,
              23.46875764415879
            ],
            [
              93.292794051421,
              23.46871444581998
            ],
            [
              93.2925,
              23.4687
            ],
            [
              93.29220594857901,
              23.46871444581998
            ],
            [
              93.29191472903396,
              23.46875764415879
            ],
            [
              93.29162914596824,
              23.468829178992802
            ],
            [
              93.29135194970291,
              23.468928361402465
            ],
            [
              93.29108580978952,
              23.469054236206954
            ],
            [
              93.29083328930095,
              23.469205591163092
            ],
            [
              93.29059682014751,
              23.46938096863991
            ],
            [
              93.29037867965644,
              23.46957867965644
            ],
            [
              93.29018096863992,
              23.469796820147508
            ],
            [
              93.2900055911631,
              23.47003328930094
            ],
            [
              93.28985423620696,
              23.47028580978952
            ],
            [
              93.28972836140247,
              23.4705519497029
            ],
            [
              93.28962917899281,
              23.470829145968235
            ],
            [
              93.28955764415879,
              23.47111472903395
            ],
            [
              93.28951444581999,
              23.471405948579008
            ],
            [
              93.2895,
              23.4717
            ],
            [
              93.28951444581999,
              23.47199405142099
            ],
            [
              93.28955764415879,
              23.472285270966047
            ],
            [
              93.28962917899281,
              23.472570854031762
            ],
            [
              93.28972836140247,
              23.472848050297095
            ],
            [
              93.28985423620696,
              23.473114190210477
            ],
            [
              93.2900055911631,
              23.473366710699057
            ],
            [
              93.29018096863992,
              23.47360317985249
            ],
            [
              93.29037867965644,
              23.473821320343557
            ],
            [
              93.29059682014751,
              23.474019031360086
            ],
            [
              93.29083328930095,
              23.474194408836905
            ],
            [
              93.29108580978952,
              23.474345763793043
            ],
            [
              93.29135194970291,
              23.47447163859753
            ],
            [
              93.29162914596824,
              23.474570821007195
            ],
            [
              93.29191472903396,
              23.47464235584121
            ],
            [
              93.29220594857901,
              23.474685554180017
            ],
            [
              93.2925,
              23.4747
            ],
            [
              93.292794051421,
              23.474685554180017
            ],
            [
              93.29308527096605,
              23.47464235584121
            ],
            [
              93.29337085403176,
              23.474570821007195
            ],
            [
              93.2936480502971,
              23.47447163859753
            ],
            [
              93.29391419021049,
              23.474345763793043
            ],
            [
              93.29416671069906,
              23.474194408836905
            ],
            [
              93.2944031798525,
              23.474019031360086
            ],
            [
              93.29462132034357,
              23.473821320343557
            ],
            [
              93.29481903136009,
              23.47360317985249
            ],
            [
              93.29499440883691,
              23.473366710699057
            ],
            [
              93.29514576379304,
              23.473114190210477
            ],
            [
              93.29527163859754,
              23.472848050297095
            ],
            [
              93.2953708210072,
              23.472570854031762
            ],
            [
              93.29544235584122,
              23.472285270966047
            ],
            [
              93.29548555418002,
              23.47199405142099
            ],
            [
              93.2955,
              23.4717
            ]
          ]
        ]
      }
    },
    {
      "type": "Feature",
      "properties": {
        "landslide_id": "UNKNOWN_ID",
        "zone_name": "Landslide Zone (Champhai)",
        "state": "Mizoram",
        "district": "Champhai",
        "hazard_type": "LANDSLIDE",
        "risk_level": "HIGH",
        "historical_event_count": 1
      },
      "geometry": {
        "type": "Polygon",
        "coordinates": [
          [
            [
              93.303,
              23.4697
            ],
            [
              93.30298555418001,
              23.46940594857901
            ],
            [
              93.30294235584121,
              23.46911472903395
            ],
            [
              93.30287082100719,
              23.468829145968236
            ],
            [
              93.30277163859753,
              23.468551949702903
            ],
            [
              93.30264576379304,
              23.46828580978952
            ],
            [
              93.3024944088369,
              23.46803328930094
            ],
            [
              93.30231903136008,
              23.46779682014751
            ],
            [
              93.30212132034356,
              23.46757867965644
            ],
            [
              93.30190317985249,
              23.46738096863991
            ],
            [
              93.30166671069905,
              23.467205591163093
            ],
            [
              93.30141419021048,
              23.467054236206955
            ],
            [
              93.30114805029709,
              23.466928361402466
            ],
            [
              93.30087085403176,
              23.466829178992803
            ],
            [
              93.30058527096604,
              23.46675764415879
            ],
            [
              93.30029405142099,
              23.46671444581998
            ],
            [
              93.3,
              23.4667
            ],
            [
              93.299705948579,
              23.46671444581998
            ],
            [
              93.29941472903396,
              23.46675764415879
            ],
            [
              93.29912914596824,
              23.466829178992803
            ],
            [
              93.29885194970291,
              23.466928361402466
            ],
            [
              93.29858580978951,
              23.467054236206955
            ],
            [
              93.29833328930094,
              23.467205591163093
            ],
            [
              93.2980968201475,
              23.46738096863991
            ],
            [
              93.29787867965643,
              23.46757867965644
            ],
            [
              93.29768096863991,
              23.46779682014751
            ],
            [
              93.29750559116309,
              23.46803328930094
            ],
            [
              93.29735423620696,
              23.46828580978952
            ],
            [
              93.29722836140246,
              23.468551949702903
            ],
            [
              93.2971291789928,
              23.468829145968236
            ],
            [
              93.29705764415878,
              23.46911472903395
            ],
            [
              93.29701444581998,
              23.46940594857901
            ],
            [
              93.297,
              23.4697
            ],
            [
              93.29701444581998,
              23.46999405142099
            ],
            [
              93.29705764415878,
              23.47028527096605
            ],
            [
              93.2971291789928,
              23.470570854031763
            ],
            [
              93.29722836140246,
              23.470848050297096
            ],
            [
              93.29735423620696,
              23.47111419021048
            ],
            [
              93.29750559116309,
              23.47136671069906
            ],
            [
              93.29768096863991,
              23.47160317985249
            ],
            [
              93.29787867965643,
              23.471821320343558
            ],
            [
              93.2980968201475,
              23.472019031360087
            ],
            [
              93.29833328930094,
              23.472194408836906
            ],
            [
              93.29858580978951,
              23.472345763793044
            ],
            [
              93.29885194970291,
              23.472471638597533
            ],
            [
              93.29912914596824,
              23.472570821007196
            ],
            [
              93.29941472903396,
              23.47264235584121
            ],
            [
              93.299705948579,
              23.472685554180018
            ],
            [
              93.3,
              23.4727
            ],
            [
              93.30029405142099,
              23.472685554180018
            ],
            [
              93.30058527096604,
              23.47264235584121
            ],
            [
              93.30087085403176,
              23.472570821007196
            ],
            [
              93.30114805029709,
              23.472471638597533
            ],
            [
              93.30141419021048,
              23.472345763793044
            ],
            [
              93.30166671069905,
              23.472194408836906
            ],
            [
              93.30190317985249,
              23.472019031360087
            ],
            [
              93.30212132034356,
              23.471821320343558
            ],
            [
              93.30231903136008,
              23.47160317985249
            ],
            [
              93.3024944088369,
              23.47136671069906
            ],
            [
              93.30264576379304,
              23.47111419021048
            ],
            [
              93.30277163859753,
              23.470848050297096
            ],
            [
              93.30287082100719,
              23.470570854031763
            ],
            [
              93.30294235584121,
              23.47028527096605
            ],
            [
              93.30298555418001,
              23.46999405142099
            ],
            [
              93.303,
              23.4697
            ]
          ]
        ]
      }
    },
    {
      "type": "Feature",
      "properties": {
        "landslide_id": "UNKNOWN_ID",
        "zone_name": "Landslide Zone (Champhai)",
        "state": "Mizoram",
        "district": "Champhai",
        "hazard_type": "LANDSLIDE",
        "risk_level": "HIGH",
        "historical_event_count": 1
      },
      "geometry": {
        "type": "Polygon",
        "coordinates": [
          [
            [
              93.3036,
              23.4694
            ],
            [
              93.30358555418002,
              23.46910594857901
            ],
            [
              93.30354235584122,
              23.46881472903395
            ],
            [
              93.3034708210072,
              23.468529145968237
            ],
            [
              93.30337163859754,
              23.468251949702903
            ],
            [
              93.30324576379304,
              23.46798580978952
            ],
            [
              93.30309440883691,
              23.46773328930094
            ],
            [
              93.30291903136009,
              23.46749682014751
            ],
            [
              93.30272132034357,
              23.46727867965644
            ],
            [
              93.3025031798525,
              23.467080968639912
            ],
            [
              93.30226671069906,
              23.466905591163094
            ],
            [
              93.30201419021049,
              23.466754236206956
            ],
            [
              93.30174805029709,
              23.466628361402467
            ],
            [
              93.30147085403176,
              23.466529178992804
            ],
            [
              93.30118527096604,
              23.46645764415879
            ],
            [
              93.300894051421,
              23.466414445819982
            ],
            [
              93.3006,
              23.4664
            ],
            [
              93.30030594857901,
              23.466414445819982
            ],
            [
              93.30001472903396,
              23.46645764415879
            ],
            [
              93.29972914596824,
              23.466529178992804
            ],
            [
              93.29945194970291,
              23.466628361402467
            ],
            [
              93.29918580978952,
              23.466754236206956
            ],
            [
              93.29893328930095,
              23.466905591163094
            ],
            [
              93.29869682014751,
              23.467080968639912
            ],
            [
              93.29847867965644,
              23.46727867965644
            ],
            [
              93.29828096863992,
              23.46749682014751
            ],
            [
              93.2981055911631,
              23.46773328930094
            ],
            [
              93.29795423620696,
              23.46798580978952
            ],
            [
              93.29782836140247,
              23.468251949702903
            ],
            [
              93.29772917899281,
              23.468529145968237
            ],
            [
              93.29765764415879,
              23.46881472903395
            ],
            [
              93.29761444581999,
              23.46910594857901
            ],
            [
              93.2976,
              23.4694
            ],
            [
              93.29761444581999,
              23.46969405142099
            ],
            [
              93.29765764415879,
              23.46998527096605
            ],
            [
              93.29772917899281,
              23.470270854031764
            ],
            [
              93.29782836140247,
              23.470548050297097
            ],
            [
              93.29795423620696,
              23.47081419021048
            ],
            [
              93.2981055911631,
              23.47106671069906
            ],
            [
              93.29828096863992,
              23.47130317985249
            ],
            [
              93.29847867965644,
              23.47152132034356
            ],
            [
              93.29869682014751,
              23.471719031360088
            ],
            [
              93.29893328930095,
              23.471894408836906
            ],
            [
              93.29918580978952,
              23.472045763793044
            ],
            [
              93.29945194970291,
              23.472171638597533
            ],
            [
              93.29972914596824,
              23.472270821007196
            ],
            [
              93.30001472903396,
              23.47234235584121
            ],
            [
              93.30030594857901,
              23.47238555418002
            ],
            [
              93.3006,
              23.4724
            ],
            [
              93.300894051421,
              23.47238555418002
            ],
            [
              93.30118527096604,
              23.47234235584121
            ],
            [
              93.30147085403176,
              23.472270821007196
            ],
            [
              93.30174805029709,
              23.472171638597533
            ],
            [
              93.30201419021049,
              23.472045763793044
            ],
            [
              93.30226671069906,
              23.471894408836906
            ],
            [
              93.3025031798525,
              23.471719031360088
            ],
            [
              93.30272132034357,
              23.47152132034356
            ],
            [
              93.30291903136009,
              23.47130317985249
            ],
            [
              93.30309440883691,
              23.47106671069906
            ],
            [
              93.30324576379304,
              23.47081419021048
            ],
            [
              93.30337163859754,
              23.470548050297097
            ],
            [
              93.3034708210072,
              23.470270854031764
            ],
            [
              93.30354235584122,
              23.46998527096605
            ],
            [
              93.30358555418002,
              23.46969405142099
            ],
            [
              93.3036,
              23.4694
            ]
          ]
        ]
      }
    },
    {
      "type": "Feature",
      "properties": {
        "landslide_id": "UNKNOWN_ID",
        "zone_name": "Landslide Zone (Champhai)",
        "state": "Mizoram",
        "district": "Champhai",
        "hazard_type": "LANDSLIDE",
        "risk_level": "HIGH",
        "historical_event_count": 1
      },
      "geometry": {
        "type": "Polygon",
        "coordinates": [
          [
            [
              93.3031,
              23.4694
            ],
            [
              93.30308555418002,
              23.46910594857901
            ],
            [
              93.30304235584121,
              23.46881472903395
            ],
            [
              93.3029708210072,
              23.468529145968237
            ],
            [
              93.30287163859754,
              23.468251949702903
            ],
            [
              93.30274576379304,
              23.46798580978952
            ],
            [
              93.30259440883691,
              23.46773328930094
            ],
            [
              93.30241903136009,
              23.46749682014751
            ],
            [
              93.30222132034356,
              23.46727867965644
            ],
            [
              93.30200317985249,
              23.467080968639912
            ],
            [
              93.30176671069906,
              23.466905591163094
            ],
            [
              93.30151419021048,
              23.466754236206956
            ],
            [
              93.30124805029709,
              23.466628361402467
            ],
            [
              93.30097085403176,
              23.466529178992804
            ],
            [
              93.30068527096604,
              23.46645764415879
            ],
            [
              93.300394051421,
              23.466414445819982
            ],
            [
              93.3001,
              23.4664
            ],
            [
              93.299805948579,
              23.466414445819982
            ],
            [
              93.29951472903396,
              23.46645764415879
            ],
            [
              93.29922914596824,
              23.466529178992804
            ],
            [
              93.29895194970291,
              23.466628361402467
            ],
            [
              93.29868580978952,
              23.466754236206956
            ],
            [
              93.29843328930095,
              23.466905591163094
            ],
            [
              93.29819682014751,
              23.467080968639912
            ],
            [
              93.29797867965644,
              23.46727867965644
            ],
            [
              93.29778096863991,
              23.46749682014751
            ],
            [
              93.29760559116309,
              23.46773328930094
            ],
            [
              93.29745423620696,
              23.46798580978952
            ],
            [
              93.29732836140246,
              23.468251949702903
            ],
            [
              93.29722917899281,
              23.468529145968237
            ],
            [
              93.29715764415879,
              23.46881472903395
            ],
            [
              93.29711444581999,
              23.46910594857901
            ],
            [
              93.2971,
              23.4694
            ],
            [
              93.29711444581999,
              23.46969405142099
            ],
            [
              93.29715764415879,
              23.46998527096605
            ],
            [
              93.29722917899281,
              23.470270854031764
            ],
            [
              93.29732836140246,
              23.470548050297097
            ],
            [
              93.29745423620696,
              23.47081419021048
            ],
            [
              93.29760559116309,
              23.47106671069906
            ],
            [
              93.29778096863991,
              23.47130317985249
            ],
            [
              93.29797867965644,
              23.47152132034356
            ],
            [
              93.29819682014751,
              23.471719031360088
            ],
            [
              93.29843328930095,
              23.471894408836906
            ],
            [
              93.29868580978952,
              23.472045763793044
            ],
            [
              93.29895194970291,
              23.472171638597533
            ],
            [
              93.29922914596824,
              23.472270821007196
            ],
            [
              93.29951472903396,
              23.47234235584121
            ],
            [
              93.299805948579,
              23.47238555418002
            ],
            [
              93.3001,
              23.4724
            ],
            [
              93.300394051421,
              23.47238555418002
            ],
            [
              93.30068527096604,
              23.47234235584121
            ],
            [
              93.30097085403176,
              23.472270821007196
            ],
            [
              93.30124805029709,
              23.472171638597533
            ],
            [
              93.30151419021048,
              23.472045763793044
            ],
            [
              93.30176671069906,
              23.471894408836906
            ],
            [
              93.30200317985249,
              23.471719031360088
            ],
            [
              93.30222132034356,
              23.47152132034356
            ],
            [
              93.30241903136009,
              23.47130317985249
            ],
            [
              93.30259440883691,
              23.47106671069906
            ],
            [
              93.30274576379304,
              23.47081419021048
            ],
            [
              93.30287163859754,
              23.470548050297097
            ],
            [
              93.3029708210072,
              23.470270854031764
            ],
            [
              93.30304235584121,
              23.46998527096605
            ],
            [
              93.30308555418002,
              23.46969405142099
            ],
            [
              93.3031,
              23.4694
            ]
          ]
        ]
      }
    },
    {
      "type": "Feature",
      "properties": {
        "landslide_id": "UNKNOWN_ID",
        "zone_name": "Landslide Zone (Champhai)",
        "state": "Mizoram",
        "district": "Champhai",
        "hazard_type": "LANDSLIDE",
        "risk_level": "HIGH",
        "historical_event_count": 1
      },
      "geometry": {
        "type": "Polygon",
        "coordinates": [
          [
            [
              93.3044,
              23.4686
            ],
            [
              93.30438555418002,
              23.468305948579008
            ],
            [
              93.30434235584121,
              23.46801472903395
            ],
            [
              93.3042708210072,
              23.467729145968235
            ],
            [
              93.30417163859754,
              23.4674519497029
            ],
            [
              93.30404576379304,
              23.46718580978952
            ],
            [
              93.30389440883691,
              23.46693328930094
            ],
            [
              93.30371903136009,
              23.466696820147508
            ],
            [
              93.30352132034356,
              23.46647867965644
            ],
            [
              93.30330317985249,
              23.46628096863991
            ],
            [
              93.30306671069906,
              23.466105591163092
            ],
            [
              93.30281419021048,
              23.465954236206954
            ],
            [
              93.30254805029709,
              23.465828361402465
            ],
            [
              93.30227085403176,
              23.465729178992802
            ],
            [
              93.30198527096604,
              23.46565764415879
            ],
            [
              93.301694051421,
              23.46561444581998
            ],
            [
              93.3014,
              23.4656
            ],
            [
              93.301105948579,
              23.46561444581998
            ],
            [
              93.30081472903396,
              23.46565764415879
            ],
            [
              93.30052914596824,
              23.465729178992802
            ],
            [
              93.30025194970291,
              23.465828361402465
            ],
            [
              93.29998580978952,
              23.465954236206954
            ],
            [
              93.29973328930095,
              23.466105591163092
            ],
            [
              93.29949682014751,
              23.46628096863991
            ],
            [
              93.29927867965644,
              23.46647867965644
            ],
            [
              93.29908096863991,
              23.466696820147508
            ],
            [
              93.29890559116309,
              23.46693328930094
            ],
            [
              93.29875423620696,
              23.46718580978952
            ],
            [
              93.29862836140246,
              23.4674519497029
            ],
            [
              93.29852917899281,
              23.467729145968235
            ],
            [
              93.29845764415879,
              23.46801472903395
            ],
            [
              93.29841444581999,
              23.468305948579008
            ],
            [
              93.2984,
              23.4686
            ],
            [
              93.29841444581999,
              23.46889405142099
            ],
            [
              93.29845764415879,
              23.469185270966047
            ],
            [
              93.29852917899281,
              23.469470854031762
            ],
            [
              93.29862836140246,
              23.469748050297095
            ],
            [
              93.29875423620696,
              23.470014190210478
            ],
            [
              93.29890559116309,
              23.470266710699057
            ],
            [
              93.29908096863991,
              23.47050317985249
            ],
            [
              93.29927867965644,
              23.470721320343557
            ],
            [
              93.29949682014751,
              23.470919031360086
            ],
            [
              93.29973328930095,
              23.471094408836905
            ],
            [
              93.29998580978952,
              23.471245763793043
            ],
            [
              93.30025194970291,
              23.47137163859753
            ],
            [
              93.30052914596824,
              23.471470821007195
            ],
            [
              93.30081472903396,
              23.47154235584121
            ],
            [
              93.301105948579,
              23.471585554180017
            ],
            [
              93.3014,
              23.4716
            ],
            [
              93.301694051421,
              23.471585554180017
            ],
            [
              93.30198527096604,
              23.47154235584121
            ],
            [
              93.30227085403176,
              23.471470821007195
            ],
            [
              93.30254805029709,
              23.47137163859753
            ],
            [
              93.30281419021048,
              23.471245763793043
            ],
            [
              93.30306671069906,
              23.471094408836905
            ],
            [
              93.30330317985249,
              23.470919031360086
            ],
            [
              93.30352132034356,
              23.470721320343557
            ],
            [
              93.30371903136009,
              23.47050317985249
            ],
            [
              93.30389440883691,
              23.470266710699057
            ],
            [
              93.30404576379304,
              23.470014190210478
            ],
            [
              93.30417163859754,
              23.469748050297095
            ],
            [
              93.3042708210072,
              23.469470854031762
            ],
            [
              93.30434235584121,
              23.469185270966047
            ],
            [
              93.30438555418002,
              23.46889405142099
            ],
            [
              93.3044,
              23.4686
            ]
          ]
        ]
      }
    },
    {
      "type": "Feature",
      "properties": {
        "landslide_id": "UNKNOWN_ID",
        "zone_name": "Landslide Zone (Champhai)",
        "state": "Mizoram",
        "district": "Champhai",
        "hazard_type": "LANDSLIDE",
        "risk_level": "HIGH",
        "historical_event_count": 1
      },
      "geometry": {
        "type": "Polygon",
        "coordinates": [
          [
            [
              93.3077,
              23.4684
            ],
            [
              93.30768555418001,
              23.46810594857901
            ],
            [
              93.30764235584121,
              23.46781472903395
            ],
            [
              93.30757082100719,
              23.467529145968236
            ],
            [
              93.30747163859753,
              23.467251949702902
            ],
            [
              93.30734576379304,
              23.46698580978952
            ],
            [
              93.3071944088369,
              23.46673328930094
            ],
            [
              93.30701903136008,
              23.46649682014751
            ],
            [
              93.30682132034356,
              23.46627867965644
            ],
            [
              93.30660317985249,
              23.46608096863991
            ],
            [
              93.30636671069905,
              23.465905591163093
            ],
            [
              93.30611419021048,
              23.465754236206955
            ],
            [
              93.30584805029709,
              23.465628361402466
            ],
            [
              93.30557085403176,
              23.465529178992803
            ],
            [
              93.30528527096604,
              23.46545764415879
            ],
            [
              93.30499405142099,
              23.46541444581998
            ],
            [
              93.3047,
              23.4654
            ],
            [
              93.304405948579,
              23.46541444581998
            ],
            [
              93.30411472903396,
              23.46545764415879
            ],
            [
              93.30382914596824,
              23.465529178992803
            ],
            [
              93.30355194970291,
              23.465628361402466
            ],
            [
              93.30328580978951,
              23.465754236206955
            ],
            [
              93.30303328930094,
              23.465905591163093
            ],
            [
              93.3027968201475,
              23.46608096863991
            ],
            [
              93.30257867965643,
              23.46627867965644
            ],
            [
              93.30238096863991,
              23.46649682014751
            ],
            [
              93.30220559116309,
              23.46673328930094
            ],
            [
              93.30205423620696,
              23.46698580978952
            ],
            [
              93.30192836140246,
              23.467251949702902
            ],
            [
              93.3018291789928,
              23.467529145968236
            ],
            [
              93.30175764415878,
              23.46781472903395
            ],
            [
              93.30171444581998,
              23.46810594857901
            ],
            [
              93.3017,
              23.4684
            ],
            [
              93.30171444581998,
              23.46869405142099
            ],
            [
              93.30175764415878,
              23.468985270966048
            ],
            [
              93.3018291789928,
              23.469270854031762
            ],
            [
              93.30192836140246,
              23.469548050297096
            ],
            [
              93.30205423620696,
              23.469814190210478
            ],
            [
              93.30220559116309,
              23.470066710699058
            ],
            [
              93.30238096863991,
              23.47030317985249
            ],
            [
              93.30257867965643,
              23.470521320343558
            ],
            [
              93.3027968201475,
              23.470719031360087
            ],
            [
              93.30303328930094,
              23.470894408836905
            ],
            [
              93.30328580978951,
              23.471045763793043
            ],
            [
              93.30355194970291,
              23.471171638597532
            ],
            [
              93.30382914596824,
              23.471270821007195
            ],
            [
              93.30411472903396,
              23.47134235584121
            ],
            [
              93.304405948579,
              23.471385554180017
            ],
            [
              93.3047,
              23.4714
            ],
            [
              93.30499405142099,
              23.471385554180017
            ],
            [
              93.30528527096604,
              23.47134235584121
            ],
            [
              93.30557085403176,
              23.471270821007195
            ],
            [
              93.30584805029709,
              23.471171638597532
            ],
            [
              93.30611419021048,
              23.471045763793043
            ],
            [
              93.30636671069905,
              23.470894408836905
            ],
            [
              93.30660317985249,
              23.470719031360087
            ],
            [
              93.30682132034356,
              23.470521320343558
            ],
            [
              93.30701903136008,
              23.47030317985249
            ],
            [
              93.3071944088369,
              23.470066710699058
            ],
            [
              93.30734576379304,
              23.469814190210478
            ],
            [
              93.30747163859753,
              23.469548050297096
            ],
            [
              93.30757082100719,
              23.469270854031762
            ],
            [
              93.30764235584121,
              23.468985270966048
            ],
            [
              93.30768555418001,
              23.46869405142099
            ],
            [
              93.3077,
              23.4684
            ]
          ]
        ]
      }
    },
    {
      "type": "Feature",
      "properties": {
        "landslide_id": "UNKNOWN_ID",
        "zone_name": "Landslide Zone (Champhai)",
        "state": "Mizoram",
        "district": "Champhai",
        "hazard_type": "LANDSLIDE",
        "risk_level": "HIGH",
        "historical_event_count": 1
      },
      "geometry": {
        "type": "Polygon",
        "coordinates": [
          [
            [
              93.3086,
              23.4686
            ],
            [
              93.30858555418001,
              23.468305948579008
            ],
            [
              93.30854235584121,
              23.46801472903395
            ],
            [
              93.30847082100719,
              23.467729145968235
            ],
            [
              93.30837163859754,
              23.4674519497029
            ],
            [
              93.30824576379304,
              23.46718580978952
            ],
            [
              93.30809440883691,
              23.46693328930094
            ],
            [
              93.30791903136009,
              23.466696820147508
            ],
            [
              93.30772132034356,
              23.46647867965644
            ],
            [
              93.30750317985249,
              23.46628096863991
            ],
            [
              93.30726671069905,
              23.466105591163092
            ],
            [
              93.30701419021048,
              23.465954236206954
            ],
            [
              93.30674805029709,
              23.465828361402465
            ],
            [
              93.30647085403176,
              23.465729178992802
            ],
            [
              93.30618527096604,
              23.46565764415879
            ],
            [
              93.30589405142099,
              23.46561444581998
            ],
            [
              93.3056,
              23.4656
            ],
            [
              93.305305948579,
              23.46561444581998
            ],
            [
              93.30501472903396,
              23.46565764415879
            ],
            [
              93.30472914596824,
              23.465729178992802
            ],
            [
              93.30445194970291,
              23.465828361402465
            ],
            [
              93.30418580978952,
              23.465954236206954
            ],
            [
              93.30393328930094,
              23.466105591163092
            ],
            [
              93.30369682014751,
              23.46628096863991
            ],
            [
              93.30347867965644,
              23.46647867965644
            ],
            [
              93.30328096863991,
              23.466696820147508
            ],
            [
              93.30310559116309,
              23.46693328930094
            ],
            [
              93.30295423620696,
              23.46718580978952
            ],
            [
              93.30282836140246,
              23.4674519497029
            ],
            [
              93.3027291789928,
              23.467729145968235
            ],
            [
              93.30265764415878,
              23.46801472903395
            ],
            [
              93.30261444581998,
              23.468305948579008
            ],
            [
              93.3026,
              23.4686
            ],
            [
              93.30261444581998,
              23.46889405142099
            ],
            [
              93.30265764415878,
              23.469185270966047
            ],
            [
              93.3027291789928,
              23.469470854031762
            ],
            [
              93.30282836140246,
              23.469748050297095
            ],
            [
              93.30295423620696,
              23.470014190210478
            ],
            [
              93.30310559116309,
              23.470266710699057
            ],
            [
              93.30328096863991,
              23.47050317985249
            ],
            [
              93.30347867965644,
              23.470721320343557
            ],
            [
              93.30369682014751,
              23.470919031360086
            ],
            [
              93.30393328930094,
              23.471094408836905
            ],
            [
              93.30418580978952,
              23.471245763793043
            ],
            [
              93.30445194970291,
              23.47137163859753
            ],
            [
              93.30472914596824,
              23.471470821007195
            ],
            [
              93.30501472903396,
              23.47154235584121
            ],
            [
              93.305305948579,
              23.471585554180017
            ],
            [
              93.3056,
              23.4716
            ],
            [
              93.30589405142099,
              23.471585554180017
            ],
            [
              93.30618527096604,
              23.47154235584121
            ],
            [
              93.30647085403176,
              23.471470821007195
            ],
            [
              93.30674805029709,
              23.47137163859753
            ],
            [
              93.30701419021048,
              23.471245763793043
            ],
            [
              93.30726671069905,
              23.471094408836905
            ],
            [
              93.30750317985249,
              23.470919031360086
            ],
            [
              93.30772132034356,
              23.470721320343557
            ],
            [
              93.30791903136009,
              23.47050317985249
            ],
            [
              93.30809440883691,
              23.470266710699057
            ],
            [
              93.30824576379304,
              23.470014190210478
            ],
            [
              93.30837163859754,
              23.469748050297095
            ],
            [
              93.30847082100719,
              23.469470854031762
            ],
            [
              93.30854235584121,
              23.469185270966047
            ],
            [
              93.30858555418001,
              23.46889405142099
            ],
            [
              93.3086,
              23.4686
            ]
          ]
        ]
      }
    },
    {
      "type": "Feature",
      "properties": {
        "landslide_id": "UNKNOWN_ID",
        "zone_name": "Landslide Zone (Champhai)",
        "state": "Mizoram",
        "district": "Champhai",
        "hazard_type": "LANDSLIDE",
        "risk_level": "HIGH",
        "historical_event_count": 1
      },
      "geometry": {
        "type": "Polygon",
        "coordinates": [
          [
            [
              93.3159,
              23.4662
            ],
            [
              93.31588555418001,
              23.46590594857901
            ],
            [
              93.31584235584121,
              23.465614729033952
            ],
            [
              93.31577082100719,
              23.465329145968237
            ],
            [
              93.31567163859754,
              23.465051949702904
            ],
            [
              93.31554576379304,
              23.46478580978952
            ],
            [
              93.31539440883691,
              23.46453328930094
            ],
            [
              93.31521903136009,
              23.46429682014751
            ],
            [
              93.31502132034356,
              23.464078679656442
            ],
            [
              93.31480317985249,
              23.463880968639913
            ],
            [
              93.31456671069905,
              23.463705591163095
            ],
            [
              93.31431419021048,
              23.463554236206956
            ],
            [
              93.31404805029709,
              23.463428361402467
            ],
            [
              93.31377085403176,
              23.463329178992804
            ],
            [
              93.31348527096604,
              23.46325764415879
            ],
            [
              93.313194051421,
              23.463214445819983
            ],
            [
              93.3129,
              23.4632
            ],
            [
              93.312605948579,
              23.463214445819983
            ],
            [
              93.31231472903396,
              23.46325764415879
            ],
            [
              93.31202914596824,
              23.463329178992804
            ],
            [
              93.31175194970291,
              23.463428361402467
            ],
            [
              93.31148580978952,
              23.463554236206956
            ],
            [
              93.31123328930094,
              23.463705591163095
            ],
            [
              93.31099682014751,
              23.463880968639913
            ],
            [
              93.31077867965644,
              23.464078679656442
            ],
            [
              93.31058096863991,
              23.46429682014751
            ],
            [
              93.31040559116309,
              23.46453328930094
            ],
            [
              93.31025423620696,
              23.46478580978952
            ],
            [
              93.31012836140246,
              23.465051949702904
            ],
            [
              93.3100291789928,
              23.465329145968237
            ],
            [
              93.30995764415879,
              23.465614729033952
            ],
            [
              93.30991444581998,
              23.46590594857901
            ],
            [
              93.3099,
              23.4662
            ],
            [
              93.30991444581998,
              23.46649405142099
            ],
            [
              93.30995764415879,
              23.46678527096605
            ],
            [
              93.3100291789928,
              23.467070854031764
            ],
            [
              93.31012836140246,
              23.467348050297097
            ],
            [
              93.31025423620696,
              23.46761419021048
            ],
            [
              93.31040559116309,
              23.46786671069906
            ],
            [
              93.31058096863991,
              23.46810317985249
            ],
            [
              93.31077867965644,
              23.46832132034356
            ],
            [
              93.31099682014751,
              23.46851903136009
            ],
            [
              93.31123328930094,
              23.468694408836907
            ],
            [
              93.31148580978952,
              23.468845763793045
            ],
            [
              93.31175194970291,
              23.468971638597534
            ],
            [
              93.31202914596824,
              23.469070821007197
            ],
            [
              93.31231472903396,
              23.46914235584121
            ],
            [
              93.312605948579,
              23.46918555418002
            ],
            [
              93.3129,
              23.4692
            ],
            [
              93.313194051421,
              23.46918555418002
            ],
            [
              93.31348527096604,
              23.46914235584121
            ],
            [
              93.31377085403176,
              23.469070821007197
            ],
            [
              93.31404805029709,
              23.468971638597534
            ],
            [
              93.31431419021048,
              23.468845763793045
            ],
            [
              93.31456671069905,
              23.468694408836907
            ],
            [
              93.31480317985249,
              23.46851903136009
            ],
            [
              93.31502132034356,
              23.46832132034356
            ],
            [
              93.31521903136009,
              23.46810317985249
            ],
            [
              93.31539440883691,
              23.46786671069906
            ],
            [
              93.31554576379304,
              23.46761419021048
            ],
            [
              93.31567163859754,
              23.467348050297097
            ],
            [
              93.31577082100719,
              23.467070854031764
            ],
            [
              93.31584235584121,
              23.46678527096605
            ],
            [
              93.31588555418001,
              23.46649405142099
            ],
            [
              93.3159,
              23.4662
            ]
          ]
        ]
      }
    },
    {
      "type": "Feature",
      "properties": {
        "landslide_id": "UNKNOWN_ID",
        "zone_name": "Landslide Zone (Champhai)",
        "state": "Mizoram",
        "district": "Champhai",
        "hazard_type": "LANDSLIDE",
        "risk_level": "HIGH",
        "historical_event_count": 1
      },
      "geometry": {
        "type": "Polygon",
        "coordinates": [
          [
            [
              93.3488,
              23.4382
            ],
            [
              93.34878555418001,
              23.437905948579008
            ],
            [
              93.34874235584121,
              23.43761472903395
            ],
            [
              93.34867082100719,
              23.437329145968235
            ],
            [
              93.34857163859753,
              23.4370519497029
            ],
            [
              93.34844576379304,
              23.43678580978952
            ],
            [
              93.3482944088369,
              23.43653328930094
            ],
            [
              93.34811903136008,
              23.436296820147508
            ],
            [
              93.34792132034356,
              23.43607867965644
            ],
            [
              93.34770317985249,
              23.43588096863991
            ],
            [
              93.34746671069905,
              23.435705591163092
            ],
            [
              93.34721419021048,
              23.435554236206954
            ],
            [
              93.34694805029709,
              23.435428361402465
            ],
            [
              93.34667085403176,
              23.435329178992802
            ],
            [
              93.34638527096604,
              23.43525764415879
            ],
            [
              93.34609405142099,
              23.43521444581998
            ],
            [
              93.3458,
              23.4352
            ],
            [
              93.345505948579,
              23.43521444581998
            ],
            [
              93.34521472903396,
              23.43525764415879
            ],
            [
              93.34492914596824,
              23.435329178992802
            ],
            [
              93.34465194970291,
              23.435428361402465
            ],
            [
              93.34438580978951,
              23.435554236206954
            ],
            [
              93.34413328930094,
              23.435705591163092
            ],
            [
              93.3438968201475,
              23.43588096863991
            ],
            [
              93.34367867965643,
              23.43607867965644
            ],
            [
              93.34348096863991,
              23.436296820147508
            ],
            [
              93.34330559116309,
              23.43653328930094
            ],
            [
              93.34315423620696,
              23.43678580978952
            ],
            [
              93.34302836140246,
              23.4370519497029
            ],
            [
              93.3429291789928,
              23.437329145968235
            ],
            [
              93.34285764415878,
              23.43761472903395
            ],
            [
              93.34281444581998,
              23.437905948579008
            ],
            [
              93.3428,
              23.4382
            ],
            [
              93.34281444581998,
              23.43849405142099
            ],
            [
              93.34285764415878,
              23.438785270966047
            ],
            [
              93.3429291789928,
              23.439070854031762
            ],
            [
              93.34302836140246,
              23.439348050297095
            ],
            [
              93.34315423620696,
              23.439614190210477
            ],
            [
              93.34330559116309,
              23.439866710699057
            ],
            [
              93.34348096863991,
              23.44010317985249
            ],
            [
              93.34367867965643,
              23.440321320343557
            ],
            [
              93.3438968201475,
              23.440519031360086
            ],
            [
              93.34413328930094,
              23.440694408836904
            ],
            [
              93.34438580978951,
              23.440845763793043
            ],
            [
              93.34465194970291,
              23.44097163859753
            ],
            [
              93.34492914596824,
              23.441070821007195
            ],
            [
              93.34521472903396,
              23.441142355841208
            ],
            [
              93.345505948579,
              23.441185554180016
            ],
            [
              93.3458,
              23.4412
            ],
            [
              93.34609405142099,
              23.441185554180016
            ],
            [
              93.34638527096604,
              23.441142355841208
            ],
            [
              93.34667085403176,
              23.441070821007195
            ],
            [
              93.34694805029709,
              23.44097163859753
            ],
            [
              93.34721419021048,
              23.440845763793043
            ],
            [
              93.34746671069905,
              23.440694408836904
            ],
            [
              93.34770317985249,
              23.440519031360086
            ],
            [
              93.34792132034356,
              23.440321320343557
            ],
            [
              93.34811903136008,
              23.44010317985249
            ],
            [
              93.3482944088369,
              23.439866710699057
            ],
            [
              93.34844576379304,
              23.439614190210477
            ],
            [
              93.34857163859753,
              23.439348050297095
            ],
            [
              93.34867082100719,
              23.439070854031762
            ],
            [
              93.34874235584121,
              23.438785270966047
            ],
            [
              93.34878555418001,
              23.43849405142099
            ],
            [
              93.3488,
              23.4382
            ]
          ]
        ]
      }
    },
    {
      "type": "Feature",
      "properties": {
        "landslide_id": "UNKNOWN_ID",
        "zone_name": "Landslide Zone (Champhai)",
        "state": "Mizoram",
        "district": "Champhai",
        "hazard_type": "LANDSLIDE",
        "risk_level": "HIGH",
        "historical_event_count": 1
      },
      "geometry": {
        "type": "Polygon",
        "coordinates": [
          [
            [
              93.349,
              23.4363
            ],
            [
              93.34898555418002,
              23.43600594857901
            ],
            [
              93.34894235584122,
              23.43571472903395
            ],
            [
              93.3488708210072,
              23.435429145968236
            ],
            [
              93.34877163859754,
              23.435151949702902
            ],
            [
              93.34864576379304,
              23.43488580978952
            ],
            [
              93.34849440883691,
              23.43463328930094
            ],
            [
              93.34831903136009,
              23.43439682014751
            ],
            [
              93.34812132034357,
              23.43417867965644
            ],
            [
              93.3479031798525,
              23.43398096863991
            ],
            [
              93.34766671069906,
              23.433805591163093
            ],
            [
              93.34741419021049,
              23.433654236206955
            ],
            [
              93.3471480502971,
              23.433528361402466
            ],
            [
              93.34687085403176,
              23.433429178992803
            ],
            [
              93.34658527096605,
              23.43335764415879
            ],
            [
              93.346294051421,
              23.43331444581998
            ],
            [
              93.346,
              23.4333
            ],
            [
              93.34570594857901,
              23.43331444581998
            ],
            [
              93.34541472903396,
              23.43335764415879
            ],
            [
              93.34512914596824,
              23.433429178992803
            ],
            [
              93.34485194970291,
              23.433528361402466
            ],
            [
              93.34458580978952,
              23.433654236206955
            ],
            [
              93.34433328930095,
              23.433805591163093
            ],
            [
              93.34409682014751,
              23.43398096863991
            ],
            [
              93.34387867965644,
              23.43417867965644
            ],
            [
              93.34368096863992,
              23.43439682014751
            ],
            [
              93.3435055911631,
              23.43463328930094
            ],
            [
              93.34335423620696,
              23.43488580978952
            ],
            [
              93.34322836140247,
              23.435151949702902
            ],
            [
              93.34312917899281,
              23.435429145968236
            ],
            [
              93.34305764415879,
              23.43571472903395
            ],
            [
              93.34301444581999,
              23.43600594857901
            ],
            [
              93.343,
              23.4363
            ],
            [
              93.34301444581999,
              23.43659405142099
            ],
            [
              93.34305764415879,
              23.436885270966048
            ],
            [
              93.34312917899281,
              23.437170854031763
            ],
            [
              93.34322836140247,
              23.437448050297096
            ],
            [
              93.34335423620696,
              23.437714190210478
            ],
            [
              93.3435055911631,
              23.437966710699058
            ],
            [
              93.34368096863992,
              23.43820317985249
            ],
            [
              93.34387867965644,
              23.438421320343558
            ],
            [
              93.34409682014751,
              23.438619031360087
            ],
            [
              93.34433328930095,
              23.438794408836905
            ],
            [
              93.34458580978952,
              23.438945763793043
            ],
            [
              93.34485194970291,
              23.439071638597532
            ],
            [
              93.34512914596824,
              23.439170821007195
            ],
            [
              93.34541472903396,
              23.43924235584121
            ],
            [
              93.34570594857901,
              23.439285554180017
            ],
            [
              93.346,
              23.4393
            ],
            [
              93.346294051421,
              23.439285554180017
            ],
            [
              93.34658527096605,
              23.43924235584121
            ],
            [
              93.34687085403176,
              23.439170821007195
            ],
            [
              93.3471480502971,
              23.439071638597532
            ],
            [
              93.34741419021049,
              23.438945763793043
            ],
            [
              93.34766671069906,
              23.438794408836905
            ],
            [
              93.3479031798525,
              23.438619031360087
            ],
            [
              93.34812132034357,
              23.438421320343558
            ],
            [
              93.34831903136009,
              23.43820317985249
            ],
            [
              93.34849440883691,
              23.437966710699058
            ],
            [
              93.34864576379304,
              23.437714190210478
            ],
            [
              93.34877163859754,
              23.437448050297096
            ],
            [
              93.3488708210072,
              23.437170854031763
            ],
            [
              93.34894235584122,
              23.436885270966048
            ],
            [
              93.34898555418002,
              23.43659405142099
            ],
            [
              93.349,
              23.4363
            ]
          ]
        ]
      }
    },
    {
      "type": "Feature",
      "properties": {
        "landslide_id": "UNKNOWN_ID",
        "zone_name": "Landslide Zone (Champhai)",
        "state": "Mizoram",
        "district": "Champhai",
        "hazard_type": "LANDSLIDE",
        "risk_level": "HIGH",
        "historical_event_count": 1
      },
      "geometry": {
        "type": "Polygon",
        "coordinates": [
          [
            [
              93.3456,
              23.4332
            ],
            [
              93.34558555418002,
              23.43290594857901
            ],
            [
              93.34554235584122,
              23.43261472903395
            ],
            [
              93.3454708210072,
              23.432329145968236
            ],
            [
              93.34537163859754,
              23.432051949702903
            ],
            [
              93.34524576379305,
              23.43178580978952
            ],
            [
              93.34509440883691,
              23.43153328930094
            ],
            [
              93.34491903136009,
              23.43129682014751
            ],
            [
              93.34472132034357,
              23.43107867965644
            ],
            [
              93.3445031798525,
              23.43088096863991
            ],
            [
              93.34426671069906,
              23.430705591163093
            ],
            [
              93.34401419021049,
              23.430554236206955
            ],
            [
              93.3437480502971,
              23.430428361402466
            ],
            [
              93.34347085403176,
              23.430329178992803
            ],
            [
              93.34318527096605,
              23.43025764415879
            ],
            [
              93.342894051421,
              23.43021444581998
            ],
            [
              93.3426,
              23.4302
            ],
            [
              93.34230594857901,
              23.43021444581998
            ],
            [
              93.34201472903396,
              23.43025764415879
            ],
            [
              93.34172914596824,
              23.430329178992803
            ],
            [
              93.34145194970291,
              23.430428361402466
            ],
            [
              93.34118580978952,
              23.430554236206955
            ],
            [
              93.34093328930095,
              23.430705591163093
            ],
            [
              93.34069682014751,
              23.43088096863991
            ],
            [
              93.34047867965644,
              23.43107867965644
            ],
            [
              93.34028096863992,
              23.43129682014751
            ],
            [
              93.3401055911631,
              23.43153328930094
            ],
            [
              93.33995423620696,
              23.43178580978952
            ],
            [
              93.33982836140247,
              23.432051949702903
            ],
            [
              93.33972917899281,
              23.432329145968236
            ],
            [
              93.33965764415879,
              23.43261472903395
            ],
            [
              93.33961444581999,
              23.43290594857901
            ],
            [
              93.3396,
              23.4332
            ],
            [
              93.33961444581999,
              23.43349405142099
            ],
            [
              93.33965764415879,
              23.433785270966048
            ],
            [
              93.33972917899281,
              23.434070854031763
            ],
            [
              93.33982836140247,
              23.434348050297096
            ],
            [
              93.33995423620696,
              23.43461419021048
            ],
            [
              93.3401055911631,
              23.43486671069906
            ],
            [
              93.34028096863992,
              23.43510317985249
            ],
            [
              93.34047867965644,
              23.435321320343558
            ],
            [
              93.34069682014751,
              23.435519031360087
            ],
            [
              93.34093328930095,
              23.435694408836905
            ],
            [
              93.34118580978952,
              23.435845763793044
            ],
            [
              93.34145194970291,
              23.435971638597533
            ],
            [
              93.34172914596824,
              23.436070821007196
            ],
            [
              93.34201472903396,
              23.43614235584121
            ],
            [
              93.34230594857901,
              23.436185554180017
            ],
            [
              93.3426,
              23.4362
            ],
            [
              93.342894051421,
              23.436185554180017
            ],
            [
              93.34318527096605,
              23.43614235584121
            ],
            [
              93.34347085403176,
              23.436070821007196
            ],
            [
              93.3437480502971,
              23.435971638597533
            ],
            [
              93.34401419021049,
              23.435845763793044
            ],
            [
              93.34426671069906,
              23.435694408836905
            ],
            [
              93.3445031798525,
              23.435519031360087
            ],
            [
              93.34472132034357,
              23.435321320343558
            ],
            [
              93.34491903136009,
              23.43510317985249
            ],
            [
              93.34509440883691,
              23.43486671069906
            ],
            [
              93.34524576379305,
              23.43461419021048
            ],
            [
              93.34537163859754,
              23.434348050297096
            ],
            [
              93.3454708210072,
              23.434070854031763
            ],
            [
              93.34554235584122,
              23.433785270966048
            ],
            [
              93.34558555418002,
              23.43349405142099
            ],
            [
              93.3456,
              23.4332
            ]
          ]
        ]
      }
    },
    {
      "type": "Feature",
      "properties": {
        "landslide_id": "UNKNOWN_ID",
        "zone_name": "Landslide Zone (Champhai)",
        "state": "Mizoram",
        "district": "Champhai",
        "hazard_type": "LANDSLIDE",
        "risk_level": "HIGH",
        "historical_event_count": 1
      },
      "geometry": {
        "type": "Polygon",
        "coordinates": [
          [
            [
              93.3436,
              23.4326
            ],
            [
              93.34358555418001,
              23.43230594857901
            ],
            [
              93.34354235584121,
              23.432014729033952
            ],
            [
              93.34347082100719,
              23.431729145968237
            ],
            [
              93.34337163859753,
              23.431451949702904
            ],
            [
              93.34324576379304,
              23.431185809789522
            ],
            [
              93.3430944088369,
              23.430933289300942
            ],
            [
              93.34291903136008,
              23.43069682014751
            ],
            [
              93.34272132034356,
              23.430478679656442
            ],
            [
              93.34250317985249,
              23.430280968639913
            ],
            [
              93.34226671069905,
              23.430105591163095
            ],
            [
              93.34201419021048,
              23.429954236206957
            ],
            [
              93.34174805029708,
              23.429828361402468
            ],
            [
              93.34147085403175,
              23.429729178992805
            ],
            [
              93.34118527096604,
              23.42965764415879
            ],
            [
              93.34089405142099,
              23.429614445819983
            ],
            [
              93.3406,
              23.4296
            ],
            [
              93.340305948579,
              23.429614445819983
            ],
            [
              93.34001472903395,
              23.42965764415879
            ],
            [
              93.33972914596824,
              23.429729178992805
            ],
            [
              93.3394519497029,
              23.429828361402468
            ],
            [
              93.33918580978951,
              23.429954236206957
            ],
            [
              93.33893328930094,
              23.430105591163095
            ],
            [
              93.3386968201475,
              23.430280968639913
            ],
            [
              93.33847867965643,
              23.430478679656442
            ],
            [
              93.3382809686399,
              23.43069682014751
            ],
            [
              93.33810559116309,
              23.430933289300942
            ],
            [
              93.33795423620695,
              23.431185809789522
            ],
            [
              93.33782836140246,
              23.431451949702904
            ],
            [
              93.3377291789928,
              23.431729145968237
            ],
            [
              93.33765764415878,
              23.432014729033952
            ],
            [
              93.33761444581998,
              23.43230594857901
            ],
            [
              93.3376,
              23.4326
            ],
            [
              93.33761444581998,
              23.43289405142099
            ],
            [
              93.33765764415878,
              23.43318527096605
            ],
            [
              93.3377291789928,
              23.433470854031764
            ],
            [
              93.33782836140246,
              23.433748050297098
            ],
            [
              93.33795423620695,
              23.43401419021048
            ],
            [
              93.33810559116309,
              23.43426671069906
            ],
            [
              93.3382809686399,
              23.43450317985249
            ],
            [
              93.33847867965643,
              23.43472132034356
            ],
            [
              93.3386968201475,
              23.43491903136009
            ],
            [
              93.33893328930094,
              23.435094408836907
            ],
            [
              93.33918580978951,
              23.435245763793045
            ],
            [
              93.3394519497029,
              23.435371638597534
            ],
            [
              93.33972914596824,
              23.435470821007197
            ],
            [
              93.34001472903395,
              23.43554235584121
            ],
            [
              93.340305948579,
              23.43558555418002
            ],
            [
              93.3406,
              23.4356
            ],
            [
              93.34089405142099,
              23.43558555418002
            ],
            [
              93.34118527096604,
              23.43554235584121
            ],
            [
              93.34147085403175,
              23.435470821007197
            ],
            [
              93.34174805029708,
              23.435371638597534
            ],
            [
              93.34201419021048,
              23.435245763793045
            ],
            [
              93.34226671069905,
              23.435094408836907
            ],
            [
              93.34250317985249,
              23.43491903136009
            ],
            [
              93.34272132034356,
              23.43472132034356
            ],
            [
              93.34291903136008,
              23.43450317985249
            ],
            [
              93.3430944088369,
              23.43426671069906
            ],
            [
              93.34324576379304,
              23.43401419021048
            ],
            [
              93.34337163859753,
              23.433748050297098
            ],
            [
              93.34347082100719,
              23.433470854031764
            ],
            [
              93.34354235584121,
              23.43318527096605
            ],
            [
              93.34358555418001,
              23.43289405142099
            ],
            [
              93.3436,
              23.4326
            ]
          ]
        ]
      }
    },
    {
      "type": "Feature",
      "properties": {
        "landslide_id": "UNKNOWN_ID",
        "zone_name": "Landslide Zone (Champhai)",
        "state": "Mizoram",
        "district": "Champhai",
        "hazard_type": "LANDSLIDE",
        "risk_level": "HIGH",
        "historical_event_count": 1
      },
      "geometry": {
        "type": "Polygon",
        "coordinates": [
          [
            [
              93.3424,
              23.4327
            ],
            [
              93.34238555418001,
              23.43240594857901
            ],
            [
              93.34234235584121,
              23.43211472903395
            ],
            [
              93.34227082100719,
              23.431829145968237
            ],
            [
              93.34217163859753,
              23.431551949702904
            ],
            [
              93.34204576379304,
              23.43128580978952
            ],
            [
              93.34189440883691,
              23.43103328930094
            ],
            [
              93.34171903136009,
              23.43079682014751
            ],
            [
              93.34152132034356,
              23.430578679656442
            ],
            [
              93.34130317985249,
              23.430380968639913
            ],
            [
              93.34106671069905,
              23.430205591163094
            ],
            [
              93.34081419021048,
              23.430054236206956
            ],
            [
              93.34054805029709,
              23.429928361402467
            ],
            [
              93.34027085403176,
              23.429829178992804
            ],
            [
              93.33998527096604,
              23.42975764415879
            ],
            [
              93.33969405142099,
              23.429714445819982
            ],
            [
              93.3394,
              23.4297
            ],
            [
              93.339105948579,
              23.429714445819982
            ],
            [
              93.33881472903396,
              23.42975764415879
            ],
            [
              93.33852914596824,
              23.429829178992804
            ],
            [
              93.33825194970291,
              23.429928361402467
            ],
            [
              93.33798580978952,
              23.430054236206956
            ],
            [
              93.33773328930094,
              23.430205591163094
            ],
            [
              93.3374968201475,
              23.430380968639913
            ],
            [
              93.33727867965644,
              23.430578679656442
            ],
            [
              93.33708096863991,
              23.43079682014751
            ],
            [
              93.33690559116309,
              23.43103328930094
            ],
            [
              93.33675423620696,
              23.43128580978952
            ],
            [
              93.33662836140246,
              23.431551949702904
            ],
            [
              93.3365291789928,
              23.431829145968237
            ],
            [
              93.33645764415878,
              23.43211472903395
            ],
            [
              93.33641444581998,
              23.43240594857901
            ],
            [
              93.3364,
              23.4327
            ],
            [
              93.33641444581998,
              23.43299405142099
            ],
            [
              93.33645764415878,
              23.43328527096605
            ],
            [
              93.3365291789928,
              23.433570854031764
            ],
            [
              93.33662836140246,
              23.433848050297097
            ],
            [
              93.33675423620696,
              23.43411419021048
            ],
            [
              93.33690559116309,
              23.43436671069906
            ],
            [
              93.33708096863991,
              23.43460317985249
            ],
            [
              93.33727867965644,
              23.43482132034356
            ],
            [
              93.3374968201475,
              23.43501903136009
            ],
            [
              93.33773328930094,
              23.435194408836907
            ],
            [
              93.33798580978952,
              23.435345763793045
            ],
            [
              93.33825194970291,
              23.435471638597534
            ],
            [
              93.33852914596824,
              23.435570821007197
            ],
            [
              93.33881472903396,
              23.43564235584121
            ],
            [
              93.339105948579,
              23.43568555418002
            ],
            [
              93.3394,
              23.4357
            ],
            [
              93.33969405142099,
              23.43568555418002
            ],
            [
              93.33998527096604,
              23.43564235584121
            ],
            [
              93.34027085403176,
              23.435570821007197
            ],
            [
              93.34054805029709,
              23.435471638597534
            ],
            [
              93.34081419021048,
              23.435345763793045
            ],
            [
              93.34106671069905,
              23.435194408836907
            ],
            [
              93.34130317985249,
              23.43501903136009
            ],
            [
              93.34152132034356,
              23.43482132034356
            ],
            [
              93.34171903136009,
              23.43460317985249
            ],
            [
              93.34189440883691,
              23.43436671069906
            ],
            [
              93.34204576379304,
              23.43411419021048
            ],
            [
              93.34217163859753,
              23.433848050297097
            ],
            [
              93.34227082100719,
              23.433570854031764
            ],
            [
              93.34234235584121,
              23.43328527096605
            ],
            [
              93.34238555418001,
              23.43299405142099
            ],
            [
              93.3424,
              23.4327
            ]
          ]
        ]
      }
    },
    {
      "type": "Feature",
      "properties": {
        "landslide_id": "UNKNOWN_ID",
        "zone_name": "Landslide Zone (Champhai)",
        "state": "Mizoram",
        "district": "Champhai",
        "hazard_type": "LANDSLIDE",
        "risk_level": "HIGH",
        "historical_event_count": 1
      },
      "geometry": {
        "type": "Polygon",
        "coordinates": [
          [
            [
              93.3421,
              23.4323
            ],
            [
              93.34208555418002,
              23.43200594857901
            ],
            [
              93.34204235584122,
              23.431714729033953
            ],
            [
              93.3419708210072,
              23.431429145968238
            ],
            [
              93.34187163859754,
              23.431151949702905
            ],
            [
              93.34174576379304,
              23.430885809789523
            ],
            [
              93.34159440883691,
              23.430633289300943
            ],
            [
              93.34141903136009,
              23.43039682014751
            ],
            [
              93.34122132034356,
              23.430178679656443
            ],
            [
              93.34100317985249,
              23.429980968639914
            ],
            [
              93.34076671069906,
              23.429805591163095
            ],
            [
              93.34051419021048,
              23.429654236206957
            ],
            [
              93.34024805029709,
              23.42952836140247
            ],
            [
              93.33997085403176,
              23.429429178992805
            ],
            [
              93.33968527096604,
              23.42935764415879
            ],
            [
              93.339394051421,
              23.429314445819983
            ],
            [
              93.3391,
              23.4293
            ],
            [
              93.33880594857901,
              23.429314445819983
            ],
            [
              93.33851472903396,
              23.42935764415879
            ],
            [
              93.33822914596824,
              23.429429178992805
            ],
            [
              93.33795194970291,
              23.42952836140247
            ],
            [
              93.33768580978952,
              23.429654236206957
            ],
            [
              93.33743328930095,
              23.429805591163095
            ],
            [
              93.33719682014751,
              23.429980968639914
            ],
            [
              93.33697867965644,
              23.430178679656443
            ],
            [
              93.33678096863991,
              23.43039682014751
            ],
            [
              93.33660559116309,
              23.430633289300943
            ],
            [
              93.33645423620696,
              23.430885809789523
            ],
            [
              93.33632836140247,
              23.431151949702905
            ],
            [
              93.33622917899281,
              23.431429145968238
            ],
            [
              93.33615764415879,
              23.431714729033953
            ],
            [
              93.33611444581999,
              23.43200594857901
            ],
            [
              93.3361,
              23.4323
            ],
            [
              93.33611444581999,
              23.432594051420992
            ],
            [
              93.33615764415879,
              23.43288527096605
            ],
            [
              93.33622917899281,
              23.433170854031765
            ],
            [
              93.33632836140247,
              23.4334480502971
            ],
            [
              93.33645423620696,
              23.43371419021048
            ],
            [
              93.33660559116309,
              23.43396671069906
            ],
            [
              93.33678096863991,
              23.434203179852492
            ],
            [
              93.33697867965644,
              23.43442132034356
            ],
            [
              93.33719682014751,
              23.43461903136009
            ],
            [
              93.33743328930095,
              23.434794408836908
            ],
            [
              93.33768580978952,
              23.434945763793046
            ],
            [
              93.33795194970291,
              23.435071638597535
            ],
            [
              93.33822914596824,
              23.435170821007198
            ],
            [
              93.33851472903396,
              23.43524235584121
            ],
            [
              93.33880594857901,
              23.43528555418002
            ],
            [
              93.3391,
              23.4353
            ],
            [
              93.339394051421,
              23.43528555418002
            ],
            [
              93.33968527096604,
              23.43524235584121
            ],
            [
              93.33997085403176,
              23.435170821007198
            ],
            [
              93.34024805029709,
              23.435071638597535
            ],
            [
              93.34051419021048,
              23.434945763793046
            ],
            [
              93.34076671069906,
              23.434794408836908
            ],
            [
              93.34100317985249,
              23.43461903136009
            ],
            [
              93.34122132034356,
              23.43442132034356
            ],
            [
              93.34141903136009,
              23.434203179852492
            ],
            [
              93.34159440883691,
              23.43396671069906
            ],
            [
              93.34174576379304,
              23.43371419021048
            ],
            [
              93.34187163859754,
              23.4334480502971
            ],
            [
              93.3419708210072,
              23.433170854031765
            ],
            [
              93.34204235584122,
              23.43288527096605
            ],
            [
              93.34208555418002,
              23.432594051420992
            ],
            [
              93.3421,
              23.4323
            ]
          ]
        ]
      }
    },
    {
      "type": "Feature",
      "properties": {
        "landslide_id": "UNKNOWN_ID",
        "zone_name": "Landslide Zone (Champhai)",
        "state": "Mizoram",
        "district": "Champhai",
        "hazard_type": "LANDSLIDE",
        "risk_level": "HIGH",
        "historical_event_count": 1
      },
      "geometry": {
        "type": "Polygon",
        "coordinates": [
          [
            [
              93.3424,
              23.4218
            ],
            [
              93.34238555418001,
              23.42150594857901
            ],
            [
              93.34234235584121,
              23.421214729033952
            ],
            [
              93.34227082100719,
              23.420929145968238
            ],
            [
              93.34217163859753,
              23.420651949702904
            ],
            [
              93.34204576379304,
              23.420385809789522
            ],
            [
              93.34189440883691,
              23.420133289300942
            ],
            [
              93.34171903136009,
              23.41989682014751
            ],
            [
              93.34152132034356,
              23.419678679656442
            ],
            [
              93.34130317985249,
              23.419480968639913
            ],
            [
              93.34106671069905,
              23.419305591163095
            ],
            [
              93.34081419021048,
              23.419154236206957
            ],
            [
              93.34054805029709,
              23.419028361402468
            ],
            [
              93.34027085403176,
              23.418929178992805
            ],
            [
              93.33998527096604,
              23.41885764415879
            ],
            [
              93.33969405142099,
              23.418814445819983
            ],
            [
              93.3394,
              23.4188
            ],
            [
              93.339105948579,
              23.418814445819983
            ],
            [
              93.33881472903396,
              23.41885764415879
            ],
            [
              93.33852914596824,
              23.418929178992805
            ],
            [
              93.33825194970291,
              23.419028361402468
            ],
            [
              93.33798580978952,
              23.419154236206957
            ],
            [
              93.33773328930094,
              23.419305591163095
            ],
            [
              93.3374968201475,
              23.419480968639913
            ],
            [
              93.33727867965644,
              23.419678679656442
            ],
            [
              93.33708096863991,
              23.41989682014751
            ],
            [
              93.33690559116309,
              23.420133289300942
            ],
            [
              93.33675423620696,
              23.420385809789522
            ],
            [
              93.33662836140246,
              23.420651949702904
            ],
            [
              93.3365291789928,
              23.420929145968238
            ],
            [
              93.33645764415878,
              23.421214729033952
            ],
            [
              93.33641444581998,
              23.42150594857901
            ],
            [
              93.3364,
              23.4218
            ],
            [
              93.33641444581998,
              23.42209405142099
            ],
            [
              93.33645764415878,
              23.42238527096605
            ],
            [
              93.3365291789928,
              23.422670854031765
            ],
            [
              93.33662836140246,
              23.422948050297098
            ],
            [
              93.33675423620696,
              23.42321419021048
            ],
            [
              93.33690559116309,
              23.42346671069906
            ],
            [
              93.33708096863991,
              23.42370317985249
            ],
            [
              93.33727867965644,
              23.42392132034356
            ],
            [
              93.3374968201475,
              23.42411903136009
            ],
            [
              93.33773328930094,
              23.424294408836907
            ],
            [
              93.33798580978952,
              23.424445763793045
            ],
            [
              93.33825194970291,
              23.424571638597534
            ],
            [
              93.33852914596824,
              23.424670821007197
            ],
            [
              93.33881472903396,
              23.42474235584121
            ],
            [
              93.339105948579,
              23.42478555418002
            ],
            [
              93.3394,
              23.4248
            ],
            [
              93.33969405142099,
              23.42478555418002
            ],
            [
              93.33998527096604,
              23.42474235584121
            ],
            [
              93.34027085403176,
              23.424670821007197
            ],
            [
              93.34054805029709,
              23.424571638597534
            ],
            [
              93.34081419021048,
              23.424445763793045
            ],
            [
              93.34106671069905,
              23.424294408836907
            ],
            [
              93.34130317985249,
              23.42411903136009
            ],
            [
              93.34152132034356,
              23.42392132034356
            ],
            [
              93.34171903136009,
              23.42370317985249
            ],
            [
              93.34189440883691,
              23.42346671069906
            ],
            [
              93.34204576379304,
              23.42321419021048
            ],
            [
              93.34217163859753,
              23.422948050297098
            ],
            [
              93.34227082100719,
              23.422670854031765
            ],
            [
              93.34234235584121,
              23.42238527096605
            ],
            [
              93.34238555418001,
              23.42209405142099
            ],
            [
              93.3424,
              23.4218
            ]
          ]
        ]
      }
    },
    {
      "type": "Feature",
      "properties": {
        "landslide_id": "UNKNOWN_ID",
        "zone_name": "Landslide Zone (Champhai)",
        "state": "Mizoram",
        "district": "Champhai",
        "hazard_type": "LANDSLIDE",
        "risk_level": "HIGH",
        "historical_event_count": 1
      },
      "geometry": {
        "type": "Polygon",
        "coordinates": [
          [
            [
              93.3415,
              23.4278
            ],
            [
              93.34148555418001,
              23.42750594857901
            ],
            [
              93.34144235584121,
              23.427214729033953
            ],
            [
              93.34137082100719,
              23.426929145968238
            ],
            [
              93.34127163859753,
              23.426651949702904
            ],
            [
              93.34114576379304,
              23.426385809789522
            ],
            [
              93.3409944088369,
              23.426133289300942
            ],
            [
              93.34081903136008,
              23.42589682014751
            ],
            [
              93.34062132034356,
              23.425678679656443
            ],
            [
              93.34040317985249,
              23.425480968639913
            ],
            [
              93.34016671069905,
              23.425305591163095
            ],
            [
              93.33991419021048,
              23.425154236206957
            ],
            [
              93.33964805029709,
              23.425028361402468
            ],
            [
              93.33937085403176,
              23.424929178992805
            ],
            [
              93.33908527096604,
              23.42485764415879
            ],
            [
              93.33879405142099,
              23.424814445819983
            ],
            [
              93.3385,
              23.4248
            ],
            [
              93.338205948579,
              23.424814445819983
            ],
            [
              93.33791472903395,
              23.42485764415879
            ],
            [
              93.33762914596824,
              23.424929178992805
            ],
            [
              93.3373519497029,
              23.425028361402468
            ],
            [
              93.33708580978951,
              23.425154236206957
            ],
            [
              93.33683328930094,
              23.425305591163095
            ],
            [
              93.3365968201475,
              23.425480968639913
            ],
            [
              93.33637867965643,
              23.425678679656443
            ],
            [
              93.33618096863991,
              23.42589682014751
            ],
            [
              93.33600559116309,
              23.426133289300942
            ],
            [
              93.33585423620696,
              23.426385809789522
            ],
            [
              93.33572836140246,
              23.426651949702904
            ],
            [
              93.3356291789928,
              23.426929145968238
            ],
            [
              93.33555764415878,
              23.427214729033953
            ],
            [
              93.33551444581998,
              23.42750594857901
            ],
            [
              93.3355,
              23.4278
            ],
            [
              93.33551444581998,
              23.42809405142099
            ],
            [
              93.33555764415878,
              23.42838527096605
            ],
            [
              93.3356291789928,
              23.428670854031765
            ],
            [
              93.33572836140246,
              23.428948050297098
            ],
            [
              93.33585423620696,
              23.42921419021048
            ],
            [
              93.33600559116309,
              23.42946671069906
            ],
            [
              93.33618096863991,
              23.429703179852492
            ],
            [
              93.33637867965643,
              23.42992132034356
            ],
            [
              93.3365968201475,
              23.43011903136009
            ],
            [
              93.33683328930094,
              23.430294408836907
            ],
            [
              93.33708580978951,
              23.430445763793045
            ],
            [
              93.3373519497029,
              23.430571638597534
            ],
            [
              93.33762914596824,
              23.430670821007197
            ],
            [
              93.33791472903395,
              23.43074235584121
            ],
            [
              93.338205948579,
              23.43078555418002
            ],
            [
              93.3385,
              23.4308
            ],
            [
              93.33879405142099,
              23.43078555418002
            ],
            [
              93.33908527096604,
              23.43074235584121
            ],
            [
              93.33937085403176,
              23.430670821007197
            ],
            [
              93.33964805029709,
              23.430571638597534
            ],
            [
              93.33991419021048,
              23.430445763793045
            ],
            [
              93.34016671069905,
              23.430294408836907
            ],
            [
              93.34040317985249,
              23.43011903136009
            ],
            [
              93.34062132034356,
              23.42992132034356
            ],
            [
              93.34081903136008,
              23.429703179852492
            ],
            [
              93.3409944088369,
              23.42946671069906
            ],
            [
              93.34114576379304,
              23.42921419021048
            ],
            [
              93.34127163859753,
              23.428948050297098
            ],
            [
              93.34137082100719,
              23.428670854031765
            ],
            [
              93.34144235584121,
              23.42838527096605
            ],
            [
              93.34148555418001,
              23.42809405142099
            ],
            [
              93.3415,
              23.4278
            ]
          ]
        ]
      }
    },
    {
      "type": "Feature",
      "properties": {
        "landslide_id": "UNKNOWN_ID",
        "zone_name": "Landslide Zone (Champhai)",
        "state": "Mizoram",
        "district": "Champhai",
        "hazard_type": "LANDSLIDE",
        "risk_level": "HIGH",
        "historical_event_count": 1
      },
      "geometry": {
        "type": "Polygon",
        "coordinates": [
          [
            [
              93.3399,
              23.4277
            ],
            [
              93.33988555418001,
              23.42740594857901
            ],
            [
              93.33984235584121,
              23.427114729033953
            ],
            [
              93.33977082100719,
              23.426829145968238
            ],
            [
              93.33967163859754,
              23.426551949702905
            ],
            [
              93.33954576379304,
              23.426285809789523
            ],
            [
              93.33939440883691,
              23.426033289300943
            ],
            [
              93.33921903136009,
              23.42579682014751
            ],
            [
              93.33902132034356,
              23.425578679656443
            ],
            [
              93.33880317985249,
              23.425380968639914
            ],
            [
              93.33856671069906,
              23.425205591163095
            ],
            [
              93.33831419021048,
              23.425054236206957
            ],
            [
              93.33804805029709,
              23.42492836140247
            ],
            [
              93.33777085403176,
              23.424829178992805
            ],
            [
              93.33748527096604,
              23.42475764415879
            ],
            [
              93.337194051421,
              23.424714445819983
            ],
            [
              93.3369,
              23.4247
            ],
            [
              93.336605948579,
              23.424714445819983
            ],
            [
              93.33631472903396,
              23.42475764415879
            ],
            [
              93.33602914596824,
              23.424829178992805
            ],
            [
              93.33575194970291,
              23.42492836140247
            ],
            [
              93.33548580978952,
              23.425054236206957
            ],
            [
              93.33523328930094,
              23.425205591163095
            ],
            [
              93.33499682014751,
              23.425380968639914
            ],
            [
              93.33477867965644,
              23.425578679656443
            ],
            [
              93.33458096863991,
              23.42579682014751
            ],
            [
              93.33440559116309,
              23.426033289300943
            ],
            [
              93.33425423620696,
              23.426285809789523
            ],
            [
              93.33412836140246,
              23.426551949702905
            ],
            [
              93.33402917899281,
              23.426829145968238
            ],
            [
              93.33395764415879,
              23.427114729033953
            ],
            [
              93.33391444581999,
              23.42740594857901
            ],
            [
              93.3339,
              23.4277
            ],
            [
              93.33391444581999,
              23.427994051420992
            ],
            [
              93.33395764415879,
              23.42828527096605
            ],
            [
              93.33402917899281,
              23.428570854031765
            ],
            [
              93.33412836140246,
              23.4288480502971
            ],
            [
              93.33425423620696,
              23.42911419021048
            ],
            [
              93.33440559116309,
              23.42936671069906
            ],
            [
              93.33458096863991,
              23.429603179852492
            ],
            [
              93.33477867965644,
              23.42982132034356
            ],
            [
              93.33499682014751,
              23.43001903136009
            ],
            [
              93.33523328930094,
              23.430194408836908
            ],
            [
              93.33548580978952,
              23.430345763793046
            ],
            [
              93.33575194970291,
              23.430471638597535
            ],
            [
              93.33602914596824,
              23.430570821007198
            ],
            [
              93.33631472903396,
              23.43064235584121
            ],
            [
              93.336605948579,
              23.43068555418002
            ],
            [
              93.3369,
              23.4307
            ],
            [
              93.337194051421,
              23.43068555418002
            ],
            [
              93.33748527096604,
              23.43064235584121
            ],
            [
              93.33777085403176,
              23.430570821007198
            ],
            [
              93.33804805029709,
              23.430471638597535
            ],
            [
              93.33831419021048,
              23.430345763793046
            ],
            [
              93.33856671069906,
              23.430194408836908
            ],
            [
              93.33880317985249,
              23.43001903136009
            ],
            [
              93.33902132034356,
              23.42982132034356
            ],
            [
              93.33921903136009,
              23.429603179852492
            ],
            [
              93.33939440883691,
              23.42936671069906
            ],
            [
              93.33954576379304,
              23.42911419021048
            ],
            [
              93.33967163859754,
              23.4288480502971
            ],
            [
              93.33977082100719,
              23.428570854031765
            ],
            [
              93.33984235584121,
              23.42828527096605
            ],
            [
              93.33988555418001,
              23.427994051420992
            ],
            [
              93.3399,
              23.4277
            ]
          ]
        ]
      }
    },
    {
      "type": "Feature",
      "properties": {
        "landslide_id": "UNKNOWN_ID",
        "zone_name": "Landslide Zone (Champhai)",
        "state": "Mizoram",
        "district": "Champhai",
        "hazard_type": "LANDSLIDE",
        "risk_level": "HIGH",
        "historical_event_count": 1
      },
      "geometry": {
        "type": "Polygon",
        "coordinates": [
          [
            [
              93.3386,
              23.4277
            ],
            [
              93.33858555418001,
              23.42740594857901
            ],
            [
              93.33854235584121,
              23.427114729033953
            ],
            [
              93.33847082100719,
              23.426829145968238
            ],
            [
              93.33837163859754,
              23.426551949702905
            ],
            [
              93.33824576379304,
              23.426285809789523
            ],
            [
              93.33809440883691,
              23.426033289300943
            ],
            [
              93.33791903136009,
              23.42579682014751
            ],
            [
              93.33772132034356,
              23.425578679656443
            ],
            [
              93.33750317985249,
              23.425380968639914
            ],
            [
              93.33726671069905,
              23.425205591163095
            ],
            [
              93.33701419021048,
              23.425054236206957
            ],
            [
              93.33674805029709,
              23.42492836140247
            ],
            [
              93.33647085403176,
              23.424829178992805
            ],
            [
              93.33618527096604,
              23.42475764415879
            ],
            [
              93.335894051421,
              23.424714445819983
            ],
            [
              93.3356,
              23.4247
            ],
            [
              93.335305948579,
              23.424714445819983
            ],
            [
              93.33501472903396,
              23.42475764415879
            ],
            [
              93.33472914596824,
              23.424829178992805
            ],
            [
              93.33445194970291,
              23.42492836140247
            ],
            [
              93.33418580978952,
              23.425054236206957
            ],
            [
              93.33393328930094,
              23.425205591163095
            ],
            [
              93.33369682014751,
              23.425380968639914
            ],
            [
              93.33347867965644,
              23.425578679656443
            ],
            [
              93.33328096863991,
              23.42579682014751
            ],
            [
              93.33310559116309,
              23.426033289300943
            ],
            [
              93.33295423620696,
              23.426285809789523
            ],
            [
              93.33282836140246,
              23.426551949702905
            ],
            [
              93.3327291789928,
              23.426829145968238
            ],
            [
              93.33265764415879,
              23.427114729033953
            ],
            [
              93.33261444581998,
              23.42740594857901
            ],
            [
              93.3326,
              23.4277
            ],
            [
              93.33261444581998,
              23.427994051420992
            ],
            [
              93.33265764415879,
              23.42828527096605
            ],
            [
              93.3327291789928,
              23.428570854031765
            ],
            [
              93.33282836140246,
              23.4288480502971
            ],
            [
              93.33295423620696,
              23.42911419021048
            ],
            [
              93.33310559116309,
              23.42936671069906
            ],
            [
              93.33328096863991,
              23.429603179852492
            ],
            [
              93.33347867965644,
              23.42982132034356
            ],
            [
              93.33369682014751,
              23.43001903136009
            ],
            [
              93.33393328930094,
              23.430194408836908
            ],
            [
              93.33418580978952,
              23.430345763793046
            ],
            [
              93.33445194970291,
              23.430471638597535
            ],
            [
              93.33472914596824,
              23.430570821007198
            ],
            [
              93.33501472903396,
              23.43064235584121
            ],
            [
              93.335305948579,
              23.43068555418002
            ],
            [
              93.3356,
              23.4307
            ],
            [
              93.335894051421,
              23.43068555418002
            ],
            [
              93.33618527096604,
              23.43064235584121
            ],
            [
              93.33647085403176,
              23.430570821007198
            ],
            [
              93.33674805029709,
              23.430471638597535
            ],
            [
              93.33701419021048,
              23.430345763793046
            ],
            [
              93.33726671069905,
              23.430194408836908
            ],
            [
              93.33750317985249,
              23.43001903136009
            ],
            [
              93.33772132034356,
              23.42982132034356
            ],
            [
              93.33791903136009,
              23.429603179852492
            ],
            [
              93.33809440883691,
              23.42936671069906
            ],
            [
              93.33824576379304,
              23.42911419021048
            ],
            [
              93.33837163859754,
              23.4288480502971
            ],
            [
              93.33847082100719,
              23.428570854031765
            ],
            [
              93.33854235584121,
              23.42828527096605
            ],
            [
              93.33858555418001,
              23.427994051420992
            ],
            [
              93.3386,
              23.4277
            ]
          ]
        ]
      }
    },
    {
      "type": "Feature",
      "properties": {
        "landslide_id": "UNKNOWN_ID",
        "zone_name": "Landslide Zone (Champhai)",
        "state": "Mizoram",
        "district": "Champhai",
        "hazard_type": "LANDSLIDE",
        "risk_level": "HIGH",
        "historical_event_count": 1
      },
      "geometry": {
        "type": "Polygon",
        "coordinates": [
          [
            [
              93.33840000000001,
              23.4255
            ],
            [
              93.33838555418002,
              23.42520594857901
            ],
            [
              93.33834235584122,
              23.42491472903395
            ],
            [
              93.3382708210072,
              23.424629145968236
            ],
            [
              93.33817163859754,
              23.424351949702903
            ],
            [
              93.33804576379305,
              23.42408580978952
            ],
            [
              93.33789440883692,
              23.42383328930094
            ],
            [
              93.3377190313601,
              23.42359682014751
            ],
            [
              93.33752132034357,
              23.42337867965644
            ],
            [
              93.3373031798525,
              23.42318096863991
            ],
            [
              93.33706671069906,
              23.423005591163093
            ],
            [
              93.33681419021049,
              23.422854236206955
            ],
            [
              93.3365480502971,
              23.422728361402466
            ],
            [
              93.33627085403177,
              23.422629178992803
            ],
            [
              93.33598527096605,
              23.42255764415879
            ],
            [
              93.335694051421,
              23.42251444581998
            ],
            [
              93.3354,
              23.4225
            ],
            [
              93.33510594857901,
              23.42251444581998
            ],
            [
              93.33481472903397,
              23.42255764415879
            ],
            [
              93.33452914596825,
              23.422629178992803
            ],
            [
              93.33425194970292,
              23.422728361402466
            ],
            [
              93.33398580978952,
              23.422854236206955
            ],
            [
              93.33373328930095,
              23.423005591163093
            ],
            [
              93.33349682014752,
              23.42318096863991
            ],
            [
              93.33327867965644,
              23.42337867965644
            ],
            [
              93.33308096863992,
              23.42359682014751
            ],
            [
              93.3329055911631,
              23.42383328930094
            ],
            [
              93.33275423620697,
              23.42408580978952
            ],
            [
              93.33262836140247,
              23.424351949702903
            ],
            [
              93.33252917899281,
              23.424629145968236
            ],
            [
              93.3324576441588,
              23.42491472903395
            ],
            [
              93.33241444581999,
              23.42520594857901
            ],
            [
              93.3324,
              23.4255
            ],
            [
              93.33241444581999,
              23.42579405142099
            ],
            [
              93.3324576441588,
              23.42608527096605
            ],
            [
              93.33252917899281,
              23.426370854031763
            ],
            [
              93.33262836140247,
              23.426648050297096
            ],
            [
              93.33275423620697,
              23.42691419021048
            ],
            [
              93.3329055911631,
              23.42716671069906
            ],
            [
              93.33308096863992,
              23.42740317985249
            ],
            [
              93.33327867965644,
              23.427621320343558
            ],
            [
              93.33349682014752,
              23.427819031360087
            ],
            [
              93.33373328930095,
              23.427994408836906
            ],
            [
              93.33398580978952,
              23.428145763793044
            ],
            [
              93.33425194970292,
              23.428271638597533
            ],
            [
              93.33452914596825,
              23.428370821007196
            ],
            [
              93.33481472903397,
              23.42844235584121
            ],
            [
              93.33510594857901,
              23.428485554180018
            ],
            [
              93.3354,
              23.4285
            ],
            [
              93.335694051421,
              23.428485554180018
            ],
            [
              93.33598527096605,
              23.42844235584121
            ],
            [
              93.33627085403177,
              23.428370821007196
            ],
            [
              93.3365480502971,
              23.428271638597533
            ],
            [
              93.33681419021049,
              23.428145763793044
            ],
            [
              93.33706671069906,
              23.427994408836906
            ],
            [
              93.3373031798525,
              23.427819031360087
            ],
            [
              93.33752132034357,
              23.427621320343558
            ],
            [
              93.3377190313601,
              23.42740317985249
            ],
            [
              93.33789440883692,
              23.42716671069906
            ],
            [
              93.33804576379305,
              23.42691419021048
            ],
            [
              93.33817163859754,
              23.426648050297096
            ],
            [
              93.3382708210072,
              23.426370854031763
            ],
            [
              93.33834235584122,
              23.42608527096605
            ],
            [
              93.33838555418002,
              23.42579405142099
            ],
            [
              93.33840000000001,
              23.4255
            ]
          ]
        ]
      }
    },
    {
      "type": "Feature",
      "properties": {
        "landslide_id": "UNKNOWN_ID",
        "zone_name": "Landslide Zone (Champhai)",
        "state": "Mizoram",
        "district": "Champhai",
        "hazard_type": "LANDSLIDE",
        "risk_level": "HIGH",
        "historical_event_count": 1
      },
      "geometry": {
        "type": "Polygon",
        "coordinates": [
          [
            [
              93.3379,
              23.4241
            ],
            [
              93.33788555418002,
              23.42380594857901
            ],
            [
              93.33784235584122,
              23.42351472903395
            ],
            [
              93.3377708210072,
              23.423229145968236
            ],
            [
              93.33767163859754,
              23.422951949702902
            ],
            [
              93.33754576379305,
              23.42268580978952
            ],
            [
              93.33739440883691,
              23.42243328930094
            ],
            [
              93.33721903136009,
              23.42219682014751
            ],
            [
              93.33702132034357,
              23.42197867965644
            ],
            [
              93.3368031798525,
              23.42178096863991
            ],
            [
              93.33656671069906,
              23.421605591163093
            ],
            [
              93.33631419021049,
              23.421454236206955
            ],
            [
              93.3360480502971,
              23.421328361402466
            ],
            [
              93.33577085403176,
              23.421229178992803
            ],
            [
              93.33548527096605,
              23.42115764415879
            ],
            [
              93.335194051421,
              23.42111444581998
            ],
            [
              93.3349,
              23.4211
            ],
            [
              93.33460594857901,
              23.42111444581998
            ],
            [
              93.33431472903396,
              23.42115764415879
            ],
            [
              93.33402914596824,
              23.421229178992803
            ],
            [
              93.33375194970291,
              23.421328361402466
            ],
            [
              93.33348580978952,
              23.421454236206955
            ],
            [
              93.33323328930095,
              23.421605591163093
            ],
            [
              93.33299682014751,
              23.42178096863991
            ],
            [
              93.33277867965644,
              23.42197867965644
            ],
            [
              93.33258096863992,
              23.42219682014751
            ],
            [
              93.3324055911631,
              23.42243328930094
            ],
            [
              93.33225423620696,
              23.42268580978952
            ],
            [
              93.33212836140247,
              23.422951949702902
            ],
            [
              93.33202917899281,
              23.423229145968236
            ],
            [
              93.33195764415879,
              23.42351472903395
            ],
            [
              93.33191444581999,
              23.42380594857901
            ],
            [
              93.3319,
              23.4241
            ],
            [
              93.33191444581999,
              23.42439405142099
            ],
            [
              93.33195764415879,
              23.424685270966048
            ],
            [
              93.33202917899281,
              23.424970854031763
            ],
            [
              93.33212836140247,
              23.425248050297096
            ],
            [
              93.33225423620696,
              23.425514190210478
            ],
            [
              93.3324055911631,
              23.425766710699058
            ],
            [
              93.33258096863992,
              23.42600317985249
            ],
            [
              93.33277867965644,
              23.426221320343558
            ],
            [
              93.33299682014751,
              23.426419031360087
            ],
            [
              93.33323328930095,
              23.426594408836905
            ],
            [
              93.33348580978952,
              23.426745763793043
            ],
            [
              93.33375194970291,
              23.426871638597532
            ],
            [
              93.33402914596824,
              23.426970821007195
            ],
            [
              93.33431472903396,
              23.42704235584121
            ],
            [
              93.33460594857901,
              23.427085554180017
            ],
            [
              93.3349,
              23.4271
            ],
            [
              93.335194051421,
              23.427085554180017
            ],
            [
              93.33548527096605,
              23.42704235584121
            ],
            [
              93.33577085403176,
              23.426970821007195
            ],
            [
              93.3360480502971,
              23.426871638597532
            ],
            [
              93.33631419021049,
              23.426745763793043
            ],
            [
              93.33656671069906,
              23.426594408836905
            ],
            [
              93.3368031798525,
              23.426419031360087
            ],
            [
              93.33702132034357,
              23.426221320343558
            ],
            [
              93.33721903136009,
              23.42600317985249
            ],
            [
              93.33739440883691,
              23.425766710699058
            ],
            [
              93.33754576379305,
              23.425514190210478
            ],
            [
              93.33767163859754,
              23.425248050297096
            ],
            [
              93.3377708210072,
              23.424970854031763
            ],
            [
              93.33784235584122,
              23.424685270966048
            ],
            [
              93.33788555418002,
              23.42439405142099
            ],
            [
              93.3379,
              23.4241
            ]
          ]
        ]
      }
    },
    {
      "type": "Feature",
      "properties": {
        "landslide_id": "UNKNOWN_ID",
        "zone_name": "Landslide Zone (Champhai)",
        "state": "Mizoram",
        "district": "Champhai",
        "hazard_type": "LANDSLIDE",
        "risk_level": "HIGH",
        "historical_event_count": 1
      },
      "geometry": {
        "type": "Polygon",
        "coordinates": [
          [
            [
              93.3376,
              23.4207
            ],
            [
              93.33758555418001,
              23.42040594857901
            ],
            [
              93.33754235584121,
              23.42011472903395
            ],
            [
              93.33747082100719,
              23.419829145968237
            ],
            [
              93.33737163859753,
              23.419551949702903
            ],
            [
              93.33724576379304,
              23.41928580978952
            ],
            [
              93.3370944088369,
              23.41903328930094
            ],
            [
              93.33691903136008,
              23.41879682014751
            ],
            [
              93.33672132034356,
              23.41857867965644
            ],
            [
              93.33650317985249,
              23.418380968639912
            ],
            [
              93.33626671069905,
              23.418205591163094
            ],
            [
              93.33601419021048,
              23.418054236206956
            ],
            [
              93.33574805029708,
              23.417928361402467
            ],
            [
              93.33547085403175,
              23.417829178992804
            ],
            [
              93.33518527096604,
              23.41775764415879
            ],
            [
              93.33489405142099,
              23.417714445819982
            ],
            [
              93.3346,
              23.4177
            ],
            [
              93.334305948579,
              23.417714445819982
            ],
            [
              93.33401472903395,
              23.41775764415879
            ],
            [
              93.33372914596823,
              23.417829178992804
            ],
            [
              93.3334519497029,
              23.417928361402467
            ],
            [
              93.33318580978951,
              23.418054236206956
            ],
            [
              93.33293328930094,
              23.418205591163094
            ],
            [
              93.3326968201475,
              23.418380968639912
            ],
            [
              93.33247867965643,
              23.41857867965644
            ],
            [
              93.3322809686399,
              23.41879682014751
            ],
            [
              93.33210559116309,
              23.41903328930094
            ],
            [
              93.33195423620695,
              23.41928580978952
            ],
            [
              93.33182836140246,
              23.419551949702903
            ],
            [
              93.3317291789928,
              23.419829145968237
            ],
            [
              93.33165764415878,
              23.42011472903395
            ],
            [
              93.33161444581998,
              23.42040594857901
            ],
            [
              93.3316,
              23.4207
            ],
            [
              93.33161444581998,
              23.42099405142099
            ],
            [
              93.33165764415878,
              23.42128527096605
            ],
            [
              93.3317291789928,
              23.421570854031764
            ],
            [
              93.33182836140246,
              23.421848050297097
            ],
            [
              93.33195423620695,
              23.42211419021048
            ],
            [
              93.33210559116309,
              23.42236671069906
            ],
            [
              93.3322809686399,
              23.42260317985249
            ],
            [
              93.33247867965643,
              23.42282132034356
            ],
            [
              93.3326968201475,
              23.423019031360088
            ],
            [
              93.33293328930094,
              23.423194408836906
            ],
            [
              93.33318580978951,
              23.423345763793044
            ],
            [
              93.3334519497029,
              23.423471638597533
            ],
            [
              93.33372914596823,
              23.423570821007196
            ],
            [
              93.33401472903395,
              23.42364235584121
            ],
            [
              93.334305948579,
              23.423685554180018
            ],
            [
              93.3346,
              23.4237
            ],
            [
              93.33489405142099,
              23.423685554180018
            ],
            [
              93.33518527096604,
              23.42364235584121
            ],
            [
              93.33547085403175,
              23.423570821007196
            ],
            [
              93.33574805029708,
              23.423471638597533
            ],
            [
              93.33601419021048,
              23.423345763793044
            ],
            [
              93.33626671069905,
              23.423194408836906
            ],
            [
              93.33650317985249,
              23.423019031360088
            ],
            [
              93.33672132034356,
              23.42282132034356
            ],
            [
              93.33691903136008,
              23.42260317985249
            ],
            [
              93.3370944088369,
              23.42236671069906
            ],
            [
              93.33724576379304,
              23.42211419021048
            ],
            [
              93.33737163859753,
              23.421848050297097
            ],
            [
              93.33747082100719,
              23.421570854031764
            ],
            [
              93.33754235584121,
              23.42128527096605
            ],
            [
              93.33758555418001,
              23.42099405142099
            ],
            [
              93.3376,
              23.4207
            ]
          ]
        ]
      }
    },
    {
      "type": "Feature",
      "properties": {
        "landslide_id": "UNKNOWN_ID",
        "zone_name": "Landslide Zone (Champhai)",
        "state": "Mizoram",
        "district": "Champhai",
        "hazard_type": "LANDSLIDE",
        "risk_level": "HIGH",
        "historical_event_count": 1
      },
      "geometry": {
        "type": "Polygon",
        "coordinates": [
          [
            [
              93.3367,
              23.4179
            ],
            [
              93.33668555418001,
              23.41760594857901
            ],
            [
              93.3366423558412,
              23.41731472903395
            ],
            [
              93.33657082100719,
              23.417029145968236
            ],
            [
              93.33647163859753,
              23.416751949702903
            ],
            [
              93.33634576379303,
              23.41648580978952
            ],
            [
              93.3361944088369,
              23.41623328930094
            ],
            [
              93.33601903136008,
              23.41599682014751
            ],
            [
              93.33582132034356,
              23.41577867965644
            ],
            [
              93.33560317985248,
              23.41558096863991
            ],
            [
              93.33536671069905,
              23.415405591163093
            ],
            [
              93.33511419021048,
              23.415254236206955
            ],
            [
              93.33484805029708,
              23.415128361402466
            ],
            [
              93.33457085403175,
              23.415029178992803
            ],
            [
              93.33428527096603,
              23.41495764415879
            ],
            [
              93.33399405142099,
              23.41491444581998
            ],
            [
              93.3337,
              23.4149
            ],
            [
              93.333405948579,
              23.41491444581998
            ],
            [
              93.33311472903395,
              23.41495764415879
            ],
            [
              93.33282914596823,
              23.415029178992803
            ],
            [
              93.3325519497029,
              23.415128361402466
            ],
            [
              93.33228580978951,
              23.415254236206955
            ],
            [
              93.33203328930094,
              23.415405591163093
            ],
            [
              93.3317968201475,
              23.41558096863991
            ],
            [
              93.33157867965643,
              23.41577867965644
            ],
            [
              93.3313809686399,
              23.41599682014751
            ],
            [
              93.33120559116308,
              23.41623328930094
            ],
            [
              93.33105423620695,
              23.41648580978952
            ],
            [
              93.33092836140246,
              23.416751949702903
            ],
            [
              93.3308291789928,
              23.417029145968236
            ],
            [
              93.33075764415878,
              23.41731472903395
            ],
            [
              93.33071444581998,
              23.41760594857901
            ],
            [
              93.3307,
              23.4179
            ],
            [
              93.33071444581998,
              23.41819405142099
            ],
            [
              93.33075764415878,
              23.41848527096605
            ],
            [
              93.3308291789928,
              23.418770854031763
            ],
            [
              93.33092836140246,
              23.419048050297096
            ],
            [
              93.33105423620695,
              23.41931419021048
            ],
            [
              93.33120559116308,
              23.41956671069906
            ],
            [
              93.3313809686399,
              23.41980317985249
            ],
            [
              93.33157867965643,
              23.420021320343558
            ],
            [
              93.3317968201475,
              23.420219031360087
            ],
            [
              93.33203328930094,
              23.420394408836906
            ],
            [
              93.33228580978951,
              23.420545763793044
            ],
            [
              93.3325519497029,
              23.420671638597533
            ],
            [
              93.33282914596823,
              23.420770821007196
            ],
            [
              93.33311472903395,
              23.42084235584121
            ],
            [
              93.333405948579,
              23.420885554180018
            ],
            [
              93.3337,
              23.4209
            ],
            [
              93.33399405142099,
              23.420885554180018
            ],
            [
              93.33428527096603,
              23.42084235584121
            ],
            [
              93.33457085403175,
              23.420770821007196
            ],
            [
              93.33484805029708,
              23.420671638597533
            ],
            [
              93.33511419021048,
              23.420545763793044
            ],
            [
              93.33536671069905,
              23.420394408836906
            ],
            [
              93.33560317985248,
              23.420219031360087
            ],
            [
              93.33582132034356,
              23.420021320343558
            ],
            [
              93.33601903136008,
              23.41980317985249
            ],
            [
              93.3361944088369,
              23.41956671069906
            ],
            [
              93.33634576379303,
              23.41931419021048
            ],
            [
              93.33647163859753,
              23.419048050297096
            ],
            [
              93.33657082100719,
              23.418770854031763
            ],
            [
              93.3366423558412,
              23.41848527096605
            ],
            [
              93.33668555418001,
              23.41819405142099
            ],
            [
              93.3367,
              23.4179
            ]
          ]
        ]
      }
    },
    {
      "type": "Feature",
      "properties": {
        "landslide_id": "UNKNOWN_ID",
        "zone_name": "Landslide Zone (Champhai)",
        "state": "Mizoram",
        "district": "Champhai",
        "hazard_type": "LANDSLIDE",
        "risk_level": "HIGH",
        "historical_event_count": 1
      },
      "geometry": {
        "type": "Polygon",
        "coordinates": [
          [
            [
              93.3372,
              23.4167
            ],
            [
              93.33718555418001,
              23.41640594857901
            ],
            [
              93.33714235584121,
              23.41611472903395
            ],
            [
              93.33707082100719,
              23.415829145968235
            ],
            [
              93.33697163859753,
              23.415551949702902
            ],
            [
              93.33684576379304,
              23.41528580978952
            ],
            [
              93.3366944088369,
              23.41503328930094
            ],
            [
              93.33651903136008,
              23.414796820147508
            ],
            [
              93.33632132034356,
              23.41457867965644
            ],
            [
              93.33610317985249,
              23.41438096863991
            ],
            [
              93.33586671069905,
              23.414205591163093
            ],
            [
              93.33561419021048,
              23.414054236206955
            ],
            [
              93.33534805029709,
              23.413928361402466
            ],
            [
              93.33507085403176,
              23.413829178992803
            ],
            [
              93.33478527096604,
              23.41375764415879
            ],
            [
              93.33449405142099,
              23.41371444581998
            ],
            [
              93.3342,
              23.4137
            ],
            [
              93.333905948579,
              23.41371444581998
            ],
            [
              93.33361472903395,
              23.41375764415879
            ],
            [
              93.33332914596824,
              23.413829178992803
            ],
            [
              93.3330519497029,
              23.413928361402466
            ],
            [
              93.33278580978951,
              23.414054236206955
            ],
            [
              93.33253328930094,
              23.414205591163093
            ],
            [
              93.3322968201475,
              23.41438096863991
            ],
            [
              93.33207867965643,
              23.41457867965644
            ],
            [
              93.33188096863991,
              23.414796820147508
            ],
            [
              93.33170559116309,
              23.41503328930094
            ],
            [
              93.33155423620696,
              23.41528580978952
            ],
            [
              93.33142836140246,
              23.415551949702902
            ],
            [
              93.3313291789928,
              23.415829145968235
            ],
            [
              93.33125764415878,
              23.41611472903395
            ],
            [
              93.33121444581998,
              23.41640594857901
            ],
            [
              93.3312,
              23.4167
            ],
            [
              93.33121444581998,
              23.41699405142099
            ],
            [
              93.33125764415878,
              23.417285270966048
            ],
            [
              93.3313291789928,
              23.417570854031762
            ],
            [
              93.33142836140246,
              23.417848050297096
            ],
            [
              93.33155423620696,
              23.418114190210478
            ],
            [
              93.33170559116309,
              23.418366710699058
            ],
            [
              93.33188096863991,
              23.41860317985249
            ],
            [
              93.33207867965643,
              23.418821320343557
            ],
            [
              93.3322968201475,
              23.419019031360087
            ],
            [
              93.33253328930094,
              23.419194408836905
            ],
            [
              93.33278580978951,
              23.419345763793043
            ],
            [
              93.3330519497029,
              23.419471638597532
            ],
            [
              93.33332914596824,
              23.419570821007195
            ],
            [
              93.33361472903395,
              23.41964235584121
            ],
            [
              93.333905948579,
              23.419685554180017
            ],
            [
              93.3342,
              23.4197
            ],
            [
              93.33449405142099,
              23.419685554180017
            ],
            [
              93.33478527096604,
              23.41964235584121
            ],
            [
              93.33507085403176,
              23.419570821007195
            ],
            [
              93.33534805029709,
              23.419471638597532
            ],
            [
              93.33561419021048,
              23.419345763793043
            ],
            [
              93.33586671069905,
              23.419194408836905
            ],
            [
              93.33610317985249,
              23.419019031360087
            ],
            [
              93.33632132034356,
              23.418821320343557
            ],
            [
              93.33651903136008,
              23.41860317985249
            ],
            [
              93.3366944088369,
              23.418366710699058
            ],
            [
              93.33684576379304,
              23.418114190210478
            ],
            [
              93.33697163859753,
              23.417848050297096
            ],
            [
              93.33707082100719,
              23.417570854031762
            ],
            [
              93.33714235584121,
              23.417285270966048
            ],
            [
              93.33718555418001,
              23.41699405142099
            ],
            [
              93.3372,
              23.4167
            ]
          ]
        ]
      }
    },
    {
      "type": "Feature",
      "properties": {
        "landslide_id": "UNKNOWN_ID",
        "zone_name": "Landslide Zone (Champhai)",
        "state": "Mizoram",
        "district": "Champhai",
        "hazard_type": "LANDSLIDE",
        "risk_level": "HIGH",
        "historical_event_count": 1
      },
      "geometry": {
        "type": "Polygon",
        "coordinates": [
          [
            [
              93.3393,
              23.4152
            ],
            [
              93.33928555418001,
              23.41490594857901
            ],
            [
              93.33924235584121,
              23.41461472903395
            ],
            [
              93.33917082100719,
              23.414329145968235
            ],
            [
              93.33907163859753,
              23.414051949702902
            ],
            [
              93.33894576379303,
              23.41378580978952
            ],
            [
              93.3387944088369,
              23.41353328930094
            ],
            [
              93.33861903136008,
              23.413296820147508
            ],
            [
              93.33842132034356,
              23.41307867965644
            ],
            [
              93.33820317985248,
              23.41288096863991
            ],
            [
              93.33796671069905,
              23.412705591163093
            ],
            [
              93.33771419021048,
              23.412554236206955
            ],
            [
              93.33744805029708,
              23.412428361402466
            ],
            [
              93.33717085403175,
              23.412329178992803
            ],
            [
              93.33688527096604,
              23.41225764415879
            ],
            [
              93.33659405142099,
              23.41221444581998
            ],
            [
              93.3363,
              23.4122
            ],
            [
              93.336005948579,
              23.41221444581998
            ],
            [
              93.33571472903395,
              23.41225764415879
            ],
            [
              93.33542914596823,
              23.412329178992803
            ],
            [
              93.3351519497029,
              23.412428361402466
            ],
            [
              93.33488580978951,
              23.412554236206955
            ],
            [
              93.33463328930094,
              23.412705591163093
            ],
            [
              93.3343968201475,
              23.41288096863991
            ],
            [
              93.33417867965643,
              23.41307867965644
            ],
            [
              93.3339809686399,
              23.413296820147508
            ],
            [
              93.33380559116308,
              23.41353328930094
            ],
            [
              93.33365423620695,
              23.41378580978952
            ],
            [
              93.33352836140246,
              23.414051949702902
            ],
            [
              93.3334291789928,
              23.414329145968235
            ],
            [
              93.33335764415878,
              23.41461472903395
            ],
            [
              93.33331444581998,
              23.41490594857901
            ],
            [
              93.3333,
              23.4152
            ],
            [
              93.33331444581998,
              23.41549405142099
            ],
            [
              93.33335764415878,
              23.415785270966047
            ],
            [
              93.3334291789928,
              23.416070854031762
            ],
            [
              93.33352836140246,
              23.416348050297096
            ],
            [
              93.33365423620695,
              23.416614190210478
            ],
            [
              93.33380559116308,
              23.416866710699058
            ],
            [
              93.3339809686399,
              23.41710317985249
            ],
            [
              93.33417867965643,
              23.417321320343557
            ],
            [
              93.3343968201475,
              23.417519031360087
            ],
            [
              93.33463328930094,
              23.417694408836905
            ],
            [
              93.33488580978951,
              23.417845763793043
            ],
            [
              93.3351519497029,
              23.417971638597532
            ],
            [
              93.33542914596823,
              23.418070821007195
            ],
            [
              93.33571472903395,
              23.41814235584121
            ],
            [
              93.336005948579,
              23.418185554180017
            ],
            [
              93.3363,
              23.4182
            ],
            [
              93.33659405142099,
              23.418185554180017
            ],
            [
              93.33688527096604,
              23.41814235584121
            ],
            [
              93.33717085403175,
              23.418070821007195
            ],
            [
              93.33744805029708,
              23.417971638597532
            ],
            [
              93.33771419021048,
              23.417845763793043
            ],
            [
              93.33796671069905,
              23.417694408836905
            ],
            [
              93.33820317985248,
              23.417519031360087
            ],
            [
              93.33842132034356,
              23.417321320343557
            ],
            [
              93.33861903136008,
              23.41710317985249
            ],
            [
              93.3387944088369,
              23.416866710699058
            ],
            [
              93.33894576379303,
              23.416614190210478
            ],
            [
              93.33907163859753,
              23.416348050297096
            ],
            [
              93.33917082100719,
              23.416070854031762
            ],
            [
              93.33924235584121,
              23.415785270966047
            ],
            [
              93.33928555418001,
              23.41549405142099
            ],
            [
              93.3393,
              23.4152
            ]
          ]
        ]
      }
    },
    {
      "type": "Feature",
      "properties": {
        "landslide_id": "UNKNOWN_ID",
        "zone_name": "Landslide Zone (Champhai)",
        "state": "Mizoram",
        "district": "Champhai",
        "hazard_type": "LANDSLIDE",
        "risk_level": "HIGH",
        "historical_event_count": 1
      },
      "geometry": {
        "type": "Polygon",
        "coordinates": [
          [
            [
              93.3414,
              23.4139
            ],
            [
              93.34138555418001,
              23.41360594857901
            ],
            [
              93.3413423558412,
              23.413314729033953
            ],
            [
              93.34127082100719,
              23.41302914596824
            ],
            [
              93.34117163859753,
              23.412751949702905
            ],
            [
              93.34104576379303,
              23.412485809789523
            ],
            [
              93.3408944088369,
              23.412233289300943
            ],
            [
              93.34071903136008,
              23.41199682014751
            ],
            [
              93.34052132034356,
              23.411778679656443
            ],
            [
              93.34030317985248,
              23.411580968639914
            ],
            [
              93.34006671069905,
              23.411405591163096
            ],
            [
              93.33981419021048,
              23.411254236206958
            ],
            [
              93.33954805029708,
              23.41112836140247
            ],
            [
              93.33927085403175,
              23.411029178992806
            ],
            [
              93.33898527096603,
              23.410957644158792
            ],
            [
              93.33869405142099,
              23.410914445819984
            ],
            [
              93.3384,
              23.4109
            ],
            [
              93.338105948579,
              23.410914445819984
            ],
            [
              93.33781472903395,
              23.410957644158792
            ],
            [
              93.33752914596823,
              23.411029178992806
            ],
            [
              93.3372519497029,
              23.41112836140247
            ],
            [
              93.33698580978951,
              23.411254236206958
            ],
            [
              93.33673328930094,
              23.411405591163096
            ],
            [
              93.3364968201475,
              23.411580968639914
            ],
            [
              93.33627867965643,
              23.411778679656443
            ],
            [
              93.3360809686399,
              23.41199682014751
            ],
            [
              93.33590559116308,
              23.412233289300943
            ],
            [
              93.33575423620695,
              23.412485809789523
            ],
            [
              93.33562836140246,
              23.412751949702905
            ],
            [
              93.3355291789928,
              23.41302914596824
            ],
            [
              93.33545764415878,
              23.413314729033953
            ],
            [
              93.33541444581998,
              23.41360594857901
            ],
            [
              93.33539999999999,
              23.4139
            ],
            [
              93.33541444581998,
              23.414194051420992
            ],
            [
              93.33545764415878,
              23.41448527096605
            ],
            [
              93.3355291789928,
              23.414770854031765
            ],
            [
              93.33562836140246,
              23.4150480502971
            ],
            [
              93.33575423620695,
              23.41531419021048
            ],
            [
              93.33590559116308,
              23.41556671069906
            ],
            [
              93.3360809686399,
              23.415803179852492
            ],
            [
              93.33627867965643,
              23.41602132034356
            ],
            [
              93.3364968201475,
              23.41621903136009
            ],
            [
              93.33673328930094,
              23.416394408836908
            ],
            [
              93.33698580978951,
              23.416545763793046
            ],
            [
              93.3372519497029,
              23.416671638597535
            ],
            [
              93.33752914596823,
              23.416770821007198
            ],
            [
              93.33781472903395,
              23.41684235584121
            ],
            [
              93.338105948579,
              23.41688555418002
            ],
            [
              93.3384,
              23.416900000000002
            ],
            [
              93.33869405142099,
              23.41688555418002
            ],
            [
              93.33898527096603,
              23.41684235584121
            ],
            [
              93.33927085403175,
              23.416770821007198
            ],
            [
              93.33954805029708,
              23.416671638597535
            ],
            [
              93.33981419021048,
              23.416545763793046
            ],
            [
              93.34006671069905,
              23.416394408836908
            ],
            [
              93.34030317985248,
              23.41621903136009
            ],
            [
              93.34052132034356,
              23.41602132034356
            ],
            [
              93.34071903136008,
              23.415803179852492
            ],
            [
              93.3408944088369,
              23.41556671069906
            ],
            [
              93.34104576379303,
              23.41531419021048
            ],
            [
              93.34117163859753,
              23.4150480502971
            ],
            [
              93.34127082100719,
              23.414770854031765
            ],
            [
              93.3413423558412,
              23.41448527096605
            ],
            [
              93.34138555418001,
              23.414194051420992
            ],
            [
              93.3414,
              23.4139
            ]
          ]
        ]
      }
    },
    {
      "type": "Feature",
      "properties": {
        "landslide_id": "UNKNOWN_ID",
        "zone_name": "Landslide Zone (Champhai)",
        "state": "Mizoram",
        "district": "Champhai",
        "hazard_type": "LANDSLIDE",
        "risk_level": "HIGH",
        "historical_event_count": 1
      },
      "geometry": {
        "type": "Polygon",
        "coordinates": [
          [
            [
              93.3415,
              23.4129
            ],
            [
              93.34148555418001,
              23.41260594857901
            ],
            [
              93.34144235584121,
              23.41231472903395
            ],
            [
              93.34137082100719,
              23.412029145968237
            ],
            [
              93.34127163859753,
              23.411751949702904
            ],
            [
              93.34114576379304,
              23.41148580978952
            ],
            [
              93.3409944088369,
              23.41123328930094
            ],
            [
              93.34081903136008,
              23.41099682014751
            ],
            [
              93.34062132034356,
              23.410778679656442
            ],
            [
              93.34040317985249,
              23.410580968639913
            ],
            [
              93.34016671069905,
              23.410405591163094
            ],
            [
              93.33991419021048,
              23.410254236206956
            ],
            [
              93.33964805029709,
              23.410128361402467
            ],
            [
              93.33937085403176,
              23.410029178992804
            ],
            [
              93.33908527096604,
              23.40995764415879
            ],
            [
              93.33879405142099,
              23.409914445819982
            ],
            [
              93.3385,
              23.4099
            ],
            [
              93.338205948579,
              23.409914445819982
            ],
            [
              93.33791472903395,
              23.40995764415879
            ],
            [
              93.33762914596824,
              23.410029178992804
            ],
            [
              93.3373519497029,
              23.410128361402467
            ],
            [
              93.33708580978951,
              23.410254236206956
            ],
            [
              93.33683328930094,
              23.410405591163094
            ],
            [
              93.3365968201475,
              23.410580968639913
            ],
            [
              93.33637867965643,
              23.410778679656442
            ],
            [
              93.33618096863991,
              23.41099682014751
            ],
            [
              93.33600559116309,
              23.41123328930094
            ],
            [
              93.33585423620696,
              23.41148580978952
            ],
            [
              93.33572836140246,
              23.411751949702904
            ],
            [
              93.3356291789928,
              23.412029145968237
            ],
            [
              93.33555764415878,
              23.41231472903395
            ],
            [
              93.33551444581998,
              23.41260594857901
            ],
            [
              93.3355,
              23.4129
            ],
            [
              93.33551444581998,
              23.41319405142099
            ],
            [
              93.33555764415878,
              23.41348527096605
            ],
            [
              93.3356291789928,
              23.413770854031764
            ],
            [
              93.33572836140246,
              23.414048050297097
            ],
            [
              93.33585423620696,
              23.41431419021048
            ],
            [
              93.33600559116309,
              23.41456671069906
            ],
            [
              93.33618096863991,
              23.41480317985249
            ],
            [
              93.33637867965643,
              23.41502132034356
            ],
            [
              93.3365968201475,
              23.41521903136009
            ],
            [
              93.33683328930094,
              23.415394408836907
            ],
            [
              93.33708580978951,
              23.415545763793045
            ],
            [
              93.3373519497029,
              23.415671638597534
            ],
            [
              93.33762914596824,
              23.415770821007197
            ],
            [
              93.33791472903395,
              23.41584235584121
            ],
            [
              93.338205948579,
              23.41588555418002
            ],
            [
              93.3385,
              23.4159
            ],
            [
              93.33879405142099,
              23.41588555418002
            ],
            [
              93.33908527096604,
              23.41584235584121
            ],
            [
              93.33937085403176,
              23.415770821007197
            ],
            [
              93.33964805029709,
              23.415671638597534
            ],
            [
              93.33991419021048,
              23.415545763793045
            ],
            [
              93.34016671069905,
              23.415394408836907
            ],
            [
              93.34040317985249,
              23.41521903136009
            ],
            [
              93.34062132034356,
              23.41502132034356
            ],
            [
              93.34081903136008,
              23.41480317985249
            ],
            [
              93.3409944088369,
              23.41456671069906
            ],
            [
              93.34114576379304,
              23.41431419021048
            ],
            [
              93.34127163859753,
              23.414048050297097
            ],
            [
              93.34137082100719,
              23.413770854031764
            ],
            [
              93.34144235584121,
              23.41348527096605
            ],
            [
              93.34148555418001,
              23.41319405142099
            ],
            [
              93.3415,
              23.4129
            ]
          ]
        ]
      }
    },
    {
      "type": "Feature",
      "properties": {
        "landslide_id": "UNKNOWN_ID",
        "zone_name": "Landslide Zone (Champhai)",
        "state": "Mizoram",
        "district": "Champhai",
        "hazard_type": "LANDSLIDE",
        "risk_level": "HIGH",
        "historical_event_count": 1
      },
      "geometry": {
        "type": "Polygon",
        "coordinates": [
          [
            [
              93.3424,
              23.4123
            ],
            [
              93.34238555418001,
              23.412005948579008
            ],
            [
              93.34234235584121,
              23.41171472903395
            ],
            [
              93.34227082100719,
              23.411429145968235
            ],
            [
              93.34217163859753,
              23.4111519497029
            ],
            [
              93.34204576379304,
              23.41088580978952
            ],
            [
              93.34189440883691,
              23.41063328930094
            ],
            [
              93.34171903136009,
              23.410396820147508
            ],
            [
              93.34152132034356,
              23.41017867965644
            ],
            [
              93.34130317985249,
              23.40998096863991
            ],
            [
              93.34106671069905,
              23.409805591163092
            ],
            [
              93.34081419021048,
              23.409654236206954
            ],
            [
              93.34054805029709,
              23.409528361402465
            ],
            [
              93.34027085403176,
              23.409429178992802
            ],
            [
              93.33998527096604,
              23.40935764415879
            ],
            [
              93.33969405142099,
              23.40931444581998
            ],
            [
              93.3394,
              23.409299999999998
            ],
            [
              93.339105948579,
              23.40931444581998
            ],
            [
              93.33881472903396,
              23.40935764415879
            ],
            [
              93.33852914596824,
              23.409429178992802
            ],
            [
              93.33825194970291,
              23.409528361402465
            ],
            [
              93.33798580978952,
              23.409654236206954
            ],
            [
              93.33773328930094,
              23.409805591163092
            ],
            [
              93.3374968201475,
              23.40998096863991
            ],
            [
              93.33727867965644,
              23.41017867965644
            ],
            [
              93.33708096863991,
              23.410396820147508
            ],
            [
              93.33690559116309,
              23.41063328930094
            ],
            [
              93.33675423620696,
              23.41088580978952
            ],
            [
              93.33662836140246,
              23.4111519497029
            ],
            [
              93.3365291789928,
              23.411429145968235
            ],
            [
              93.33645764415878,
              23.41171472903395
            ],
            [
              93.33641444581998,
              23.412005948579008
            ],
            [
              93.3364,
              23.4123
            ],
            [
              93.33641444581998,
              23.41259405142099
            ],
            [
              93.33645764415878,
              23.412885270966047
            ],
            [
              93.3365291789928,
              23.413170854031762
            ],
            [
              93.33662836140246,
              23.413448050297095
            ],
            [
              93.33675423620696,
              23.413714190210477
            ],
            [
              93.33690559116309,
              23.413966710699057
            ],
            [
              93.33708096863991,
              23.41420317985249
            ],
            [
              93.33727867965644,
              23.414421320343557
            ],
            [
              93.3374968201475,
              23.414619031360086
            ],
            [
              93.33773328930094,
              23.414794408836904
            ],
            [
              93.33798580978952,
              23.414945763793042
            ],
            [
              93.33825194970291,
              23.41507163859753
            ],
            [
              93.33852914596824,
              23.415170821007194
            ],
            [
              93.33881472903396,
              23.415242355841208
            ],
            [
              93.339105948579,
              23.415285554180016
            ],
            [
              93.3394,
              23.4153
            ],
            [
              93.33969405142099,
              23.415285554180016
            ],
            [
              93.33998527096604,
              23.415242355841208
            ],
            [
              93.34027085403176,
              23.415170821007194
            ],
            [
              93.34054805029709,
              23.41507163859753
            ],
            [
              93.34081419021048,
              23.414945763793042
            ],
            [
              93.34106671069905,
              23.414794408836904
            ],
            [
              93.34130317985249,
              23.414619031360086
            ],
            [
              93.34152132034356,
              23.414421320343557
            ],
            [
              93.34171903136009,
              23.41420317985249
            ],
            [
              93.34189440883691,
              23.413966710699057
            ],
            [
              93.34204576379304,
              23.413714190210477
            ],
            [
              93.34217163859753,
              23.413448050297095
            ],
            [
              93.34227082100719,
              23.413170854031762
            ],
            [
              93.34234235584121,
              23.412885270966047
            ],
            [
              93.34238555418001,
              23.41259405142099
            ],
            [
              93.3424,
              23.4123
            ]
          ]
        ]
      }
    },
    {
      "type": "Feature",
      "properties": {
        "landslide_id": "UNKNOWN_ID",
        "zone_name": "Landslide Zone (Champhai)",
        "state": "Mizoram",
        "district": "Champhai",
        "hazard_type": "LANDSLIDE",
        "risk_level": "HIGH",
        "historical_event_count": 1
      },
      "geometry": {
        "type": "Polygon",
        "coordinates": [
          [
            [
              93.3457,
              23.4115
            ],
            [
              93.34568555418001,
              23.41120594857901
            ],
            [
              93.3456423558412,
              23.41091472903395
            ],
            [
              93.34557082100719,
              23.410629145968237
            ],
            [
              93.34547163859753,
              23.410351949702903
            ],
            [
              93.34534576379303,
              23.41008580978952
            ],
            [
              93.3451944088369,
              23.40983328930094
            ],
            [
              93.34501903136008,
              23.40959682014751
            ],
            [
              93.34482132034356,
              23.40937867965644
            ],
            [
              93.34460317985248,
              23.409180968639912
            ],
            [
              93.34436671069905,
              23.409005591163094
            ],
            [
              93.34411419021048,
              23.408854236206956
            ],
            [
              93.34384805029708,
              23.408728361402467
            ],
            [
              93.34357085403175,
              23.408629178992804
            ],
            [
              93.34328527096604,
              23.40855764415879
            ],
            [
              93.34299405142099,
              23.408514445819982
            ],
            [
              93.3427,
              23.4085
            ],
            [
              93.342405948579,
              23.408514445819982
            ],
            [
              93.34211472903395,
              23.40855764415879
            ],
            [
              93.34182914596823,
              23.408629178992804
            ],
            [
              93.3415519497029,
              23.408728361402467
            ],
            [
              93.34128580978951,
              23.408854236206956
            ],
            [
              93.34103328930094,
              23.409005591163094
            ],
            [
              93.3407968201475,
              23.409180968639912
            ],
            [
              93.34057867965643,
              23.40937867965644
            ],
            [
              93.3403809686399,
              23.40959682014751
            ],
            [
              93.34020559116308,
              23.40983328930094
            ],
            [
              93.34005423620695,
              23.41008580978952
            ],
            [
              93.33992836140246,
              23.410351949702903
            ],
            [
              93.3398291789928,
              23.410629145968237
            ],
            [
              93.33975764415878,
              23.41091472903395
            ],
            [
              93.33971444581998,
              23.41120594857901
            ],
            [
              93.3397,
              23.4115
            ],
            [
              93.33971444581998,
              23.41179405142099
            ],
            [
              93.33975764415878,
              23.41208527096605
            ],
            [
              93.3398291789928,
              23.412370854031764
            ],
            [
              93.33992836140246,
              23.412648050297097
            ],
            [
              93.34005423620695,
              23.41291419021048
            ],
            [
              93.34020559116308,
              23.41316671069906
            ],
            [
              93.3403809686399,
              23.41340317985249
            ],
            [
              93.34057867965643,
              23.41362132034356
            ],
            [
              93.3407968201475,
              23.413819031360088
            ],
            [
              93.34103328930094,
              23.413994408836906
            ],
            [
              93.34128580978951,
              23.414145763793044
            ],
            [
              93.3415519497029,
              23.414271638597533
            ],
            [
              93.34182914596823,
              23.414370821007196
            ],
            [
              93.34211472903395,
              23.41444235584121
            ],
            [
              93.342405948579,
              23.41448555418002
            ],
            [
              93.3427,
              23.4145
            ],
            [
              93.34299405142099,
              23.41448555418002
            ],
            [
              93.34328527096604,
              23.41444235584121
            ],
            [
              93.34357085403175,
              23.414370821007196
            ],
            [
              93.34384805029708,
              23.414271638597533
            ],
            [
              93.34411419021048,
              23.414145763793044
            ],
            [
              93.34436671069905,
              23.413994408836906
            ],
            [
              93.34460317985248,
              23.413819031360088
            ],
            [
              93.34482132034356,
              23.41362132034356
            ],
            [
              93.34501903136008,
              23.41340317985249
            ],
            [
              93.3451944088369,
              23.41316671069906
            ],
            [
              93.34534576379303,
              23.41291419021048
            ],
            [
              93.34547163859753,
              23.412648050297097
            ],
            [
              93.34557082100719,
              23.412370854031764
            ],
            [
              93.3456423558412,
              23.41208527096605
            ],
            [
              93.34568555418001,
              23.41179405142099
            ],
            [
              93.3457,
              23.4115
            ]
          ]
        ]
      }
    },
    {
      "type": "Feature",
      "properties": {
        "landslide_id": "UNKNOWN_ID",
        "zone_name": "Landslide Zone (Champhai)",
        "state": "Mizoram",
        "district": "Champhai",
        "hazard_type": "LANDSLIDE",
        "risk_level": "HIGH",
        "historical_event_count": 1
      },
      "geometry": {
        "type": "Polygon",
        "coordinates": [
          [
            [
              93.3463,
              23.4114
            ],
            [
              93.34628555418001,
              23.41110594857901
            ],
            [
              93.34624235584121,
              23.41081472903395
            ],
            [
              93.34617082100719,
              23.410529145968237
            ],
            [
              93.34607163859754,
              23.410251949702904
            ],
            [
              93.34594576379304,
              23.40998580978952
            ],
            [
              93.34579440883691,
              23.40973328930094
            ],
            [
              93.34561903136009,
              23.40949682014751
            ],
            [
              93.34542132034356,
              23.409278679656442
            ],
            [
              93.34520317985249,
              23.409080968639913
            ],
            [
              93.34496671069905,
              23.408905591163094
            ],
            [
              93.34471419021048,
              23.408754236206956
            ],
            [
              93.34444805029709,
              23.408628361402467
            ],
            [
              93.34417085403176,
              23.408529178992804
            ],
            [
              93.34388527096604,
              23.40845764415879
            ],
            [
              93.343594051421,
              23.408414445819982
            ],
            [
              93.3433,
              23.4084
            ],
            [
              93.343005948579,
              23.408414445819982
            ],
            [
              93.34271472903396,
              23.40845764415879
            ],
            [
              93.34242914596824,
              23.408529178992804
            ],
            [
              93.34215194970291,
              23.408628361402467
            ],
            [
              93.34188580978952,
              23.408754236206956
            ],
            [
              93.34163328930094,
              23.408905591163094
            ],
            [
              93.34139682014751,
              23.409080968639913
            ],
            [
              93.34117867965644,
              23.409278679656442
            ],
            [
              93.34098096863991,
              23.40949682014751
            ],
            [
              93.34080559116309,
              23.40973328930094
            ],
            [
              93.34065423620696,
              23.40998580978952
            ],
            [
              93.34052836140246,
              23.410251949702904
            ],
            [
              93.3404291789928,
              23.410529145968237
            ],
            [
              93.34035764415879,
              23.41081472903395
            ],
            [
              93.34031444581998,
              23.41110594857901
            ],
            [
              93.3403,
              23.4114
            ],
            [
              93.34031444581998,
              23.41169405142099
            ],
            [
              93.34035764415879,
              23.41198527096605
            ],
            [
              93.3404291789928,
              23.412270854031764
            ],
            [
              93.34052836140246,
              23.412548050297097
            ],
            [
              93.34065423620696,
              23.41281419021048
            ],
            [
              93.34080559116309,
              23.41306671069906
            ],
            [
              93.34098096863991,
              23.41330317985249
            ],
            [
              93.34117867965644,
              23.41352132034356
            ],
            [
              93.34139682014751,
              23.41371903136009
            ],
            [
              93.34163328930094,
              23.413894408836907
            ],
            [
              93.34188580978952,
              23.414045763793045
            ],
            [
              93.34215194970291,
              23.414171638597534
            ],
            [
              93.34242914596824,
              23.414270821007197
            ],
            [
              93.34271472903396,
              23.41434235584121
            ],
            [
              93.343005948579,
              23.41438555418002
            ],
            [
              93.3433,
              23.4144
            ],
            [
              93.343594051421,
              23.41438555418002
            ],
            [
              93.34388527096604,
              23.41434235584121
            ],
            [
              93.34417085403176,
              23.414270821007197
            ],
            [
              93.34444805029709,
              23.414171638597534
            ],
            [
              93.34471419021048,
              23.414045763793045
            ],
            [
              93.34496671069905,
              23.413894408836907
            ],
            [
              93.34520317985249,
              23.41371903136009
            ],
            [
              93.34542132034356,
              23.41352132034356
            ],
            [
              93.34561903136009,
              23.41330317985249
            ],
            [
              93.34579440883691,
              23.41306671069906
            ],
            [
              93.34594576379304,
              23.41281419021048
            ],
            [
              93.34607163859754,
              23.412548050297097
            ],
            [
              93.34617082100719,
              23.412270854031764
            ],
            [
              93.34624235584121,
              23.41198527096605
            ],
            [
              93.34628555418001,
              23.41169405142099
            ],
            [
              93.3463,
              23.4114
            ]
          ]
        ]
      }
    },
    {
      "type": "Feature",
      "properties": {
        "landslide_id": "UNKNOWN_ID",
        "zone_name": "Landslide Zone (Champhai)",
        "state": "Mizoram",
        "district": "Champhai",
        "hazard_type": "LANDSLIDE",
        "risk_level": "HIGH",
        "historical_event_count": 1
      },
      "geometry": {
        "type": "Polygon",
        "coordinates": [
          [
            [
              93.3501,
              23.4067
            ],
            [
              93.35008555418001,
              23.40640594857901
            ],
            [
              93.35004235584121,
              23.406114729033952
            ],
            [
              93.34997082100719,
              23.405829145968237
            ],
            [
              93.34987163859753,
              23.405551949702904
            ],
            [
              93.34974576379304,
              23.405285809789522
            ],
            [
              93.34959440883691,
              23.405033289300942
            ],
            [
              93.34941903136009,
              23.40479682014751
            ],
            [
              93.34922132034356,
              23.404578679656442
            ],
            [
              93.34900317985249,
              23.404380968639913
            ],
            [
              93.34876671069905,
              23.404205591163095
            ],
            [
              93.34851419021048,
              23.404054236206957
            ],
            [
              93.34824805029709,
              23.403928361402468
            ],
            [
              93.34797085403176,
              23.403829178992805
            ],
            [
              93.34768527096604,
              23.40375764415879
            ],
            [
              93.34739405142099,
              23.403714445819983
            ],
            [
              93.3471,
              23.4037
            ],
            [
              93.346805948579,
              23.403714445819983
            ],
            [
              93.34651472903396,
              23.40375764415879
            ],
            [
              93.34622914596824,
              23.403829178992805
            ],
            [
              93.34595194970291,
              23.403928361402468
            ],
            [
              93.34568580978952,
              23.404054236206957
            ],
            [
              93.34543328930094,
              23.404205591163095
            ],
            [
              93.3451968201475,
              23.404380968639913
            ],
            [
              93.34497867965644,
              23.404578679656442
            ],
            [
              93.34478096863991,
              23.40479682014751
            ],
            [
              93.34460559116309,
              23.405033289300942
            ],
            [
              93.34445423620696,
              23.405285809789522
            ],
            [
              93.34432836140246,
              23.405551949702904
            ],
            [
              93.3442291789928,
              23.405829145968237
            ],
            [
              93.34415764415878,
              23.406114729033952
            ],
            [
              93.34411444581998,
              23.40640594857901
            ],
            [
              93.3441,
              23.4067
            ],
            [
              93.34411444581998,
              23.40699405142099
            ],
            [
              93.34415764415878,
              23.40728527096605
            ],
            [
              93.3442291789928,
              23.407570854031764
            ],
            [
              93.34432836140246,
              23.407848050297098
            ],
            [
              93.34445423620696,
              23.40811419021048
            ],
            [
              93.34460559116309,
              23.40836671069906
            ],
            [
              93.34478096863991,
              23.40860317985249
            ],
            [
              93.34497867965644,
              23.40882132034356
            ],
            [
              93.3451968201475,
              23.40901903136009
            ],
            [
              93.34543328930094,
              23.409194408836907
            ],
            [
              93.34568580978952,
              23.409345763793045
            ],
            [
              93.34595194970291,
              23.409471638597534
            ],
            [
              93.34622914596824,
              23.409570821007197
            ],
            [
              93.34651472903396,
              23.40964235584121
            ],
            [
              93.346805948579,
              23.40968555418002
            ],
            [
              93.3471,
              23.4097
            ],
            [
              93.34739405142099,
              23.40968555418002
            ],
            [
              93.34768527096604,
              23.40964235584121
            ],
            [
              93.34797085403176,
              23.409570821007197
            ],
            [
              93.34824805029709,
              23.409471638597534
            ],
            [
              93.34851419021048,
              23.409345763793045
            ],
            [
              93.34876671069905,
              23.409194408836907
            ],
            [
              93.34900317985249,
              23.40901903136009
            ],
            [
              93.34922132034356,
              23.40882132034356
            ],
            [
              93.34941903136009,
              23.40860317985249
            ],
            [
              93.34959440883691,
              23.40836671069906
            ],
            [
              93.34974576379304,
              23.40811419021048
            ],
            [
              93.34987163859753,
              23.407848050297098
            ],
            [
              93.34997082100719,
              23.407570854031764
            ],
            [
              93.35004235584121,
              23.40728527096605
            ],
            [
              93.35008555418001,
              23.40699405142099
            ],
            [
              93.3501,
              23.4067
            ]
          ]
        ]
      }
    },
    {
      "type": "Feature",
      "properties": {
        "landslide_id": "UNKNOWN_ID",
        "zone_name": "Landslide Zone (Champhai)",
        "state": "Mizoram",
        "district": "Champhai",
        "hazard_type": "LANDSLIDE",
        "risk_level": "HIGH",
        "historical_event_count": 1
      },
      "geometry": {
        "type": "Polygon",
        "coordinates": [
          [
            [
              93.3613,
              23.4067
            ],
            [
              93.36128555418001,
              23.40640594857901
            ],
            [
              93.36124235584121,
              23.406114729033952
            ],
            [
              93.36117082100719,
              23.405829145968237
            ],
            [
              93.36107163859754,
              23.405551949702904
            ],
            [
              93.36094576379304,
              23.405285809789522
            ],
            [
              93.36079440883691,
              23.405033289300942
            ],
            [
              93.36061903136009,
              23.40479682014751
            ],
            [
              93.36042132034356,
              23.404578679656442
            ],
            [
              93.36020317985249,
              23.404380968639913
            ],
            [
              93.35996671069906,
              23.404205591163095
            ],
            [
              93.35971419021048,
              23.404054236206957
            ],
            [
              93.35944805029709,
              23.403928361402468
            ],
            [
              93.35917085403176,
              23.403829178992805
            ],
            [
              93.35888527096604,
              23.40375764415879
            ],
            [
              93.358594051421,
              23.403714445819983
            ],
            [
              93.3583,
              23.4037
            ],
            [
              93.358005948579,
              23.403714445819983
            ],
            [
              93.35771472903396,
              23.40375764415879
            ],
            [
              93.35742914596824,
              23.403829178992805
            ],
            [
              93.35715194970291,
              23.403928361402468
            ],
            [
              93.35688580978952,
              23.404054236206957
            ],
            [
              93.35663328930094,
              23.404205591163095
            ],
            [
              93.35639682014751,
              23.404380968639913
            ],
            [
              93.35617867965644,
              23.404578679656442
            ],
            [
              93.35598096863991,
              23.40479682014751
            ],
            [
              93.35580559116309,
              23.405033289300942
            ],
            [
              93.35565423620696,
              23.405285809789522
            ],
            [
              93.35552836140246,
              23.405551949702904
            ],
            [
              93.35542917899281,
              23.405829145968237
            ],
            [
              93.35535764415879,
              23.406114729033952
            ],
            [
              93.35531444581999,
              23.40640594857901
            ],
            [
              93.3553,
              23.4067
            ],
            [
              93.35531444581999,
              23.40699405142099
            ],
            [
              93.35535764415879,
              23.40728527096605
            ],
            [
              93.35542917899281,
              23.407570854031764
            ],
            [
              93.35552836140246,
              23.407848050297098
            ],
            [
              93.35565423620696,
              23.40811419021048
            ],
            [
              93.35580559116309,
              23.40836671069906
            ],
            [
              93.35598096863991,
              23.40860317985249
            ],
            [
              93.35617867965644,
              23.40882132034356
            ],
            [
              93.35639682014751,
              23.40901903136009
            ],
            [
              93.35663328930094,
              23.409194408836907
            ],
            [
              93.35688580978952,
              23.409345763793045
            ],
            [
              93.35715194970291,
              23.409471638597534
            ],
            [
              93.35742914596824,
              23.409570821007197
            ],
            [
              93.35771472903396,
              23.40964235584121
            ],
            [
              93.358005948579,
              23.40968555418002
            ],
            [
              93.3583,
              23.4097
            ],
            [
              93.358594051421,
              23.40968555418002
            ],
            [
              93.35888527096604,
              23.40964235584121
            ],
            [
              93.35917085403176,
              23.409570821007197
            ],
            [
              93.35944805029709,
              23.409471638597534
            ],
            [
              93.35971419021048,
              23.409345763793045
            ],
            [
              93.35996671069906,
              23.409194408836907
            ],
            [
              93.36020317985249,
              23.40901903136009
            ],
            [
              93.36042132034356,
              23.40882132034356
            ],
            [
              93.36061903136009,
              23.40860317985249
            ],
            [
              93.36079440883691,
              23.40836671069906
            ],
            [
              93.36094576379304,
              23.40811419021048
            ],
            [
              93.36107163859754,
              23.407848050297098
            ],
            [
              93.36117082100719,
              23.407570854031764
            ],
            [
              93.36124235584121,
              23.40728527096605
            ],
            [
              93.36128555418001,
              23.40699405142099
            ],
            [
              93.3613,
              23.4067
            ]
          ]
        ]
      }
    },
    {
      "type": "Feature",
      "properties": {
        "landslide_id": "UNKNOWN_ID",
        "zone_name": "Landslide Zone (Champhai)",
        "state": "Mizoram",
        "district": "Champhai",
        "hazard_type": "LANDSLIDE",
        "risk_level": "HIGH",
        "historical_event_count": 1
      },
      "geometry": {
        "type": "Polygon",
        "coordinates": [
          [
            [
              93.3634,
              23.4054
            ],
            [
              93.36338555418001,
              23.40510594857901
            ],
            [
              93.36334235584121,
              23.40481472903395
            ],
            [
              93.36327082100719,
              23.404529145968237
            ],
            [
              93.36317163859754,
              23.404251949702903
            ],
            [
              93.36304576379304,
              23.40398580978952
            ],
            [
              93.36289440883691,
              23.40373328930094
            ],
            [
              93.36271903136009,
              23.40349682014751
            ],
            [
              93.36252132034356,
              23.40327867965644
            ],
            [
              93.36230317985249,
              23.403080968639912
            ],
            [
              93.36206671069905,
              23.402905591163094
            ],
            [
              93.36181419021048,
              23.402754236206956
            ],
            [
              93.36154805029709,
              23.402628361402467
            ],
            [
              93.36127085403176,
              23.402529178992804
            ],
            [
              93.36098527096604,
              23.40245764415879
            ],
            [
              93.36069405142099,
              23.402414445819982
            ],
            [
              93.3604,
              23.4024
            ],
            [
              93.360105948579,
              23.402414445819982
            ],
            [
              93.35981472903396,
              23.40245764415879
            ],
            [
              93.35952914596824,
              23.402529178992804
            ],
            [
              93.35925194970291,
              23.402628361402467
            ],
            [
              93.35898580978952,
              23.402754236206956
            ],
            [
              93.35873328930094,
              23.402905591163094
            ],
            [
              93.35849682014751,
              23.403080968639912
            ],
            [
              93.35827867965644,
              23.40327867965644
            ],
            [
              93.35808096863991,
              23.40349682014751
            ],
            [
              93.35790559116309,
              23.40373328930094
            ],
            [
              93.35775423620696,
              23.40398580978952
            ],
            [
              93.35762836140246,
              23.404251949702903
            ],
            [
              93.3575291789928,
              23.404529145968237
            ],
            [
              93.35745764415879,
              23.40481472903395
            ],
            [
              93.35741444581998,
              23.40510594857901
            ],
            [
              93.3574,
              23.4054
            ],
            [
              93.35741444581998,
              23.40569405142099
            ],
            [
              93.35745764415879,
              23.40598527096605
            ],
            [
              93.3575291789928,
              23.406270854031764
            ],
            [
              93.35762836140246,
              23.406548050297097
            ],
            [
              93.35775423620696,
              23.40681419021048
            ],
            [
              93.35790559116309,
              23.40706671069906
            ],
            [
              93.35808096863991,
              23.40730317985249
            ],
            [
              93.35827867965644,
              23.40752132034356
            ],
            [
              93.35849682014751,
              23.407719031360088
            ],
            [
              93.35873328930094,
              23.407894408836906
            ],
            [
              93.35898580978952,
              23.408045763793044
            ],
            [
              93.35925194970291,
              23.408171638597533
            ],
            [
              93.35952914596824,
              23.408270821007196
            ],
            [
              93.35981472903396,
              23.40834235584121
            ],
            [
              93.360105948579,
              23.40838555418002
            ],
            [
              93.3604,
              23.4084
            ],
            [
              93.36069405142099,
              23.40838555418002
            ],
            [
              93.36098527096604,
              23.40834235584121
            ],
            [
              93.36127085403176,
              23.408270821007196
            ],
            [
              93.36154805029709,
              23.408171638597533
            ],
            [
              93.36181419021048,
              23.408045763793044
            ],
            [
              93.36206671069905,
              23.407894408836906
            ],
            [
              93.36230317985249,
              23.407719031360088
            ],
            [
              93.36252132034356,
              23.40752132034356
            ],
            [
              93.36271903136009,
              23.40730317985249
            ],
            [
              93.36289440883691,
              23.40706671069906
            ],
            [
              93.36304576379304,
              23.40681419021048
            ],
            [
              93.36317163859754,
              23.406548050297097
            ],
            [
              93.36327082100719,
              23.406270854031764
            ],
            [
              93.36334235584121,
              23.40598527096605
            ],
            [
              93.36338555418001,
              23.40569405142099
            ],
            [
              93.3634,
              23.4054
            ]
          ]
        ]
      }
    },
    {
      "type": "Feature",
      "properties": {
        "landslide_id": "UNKNOWN_ID",
        "zone_name": "Landslide Zone (Champhai)",
        "state": "Mizoram",
        "district": "Champhai",
        "hazard_type": "LANDSLIDE",
        "risk_level": "HIGH",
        "historical_event_count": 1
      },
      "geometry": {
        "type": "Polygon",
        "coordinates": [
          [
            [
              93.3608,
              23.4011
            ],
            [
              93.36078555418001,
              23.40080594857901
            ],
            [
              93.36074235584121,
              23.40051472903395
            ],
            [
              93.36067082100719,
              23.400229145968236
            ],
            [
              93.36057163859753,
              23.399951949702903
            ],
            [
              93.36044576379304,
              23.39968580978952
            ],
            [
              93.36029440883691,
              23.39943328930094
            ],
            [
              93.36011903136009,
              23.39919682014751
            ],
            [
              93.35992132034356,
              23.39897867965644
            ],
            [
              93.35970317985249,
              23.39878096863991
            ],
            [
              93.35946671069905,
              23.398605591163093
            ],
            [
              93.35921419021048,
              23.398454236206955
            ],
            [
              93.35894805029709,
              23.398328361402466
            ],
            [
              93.35867085403176,
              23.398229178992803
            ],
            [
              93.35838527096604,
              23.39815764415879
            ],
            [
              93.35809405142099,
              23.39811444581998
            ],
            [
              93.3578,
              23.3981
            ],
            [
              93.357505948579,
              23.39811444581998
            ],
            [
              93.35721472903396,
              23.39815764415879
            ],
            [
              93.35692914596824,
              23.398229178992803
            ],
            [
              93.35665194970291,
              23.398328361402466
            ],
            [
              93.35638580978951,
              23.398454236206955
            ],
            [
              93.35613328930094,
              23.398605591163093
            ],
            [
              93.3558968201475,
              23.39878096863991
            ],
            [
              93.35567867965644,
              23.39897867965644
            ],
            [
              93.35548096863991,
              23.39919682014751
            ],
            [
              93.35530559116309,
              23.39943328930094
            ],
            [
              93.35515423620696,
              23.39968580978952
            ],
            [
              93.35502836140246,
              23.399951949702903
            ],
            [
              93.3549291789928,
              23.400229145968236
            ],
            [
              93.35485764415878,
              23.40051472903395
            ],
            [
              93.35481444581998,
              23.40080594857901
            ],
            [
              93.3548,
              23.4011
            ],
            [
              93.35481444581998,
              23.40139405142099
            ],
            [
              93.35485764415878,
              23.40168527096605
            ],
            [
              93.3549291789928,
              23.401970854031763
            ],
            [
              93.35502836140246,
              23.402248050297096
            ],
            [
              93.35515423620696,
              23.40251419021048
            ],
            [
              93.35530559116309,
              23.40276671069906
            ],
            [
              93.35548096863991,
              23.40300317985249
            ],
            [
              93.35567867965644,
              23.403221320343558
            ],
            [
              93.3558968201475,
              23.403419031360087
            ],
            [
              93.35613328930094,
              23.403594408836906
            ],
            [
              93.35638580978951,
              23.403745763793044
            ],
            [
              93.35665194970291,
              23.403871638597533
            ],
            [
              93.35692914596824,
              23.403970821007196
            ],
            [
              93.35721472903396,
              23.40404235584121
            ],
            [
              93.357505948579,
              23.404085554180018
            ],
            [
              93.3578,
              23.4041
            ],
            [
              93.35809405142099,
              23.404085554180018
            ],
            [
              93.35838527096604,
              23.40404235584121
            ],
            [
              93.35867085403176,
              23.403970821007196
            ],
            [
              93.35894805029709,
              23.403871638597533
            ],
            [
              93.35921419021048,
              23.403745763793044
            ],
            [
              93.35946671069905,
              23.403594408836906
            ],
            [
              93.35970317985249,
              23.403419031360087
            ],
            [
              93.35992132034356,
              23.403221320343558
            ],
            [
              93.36011903136009,
              23.40300317985249
            ],
            [
              93.36029440883691,
              23.40276671069906
            ],
            [
              93.36044576379304,
              23.40251419021048
            ],
            [
              93.36057163859753,
              23.402248050297096
            ],
            [
              93.36067082100719,
              23.401970854031763
            ],
            [
              93.36074235584121,
              23.40168527096605
            ],
            [
              93.36078555418001,
              23.40139405142099
            ],
            [
              93.3608,
              23.4011
            ]
          ]
        ]
      }
    },
    {
      "type": "Feature",
      "properties": {
        "landslide_id": "UNKNOWN_ID",
        "zone_name": "Landslide Zone (Champhai)",
        "state": "Mizoram",
        "district": "Champhai",
        "hazard_type": "LANDSLIDE",
        "risk_level": "HIGH",
        "historical_event_count": 1
      },
      "geometry": {
        "type": "Polygon",
        "coordinates": [
          [
            [
              93.3631,
              23.3971
            ],
            [
              93.36308555418002,
              23.396805948579008
            ],
            [
              93.36304235584122,
              23.39651472903395
            ],
            [
              93.3629708210072,
              23.396229145968235
            ],
            [
              93.36287163859754,
              23.3959519497029
            ],
            [
              93.36274576379304,
              23.39568580978952
            ],
            [
              93.36259440883691,
              23.39543328930094
            ],
            [
              93.36241903136009,
              23.395196820147508
            ],
            [
              93.36222132034356,
              23.39497867965644
            ],
            [
              93.3620031798525,
              23.39478096863991
            ],
            [
              93.36176671069906,
              23.394605591163092
            ],
            [
              93.36151419021049,
              23.394454236206954
            ],
            [
              93.36124805029709,
              23.394328361402465
            ],
            [
              93.36097085403176,
              23.394229178992802
            ],
            [
              93.36068527096604,
              23.39415764415879
            ],
            [
              93.360394051421,
              23.39411444581998
            ],
            [
              93.3601,
              23.394099999999998
            ],
            [
              93.35980594857901,
              23.39411444581998
            ],
            [
              93.35951472903396,
              23.39415764415879
            ],
            [
              93.35922914596824,
              23.394229178992802
            ],
            [
              93.35895194970291,
              23.394328361402465
            ],
            [
              93.35868580978952,
              23.394454236206954
            ],
            [
              93.35843328930095,
              23.394605591163092
            ],
            [
              93.35819682014751,
              23.39478096863991
            ],
            [
              93.35797867965644,
              23.39497867965644
            ],
            [
              93.35778096863991,
              23.395196820147508
            ],
            [
              93.3576055911631,
              23.39543328930094
            ],
            [
              93.35745423620696,
              23.39568580978952
            ],
            [
              93.35732836140247,
              23.3959519497029
            ],
            [
              93.35722917899281,
              23.396229145968235
            ],
            [
              93.35715764415879,
              23.39651472903395
            ],
            [
              93.35711444581999,
              23.396805948579008
            ],
            [
              93.3571,
              23.3971
            ],
            [
              93.35711444581999,
              23.39739405142099
            ],
            [
              93.35715764415879,
              23.397685270966047
            ],
            [
              93.35722917899281,
              23.39797085403176
            ],
            [
              93.35732836140247,
              23.398248050297095
            ],
            [
              93.35745423620696,
              23.398514190210477
            ],
            [
              93.3576055911631,
              23.398766710699057
            ],
            [
              93.35778096863991,
              23.39900317985249
            ],
            [
              93.35797867965644,
              23.399221320343557
            ],
            [
              93.35819682014751,
              23.399419031360086
            ],
            [
              93.35843328930095,
              23.399594408836904
            ],
            [
              93.35868580978952,
              23.399745763793042
            ],
            [
              93.35895194970291,
              23.39987163859753
            ],
            [
              93.35922914596824,
              23.399970821007194
            ],
            [
              93.35951472903396,
              23.400042355841208
            ],
            [
              93.35980594857901,
              23.400085554180016
            ],
            [
              93.3601,
              23.4001
            ],
            [
              93.360394051421,
              23.400085554180016
            ],
            [
              93.36068527096604,
              23.400042355841208
            ],
            [
              93.36097085403176,
              23.399970821007194
            ],
            [
              93.36124805029709,
              23.39987163859753
            ],
            [
              93.36151419021049,
              23.399745763793042
            ],
            [
              93.36176671069906,
              23.399594408836904
            ],
            [
              93.3620031798525,
              23.399419031360086
            ],
            [
              93.36222132034356,
              23.399221320343557
            ],
            [
              93.36241903136009,
              23.39900317985249
            ],
            [
              93.36259440883691,
              23.398766710699057
            ],
            [
              93.36274576379304,
              23.398514190210477
            ],
            [
              93.36287163859754,
              23.398248050297095
            ],
            [
              93.3629708210072,
              23.39797085403176
            ],
            [
              93.36304235584122,
              23.397685270966047
            ],
            [
              93.36308555418002,
              23.39739405142099
            ],
            [
              93.3631,
              23.3971
            ]
          ]
        ]
      }
    },
    {
      "type": "Feature",
      "properties": {
        "landslide_id": "UNKNOWN_ID",
        "zone_name": "Landslide Zone (Champhai)",
        "state": "Mizoram",
        "district": "Champhai",
        "hazard_type": "LANDSLIDE",
        "risk_level": "HIGH",
        "historical_event_count": 1
      },
      "geometry": {
        "type": "Polygon",
        "coordinates": [
          [
            [
              93.3633,
              23.3971
            ],
            [
              93.36328555418001,
              23.396805948579008
            ],
            [
              93.36324235584121,
              23.39651472903395
            ],
            [
              93.36317082100719,
              23.396229145968235
            ],
            [
              93.36307163859753,
              23.3959519497029
            ],
            [
              93.36294576379304,
              23.39568580978952
            ],
            [
              93.3627944088369,
              23.39543328930094
            ],
            [
              93.36261903136008,
              23.395196820147508
            ],
            [
              93.36242132034356,
              23.39497867965644
            ],
            [
              93.36220317985249,
              23.39478096863991
            ],
            [
              93.36196671069905,
              23.394605591163092
            ],
            [
              93.36171419021048,
              23.394454236206954
            ],
            [
              93.36144805029708,
              23.394328361402465
            ],
            [
              93.36117085403176,
              23.394229178992802
            ],
            [
              93.36088527096604,
              23.39415764415879
            ],
            [
              93.36059405142099,
              23.39411444581998
            ],
            [
              93.3603,
              23.394099999999998
            ],
            [
              93.360005948579,
              23.39411444581998
            ],
            [
              93.35971472903395,
              23.39415764415879
            ],
            [
              93.35942914596824,
              23.394229178992802
            ],
            [
              93.3591519497029,
              23.394328361402465
            ],
            [
              93.35888580978951,
              23.394454236206954
            ],
            [
              93.35863328930094,
              23.394605591163092
            ],
            [
              93.3583968201475,
              23.39478096863991
            ],
            [
              93.35817867965643,
              23.39497867965644
            ],
            [
              93.35798096863991,
              23.395196820147508
            ],
            [
              93.35780559116309,
              23.39543328930094
            ],
            [
              93.35765423620695,
              23.39568580978952
            ],
            [
              93.35752836140246,
              23.3959519497029
            ],
            [
              93.3574291789928,
              23.396229145968235
            ],
            [
              93.35735764415878,
              23.39651472903395
            ],
            [
              93.35731444581998,
              23.396805948579008
            ],
            [
              93.3573,
              23.3971
            ],
            [
              93.35731444581998,
              23.39739405142099
            ],
            [
              93.35735764415878,
              23.397685270966047
            ],
            [
              93.3574291789928,
              23.39797085403176
            ],
            [
              93.35752836140246,
              23.398248050297095
            ],
            [
              93.35765423620695,
              23.398514190210477
            ],
            [
              93.35780559116309,
              23.398766710699057
            ],
            [
              93.35798096863991,
              23.39900317985249
            ],
            [
              93.35817867965643,
              23.399221320343557
            ],
            [
              93.3583968201475,
              23.399419031360086
            ],
            [
              93.35863328930094,
              23.399594408836904
            ],
            [
              93.35888580978951,
              23.399745763793042
            ],
            [
              93.3591519497029,
              23.39987163859753
            ],
            [
              93.35942914596824,
              23.399970821007194
            ],
            [
              93.35971472903395,
              23.400042355841208
            ],
            [
              93.360005948579,
              23.400085554180016
            ],
            [
              93.3603,
              23.4001
            ],
            [
              93.36059405142099,
              23.400085554180016
            ],
            [
              93.36088527096604,
              23.400042355841208
            ],
            [
              93.36117085403176,
              23.399970821007194
            ],
            [
              93.36144805029708,
              23.39987163859753
            ],
            [
              93.36171419021048,
              23.399745763793042
            ],
            [
              93.36196671069905,
              23.399594408836904
            ],
            [
              93.36220317985249,
              23.399419031360086
            ],
            [
              93.36242132034356,
              23.399221320343557
            ],
            [
              93.36261903136008,
              23.39900317985249
            ],
            [
              93.3627944088369,
              23.398766710699057
            ],
            [
              93.36294576379304,
              23.398514190210477
            ],
            [
              93.36307163859753,
              23.398248050297095
            ],
            [
              93.36317082100719,
              23.39797085403176
            ],
            [
              93.36324235584121,
              23.397685270966047
            ],
            [
              93.36328555418001,
              23.39739405142099
            ],
            [
              93.3633,
              23.3971
            ]
          ]
        ]
      }
    },
    {
      "type": "Feature",
      "properties": {
        "landslide_id": "UNKNOWN_ID",
        "zone_name": "Landslide Zone (Champhai)",
        "state": "Mizoram",
        "district": "Champhai",
        "hazard_type": "LANDSLIDE",
        "risk_level": "HIGH",
        "historical_event_count": 1
      },
      "geometry": {
        "type": "Polygon",
        "coordinates": [
          [
            [
              93.364,
              23.3886
            ],
            [
              93.36398555418002,
              23.38830594857901
            ],
            [
              93.36394235584122,
              23.38801472903395
            ],
            [
              93.3638708210072,
              23.387729145968237
            ],
            [
              93.36377163859754,
              23.387451949702903
            ],
            [
              93.36364576379304,
              23.38718580978952
            ],
            [
              93.36349440883691,
              23.38693328930094
            ],
            [
              93.36331903136009,
              23.38669682014751
            ],
            [
              93.36312132034357,
              23.38647867965644
            ],
            [
              93.3629031798525,
              23.386280968639912
            ],
            [
              93.36266671069906,
              23.386105591163094
            ],
            [
              93.36241419021049,
              23.385954236206956
            ],
            [
              93.3621480502971,
              23.385828361402467
            ],
            [
              93.36187085403176,
              23.385729178992804
            ],
            [
              93.36158527096605,
              23.38565764415879
            ],
            [
              93.361294051421,
              23.385614445819982
            ],
            [
              93.361,
              23.3856
            ],
            [
              93.36070594857901,
              23.385614445819982
            ],
            [
              93.36041472903396,
              23.38565764415879
            ],
            [
              93.36012914596824,
              23.385729178992804
            ],
            [
              93.35985194970291,
              23.385828361402467
            ],
            [
              93.35958580978952,
              23.385954236206956
            ],
            [
              93.35933328930095,
              23.386105591163094
            ],
            [
              93.35909682014751,
              23.386280968639912
            ],
            [
              93.35887867965644,
              23.38647867965644
            ],
            [
              93.35868096863992,
              23.38669682014751
            ],
            [
              93.3585055911631,
              23.38693328930094
            ],
            [
              93.35835423620696,
              23.38718580978952
            ],
            [
              93.35822836140247,
              23.387451949702903
            ],
            [
              93.35812917899281,
              23.387729145968237
            ],
            [
              93.35805764415879,
              23.38801472903395
            ],
            [
              93.35801444581999,
              23.38830594857901
            ],
            [
              93.358,
              23.3886
            ],
            [
              93.35801444581999,
              23.38889405142099
            ],
            [
              93.35805764415879,
              23.38918527096605
            ],
            [
              93.35812917899281,
              23.389470854031764
            ],
            [
              93.35822836140247,
              23.389748050297097
            ],
            [
              93.35835423620696,
              23.39001419021048
            ],
            [
              93.3585055911631,
              23.39026671069906
            ],
            [
              93.35868096863992,
              23.39050317985249
            ],
            [
              93.35887867965644,
              23.39072132034356
            ],
            [
              93.35909682014751,
              23.390919031360088
            ],
            [
              93.35933328930095,
              23.391094408836906
            ],
            [
              93.35958580978952,
              23.391245763793044
            ],
            [
              93.35985194970291,
              23.391371638597533
            ],
            [
              93.36012914596824,
              23.391470821007196
            ],
            [
              93.36041472903396,
              23.39154235584121
            ],
            [
              93.36070594857901,
              23.39158555418002
            ],
            [
              93.361,
              23.3916
            ],
            [
              93.361294051421,
              23.39158555418002
            ],
            [
              93.36158527096605,
              23.39154235584121
            ],
            [
              93.36187085403176,
              23.391470821007196
            ],
            [
              93.3621480502971,
              23.391371638597533
            ],
            [
              93.36241419021049,
              23.391245763793044
            ],
            [
              93.36266671069906,
              23.391094408836906
            ],
            [
              93.3629031798525,
              23.390919031360088
            ],
            [
              93.36312132034357,
              23.39072132034356
            ],
            [
              93.36331903136009,
              23.39050317985249
            ],
            [
              93.36349440883691,
              23.39026671069906
            ],
            [
              93.36364576379304,
              23.39001419021048
            ],
            [
              93.36377163859754,
              23.389748050297097
            ],
            [
              93.3638708210072,
              23.389470854031764
            ],
            [
              93.36394235584122,
              23.38918527096605
            ],
            [
              93.36398555418002,
              23.38889405142099
            ],
            [
              93.364,
              23.3886
            ]
          ]
        ]
      }
    },
    {
      "type": "Feature",
      "properties": {
        "landslide_id": "UNKNOWN_ID",
        "zone_name": "Landslide Zone (Champhai)",
        "state": "Mizoram",
        "district": "Champhai",
        "hazard_type": "LANDSLIDE",
        "risk_level": "HIGH",
        "historical_event_count": 1
      },
      "geometry": {
        "type": "Polygon",
        "coordinates": [
          [
            [
              93.3673,
              23.3964
            ],
            [
              93.36728555418001,
              23.39610594857901
            ],
            [
              93.36724235584121,
              23.39581472903395
            ],
            [
              93.36717082100719,
              23.395529145968236
            ],
            [
              93.36707163859754,
              23.395251949702903
            ],
            [
              93.36694576379304,
              23.39498580978952
            ],
            [
              93.36679440883691,
              23.39473328930094
            ],
            [
              93.36661903136009,
              23.39449682014751
            ],
            [
              93.36642132034356,
              23.39427867965644
            ],
            [
              93.36620317985249,
              23.394080968639912
            ],
            [
              93.36596671069906,
              23.393905591163094
            ],
            [
              93.36571419021048,
              23.393754236206956
            ],
            [
              93.36544805029709,
              23.393628361402467
            ],
            [
              93.36517085403176,
              23.393529178992804
            ],
            [
              93.36488527096604,
              23.39345764415879
            ],
            [
              93.364594051421,
              23.39341444581998
            ],
            [
              93.3643,
              23.3934
            ],
            [
              93.364005948579,
              23.39341444581998
            ],
            [
              93.36371472903396,
              23.39345764415879
            ],
            [
              93.36342914596824,
              23.393529178992804
            ],
            [
              93.36315194970291,
              23.393628361402467
            ],
            [
              93.36288580978952,
              23.393754236206956
            ],
            [
              93.36263328930094,
              23.393905591163094
            ],
            [
              93.36239682014751,
              23.394080968639912
            ],
            [
              93.36217867965644,
              23.39427867965644
            ],
            [
              93.36198096863991,
              23.39449682014751
            ],
            [
              93.36180559116309,
              23.39473328930094
            ],
            [
              93.36165423620696,
              23.39498580978952
            ],
            [
              93.36152836140246,
              23.395251949702903
            ],
            [
              93.36142917899281,
              23.395529145968236
            ],
            [
              93.36135764415879,
              23.39581472903395
            ],
            [
              93.36131444581999,
              23.39610594857901
            ],
            [
              93.3613,
              23.3964
            ],
            [
              93.36131444581999,
              23.39669405142099
            ],
            [
              93.36135764415879,
              23.39698527096605
            ],
            [
              93.36142917899281,
              23.397270854031763
            ],
            [
              93.36152836140246,
              23.397548050297097
            ],
            [
              93.36165423620696,
              23.39781419021048
            ],
            [
              93.36180559116309,
              23.39806671069906
            ],
            [
              93.36198096863991,
              23.39830317985249
            ],
            [
              93.36217867965644,
              23.39852132034356
            ],
            [
              93.36239682014751,
              23.398719031360088
            ],
            [
              93.36263328930094,
              23.398894408836906
            ],
            [
              93.36288580978952,
              23.399045763793044
            ],
            [
              93.36315194970291,
              23.399171638597533
            ],
            [
              93.36342914596824,
              23.399270821007196
            ],
            [
              93.36371472903396,
              23.39934235584121
            ],
            [
              93.364005948579,
              23.399385554180018
            ],
            [
              93.3643,
              23.3994
            ],
            [
              93.364594051421,
              23.399385554180018
            ],
            [
              93.36488527096604,
              23.39934235584121
            ],
            [
              93.36517085403176,
              23.399270821007196
            ],
            [
              93.36544805029709,
              23.399171638597533
            ],
            [
              93.36571419021048,
              23.399045763793044
            ],
            [
              93.36596671069906,
              23.398894408836906
            ],
            [
              93.36620317985249,
              23.398719031360088
            ],
            [
              93.36642132034356,
              23.39852132034356
            ],
            [
              93.36661903136009,
              23.39830317985249
            ],
            [
              93.36679440883691,
              23.39806671069906
            ],
            [
              93.36694576379304,
              23.39781419021048
            ],
            [
              93.36707163859754,
              23.397548050297097
            ],
            [
              93.36717082100719,
              23.397270854031763
            ],
            [
              93.36724235584121,
              23.39698527096605
            ],
            [
              93.36728555418001,
              23.39669405142099
            ],
            [
              93.3673,
              23.3964
            ]
          ]
        ]
      }
    },
    {
      "type": "Feature",
      "properties": {
        "landslide_id": "UNKNOWN_ID",
        "zone_name": "Landslide Zone (Champhai)",
        "state": "Mizoram",
        "district": "Champhai",
        "hazard_type": "LANDSLIDE",
        "risk_level": "HIGH",
        "historical_event_count": 1
      },
      "geometry": {
        "type": "Polygon",
        "coordinates": [
          [
            [
              93.3695,
              23.3961
            ],
            [
              93.36948555418002,
              23.39580594857901
            ],
            [
              93.36944235584122,
              23.395514729033952
            ],
            [
              93.3693708210072,
              23.395229145968237
            ],
            [
              93.36927163859754,
              23.394951949702904
            ],
            [
              93.36914576379304,
              23.39468580978952
            ],
            [
              93.36899440883691,
              23.39443328930094
            ],
            [
              93.36881903136009,
              23.39419682014751
            ],
            [
              93.36862132034356,
              23.393978679656442
            ],
            [
              93.36840317985249,
              23.393780968639913
            ],
            [
              93.36816671069906,
              23.393605591163094
            ],
            [
              93.36791419021048,
              23.393454236206956
            ],
            [
              93.36764805029709,
              23.393328361402467
            ],
            [
              93.36737085403176,
              23.393229178992804
            ],
            [
              93.36708527096604,
              23.39315764415879
            ],
            [
              93.366794051421,
              23.393114445819982
            ],
            [
              93.3665,
              23.3931
            ],
            [
              93.36620594857901,
              23.393114445819982
            ],
            [
              93.36591472903396,
              23.39315764415879
            ],
            [
              93.36562914596824,
              23.393229178992804
            ],
            [
              93.36535194970291,
              23.393328361402467
            ],
            [
              93.36508580978952,
              23.393454236206956
            ],
            [
              93.36483328930095,
              23.393605591163094
            ],
            [
              93.36459682014751,
              23.393780968639913
            ],
            [
              93.36437867965644,
              23.393978679656442
            ],
            [
              93.36418096863991,
              23.39419682014751
            ],
            [
              93.36400559116309,
              23.39443328930094
            ],
            [
              93.36385423620696,
              23.39468580978952
            ],
            [
              93.36372836140247,
              23.394951949702904
            ],
            [
              93.36362917899281,
              23.395229145968237
            ],
            [
              93.36355764415879,
              23.395514729033952
            ],
            [
              93.36351444581999,
              23.39580594857901
            ],
            [
              93.3635,
              23.3961
            ],
            [
              93.36351444581999,
              23.39639405142099
            ],
            [
              93.36355764415879,
              23.39668527096605
            ],
            [
              93.36362917899281,
              23.396970854031764
            ],
            [
              93.36372836140247,
              23.397248050297097
            ],
            [
              93.36385423620696,
              23.39751419021048
            ],
            [
              93.36400559116309,
              23.39776671069906
            ],
            [
              93.36418096863991,
              23.39800317985249
            ],
            [
              93.36437867965644,
              23.39822132034356
            ],
            [
              93.36459682014751,
              23.39841903136009
            ],
            [
              93.36483328930095,
              23.398594408836907
            ],
            [
              93.36508580978952,
              23.398745763793045
            ],
            [
              93.36535194970291,
              23.398871638597534
            ],
            [
              93.36562914596824,
              23.398970821007197
            ],
            [
              93.36591472903396,
              23.39904235584121
            ],
            [
              93.36620594857901,
              23.39908555418002
            ],
            [
              93.3665,
              23.3991
            ],
            [
              93.366794051421,
              23.39908555418002
            ],
            [
              93.36708527096604,
              23.39904235584121
            ],
            [
              93.36737085403176,
              23.398970821007197
            ],
            [
              93.36764805029709,
              23.398871638597534
            ],
            [
              93.36791419021048,
              23.398745763793045
            ],
            [
              93.36816671069906,
              23.398594408836907
            ],
            [
              93.36840317985249,
              23.39841903136009
            ],
            [
              93.36862132034356,
              23.39822132034356
            ],
            [
              93.36881903136009,
              23.39800317985249
            ],
            [
              93.36899440883691,
              23.39776671069906
            ],
            [
              93.36914576379304,
              23.39751419021048
            ],
            [
              93.36927163859754,
              23.397248050297097
            ],
            [
              93.3693708210072,
              23.396970854031764
            ],
            [
              93.36944235584122,
              23.39668527096605
            ],
            [
              93.36948555418002,
              23.39639405142099
            ],
            [
              93.3695,
              23.3961
            ]
          ]
        ]
      }
    },
    {
      "type": "Feature",
      "properties": {
        "landslide_id": "UNKNOWN_ID",
        "zone_name": "Landslide Zone (Champhai)",
        "state": "Mizoram",
        "district": "Champhai",
        "hazard_type": "LANDSLIDE",
        "risk_level": "HIGH",
        "historical_event_count": 1
      },
      "geometry": {
        "type": "Polygon",
        "coordinates": [
          [
            [
              93.3709,
              23.3967
            ],
            [
              93.37088555418002,
              23.39640594857901
            ],
            [
              93.37084235584122,
              23.39611472903395
            ],
            [
              93.3707708210072,
              23.395829145968236
            ],
            [
              93.37067163859754,
              23.395551949702902
            ],
            [
              93.37054576379305,
              23.39528580978952
            ],
            [
              93.37039440883692,
              23.39503328930094
            ],
            [
              93.3702190313601,
              23.39479682014751
            ],
            [
              93.37002132034357,
              23.39457867965644
            ],
            [
              93.3698031798525,
              23.39438096863991
            ],
            [
              93.36956671069906,
              23.394205591163093
            ],
            [
              93.36931419021049,
              23.394054236206955
            ],
            [
              93.3690480502971,
              23.393928361402466
            ],
            [
              93.36877085403177,
              23.393829178992803
            ],
            [
              93.36848527096605,
              23.39375764415879
            ],
            [
              93.368194051421,
              23.39371444581998
            ],
            [
              93.3679,
              23.3937
            ],
            [
              93.36760594857901,
              23.39371444581998
            ],
            [
              93.36731472903396,
              23.39375764415879
            ],
            [
              93.36702914596825,
              23.393829178992803
            ],
            [
              93.36675194970292,
              23.393928361402466
            ],
            [
              93.36648580978952,
              23.394054236206955
            ],
            [
              93.36623328930095,
              23.394205591163093
            ],
            [
              93.36599682014752,
              23.39438096863991
            ],
            [
              93.36577867965644,
              23.39457867965644
            ],
            [
              93.36558096863992,
              23.39479682014751
            ],
            [
              93.3654055911631,
              23.39503328930094
            ],
            [
              93.36525423620697,
              23.39528580978952
            ],
            [
              93.36512836140247,
              23.395551949702902
            ],
            [
              93.36502917899281,
              23.395829145968236
            ],
            [
              93.36495764415879,
              23.39611472903395
            ],
            [
              93.36491444581999,
              23.39640594857901
            ],
            [
              93.3649,
              23.3967
            ],
            [
              93.36491444581999,
              23.39699405142099
            ],
            [
              93.36495764415879,
              23.397285270966048
            ],
            [
              93.36502917899281,
              23.397570854031763
            ],
            [
              93.36512836140247,
              23.397848050297096
            ],
            [
              93.36525423620697,
              23.398114190210478
            ],
            [
              93.3654055911631,
              23.398366710699058
            ],
            [
              93.36558096863992,
              23.39860317985249
            ],
            [
              93.36577867965644,
              23.398821320343558
            ],
            [
              93.36599682014752,
              23.399019031360087
            ],
            [
              93.36623328930095,
              23.399194408836905
            ],
            [
              93.36648580978952,
              23.399345763793043
            ],
            [
              93.36675194970292,
              23.399471638597532
            ],
            [
              93.36702914596825,
              23.399570821007195
            ],
            [
              93.36731472903396,
              23.39964235584121
            ],
            [
              93.36760594857901,
              23.399685554180017
            ],
            [
              93.3679,
              23.3997
            ],
            [
              93.368194051421,
              23.399685554180017
            ],
            [
              93.36848527096605,
              23.39964235584121
            ],
            [
              93.36877085403177,
              23.399570821007195
            ],
            [
              93.3690480502971,
              23.399471638597532
            ],
            [
              93.36931419021049,
              23.399345763793043
            ],
            [
              93.36956671069906,
              23.399194408836905
            ],
            [
              93.3698031798525,
              23.399019031360087
            ],
            [
              93.37002132034357,
              23.398821320343558
            ],
            [
              93.3702190313601,
              23.39860317985249
            ],
            [
              93.37039440883692,
              23.398366710699058
            ],
            [
              93.37054576379305,
              23.398114190210478
            ],
            [
              93.37067163859754,
              23.397848050297096
            ],
            [
              93.3707708210072,
              23.397570854031763
            ],
            [
              93.37084235584122,
              23.397285270966048
            ],
            [
              93.37088555418002,
              23.39699405142099
            ],
            [
              93.3709,
              23.3967
            ]
          ]
        ]
      }
    },
    {
      "type": "Feature",
      "properties": {
        "landslide_id": "UNKNOWN_ID",
        "zone_name": "Landslide Zone (Champhai)",
        "state": "Mizoram",
        "district": "Champhai",
        "hazard_type": "LANDSLIDE",
        "risk_level": "HIGH",
        "historical_event_count": 1
      },
      "geometry": {
        "type": "Polygon",
        "coordinates": [
          [
            [
              93.3734,
              23.3954
            ],
            [
              93.37338555418002,
              23.39510594857901
            ],
            [
              93.37334235584122,
              23.39481472903395
            ],
            [
              93.3732708210072,
              23.394529145968235
            ],
            [
              93.37317163859754,
              23.394251949702902
            ],
            [
              93.37304576379304,
              23.39398580978952
            ],
            [
              93.37289440883691,
              23.39373328930094
            ],
            [
              93.37271903136009,
              23.393496820147508
            ],
            [
              93.37252132034357,
              23.39327867965644
            ],
            [
              93.3723031798525,
              23.39308096863991
            ],
            [
              93.37206671069906,
              23.392905591163093
            ],
            [
              93.37181419021049,
              23.392754236206954
            ],
            [
              93.3715480502971,
              23.392628361402465
            ],
            [
              93.37127085403176,
              23.392529178992802
            ],
            [
              93.37098527096605,
              23.39245764415879
            ],
            [
              93.370694051421,
              23.39241444581998
            ],
            [
              93.3704,
              23.3924
            ],
            [
              93.37010594857901,
              23.39241444581998
            ],
            [
              93.36981472903396,
              23.39245764415879
            ],
            [
              93.36952914596824,
              23.392529178992802
            ],
            [
              93.36925194970291,
              23.392628361402465
            ],
            [
              93.36898580978952,
              23.392754236206954
            ],
            [
              93.36873328930095,
              23.392905591163093
            ],
            [
              93.36849682014751,
              23.39308096863991
            ],
            [
              93.36827867965644,
              23.39327867965644
            ],
            [
              93.36808096863992,
              23.393496820147508
            ],
            [
              93.3679055911631,
              23.39373328930094
            ],
            [
              93.36775423620696,
              23.39398580978952
            ],
            [
              93.36762836140247,
              23.394251949702902
            ],
            [
              93.36752917899281,
              23.394529145968235
            ],
            [
              93.36745764415879,
              23.39481472903395
            ],
            [
              93.36741444581999,
              23.39510594857901
            ],
            [
              93.3674,
              23.3954
            ],
            [
              93.36741444581999,
              23.39569405142099
            ],
            [
              93.36745764415879,
              23.395985270966047
            ],
            [
              93.36752917899281,
              23.396270854031762
            ],
            [
              93.36762836140247,
              23.396548050297096
            ],
            [
              93.36775423620696,
              23.396814190210478
            ],
            [
              93.3679055911631,
              23.397066710699058
            ],
            [
              93.36808096863992,
              23.39730317985249
            ],
            [
              93.36827867965644,
              23.397521320343557
            ],
            [
              93.36849682014751,
              23.397719031360086
            ],
            [
              93.36873328930095,
              23.397894408836905
            ],
            [
              93.36898580978952,
              23.398045763793043
            ],
            [
              93.36925194970291,
              23.398171638597532
            ],
            [
              93.36952914596824,
              23.398270821007195
            ],
            [
              93.36981472903396,
              23.39834235584121
            ],
            [
              93.37010594857901,
              23.398385554180017
            ],
            [
              93.3704,
              23.3984
            ],
            [
              93.370694051421,
              23.398385554180017
            ],
            [
              93.37098527096605,
              23.39834235584121
            ],
            [
              93.37127085403176,
              23.398270821007195
            ],
            [
              93.3715480502971,
              23.398171638597532
            ],
            [
              93.37181419021049,
              23.398045763793043
            ],
            [
              93.37206671069906,
              23.397894408836905
            ],
            [
              93.3723031798525,
              23.397719031360086
            ],
            [
              93.37252132034357,
              23.397521320343557
            ],
            [
              93.37271903136009,
              23.39730317985249
            ],
            [
              93.37289440883691,
              23.397066710699058
            ],
            [
              93.37304576379304,
              23.396814190210478
            ],
            [
              93.37317163859754,
              23.396548050297096
            ],
            [
              93.3732708210072,
              23.396270854031762
            ],
            [
              93.37334235584122,
              23.395985270966047
            ],
            [
              93.37338555418002,
              23.39569405142099
            ],
            [
              93.3734,
              23.3954
            ]
          ]
        ]
      }
    },
    {
      "type": "Feature",
      "properties": {
        "landslide_id": "UNKNOWN_ID",
        "zone_name": "Landslide Zone (Champhai)",
        "state": "Mizoram",
        "district": "Champhai",
        "hazard_type": "LANDSLIDE",
        "risk_level": "HIGH",
        "historical_event_count": 1
      },
      "geometry": {
        "type": "Polygon",
        "coordinates": [
          [
            [
              93.3782,
              23.394
            ],
            [
              93.37818555418002,
              23.393705948579008
            ],
            [
              93.37814235584122,
              23.39341472903395
            ],
            [
              93.3780708210072,
              23.393129145968235
            ],
            [
              93.37797163859754,
              23.3928519497029
            ],
            [
              93.37784576379305,
              23.39258580978952
            ],
            [
              93.37769440883692,
              23.39233328930094
            ],
            [
              93.3775190313601,
              23.392096820147508
            ],
            [
              93.37732132034357,
              23.39187867965644
            ],
            [
              93.3771031798525,
              23.39168096863991
            ],
            [
              93.37686671069906,
              23.391505591163092
            ],
            [
              93.37661419021049,
              23.391354236206954
            ],
            [
              93.3763480502971,
              23.391228361402465
            ],
            [
              93.37607085403177,
              23.391129178992802
            ],
            [
              93.37578527096605,
              23.39105764415879
            ],
            [
              93.375494051421,
              23.39101444581998
            ],
            [
              93.3752,
              23.391
            ],
            [
              93.37490594857901,
              23.39101444581998
            ],
            [
              93.37461472903396,
              23.39105764415879
            ],
            [
              93.37432914596825,
              23.391129178992802
            ],
            [
              93.37405194970292,
              23.391228361402465
            ],
            [
              93.37378580978952,
              23.391354236206954
            ],
            [
              93.37353328930095,
              23.391505591163092
            ],
            [
              93.37329682014752,
              23.39168096863991
            ],
            [
              93.37307867965644,
              23.39187867965644
            ],
            [
              93.37288096863992,
              23.392096820147508
            ],
            [
              93.3727055911631,
              23.39233328930094
            ],
            [
              93.37255423620697,
              23.39258580978952
            ],
            [
              93.37242836140247,
              23.3928519497029
            ],
            [
              93.37232917899281,
              23.393129145968235
            ],
            [
              93.3722576441588,
              23.39341472903395
            ],
            [
              93.37221444581999,
              23.393705948579008
            ],
            [
              93.3722,
              23.394
            ],
            [
              93.37221444581999,
              23.39429405142099
            ],
            [
              93.3722576441588,
              23.394585270966047
            ],
            [
              93.37232917899281,
              23.394870854031762
            ],
            [
              93.37242836140247,
              23.395148050297095
            ],
            [
              93.37255423620697,
              23.395414190210477
            ],
            [
              93.3727055911631,
              23.395666710699057
            ],
            [
              93.37288096863992,
              23.39590317985249
            ],
            [
              93.37307867965644,
              23.396121320343557
            ],
            [
              93.37329682014752,
              23.396319031360086
            ],
            [
              93.37353328930095,
              23.396494408836904
            ],
            [
              93.37378580978952,
              23.396645763793043
            ],
            [
              93.37405194970292,
              23.39677163859753
            ],
            [
              93.37432914596825,
              23.396870821007195
            ],
            [
              93.37461472903396,
              23.396942355841208
            ],
            [
              93.37490594857901,
              23.396985554180016
            ],
            [
              93.3752,
              23.397
            ],
            [
              93.375494051421,
              23.396985554180016
            ],
            [
              93.37578527096605,
              23.396942355841208
            ],
            [
              93.37607085403177,
              23.396870821007195
            ],
            [
              93.3763480502971,
              23.39677163859753
            ],
            [
              93.37661419021049,
              23.396645763793043
            ],
            [
              93.37686671069906,
              23.396494408836904
            ],
            [
              93.3771031798525,
              23.396319031360086
            ],
            [
              93.37732132034357,
              23.396121320343557
            ],
            [
              93.3775190313601,
              23.39590317985249
            ],
            [
              93.37769440883692,
              23.395666710699057
            ],
            [
              93.37784576379305,
              23.395414190210477
            ],
            [
              93.37797163859754,
              23.395148050297095
            ],
            [
              93.3780708210072,
              23.394870854031762
            ],
            [
              93.37814235584122,
              23.394585270966047
            ],
            [
              93.37818555418002,
              23.39429405142099
            ],
            [
              93.3782,
              23.394
            ]
          ]
        ]
      }
    },
    {
      "type": "Feature",
      "properties": {
        "landslide_id": "UNKNOWN_ID",
        "zone_name": "Landslide Zone (Champhai)",
        "state": "Mizoram",
        "district": "Champhai",
        "hazard_type": "LANDSLIDE",
        "risk_level": "HIGH",
        "historical_event_count": 1
      },
      "geometry": {
        "type": "Polygon",
        "coordinates": [
          [
            [
              93.3788,
              23.3928
            ],
            [
              93.37878555418001,
              23.39250594857901
            ],
            [
              93.37874235584121,
              23.392214729033952
            ],
            [
              93.37867082100719,
              23.391929145968238
            ],
            [
              93.37857163859753,
              23.391651949702904
            ],
            [
              93.37844576379304,
              23.391385809789522
            ],
            [
              93.37829440883691,
              23.391133289300942
            ],
            [
              93.37811903136009,
              23.39089682014751
            ],
            [
              93.37792132034356,
              23.390678679656443
            ],
            [
              93.37770317985249,
              23.390480968639913
            ],
            [
              93.37746671069905,
              23.390305591163095
            ],
            [
              93.37721419021048,
              23.390154236206957
            ],
            [
              93.37694805029709,
              23.390028361402468
            ],
            [
              93.37667085403176,
              23.389929178992805
            ],
            [
              93.37638527096604,
              23.38985764415879
            ],
            [
              93.37609405142099,
              23.389814445819983
            ],
            [
              93.3758,
              23.3898
            ],
            [
              93.375505948579,
              23.389814445819983
            ],
            [
              93.37521472903396,
              23.38985764415879
            ],
            [
              93.37492914596824,
              23.389929178992805
            ],
            [
              93.37465194970291,
              23.390028361402468
            ],
            [
              93.37438580978952,
              23.390154236206957
            ],
            [
              93.37413328930094,
              23.390305591163095
            ],
            [
              93.37389682014751,
              23.390480968639913
            ],
            [
              93.37367867965644,
              23.390678679656443
            ],
            [
              93.37348096863991,
              23.39089682014751
            ],
            [
              93.37330559116309,
              23.391133289300942
            ],
            [
              93.37315423620696,
              23.391385809789522
            ],
            [
              93.37302836140246,
              23.391651949702904
            ],
            [
              93.3729291789928,
              23.391929145968238
            ],
            [
              93.37285764415878,
              23.392214729033952
            ],
            [
              93.37281444581998,
              23.39250594857901
            ],
            [
              93.3728,
              23.3928
            ],
            [
              93.37281444581998,
              23.39309405142099
            ],
            [
              93.37285764415878,
              23.39338527096605
            ],
            [
              93.3729291789928,
              23.393670854031765
            ],
            [
              93.37302836140246,
              23.393948050297098
            ],
            [
              93.37315423620696,
              23.39421419021048
            ],
            [
              93.37330559116309,
              23.39446671069906
            ],
            [
              93.37348096863991,
              23.394703179852492
            ],
            [
              93.37367867965644,
              23.39492132034356
            ],
            [
              93.37389682014751,
              23.39511903136009
            ],
            [
              93.37413328930094,
              23.395294408836907
            ],
            [
              93.37438580978952,
              23.395445763793045
            ],
            [
              93.37465194970291,
              23.395571638597534
            ],
            [
              93.37492914596824,
              23.395670821007197
            ],
            [
              93.37521472903396,
              23.39574235584121
            ],
            [
              93.375505948579,
              23.39578555418002
            ],
            [
              93.3758,
              23.3958
            ],
            [
              93.37609405142099,
              23.39578555418002
            ],
            [
              93.37638527096604,
              23.39574235584121
            ],
            [
              93.37667085403176,
              23.395670821007197
            ],
            [
              93.37694805029709,
              23.395571638597534
            ],
            [
              93.37721419021048,
              23.395445763793045
            ],
            [
              93.37746671069905,
              23.395294408836907
            ],
            [
              93.37770317985249,
              23.39511903136009
            ],
            [
              93.37792132034356,
              23.39492132034356
            ],
            [
              93.37811903136009,
              23.394703179852492
            ],
            [
              93.37829440883691,
              23.39446671069906
            ],
            [
              93.37844576379304,
              23.39421419021048
            ],
            [
              93.37857163859753,
              23.393948050297098
            ],
            [
              93.37867082100719,
              23.393670854031765
            ],
            [
              93.37874235584121,
              23.39338527096605
            ],
            [
              93.37878555418001,
              23.39309405142099
            ],
            [
              93.3788,
              23.3928
            ]
          ]
        ]
      }
    },
    {
      "type": "Feature",
      "properties": {
        "landslide_id": "UNKNOWN_ID",
        "zone_name": "Landslide Zone (Champhai)",
        "state": "Mizoram",
        "district": "Champhai",
        "hazard_type": "LANDSLIDE",
        "risk_level": "HIGH",
        "historical_event_count": 1
      },
      "geometry": {
        "type": "Polygon",
        "coordinates": [
          [
            [
              93.389,
              23.3918
            ],
            [
              93.38898555418001,
              23.39150594857901
            ],
            [
              93.38894235584121,
              23.39121472903395
            ],
            [
              93.38887082100719,
              23.390929145968236
            ],
            [
              93.38877163859753,
              23.390651949702903
            ],
            [
              93.38864576379304,
              23.39038580978952
            ],
            [
              93.3884944088369,
              23.39013328930094
            ],
            [
              93.38831903136008,
              23.38989682014751
            ],
            [
              93.38812132034356,
              23.38967867965644
            ],
            [
              93.38790317985249,
              23.389480968639912
            ],
            [
              93.38766671069905,
              23.389305591163094
            ],
            [
              93.38741419021048,
              23.389154236206956
            ],
            [
              93.38714805029709,
              23.389028361402467
            ],
            [
              93.38687085403176,
              23.388929178992804
            ],
            [
              93.38658527096604,
              23.38885764415879
            ],
            [
              93.38629405142099,
              23.388814445819982
            ],
            [
              93.386,
              23.3888
            ],
            [
              93.385705948579,
              23.388814445819982
            ],
            [
              93.38541472903395,
              23.38885764415879
            ],
            [
              93.38512914596824,
              23.388929178992804
            ],
            [
              93.3848519497029,
              23.389028361402467
            ],
            [
              93.38458580978951,
              23.389154236206956
            ],
            [
              93.38433328930094,
              23.389305591163094
            ],
            [
              93.3840968201475,
              23.389480968639912
            ],
            [
              93.38387867965643,
              23.38967867965644
            ],
            [
              93.38368096863991,
              23.38989682014751
            ],
            [
              93.38350559116309,
              23.39013328930094
            ],
            [
              93.38335423620696,
              23.39038580978952
            ],
            [
              93.38322836140246,
              23.390651949702903
            ],
            [
              93.3831291789928,
              23.390929145968236
            ],
            [
              93.38305764415878,
              23.39121472903395
            ],
            [
              93.38301444581998,
              23.39150594857901
            ],
            [
              93.383,
              23.3918
            ],
            [
              93.38301444581998,
              23.39209405142099
            ],
            [
              93.38305764415878,
              23.39238527096605
            ],
            [
              93.3831291789928,
              23.392670854031763
            ],
            [
              93.38322836140246,
              23.392948050297097
            ],
            [
              93.38335423620696,
              23.39321419021048
            ],
            [
              93.38350559116309,
              23.39346671069906
            ],
            [
              93.38368096863991,
              23.39370317985249
            ],
            [
              93.38387867965643,
              23.39392132034356
            ],
            [
              93.3840968201475,
              23.394119031360088
            ],
            [
              93.38433328930094,
              23.394294408836906
            ],
            [
              93.38458580978951,
              23.394445763793044
            ],
            [
              93.3848519497029,
              23.394571638597533
            ],
            [
              93.38512914596824,
              23.394670821007196
            ],
            [
              93.38541472903395,
              23.39474235584121
            ],
            [
              93.385705948579,
              23.394785554180018
            ],
            [
              93.386,
              23.3948
            ],
            [
              93.38629405142099,
              23.394785554180018
            ],
            [
              93.38658527096604,
              23.39474235584121
            ],
            [
              93.38687085403176,
              23.394670821007196
            ],
            [
              93.38714805029709,
              23.394571638597533
            ],
            [
              93.38741419021048,
              23.394445763793044
            ],
            [
              93.38766671069905,
              23.394294408836906
            ],
            [
              93.38790317985249,
              23.394119031360088
            ],
            [
              93.38812132034356,
              23.39392132034356
            ],
            [
              93.38831903136008,
              23.39370317985249
            ],
            [
              93.3884944088369,
              23.39346671069906
            ],
            [
              93.38864576379304,
              23.39321419021048
            ],
            [
              93.38877163859753,
              23.392948050297097
            ],
            [
              93.38887082100719,
              23.392670854031763
            ],
            [
              93.38894235584121,
              23.39238527096605
            ],
            [
              93.38898555418001,
              23.39209405142099
            ],
            [
              93.389,
              23.3918
            ]
          ]
        ]
      }
    },
    {
      "type": "Feature",
      "properties": {
        "landslide_id": "UNKNOWN_ID",
        "zone_name": "Landslide Zone (Champhai)",
        "state": "Mizoram",
        "district": "Champhai",
        "hazard_type": "LANDSLIDE",
        "risk_level": "HIGH",
        "historical_event_count": 1
      },
      "geometry": {
        "type": "Polygon",
        "coordinates": [
          [
            [
              93.3831,
              23.3901
            ],
            [
              93.38308555418001,
              23.38980594857901
            ],
            [
              93.38304235584121,
              23.38951472903395
            ],
            [
              93.38297082100719,
              23.389229145968237
            ],
            [
              93.38287163859754,
              23.388951949702903
            ],
            [
              93.38274576379304,
              23.38868580978952
            ],
            [
              93.38259440883691,
              23.38843328930094
            ],
            [
              93.38241903136009,
              23.38819682014751
            ],
            [
              93.38222132034356,
              23.38797867965644
            ],
            [
              93.38200317985249,
              23.387780968639913
            ],
            [
              93.38176671069905,
              23.387605591163094
            ],
            [
              93.38151419021048,
              23.387454236206956
            ],
            [
              93.38124805029709,
              23.387328361402467
            ],
            [
              93.38097085403176,
              23.387229178992804
            ],
            [
              93.38068527096604,
              23.38715764415879
            ],
            [
              93.38039405142099,
              23.387114445819982
            ],
            [
              93.3801,
              23.3871
            ],
            [
              93.379805948579,
              23.387114445819982
            ],
            [
              93.37951472903396,
              23.38715764415879
            ],
            [
              93.37922914596824,
              23.387229178992804
            ],
            [
              93.37895194970291,
              23.387328361402467
            ],
            [
              93.37868580978952,
              23.387454236206956
            ],
            [
              93.37843328930094,
              23.387605591163094
            ],
            [
              93.37819682014751,
              23.387780968639913
            ],
            [
              93.37797867965644,
              23.38797867965644
            ],
            [
              93.37778096863991,
              23.38819682014751
            ],
            [
              93.37760559116309,
              23.38843328930094
            ],
            [
              93.37745423620696,
              23.38868580978952
            ],
            [
              93.37732836140246,
              23.388951949702903
            ],
            [
              93.3772291789928,
              23.389229145968237
            ],
            [
              93.37715764415879,
              23.38951472903395
            ],
            [
              93.37711444581998,
              23.38980594857901
            ],
            [
              93.3771,
              23.3901
            ],
            [
              93.37711444581998,
              23.39039405142099
            ],
            [
              93.37715764415879,
              23.39068527096605
            ],
            [
              93.3772291789928,
              23.390970854031764
            ],
            [
              93.37732836140246,
              23.391248050297097
            ],
            [
              93.37745423620696,
              23.39151419021048
            ],
            [
              93.37760559116309,
              23.39176671069906
            ],
            [
              93.37778096863991,
              23.39200317985249
            ],
            [
              93.37797867965644,
              23.39222132034356
            ],
            [
              93.37819682014751,
              23.392419031360088
            ],
            [
              93.37843328930094,
              23.392594408836906
            ],
            [
              93.37868580978952,
              23.392745763793044
            ],
            [
              93.37895194970291,
              23.392871638597533
            ],
            [
              93.37922914596824,
              23.392970821007196
            ],
            [
              93.37951472903396,
              23.39304235584121
            ],
            [
              93.379805948579,
              23.39308555418002
            ],
            [
              93.3801,
              23.3931
            ],
            [
              93.38039405142099,
              23.39308555418002
            ],
            [
              93.38068527096604,
              23.39304235584121
            ],
            [
              93.38097085403176,
              23.392970821007196
            ],
            [
              93.38124805029709,
              23.392871638597533
            ],
            [
              93.38151419021048,
              23.392745763793044
            ],
            [
              93.38176671069905,
              23.392594408836906
            ],
            [
              93.38200317985249,
              23.392419031360088
            ],
            [
              93.38222132034356,
              23.39222132034356
            ],
            [
              93.38241903136009,
              23.39200317985249
            ],
            [
              93.38259440883691,
              23.39176671069906
            ],
            [
              93.38274576379304,
              23.39151419021048
            ],
            [
              93.38287163859754,
              23.391248050297097
            ],
            [
              93.38297082100719,
              23.390970854031764
            ],
            [
              93.38304235584121,
              23.39068527096605
            ],
            [
              93.38308555418001,
              23.39039405142099
            ],
            [
              93.3831,
              23.3901
            ]
          ]
        ]
      }
    },
    {
      "type": "Feature",
      "properties": {
        "landslide_id": "UNKNOWN_ID",
        "zone_name": "Landslide Zone (Champhai)",
        "state": "Mizoram",
        "district": "Champhai",
        "hazard_type": "LANDSLIDE",
        "risk_level": "HIGH",
        "historical_event_count": 1
      },
      "geometry": {
        "type": "Polygon",
        "coordinates": [
          [
            [
              93.386,
              23.3843
            ],
            [
              93.38598555418001,
              23.38400594857901
            ],
            [
              93.38594235584121,
              23.38371472903395
            ],
            [
              93.38587082100719,
              23.383429145968236
            ],
            [
              93.38577163859753,
              23.383151949702903
            ],
            [
              93.38564576379304,
              23.38288580978952
            ],
            [
              93.3854944088369,
              23.38263328930094
            ],
            [
              93.38531903136008,
              23.38239682014751
            ],
            [
              93.38512132034356,
              23.38217867965644
            ],
            [
              93.38490317985249,
              23.381980968639912
            ],
            [
              93.38466671069905,
              23.381805591163094
            ],
            [
              93.38441419021048,
              23.381654236206955
            ],
            [
              93.38414805029709,
              23.381528361402466
            ],
            [
              93.38387085403176,
              23.381429178992803
            ],
            [
              93.38358527096604,
              23.38135764415879
            ],
            [
              93.38329405142099,
              23.38131444581998
            ],
            [
              93.383,
              23.3813
            ],
            [
              93.382705948579,
              23.38131444581998
            ],
            [
              93.38241472903395,
              23.38135764415879
            ],
            [
              93.38212914596824,
              23.381429178992803
            ],
            [
              93.3818519497029,
              23.381528361402466
            ],
            [
              93.38158580978951,
              23.381654236206955
            ],
            [
              93.38133328930094,
              23.381805591163094
            ],
            [
              93.3810968201475,
              23.381980968639912
            ],
            [
              93.38087867965643,
              23.38217867965644
            ],
            [
              93.38068096863991,
              23.38239682014751
            ],
            [
              93.38050559116309,
              23.38263328930094
            ],
            [
              93.38035423620695,
              23.38288580978952
            ],
            [
              93.38022836140246,
              23.383151949702903
            ],
            [
              93.3801291789928,
              23.383429145968236
            ],
            [
              93.38005764415878,
              23.38371472903395
            ],
            [
              93.38001444581998,
              23.38400594857901
            ],
            [
              93.38,
              23.3843
            ],
            [
              93.38001444581998,
              23.38459405142099
            ],
            [
              93.38005764415878,
              23.38488527096605
            ],
            [
              93.3801291789928,
              23.385170854031763
            ],
            [
              93.38022836140246,
              23.385448050297097
            ],
            [
              93.38035423620695,
              23.38571419021048
            ],
            [
              93.38050559116309,
              23.38596671069906
            ],
            [
              93.38068096863991,
              23.38620317985249
            ],
            [
              93.38087867965643,
              23.38642132034356
            ],
            [
              93.3810968201475,
              23.386619031360087
            ],
            [
              93.38133328930094,
              23.386794408836906
            ],
            [
              93.38158580978951,
              23.386945763793044
            ],
            [
              93.3818519497029,
              23.387071638597533
            ],
            [
              93.38212914596824,
              23.387170821007196
            ],
            [
              93.38241472903395,
              23.38724235584121
            ],
            [
              93.382705948579,
              23.387285554180018
            ],
            [
              93.383,
              23.3873
            ],
            [
              93.38329405142099,
              23.387285554180018
            ],
            [
              93.38358527096604,
              23.38724235584121
            ],
            [
              93.38387085403176,
              23.387170821007196
            ],
            [
              93.38414805029709,
              23.387071638597533
            ],
            [
              93.38441419021048,
              23.386945763793044
            ],
            [
              93.38466671069905,
              23.386794408836906
            ],
            [
              93.38490317985249,
              23.386619031360087
            ],
            [
              93.38512132034356,
              23.38642132034356
            ],
            [
              93.38531903136008,
              23.38620317985249
            ],
            [
              93.3854944088369,
              23.38596671069906
            ],
            [
              93.38564576379304,
              23.38571419021048
            ],
            [
              93.38577163859753,
              23.385448050297097
            ],
            [
              93.38587082100719,
              23.385170854031763
            ],
            [
              93.38594235584121,
              23.38488527096605
            ],
            [
              93.38598555418001,
              23.38459405142099
            ],
            [
              93.386,
              23.3843
            ]
          ]
        ]
      }
    },
    {
      "type": "Feature",
      "properties": {
        "landslide_id": "UNKNOWN_ID",
        "zone_name": "Landslide Zone (Champhai)",
        "state": "Mizoram",
        "district": "Champhai",
        "hazard_type": "LANDSLIDE",
        "risk_level": "HIGH",
        "historical_event_count": 1
      },
      "geometry": {
        "type": "Polygon",
        "coordinates": [
          [
            [
              93.3912,
              23.3807
            ],
            [
              93.39118555418001,
              23.38040594857901
            ],
            [
              93.39114235584121,
              23.380114729033952
            ],
            [
              93.39107082100719,
              23.379829145968237
            ],
            [
              93.39097163859753,
              23.379551949702904
            ],
            [
              93.39084576379304,
              23.379285809789522
            ],
            [
              93.39069440883691,
              23.379033289300942
            ],
            [
              93.39051903136009,
              23.37879682014751
            ],
            [
              93.39032132034356,
              23.378578679656442
            ],
            [
              93.39010317985249,
              23.378380968639913
            ],
            [
              93.38986671069905,
              23.378205591163095
            ],
            [
              93.38961419021048,
              23.378054236206957
            ],
            [
              93.38934805029709,
              23.377928361402468
            ],
            [
              93.38907085403176,
              23.377829178992805
            ],
            [
              93.38878527096604,
              23.37775764415879
            ],
            [
              93.38849405142099,
              23.377714445819983
            ],
            [
              93.3882,
              23.3777
            ],
            [
              93.387905948579,
              23.377714445819983
            ],
            [
              93.38761472903396,
              23.37775764415879
            ],
            [
              93.38732914596824,
              23.377829178992805
            ],
            [
              93.38705194970291,
              23.377928361402468
            ],
            [
              93.38678580978952,
              23.378054236206957
            ],
            [
              93.38653328930094,
              23.378205591163095
            ],
            [
              93.3862968201475,
              23.378380968639913
            ],
            [
              93.38607867965644,
              23.378578679656442
            ],
            [
              93.38588096863991,
              23.37879682014751
            ],
            [
              93.38570559116309,
              23.379033289300942
            ],
            [
              93.38555423620696,
              23.379285809789522
            ],
            [
              93.38542836140246,
              23.379551949702904
            ],
            [
              93.3853291789928,
              23.379829145968237
            ],
            [
              93.38525764415878,
              23.380114729033952
            ],
            [
              93.38521444581998,
              23.38040594857901
            ],
            [
              93.3852,
              23.3807
            ],
            [
              93.38521444581998,
              23.38099405142099
            ],
            [
              93.38525764415878,
              23.38128527096605
            ],
            [
              93.3853291789928,
              23.381570854031764
            ],
            [
              93.38542836140246,
              23.381848050297098
            ],
            [
              93.38555423620696,
              23.38211419021048
            ],
            [
              93.38570559116309,
              23.38236671069906
            ],
            [
              93.38588096863991,
              23.38260317985249
            ],
            [
              93.38607867965644,
              23.38282132034356
            ],
            [
              93.3862968201475,
              23.38301903136009
            ],
            [
              93.38653328930094,
              23.383194408836907
            ],
            [
              93.38678580978952,
              23.383345763793045
            ],
            [
              93.38705194970291,
              23.383471638597534
            ],
            [
              93.38732914596824,
              23.383570821007197
            ],
            [
              93.38761472903396,
              23.38364235584121
            ],
            [
              93.387905948579,
              23.38368555418002
            ],
            [
              93.3882,
              23.3837
            ],
            [
              93.38849405142099,
              23.38368555418002
            ],
            [
              93.38878527096604,
              23.38364235584121
            ],
            [
              93.38907085403176,
              23.383570821007197
            ],
            [
              93.38934805029709,
              23.383471638597534
            ],
            [
              93.38961419021048,
              23.383345763793045
            ],
            [
              93.38986671069905,
              23.383194408836907
            ],
            [
              93.39010317985249,
              23.38301903136009
            ],
            [
              93.39032132034356,
              23.38282132034356
            ],
            [
              93.39051903136009,
              23.38260317985249
            ],
            [
              93.39069440883691,
              23.38236671069906
            ],
            [
              93.39084576379304,
              23.38211419021048
            ],
            [
              93.39097163859753,
              23.381848050297098
            ],
            [
              93.39107082100719,
              23.381570854031764
            ],
            [
              93.39114235584121,
              23.38128527096605
            ],
            [
              93.39118555418001,
              23.38099405142099
            ],
            [
              93.3912,
              23.3807
            ]
          ]
        ]
      }
    },
    {
      "type": "Feature",
      "properties": {
        "landslide_id": "UNKNOWN_ID",
        "zone_name": "Landslide Zone (Champhai)",
        "state": "Mizoram",
        "district": "Champhai",
        "hazard_type": "LANDSLIDE",
        "risk_level": "HIGH",
        "historical_event_count": 1
      },
      "geometry": {
        "type": "Polygon",
        "coordinates": [
          [
            [
              93.3892,
              23.3817
            ],
            [
              93.38918555418002,
              23.38140594857901
            ],
            [
              93.38914235584122,
              23.38111472903395
            ],
            [
              93.3890708210072,
              23.380829145968235
            ],
            [
              93.38897163859754,
              23.3805519497029
            ],
            [
              93.38884576379304,
              23.38028580978952
            ],
            [
              93.38869440883691,
              23.38003328930094
            ],
            [
              93.38851903136009,
              23.379796820147508
            ],
            [
              93.38832132034356,
              23.37957867965644
            ],
            [
              93.3881031798525,
              23.37938096863991
            ],
            [
              93.38786671069906,
              23.379205591163092
            ],
            [
              93.38761419021048,
              23.379054236206954
            ],
            [
              93.38734805029709,
              23.378928361402465
            ],
            [
              93.38707085403176,
              23.378829178992802
            ],
            [
              93.38678527096604,
              23.37875764415879
            ],
            [
              93.386494051421,
              23.37871444581998
            ],
            [
              93.3862,
              23.3787
            ],
            [
              93.38590594857901,
              23.37871444581998
            ],
            [
              93.38561472903396,
              23.37875764415879
            ],
            [
              93.38532914596824,
              23.378829178992802
            ],
            [
              93.38505194970291,
              23.378928361402465
            ],
            [
              93.38478580978952,
              23.379054236206954
            ],
            [
              93.38453328930095,
              23.379205591163092
            ],
            [
              93.38429682014751,
              23.37938096863991
            ],
            [
              93.38407867965644,
              23.37957867965644
            ],
            [
              93.38388096863991,
              23.379796820147508
            ],
            [
              93.38370559116309,
              23.38003328930094
            ],
            [
              93.38355423620696,
              23.38028580978952
            ],
            [
              93.38342836140247,
              23.3805519497029
            ],
            [
              93.38332917899281,
              23.380829145968235
            ],
            [
              93.38325764415879,
              23.38111472903395
            ],
            [
              93.38321444581999,
              23.38140594857901
            ],
            [
              93.3832,
              23.3817
            ],
            [
              93.38321444581999,
              23.38199405142099
            ],
            [
              93.38325764415879,
              23.382285270966047
            ],
            [
              93.38332917899281,
              23.382570854031762
            ],
            [
              93.38342836140247,
              23.382848050297095
            ],
            [
              93.38355423620696,
              23.383114190210478
            ],
            [
              93.38370559116309,
              23.383366710699057
            ],
            [
              93.38388096863991,
              23.38360317985249
            ],
            [
              93.38407867965644,
              23.383821320343557
            ],
            [
              93.38429682014751,
              23.384019031360086
            ],
            [
              93.38453328930095,
              23.384194408836905
            ],
            [
              93.38478580978952,
              23.384345763793043
            ],
            [
              93.38505194970291,
              23.38447163859753
            ],
            [
              93.38532914596824,
              23.384570821007195
            ],
            [
              93.38561472903396,
              23.38464235584121
            ],
            [
              93.38590594857901,
              23.384685554180017
            ],
            [
              93.3862,
              23.3847
            ],
            [
              93.386494051421,
              23.384685554180017
            ],
            [
              93.38678527096604,
              23.38464235584121
            ],
            [
              93.38707085403176,
              23.384570821007195
            ],
            [
              93.38734805029709,
              23.38447163859753
            ],
            [
              93.38761419021048,
              23.384345763793043
            ],
            [
              93.38786671069906,
              23.384194408836905
            ],
            [
              93.3881031798525,
              23.384019031360086
            ],
            [
              93.38832132034356,
              23.383821320343557
            ],
            [
              93.38851903136009,
              23.38360317985249
            ],
            [
              93.38869440883691,
              23.383366710699057
            ],
            [
              93.38884576379304,
              23.383114190210478
            ],
            [
              93.38897163859754,
              23.382848050297095
            ],
            [
              93.3890708210072,
              23.382570854031762
            ],
            [
              93.38914235584122,
              23.382285270966047
            ],
            [
              93.38918555418002,
              23.38199405142099
            ],
            [
              93.3892,
              23.3817
            ]
          ]
        ]
      }
    },
    {
      "type": "Feature",
      "properties": {
        "landslide_id": "UNKNOWN_ID",
        "zone_name": "Landslide Zone (Champhai)",
        "state": "Mizoram",
        "district": "Champhai",
        "hazard_type": "LANDSLIDE",
        "risk_level": "HIGH",
        "historical_event_count": 1
      },
      "geometry": {
        "type": "Polygon",
        "coordinates": [
          [
            [
              93.3915,
              23.3801
            ],
            [
              93.39148555418001,
              23.37980594857901
            ],
            [
              93.3914423558412,
              23.37951472903395
            ],
            [
              93.39137082100719,
              23.379229145968235
            ],
            [
              93.39127163859753,
              23.378951949702902
            ],
            [
              93.39114576379303,
              23.37868580978952
            ],
            [
              93.3909944088369,
              23.37843328930094
            ],
            [
              93.39081903136008,
              23.378196820147508
            ],
            [
              93.39062132034356,
              23.37797867965644
            ],
            [
              93.39040317985248,
              23.37778096863991
            ],
            [
              93.39016671069905,
              23.377605591163093
            ],
            [
              93.38991419021048,
              23.377454236206955
            ],
            [
              93.38964805029708,
              23.377328361402466
            ],
            [
              93.38937085403175,
              23.377229178992803
            ],
            [
              93.38908527096604,
              23.37715764415879
            ],
            [
              93.38879405142099,
              23.37711444581998
            ],
            [
              93.3885,
              23.3771
            ],
            [
              93.388205948579,
              23.37711444581998
            ],
            [
              93.38791472903395,
              23.37715764415879
            ],
            [
              93.38762914596823,
              23.377229178992803
            ],
            [
              93.3873519497029,
              23.377328361402466
            ],
            [
              93.38708580978951,
              23.377454236206955
            ],
            [
              93.38683328930094,
              23.377605591163093
            ],
            [
              93.3865968201475,
              23.37778096863991
            ],
            [
              93.38637867965643,
              23.37797867965644
            ],
            [
              93.3861809686399,
              23.378196820147508
            ],
            [
              93.38600559116308,
              23.37843328930094
            ],
            [
              93.38585423620695,
              23.37868580978952
            ],
            [
              93.38572836140246,
              23.378951949702902
            ],
            [
              93.3856291789928,
              23.379229145968235
            ],
            [
              93.38555764415878,
              23.37951472903395
            ],
            [
              93.38551444581998,
              23.37980594857901
            ],
            [
              93.3855,
              23.3801
            ],
            [
              93.38551444581998,
              23.38039405142099
            ],
            [
              93.38555764415878,
              23.380685270966048
            ],
            [
              93.3856291789928,
              23.380970854031762
            ],
            [
              93.38572836140246,
              23.381248050297096
            ],
            [
              93.38585423620695,
              23.381514190210478
            ],
            [
              93.38600559116308,
              23.381766710699058
            ],
            [
              93.3861809686399,
              23.38200317985249
            ],
            [
              93.38637867965643,
              23.382221320343557
            ],
            [
              93.3865968201475,
              23.382419031360087
            ],
            [
              93.38683328930094,
              23.382594408836905
            ],
            [
              93.38708580978951,
              23.382745763793043
            ],
            [
              93.3873519497029,
              23.382871638597532
            ],
            [
              93.38762914596823,
              23.382970821007195
            ],
            [
              93.38791472903395,
              23.38304235584121
            ],
            [
              93.388205948579,
              23.383085554180017
            ],
            [
              93.3885,
              23.3831
            ],
            [
              93.38879405142099,
              23.383085554180017
            ],
            [
              93.38908527096604,
              23.38304235584121
            ],
            [
              93.38937085403175,
              23.382970821007195
            ],
            [
              93.38964805029708,
              23.382871638597532
            ],
            [
              93.38991419021048,
              23.382745763793043
            ],
            [
              93.39016671069905,
              23.382594408836905
            ],
            [
              93.39040317985248,
              23.382419031360087
            ],
            [
              93.39062132034356,
              23.382221320343557
            ],
            [
              93.39081903136008,
              23.38200317985249
            ],
            [
              93.3909944088369,
              23.381766710699058
            ],
            [
              93.39114576379303,
              23.381514190210478
            ],
            [
              93.39127163859753,
              23.381248050297096
            ],
            [
              93.39137082100719,
              23.380970854031762
            ],
            [
              93.3914423558412,
              23.380685270966048
            ],
            [
              93.39148555418001,
              23.38039405142099
            ],
            [
              93.3915,
              23.3801
            ]
          ]
        ]
      }
    },
    {
      "type": "Feature",
      "properties": {
        "landslide_id": "UNKNOWN_ID",
        "zone_name": "Landslide Zone (Champhai)",
        "state": "Mizoram",
        "district": "Champhai",
        "hazard_type": "LANDSLIDE",
        "risk_level": "HIGH",
        "historical_event_count": 1
      },
      "geometry": {
        "type": "Polygon",
        "coordinates": [
          [
            [
              93.3898,
              23.3798
            ],
            [
              93.38978555418001,
              23.37950594857901
            ],
            [
              93.38974235584121,
              23.37921472903395
            ],
            [
              93.38967082100719,
              23.378929145968236
            ],
            [
              93.38957163859753,
              23.378651949702903
            ],
            [
              93.38944576379303,
              23.37838580978952
            ],
            [
              93.3892944088369,
              23.37813328930094
            ],
            [
              93.38911903136008,
              23.37789682014751
            ],
            [
              93.38892132034356,
              23.37767867965644
            ],
            [
              93.38870317985248,
              23.37748096863991
            ],
            [
              93.38846671069905,
              23.377305591163093
            ],
            [
              93.38821419021048,
              23.377154236206955
            ],
            [
              93.38794805029708,
              23.377028361402466
            ],
            [
              93.38767085403175,
              23.376929178992803
            ],
            [
              93.38738527096604,
              23.37685764415879
            ],
            [
              93.38709405142099,
              23.37681444581998
            ],
            [
              93.3868,
              23.3768
            ],
            [
              93.386505948579,
              23.37681444581998
            ],
            [
              93.38621472903395,
              23.37685764415879
            ],
            [
              93.38592914596823,
              23.376929178992803
            ],
            [
              93.3856519497029,
              23.377028361402466
            ],
            [
              93.38538580978951,
              23.377154236206955
            ],
            [
              93.38513328930094,
              23.377305591163093
            ],
            [
              93.3848968201475,
              23.37748096863991
            ],
            [
              93.38467867965643,
              23.37767867965644
            ],
            [
              93.3844809686399,
              23.37789682014751
            ],
            [
              93.38430559116308,
              23.37813328930094
            ],
            [
              93.38415423620695,
              23.37838580978952
            ],
            [
              93.38402836140246,
              23.378651949702903
            ],
            [
              93.3839291789928,
              23.378929145968236
            ],
            [
              93.38385764415878,
              23.37921472903395
            ],
            [
              93.38381444581998,
              23.37950594857901
            ],
            [
              93.3838,
              23.3798
            ],
            [
              93.38381444581998,
              23.38009405142099
            ],
            [
              93.38385764415878,
              23.38038527096605
            ],
            [
              93.3839291789928,
              23.380670854031763
            ],
            [
              93.38402836140246,
              23.380948050297096
            ],
            [
              93.38415423620695,
              23.38121419021048
            ],
            [
              93.38430559116308,
              23.38146671069906
            ],
            [
              93.3844809686399,
              23.38170317985249
            ],
            [
              93.38467867965643,
              23.381921320343558
            ],
            [
              93.3848968201475,
              23.382119031360087
            ],
            [
              93.38513328930094,
              23.382294408836906
            ],
            [
              93.38538580978951,
              23.382445763793044
            ],
            [
              93.3856519497029,
              23.382571638597533
            ],
            [
              93.38592914596823,
              23.382670821007196
            ],
            [
              93.38621472903395,
              23.38274235584121
            ],
            [
              93.386505948579,
              23.382785554180018
            ],
            [
              93.3868,
              23.3828
            ],
            [
              93.38709405142099,
              23.382785554180018
            ],
            [
              93.38738527096604,
              23.38274235584121
            ],
            [
              93.38767085403175,
              23.382670821007196
            ],
            [
              93.38794805029708,
              23.382571638597533
            ],
            [
              93.38821419021048,
              23.382445763793044
            ],
            [
              93.38846671069905,
              23.382294408836906
            ],
            [
              93.38870317985248,
              23.382119031360087
            ],
            [
              93.38892132034356,
              23.381921320343558
            ],
            [
              93.38911903136008,
              23.38170317985249
            ],
            [
              93.3892944088369,
              23.38146671069906
            ],
            [
              93.38944576379303,
              23.38121419021048
            ],
            [
              93.38957163859753,
              23.380948050297096
            ],
            [
              93.38967082100719,
              23.380670854031763
            ],
            [
              93.38974235584121,
              23.38038527096605
            ],
            [
              93.38978555418001,
              23.38009405142099
            ],
            [
              93.3898,
              23.3798
            ]
          ]
        ]
      }
    },
    {
      "type": "Feature",
      "properties": {
        "landslide_id": "UNKNOWN_ID",
        "zone_name": "Landslide Zone (Champhai)",
        "state": "Mizoram",
        "district": "Champhai",
        "hazard_type": "LANDSLIDE",
        "risk_level": "HIGH",
        "historical_event_count": 1
      },
      "geometry": {
        "type": "Polygon",
        "coordinates": [
          [
            [
              93.3874,
              23.3798
            ],
            [
              93.38738555418001,
              23.37950594857901
            ],
            [
              93.38734235584121,
              23.37921472903395
            ],
            [
              93.38727082100719,
              23.378929145968236
            ],
            [
              93.38717163859754,
              23.378651949702903
            ],
            [
              93.38704576379304,
              23.37838580978952
            ],
            [
              93.38689440883691,
              23.37813328930094
            ],
            [
              93.38671903136009,
              23.37789682014751
            ],
            [
              93.38652132034356,
              23.37767867965644
            ],
            [
              93.38630317985249,
              23.37748096863991
            ],
            [
              93.38606671069905,
              23.377305591163093
            ],
            [
              93.38581419021048,
              23.377154236206955
            ],
            [
              93.38554805029709,
              23.377028361402466
            ],
            [
              93.38527085403176,
              23.376929178992803
            ],
            [
              93.38498527096604,
              23.37685764415879
            ],
            [
              93.384694051421,
              23.37681444581998
            ],
            [
              93.3844,
              23.3768
            ],
            [
              93.384105948579,
              23.37681444581998
            ],
            [
              93.38381472903396,
              23.37685764415879
            ],
            [
              93.38352914596824,
              23.376929178992803
            ],
            [
              93.38325194970291,
              23.377028361402466
            ],
            [
              93.38298580978952,
              23.377154236206955
            ],
            [
              93.38273328930094,
              23.377305591163093
            ],
            [
              93.38249682014751,
              23.37748096863991
            ],
            [
              93.38227867965644,
              23.37767867965644
            ],
            [
              93.38208096863991,
              23.37789682014751
            ],
            [
              93.38190559116309,
              23.37813328930094
            ],
            [
              93.38175423620696,
              23.37838580978952
            ],
            [
              93.38162836140246,
              23.378651949702903
            ],
            [
              93.3815291789928,
              23.378929145968236
            ],
            [
              93.38145764415879,
              23.37921472903395
            ],
            [
              93.38141444581998,
              23.37950594857901
            ],
            [
              93.3814,
              23.3798
            ],
            [
              93.38141444581998,
              23.38009405142099
            ],
            [
              93.38145764415879,
              23.38038527096605
            ],
            [
              93.3815291789928,
              23.380670854031763
            ],
            [
              93.38162836140246,
              23.380948050297096
            ],
            [
              93.38175423620696,
              23.38121419021048
            ],
            [
              93.38190559116309,
              23.38146671069906
            ],
            [
              93.38208096863991,
              23.38170317985249
            ],
            [
              93.38227867965644,
              23.381921320343558
            ],
            [
              93.38249682014751,
              23.382119031360087
            ],
            [
              93.38273328930094,
              23.382294408836906
            ],
            [
              93.38298580978952,
              23.382445763793044
            ],
            [
              93.38325194970291,
              23.382571638597533
            ],
            [
              93.38352914596824,
              23.382670821007196
            ],
            [
              93.38381472903396,
              23.38274235584121
            ],
            [
              93.384105948579,
              23.382785554180018
            ],
            [
              93.3844,
              23.3828
            ],
            [
              93.384694051421,
              23.382785554180018
            ],
            [
              93.38498527096604,
              23.38274235584121
            ],
            [
              93.38527085403176,
              23.382670821007196
            ],
            [
              93.38554805029709,
              23.382571638597533
            ],
            [
              93.38581419021048,
              23.382445763793044
            ],
            [
              93.38606671069905,
              23.382294408836906
            ],
            [
              93.38630317985249,
              23.382119031360087
            ],
            [
              93.38652132034356,
              23.381921320343558
            ],
            [
              93.38671903136009,
              23.38170317985249
            ],
            [
              93.38689440883691,
              23.38146671069906
            ],
            [
              93.38704576379304,
              23.38121419021048
            ],
            [
              93.38717163859754,
              23.380948050297096
            ],
            [
              93.38727082100719,
              23.380670854031763
            ],
            [
              93.38734235584121,
              23.38038527096605
            ],
            [
              93.38738555418001,
              23.38009405142099
            ],
            [
              93.3874,
              23.3798
            ]
          ]
        ]
      }
    },
    {
      "type": "Feature",
      "properties": {
        "landslide_id": "UNKNOWN_ID",
        "zone_name": "Landslide Zone (Champhai)",
        "state": "Mizoram",
        "district": "Champhai",
        "hazard_type": "LANDSLIDE",
        "risk_level": "HIGH",
        "historical_event_count": 1
      },
      "geometry": {
        "type": "Polygon",
        "coordinates": [
          [
            [
              93.3875,
              23.3784
            ],
            [
              93.38748555418002,
              23.37810594857901
            ],
            [
              93.38744235584122,
              23.37781472903395
            ],
            [
              93.3873708210072,
              23.377529145968236
            ],
            [
              93.38727163859754,
              23.377251949702902
            ],
            [
              93.38714576379304,
              23.37698580978952
            ],
            [
              93.38699440883691,
              23.37673328930094
            ],
            [
              93.38681903136009,
              23.37649682014751
            ],
            [
              93.38662132034356,
              23.37627867965644
            ],
            [
              93.3864031798525,
              23.37608096863991
            ],
            [
              93.38616671069906,
              23.375905591163093
            ],
            [
              93.38591419021049,
              23.375754236206955
            ],
            [
              93.38564805029709,
              23.375628361402466
            ],
            [
              93.38537085403176,
              23.375529178992803
            ],
            [
              93.38508527096604,
              23.37545764415879
            ],
            [
              93.384794051421,
              23.37541444581998
            ],
            [
              93.3845,
              23.3754
            ],
            [
              93.38420594857901,
              23.37541444581998
            ],
            [
              93.38391472903396,
              23.37545764415879
            ],
            [
              93.38362914596824,
              23.375529178992803
            ],
            [
              93.38335194970291,
              23.375628361402466
            ],
            [
              93.38308580978952,
              23.375754236206955
            ],
            [
              93.38283328930095,
              23.375905591163093
            ],
            [
              93.38259682014751,
              23.37608096863991
            ],
            [
              93.38237867965644,
              23.37627867965644
            ],
            [
              93.38218096863991,
              23.37649682014751
            ],
            [
              93.3820055911631,
              23.37673328930094
            ],
            [
              93.38185423620696,
              23.37698580978952
            ],
            [
              93.38172836140247,
              23.377251949702902
            ],
            [
              93.38162917899281,
              23.377529145968236
            ],
            [
              93.38155764415879,
              23.37781472903395
            ],
            [
              93.38151444581999,
              23.37810594857901
            ],
            [
              93.3815,
              23.3784
            ],
            [
              93.38151444581999,
              23.37869405142099
            ],
            [
              93.38155764415879,
              23.378985270966048
            ],
            [
              93.38162917899281,
              23.379270854031763
            ],
            [
              93.38172836140247,
              23.379548050297096
            ],
            [
              93.38185423620696,
              23.379814190210478
            ],
            [
              93.3820055911631,
              23.380066710699058
            ],
            [
              93.38218096863991,
              23.38030317985249
            ],
            [
              93.38237867965644,
              23.380521320343558
            ],
            [
              93.38259682014751,
              23.380719031360087
            ],
            [
              93.38283328930095,
              23.380894408836905
            ],
            [
              93.38308580978952,
              23.381045763793043
            ],
            [
              93.38335194970291,
              23.381171638597532
            ],
            [
              93.38362914596824,
              23.381270821007195
            ],
            [
              93.38391472903396,
              23.38134235584121
            ],
            [
              93.38420594857901,
              23.381385554180017
            ],
            [
              93.3845,
              23.3814
            ],
            [
              93.384794051421,
              23.381385554180017
            ],
            [
              93.38508527096604,
              23.38134235584121
            ],
            [
              93.38537085403176,
              23.381270821007195
            ],
            [
              93.38564805029709,
              23.381171638597532
            ],
            [
              93.38591419021049,
              23.381045763793043
            ],
            [
              93.38616671069906,
              23.380894408836905
            ],
            [
              93.3864031798525,
              23.380719031360087
            ],
            [
              93.38662132034356,
              23.380521320343558
            ],
            [
              93.38681903136009,
              23.38030317985249
            ],
            [
              93.38699440883691,
              23.380066710699058
            ],
            [
              93.38714576379304,
              23.379814190210478
            ],
            [
              93.38727163859754,
              23.379548050297096
            ],
            [
              93.3873708210072,
              23.379270854031763
            ],
            [
              93.38744235584122,
              23.378985270966048
            ],
            [
              93.38748555418002,
              23.37869405142099
            ],
            [
              93.3875,
              23.3784
            ]
          ]
        ]
      }
    },
    {
      "type": "Feature",
      "properties": {
        "landslide_id": "UNKNOWN_ID",
        "zone_name": "Landslide Zone (Champhai)",
        "state": "Mizoram",
        "district": "Champhai",
        "hazard_type": "LANDSLIDE",
        "risk_level": "HIGH",
        "historical_event_count": 1
      },
      "geometry": {
        "type": "Polygon",
        "coordinates": [
          [
            [
              93.3879,
              23.3764
            ],
            [
              93.38788555418002,
              23.37610594857901
            ],
            [
              93.38784235584122,
              23.37581472903395
            ],
            [
              93.3877708210072,
              23.375529145968237
            ],
            [
              93.38767163859754,
              23.375251949702903
            ],
            [
              93.38754576379304,
              23.37498580978952
            ],
            [
              93.38739440883691,
              23.37473328930094
            ],
            [
              93.38721903136009,
              23.37449682014751
            ],
            [
              93.38702132034356,
              23.37427867965644
            ],
            [
              93.38680317985249,
              23.374080968639912
            ],
            [
              93.38656671069906,
              23.373905591163094
            ],
            [
              93.38631419021048,
              23.373754236206956
            ],
            [
              93.38604805029709,
              23.373628361402467
            ],
            [
              93.38577085403176,
              23.373529178992804
            ],
            [
              93.38548527096604,
              23.37345764415879
            ],
            [
              93.385194051421,
              23.373414445819982
            ],
            [
              93.3849,
              23.3734
            ],
            [
              93.38460594857901,
              23.373414445819982
            ],
            [
              93.38431472903396,
              23.37345764415879
            ],
            [
              93.38402914596824,
              23.373529178992804
            ],
            [
              93.38375194970291,
              23.373628361402467
            ],
            [
              93.38348580978952,
              23.373754236206956
            ],
            [
              93.38323328930095,
              23.373905591163094
            ],
            [
              93.38299682014751,
              23.374080968639912
            ],
            [
              93.38277867965644,
              23.37427867965644
            ],
            [
              93.38258096863991,
              23.37449682014751
            ],
            [
              93.38240559116309,
              23.37473328930094
            ],
            [
              93.38225423620696,
              23.37498580978952
            ],
            [
              93.38212836140247,
              23.375251949702903
            ],
            [
              93.38202917899281,
              23.375529145968237
            ],
            [
              93.38195764415879,
              23.37581472903395
            ],
            [
              93.38191444581999,
              23.37610594857901
            ],
            [
              93.3819,
              23.3764
            ],
            [
              93.38191444581999,
              23.37669405142099
            ],
            [
              93.38195764415879,
              23.37698527096605
            ],
            [
              93.38202917899281,
              23.377270854031764
            ],
            [
              93.38212836140247,
              23.377548050297097
            ],
            [
              93.38225423620696,
              23.37781419021048
            ],
            [
              93.38240559116309,
              23.37806671069906
            ],
            [
              93.38258096863991,
              23.37830317985249
            ],
            [
              93.38277867965644,
              23.37852132034356
            ],
            [
              93.38299682014751,
              23.378719031360088
            ],
            [
              93.38323328930095,
              23.378894408836906
            ],
            [
              93.38348580978952,
              23.379045763793044
            ],
            [
              93.38375194970291,
              23.379171638597533
            ],
            [
              93.38402914596824,
              23.379270821007196
            ],
            [
              93.38431472903396,
              23.37934235584121
            ],
            [
              93.38460594857901,
              23.37938555418002
            ],
            [
              93.3849,
              23.3794
            ],
            [
              93.385194051421,
              23.37938555418002
            ],
            [
              93.38548527096604,
              23.37934235584121
            ],
            [
              93.38577085403176,
              23.379270821007196
            ],
            [
              93.38604805029709,
              23.379171638597533
            ],
            [
              93.38631419021048,
              23.379045763793044
            ],
            [
              93.38656671069906,
              23.378894408836906
            ],
            [
              93.38680317985249,
              23.378719031360088
            ],
            [
              93.38702132034356,
              23.37852132034356
            ],
            [
              93.38721903136009,
              23.37830317985249
            ],
            [
              93.38739440883691,
              23.37806671069906
            ],
            [
              93.38754576379304,
              23.37781419021048
            ],
            [
              93.38767163859754,
              23.377548050297097
            ],
            [
              93.3877708210072,
              23.377270854031764
            ],
            [
              93.38784235584122,
              23.37698527096605
            ],
            [
              93.38788555418002,
              23.37669405142099
            ],
            [
              93.3879,
              23.3764
            ]
          ]
        ]
      }
    },
    {
      "type": "Feature",
      "properties": {
        "landslide_id": "UNKNOWN_ID",
        "zone_name": "Landslide Zone (Champhai)",
        "state": "Mizoram",
        "district": "Champhai",
        "hazard_type": "LANDSLIDE",
        "risk_level": "HIGH",
        "historical_event_count": 1
      },
      "geometry": {
        "type": "Polygon",
        "coordinates": [
          [
            [
              93.3969,
              23.3923
            ],
            [
              93.39688555418002,
              23.39200594857901
            ],
            [
              93.39684235584122,
              23.39171472903395
            ],
            [
              93.3967708210072,
              23.391429145968235
            ],
            [
              93.39667163859754,
              23.391151949702902
            ],
            [
              93.39654576379304,
              23.39088580978952
            ],
            [
              93.39639440883691,
              23.39063328930094
            ],
            [
              93.39621903136009,
              23.390396820147508
            ],
            [
              93.39602132034356,
              23.39017867965644
            ],
            [
              93.39580317985249,
              23.38998096863991
            ],
            [
              93.39556671069906,
              23.389805591163093
            ],
            [
              93.39531419021048,
              23.389654236206955
            ],
            [
              93.39504805029709,
              23.389528361402466
            ],
            [
              93.39477085403176,
              23.389429178992803
            ],
            [
              93.39448527096604,
              23.38935764415879
            ],
            [
              93.394194051421,
              23.38931444581998
            ],
            [
              93.3939,
              23.3893
            ],
            [
              93.39360594857901,
              23.38931444581998
            ],
            [
              93.39331472903396,
              23.38935764415879
            ],
            [
              93.39302914596824,
              23.389429178992803
            ],
            [
              93.39275194970291,
              23.389528361402466
            ],
            [
              93.39248580978952,
              23.389654236206955
            ],
            [
              93.39223328930095,
              23.389805591163093
            ],
            [
              93.39199682014751,
              23.38998096863991
            ],
            [
              93.39177867965644,
              23.39017867965644
            ],
            [
              93.39158096863991,
              23.390396820147508
            ],
            [
              93.39140559116309,
              23.39063328930094
            ],
            [
              93.39125423620696,
              23.39088580978952
            ],
            [
              93.39112836140247,
              23.391151949702902
            ],
            [
              93.39102917899281,
              23.391429145968235
            ],
            [
              93.39095764415879,
              23.39171472903395
            ],
            [
              93.39091444581999,
              23.39200594857901
            ],
            [
              93.3909,
              23.3923
            ],
            [
              93.39091444581999,
              23.39259405142099
            ],
            [
              93.39095764415879,
              23.392885270966048
            ],
            [
              93.39102917899281,
              23.393170854031762
            ],
            [
              93.39112836140247,
              23.393448050297096
            ],
            [
              93.39125423620696,
              23.393714190210478
            ],
            [
              93.39140559116309,
              23.393966710699058
            ],
            [
              93.39158096863991,
              23.39420317985249
            ],
            [
              93.39177867965644,
              23.394421320343557
            ],
            [
              93.39199682014751,
              23.394619031360087
            ],
            [
              93.39223328930095,
              23.394794408836905
            ],
            [
              93.39248580978952,
              23.394945763793043
            ],
            [
              93.39275194970291,
              23.395071638597532
            ],
            [
              93.39302914596824,
              23.395170821007195
            ],
            [
              93.39331472903396,
              23.39524235584121
            ],
            [
              93.39360594857901,
              23.395285554180017
            ],
            [
              93.3939,
              23.3953
            ],
            [
              93.394194051421,
              23.395285554180017
            ],
            [
              93.39448527096604,
              23.39524235584121
            ],
            [
              93.39477085403176,
              23.395170821007195
            ],
            [
              93.39504805029709,
              23.395071638597532
            ],
            [
              93.39531419021048,
              23.394945763793043
            ],
            [
              93.39556671069906,
              23.394794408836905
            ],
            [
              93.39580317985249,
              23.394619031360087
            ],
            [
              93.39602132034356,
              23.394421320343557
            ],
            [
              93.39621903136009,
              23.39420317985249
            ],
            [
              93.39639440883691,
              23.393966710699058
            ],
            [
              93.39654576379304,
              23.393714190210478
            ],
            [
              93.39667163859754,
              23.393448050297096
            ],
            [
              93.3967708210072,
              23.393170854031762
            ],
            [
              93.39684235584122,
              23.392885270966048
            ],
            [
              93.39688555418002,
              23.39259405142099
            ],
            [
              93.3969,
              23.3923
            ]
          ]
        ]
      }
    },
    {
      "type": "Feature",
      "properties": {
        "landslide_id": "UNKNOWN_ID",
        "zone_name": "Landslide Zone (Champhai)",
        "state": "Mizoram",
        "district": "Champhai",
        "hazard_type": "LANDSLIDE",
        "risk_level": "HIGH",
        "historical_event_count": 1
      },
      "geometry": {
        "type": "Polygon",
        "coordinates": [
          [
            [
              93.3814,
              23.393
            ],
            [
              93.38138555418001,
              23.39270594857901
            ],
            [
              93.38134235584121,
              23.392414729033952
            ],
            [
              93.38127082100719,
              23.392129145968237
            ],
            [
              93.38117163859754,
              23.391851949702904
            ],
            [
              93.38104576379304,
              23.39158580978952
            ],
            [
              93.38089440883691,
              23.391333289300942
            ],
            [
              93.38071903136009,
              23.39109682014751
            ],
            [
              93.38052132034356,
              23.390878679656442
            ],
            [
              93.38030317985249,
              23.390680968639913
            ],
            [
              93.38006671069905,
              23.390505591163095
            ],
            [
              93.37981419021048,
              23.390354236206957
            ],
            [
              93.37954805029709,
              23.390228361402468
            ],
            [
              93.37927085403176,
              23.390129178992805
            ],
            [
              93.37898527096604,
              23.39005764415879
            ],
            [
              93.378694051421,
              23.390014445819983
            ],
            [
              93.3784,
              23.39
            ],
            [
              93.378105948579,
              23.390014445819983
            ],
            [
              93.37781472903396,
              23.39005764415879
            ],
            [
              93.37752914596824,
              23.390129178992805
            ],
            [
              93.37725194970291,
              23.390228361402468
            ],
            [
              93.37698580978952,
              23.390354236206957
            ],
            [
              93.37673328930094,
              23.390505591163095
            ],
            [
              93.37649682014751,
              23.390680968639913
            ],
            [
              93.37627867965644,
              23.390878679656442
            ],
            [
              93.37608096863991,
              23.39109682014751
            ],
            [
              93.37590559116309,
              23.391333289300942
            ],
            [
              93.37575423620696,
              23.39158580978952
            ],
            [
              93.37562836140246,
              23.391851949702904
            ],
            [
              93.3755291789928,
              23.392129145968237
            ],
            [
              93.37545764415879,
              23.392414729033952
            ],
            [
              93.37541444581998,
              23.39270594857901
            ],
            [
              93.3754,
              23.393
            ],
            [
              93.37541444581998,
              23.39329405142099
            ],
            [
              93.37545764415879,
              23.39358527096605
            ],
            [
              93.3755291789928,
              23.393870854031764
            ],
            [
              93.37562836140246,
              23.394148050297098
            ],
            [
              93.37575423620696,
              23.39441419021048
            ],
            [
              93.37590559116309,
              23.39466671069906
            ],
            [
              93.37608096863991,
              23.39490317985249
            ],
            [
              93.37627867965644,
              23.39512132034356
            ],
            [
              93.37649682014751,
              23.39531903136009
            ],
            [
              93.37673328930094,
              23.395494408836907
            ],
            [
              93.37698580978952,
              23.395645763793045
            ],
            [
              93.37725194970291,
              23.395771638597534
            ],
            [
              93.37752914596824,
              23.395870821007197
            ],
            [
              93.37781472903396,
              23.39594235584121
            ],
            [
              93.378105948579,
              23.39598555418002
            ],
            [
              93.3784,
              23.396
            ],
            [
              93.378694051421,
              23.39598555418002
            ],
            [
              93.37898527096604,
              23.39594235584121
            ],
            [
              93.37927085403176,
              23.395870821007197
            ],
            [
              93.37954805029709,
              23.395771638597534
            ],
            [
              93.37981419021048,
              23.395645763793045
            ],
            [
              93.38006671069905,
              23.395494408836907
            ],
            [
              93.38030317985249,
              23.39531903136009
            ],
            [
              93.38052132034356,
              23.39512132034356
            ],
            [
              93.38071903136009,
              23.39490317985249
            ],
            [
              93.38089440883691,
              23.39466671069906
            ],
            [
              93.38104576379304,
              23.39441419021048
            ],
            [
              93.38117163859754,
              23.394148050297098
            ],
            [
              93.38127082100719,
              23.393870854031764
            ],
            [
              93.38134235584121,
              23.39358527096605
            ],
            [
              93.38138555418001,
              23.39329405142099
            ],
            [
              93.3814,
              23.393
            ]
          ]
        ]
      }
    },
    {
      "type": "Feature",
      "properties": {
        "landslide_id": "UNKNOWN_ID",
        "zone_name": "Landslide Zone (Champhai)",
        "state": "Mizoram",
        "district": "Champhai",
        "hazard_type": "LANDSLIDE",
        "risk_level": "HIGH",
        "historical_event_count": 1
      },
      "geometry": {
        "type": "Polygon",
        "coordinates": [
          [
            [
              93.3816,
              23.3931
            ],
            [
              93.38158555418002,
              23.39280594857901
            ],
            [
              93.38154235584122,
              23.39251472903395
            ],
            [
              93.3814708210072,
              23.392229145968237
            ],
            [
              93.38137163859754,
              23.391951949702904
            ],
            [
              93.38124576379305,
              23.39168580978952
            ],
            [
              93.38109440883692,
              23.39143328930094
            ],
            [
              93.3809190313601,
              23.39119682014751
            ],
            [
              93.38072132034357,
              23.390978679656442
            ],
            [
              93.3805031798525,
              23.390780968639913
            ],
            [
              93.38026671069906,
              23.390605591163094
            ],
            [
              93.38001419021049,
              23.390454236206956
            ],
            [
              93.3797480502971,
              23.390328361402467
            ],
            [
              93.37947085403177,
              23.390229178992804
            ],
            [
              93.37918527096605,
              23.39015764415879
            ],
            [
              93.378894051421,
              23.390114445819982
            ],
            [
              93.3786,
              23.3901
            ],
            [
              93.37830594857901,
              23.390114445819982
            ],
            [
              93.37801472903396,
              23.39015764415879
            ],
            [
              93.37772914596825,
              23.390229178992804
            ],
            [
              93.37745194970292,
              23.390328361402467
            ],
            [
              93.37718580978952,
              23.390454236206956
            ],
            [
              93.37693328930095,
              23.390605591163094
            ],
            [
              93.37669682014752,
              23.390780968639913
            ],
            [
              93.37647867965644,
              23.390978679656442
            ],
            [
              93.37628096863992,
              23.39119682014751
            ],
            [
              93.3761055911631,
              23.39143328930094
            ],
            [
              93.37595423620697,
              23.39168580978952
            ],
            [
              93.37582836140247,
              23.391951949702904
            ],
            [
              93.37572917899281,
              23.392229145968237
            ],
            [
              93.37565764415879,
              23.39251472903395
            ],
            [
              93.37561444581999,
              23.39280594857901
            ],
            [
              93.3756,
              23.3931
            ],
            [
              93.37561444581999,
              23.39339405142099
            ],
            [
              93.37565764415879,
              23.39368527096605
            ],
            [
              93.37572917899281,
              23.393970854031764
            ],
            [
              93.37582836140247,
              23.394248050297097
            ],
            [
              93.37595423620697,
              23.39451419021048
            ],
            [
              93.3761055911631,
              23.39476671069906
            ],
            [
              93.37628096863992,
              23.39500317985249
            ],
            [
              93.37647867965644,
              23.39522132034356
            ],
            [
              93.37669682014752,
              23.39541903136009
            ],
            [
              93.37693328930095,
              23.395594408836907
            ],
            [
              93.37718580978952,
              23.395745763793045
            ],
            [
              93.37745194970292,
              23.395871638597534
            ],
            [
              93.37772914596825,
              23.395970821007197
            ],
            [
              93.37801472903396,
              23.39604235584121
            ],
            [
              93.37830594857901,
              23.39608555418002
            ],
            [
              93.3786,
              23.3961
            ],
            [
              93.378894051421,
              23.39608555418002
            ],
            [
              93.37918527096605,
              23.39604235584121
            ],
            [
              93.37947085403177,
              23.395970821007197
            ],
            [
              93.3797480502971,
              23.395871638597534
            ],
            [
              93.38001419021049,
              23.395745763793045
            ],
            [
              93.38026671069906,
              23.395594408836907
            ],
            [
              93.3805031798525,
              23.39541903136009
            ],
            [
              93.38072132034357,
              23.39522132034356
            ],
            [
              93.3809190313601,
              23.39500317985249
            ],
            [
              93.38109440883692,
              23.39476671069906
            ],
            [
              93.38124576379305,
              23.39451419021048
            ],
            [
              93.38137163859754,
              23.394248050297097
            ],
            [
              93.3814708210072,
              23.393970854031764
            ],
            [
              93.38154235584122,
              23.39368527096605
            ],
            [
              93.38158555418002,
              23.39339405142099
            ],
            [
              93.3816,
              23.3931
            ]
          ]
        ]
      }
    },
    {
      "type": "Feature",
      "properties": {
        "landslide_id": "UNKNOWN_ID",
        "zone_name": "Landslide Zone (Champhai)",
        "state": "Mizoram",
        "district": "Champhai",
        "hazard_type": "LANDSLIDE",
        "risk_level": "HIGH",
        "historical_event_count": 1
      },
      "geometry": {
        "type": "Polygon",
        "coordinates": [
          [
            [
              93.3836,
              22.3951
            ],
            [
              93.38358555418002,
              22.39480594857901
            ],
            [
              93.38354235584121,
              22.39451472903395
            ],
            [
              93.3834708210072,
              22.394229145968236
            ],
            [
              93.38337163859754,
              22.393951949702902
            ],
            [
              93.38324576379304,
              22.39368580978952
            ],
            [
              93.38309440883691,
              22.39343328930094
            ],
            [
              93.38291903136009,
              22.39319682014751
            ],
            [
              93.38272132034356,
              22.39297867965644
            ],
            [
              93.38250317985249,
              22.39278096863991
            ],
            [
              93.38226671069906,
              22.392605591163093
            ],
            [
              93.38201419021048,
              22.392454236206955
            ],
            [
              93.38174805029709,
              22.392328361402466
            ],
            [
              93.38147085403176,
              22.392229178992803
            ],
            [
              93.38118527096604,
              22.39215764415879
            ],
            [
              93.380894051421,
              22.39211444581998
            ],
            [
              93.3806,
              22.3921
            ],
            [
              93.38030594857901,
              22.39211444581998
            ],
            [
              93.38001472903396,
              22.39215764415879
            ],
            [
              93.37972914596824,
              22.392229178992803
            ],
            [
              93.37945194970291,
              22.392328361402466
            ],
            [
              93.37918580978952,
              22.392454236206955
            ],
            [
              93.37893328930095,
              22.392605591163093
            ],
            [
              93.37869682014751,
              22.39278096863991
            ],
            [
              93.37847867965644,
              22.39297867965644
            ],
            [
              93.37828096863991,
              22.39319682014751
            ],
            [
              93.37810559116309,
              22.39343328930094
            ],
            [
              93.37795423620696,
              22.39368580978952
            ],
            [
              93.37782836140246,
              22.393951949702902
            ],
            [
              93.37772917899281,
              22.394229145968236
            ],
            [
              93.37765764415879,
              22.39451472903395
            ],
            [
              93.37761444581999,
              22.39480594857901
            ],
            [
              93.3776,
              22.3951
            ],
            [
              93.37761444581999,
              22.39539405142099
            ],
            [
              93.37765764415879,
              22.395685270966048
            ],
            [
              93.37772917899281,
              22.395970854031763
            ],
            [
              93.37782836140246,
              22.396248050297096
            ],
            [
              93.37795423620696,
              22.39651419021048
            ],
            [
              93.37810559116309,
              22.396766710699058
            ],
            [
              93.37828096863991,
              22.39700317985249
            ],
            [
              93.37847867965644,
              22.397221320343558
            ],
            [
              93.37869682014751,
              22.397419031360087
            ],
            [
              93.37893328930095,
              22.397594408836905
            ],
            [
              93.37918580978952,
              22.397745763793043
            ],
            [
              93.37945194970291,
              22.397871638597532
            ],
            [
              93.37972914596824,
              22.397970821007195
            ],
            [
              93.38001472903396,
              22.39804235584121
            ],
            [
              93.38030594857901,
              22.398085554180017
            ],
            [
              93.3806,
              22.3981
            ],
            [
              93.380894051421,
              22.398085554180017
            ],
            [
              93.38118527096604,
              22.39804235584121
            ],
            [
              93.38147085403176,
              22.397970821007195
            ],
            [
              93.38174805029709,
              22.397871638597532
            ],
            [
              93.38201419021048,
              22.397745763793043
            ],
            [
              93.38226671069906,
              22.397594408836905
            ],
            [
              93.38250317985249,
              22.397419031360087
            ],
            [
              93.38272132034356,
              22.397221320343558
            ],
            [
              93.38291903136009,
              22.39700317985249
            ],
            [
              93.38309440883691,
              22.396766710699058
            ],
            [
              93.38324576379304,
              22.39651419021048
            ],
            [
              93.38337163859754,
              22.396248050297096
            ],
            [
              93.3834708210072,
              22.395970854031763
            ],
            [
              93.38354235584121,
              22.395685270966048
            ],
            [
              93.38358555418002,
              22.39539405142099
            ],
            [
              93.3836,
              22.3951
            ]
          ]
        ]
      }
    },
    {
      "type": "Feature",
      "properties": {
        "landslide_id": "UNKNOWN_ID",
        "zone_name": "Landslide Zone (Champhai)",
        "state": "Mizoram",
        "district": "Champhai",
        "hazard_type": "LANDSLIDE",
        "risk_level": "HIGH",
        "historical_event_count": 1
      },
      "geometry": {
        "type": "Polygon",
        "coordinates": [
          [
            [
              93.3822,
              22.3936
            ],
            [
              93.38218555418001,
              22.39330594857901
            ],
            [
              93.38214235584121,
              22.39301472903395
            ],
            [
              93.38207082100719,
              22.392729145968236
            ],
            [
              93.38197163859753,
              22.392451949702902
            ],
            [
              93.38184576379304,
              22.39218580978952
            ],
            [
              93.3816944088369,
              22.39193328930094
            ],
            [
              93.38151903136009,
              22.39169682014751
            ],
            [
              93.38132132034356,
              22.39147867965644
            ],
            [
              93.38110317985249,
              22.39128096863991
            ],
            [
              93.38086671069905,
              22.391105591163093
            ],
            [
              93.38061419021048,
              22.390954236206955
            ],
            [
              93.38034805029709,
              22.390828361402466
            ],
            [
              93.38007085403176,
              22.390729178992803
            ],
            [
              93.37978527096604,
              22.39065764415879
            ],
            [
              93.37949405142099,
              22.39061444581998
            ],
            [
              93.3792,
              22.3906
            ],
            [
              93.378905948579,
              22.39061444581998
            ],
            [
              93.37861472903396,
              22.39065764415879
            ],
            [
              93.37832914596824,
              22.390729178992803
            ],
            [
              93.37805194970291,
              22.390828361402466
            ],
            [
              93.37778580978951,
              22.390954236206955
            ],
            [
              93.37753328930094,
              22.391105591163093
            ],
            [
              93.3772968201475,
              22.39128096863991
            ],
            [
              93.37707867965644,
              22.39147867965644
            ],
            [
              93.37688096863991,
              22.39169682014751
            ],
            [
              93.37670559116309,
              22.39193328930094
            ],
            [
              93.37655423620696,
              22.39218580978952
            ],
            [
              93.37642836140246,
              22.392451949702902
            ],
            [
              93.3763291789928,
              22.392729145968236
            ],
            [
              93.37625764415878,
              22.39301472903395
            ],
            [
              93.37621444581998,
              22.39330594857901
            ],
            [
              93.3762,
              22.3936
            ],
            [
              93.37621444581998,
              22.39389405142099
            ],
            [
              93.37625764415878,
              22.394185270966048
            ],
            [
              93.3763291789928,
              22.394470854031763
            ],
            [
              93.37642836140246,
              22.394748050297096
            ],
            [
              93.37655423620696,
              22.39501419021048
            ],
            [
              93.37670559116309,
              22.395266710699058
            ],
            [
              93.37688096863991,
              22.39550317985249
            ],
            [
              93.37707867965644,
              22.395721320343558
            ],
            [
              93.3772968201475,
              22.395919031360087
            ],
            [
              93.37753328930094,
              22.396094408836905
            ],
            [
              93.37778580978951,
              22.396245763793043
            ],
            [
              93.37805194970291,
              22.396371638597532
            ],
            [
              93.37832914596824,
              22.396470821007195
            ],
            [
              93.37861472903396,
              22.39654235584121
            ],
            [
              93.378905948579,
              22.396585554180017
            ],
            [
              93.3792,
              22.3966
            ],
            [
              93.37949405142099,
              22.396585554180017
            ],
            [
              93.37978527096604,
              22.39654235584121
            ],
            [
              93.38007085403176,
              22.396470821007195
            ],
            [
              93.38034805029709,
              22.396371638597532
            ],
            [
              93.38061419021048,
              22.396245763793043
            ],
            [
              93.38086671069905,
              22.396094408836905
            ],
            [
              93.38110317985249,
              22.395919031360087
            ],
            [
              93.38132132034356,
              22.395721320343558
            ],
            [
              93.38151903136009,
              22.39550317985249
            ],
            [
              93.3816944088369,
              22.395266710699058
            ],
            [
              93.38184576379304,
              22.39501419021048
            ],
            [
              93.38197163859753,
              22.394748050297096
            ],
            [
              93.38207082100719,
              22.394470854031763
            ],
            [
              93.38214235584121,
              22.394185270966048
            ],
            [
              93.38218555418001,
              22.39389405142099
            ],
            [
              93.3822,
              22.3936
            ]
          ]
        ]
      }
    },
    {
      "type": "Feature",
      "properties": {
        "landslide_id": "UNKNOWN_ID",
        "zone_name": "Landslide Zone (Champhai)",
        "state": "Mizoram",
        "district": "Champhai",
        "hazard_type": "LANDSLIDE",
        "risk_level": "HIGH",
        "historical_event_count": 1
      },
      "geometry": {
        "type": "Polygon",
        "coordinates": [
          [
            [
              93.3863,
              23.3951
            ],
            [
              93.38628555418002,
              23.39480594857901
            ],
            [
              93.38624235584122,
              23.39451472903395
            ],
            [
              93.3861708210072,
              23.394229145968236
            ],
            [
              93.38607163859754,
              23.393951949702902
            ],
            [
              93.38594576379305,
              23.39368580978952
            ],
            [
              93.38579440883692,
              23.39343328930094
            ],
            [
              93.3856190313601,
              23.39319682014751
            ],
            [
              93.38542132034357,
              23.39297867965644
            ],
            [
              93.3852031798525,
              23.39278096863991
            ],
            [
              93.38496671069906,
              23.392605591163093
            ],
            [
              93.38471419021049,
              23.392454236206955
            ],
            [
              93.3844480502971,
              23.392328361402466
            ],
            [
              93.38417085403177,
              23.392229178992803
            ],
            [
              93.38388527096605,
              23.39215764415879
            ],
            [
              93.383594051421,
              23.39211444581998
            ],
            [
              93.3833,
              23.3921
            ],
            [
              93.38300594857901,
              23.39211444581998
            ],
            [
              93.38271472903396,
              23.39215764415879
            ],
            [
              93.38242914596825,
              23.392229178992803
            ],
            [
              93.38215194970292,
              23.392328361402466
            ],
            [
              93.38188580978952,
              23.392454236206955
            ],
            [
              93.38163328930095,
              23.392605591163093
            ],
            [
              93.38139682014751,
              23.39278096863991
            ],
            [
              93.38117867965644,
              23.39297867965644
            ],
            [
              93.38098096863992,
              23.39319682014751
            ],
            [
              93.3808055911631,
              23.39343328930094
            ],
            [
              93.38065423620696,
              23.39368580978952
            ],
            [
              93.38052836140247,
              23.393951949702902
            ],
            [
              93.38042917899281,
              23.394229145968236
            ],
            [
              93.38035764415879,
              23.39451472903395
            ],
            [
              93.38031444581999,
              23.39480594857901
            ],
            [
              93.3803,
              23.3951
            ],
            [
              93.38031444581999,
              23.39539405142099
            ],
            [
              93.38035764415879,
              23.395685270966048
            ],
            [
              93.38042917899281,
              23.395970854031763
            ],
            [
              93.38052836140247,
              23.396248050297096
            ],
            [
              93.38065423620696,
              23.39651419021048
            ],
            [
              93.3808055911631,
              23.396766710699058
            ],
            [
              93.38098096863992,
              23.39700317985249
            ],
            [
              93.38117867965644,
              23.397221320343558
            ],
            [
              93.38139682014751,
              23.397419031360087
            ],
            [
              93.38163328930095,
              23.397594408836905
            ],
            [
              93.38188580978952,
              23.397745763793043
            ],
            [
              93.38215194970292,
              23.397871638597532
            ],
            [
              93.38242914596825,
              23.397970821007195
            ],
            [
              93.38271472903396,
              23.39804235584121
            ],
            [
              93.38300594857901,
              23.398085554180017
            ],
            [
              93.3833,
              23.3981
            ],
            [
              93.383594051421,
              23.398085554180017
            ],
            [
              93.38388527096605,
              23.39804235584121
            ],
            [
              93.38417085403177,
              23.397970821007195
            ],
            [
              93.3844480502971,
              23.397871638597532
            ],
            [
              93.38471419021049,
              23.397745763793043
            ],
            [
              93.38496671069906,
              23.397594408836905
            ],
            [
              93.3852031798525,
              23.397419031360087
            ],
            [
              93.38542132034357,
              23.397221320343558
            ],
            [
              93.3856190313601,
              23.39700317985249
            ],
            [
              93.38579440883692,
              23.396766710699058
            ],
            [
              93.38594576379305,
              23.39651419021048
            ],
            [
              93.38607163859754,
              23.396248050297096
            ],
            [
              93.3861708210072,
              23.395970854031763
            ],
            [
              93.38624235584122,
              23.395685270966048
            ],
            [
              93.38628555418002,
              23.39539405142099
            ],
            [
              93.3863,
              23.3951
            ]
          ]
        ]
      }
    },
    {
      "type": "Feature",
      "properties": {
        "landslide_id": "UNKNOWN_ID",
        "zone_name": "Landslide Zone (Champhai)",
        "state": "Mizoram",
        "district": "Champhai",
        "hazard_type": "LANDSLIDE",
        "risk_level": "HIGH",
        "historical_event_count": 1
      },
      "geometry": {
        "type": "Polygon",
        "coordinates": [
          [
            [
              93.3851,
              23.3957
            ],
            [
              93.38508555418001,
              23.39540594857901
            ],
            [
              93.38504235584121,
              23.395114729033953
            ],
            [
              93.38497082100719,
              23.394829145968238
            ],
            [
              93.38487163859753,
              23.394551949702905
            ],
            [
              93.38474576379303,
              23.394285809789523
            ],
            [
              93.3845944088369,
              23.394033289300943
            ],
            [
              93.38441903136008,
              23.39379682014751
            ],
            [
              93.38422132034356,
              23.393578679656443
            ],
            [
              93.38400317985248,
              23.393380968639914
            ],
            [
              93.38376671069905,
              23.393205591163095
            ],
            [
              93.38351419021048,
              23.393054236206957
            ],
            [
              93.38324805029708,
              23.39292836140247
            ],
            [
              93.38297085403175,
              23.392829178992805
            ],
            [
              93.38268527096604,
              23.39275764415879
            ],
            [
              93.38239405142099,
              23.392714445819983
            ],
            [
              93.3821,
              23.3927
            ],
            [
              93.381805948579,
              23.392714445819983
            ],
            [
              93.38151472903395,
              23.39275764415879
            ],
            [
              93.38122914596823,
              23.392829178992805
            ],
            [
              93.3809519497029,
              23.39292836140247
            ],
            [
              93.38068580978951,
              23.393054236206957
            ],
            [
              93.38043328930094,
              23.393205591163095
            ],
            [
              93.3801968201475,
              23.393380968639914
            ],
            [
              93.37997867965643,
              23.393578679656443
            ],
            [
              93.3797809686399,
              23.39379682014751
            ],
            [
              93.37960559116308,
              23.394033289300943
            ],
            [
              93.37945423620695,
              23.394285809789523
            ],
            [
              93.37932836140246,
              23.394551949702905
            ],
            [
              93.3792291789928,
              23.394829145968238
            ],
            [
              93.37915764415878,
              23.395114729033953
            ],
            [
              93.37911444581998,
              23.39540594857901
            ],
            [
              93.3791,
              23.3957
            ],
            [
              93.37911444581998,
              23.395994051420992
            ],
            [
              93.37915764415878,
              23.39628527096605
            ],
            [
              93.3792291789928,
              23.396570854031765
            ],
            [
              93.37932836140246,
              23.3968480502971
            ],
            [
              93.37945423620695,
              23.39711419021048
            ],
            [
              93.37960559116308,
              23.39736671069906
            ],
            [
              93.3797809686399,
              23.397603179852492
            ],
            [
              93.37997867965643,
              23.39782132034356
            ],
            [
              93.3801968201475,
              23.39801903136009
            ],
            [
              93.38043328930094,
              23.398194408836908
            ],
            [
              93.38068580978951,
              23.398345763793046
            ],
            [
              93.3809519497029,
              23.398471638597535
            ],
            [
              93.38122914596823,
              23.398570821007198
            ],
            [
              93.38151472903395,
              23.39864235584121
            ],
            [
              93.381805948579,
              23.39868555418002
            ],
            [
              93.3821,
              23.3987
            ],
            [
              93.38239405142099,
              23.39868555418002
            ],
            [
              93.38268527096604,
              23.39864235584121
            ],
            [
              93.38297085403175,
              23.398570821007198
            ],
            [
              93.38324805029708,
              23.398471638597535
            ],
            [
              93.38351419021048,
              23.398345763793046
            ],
            [
              93.38376671069905,
              23.398194408836908
            ],
            [
              93.38400317985248,
              23.39801903136009
            ],
            [
              93.38422132034356,
              23.39782132034356
            ],
            [
              93.38441903136008,
              23.397603179852492
            ],
            [
              93.3845944088369,
              23.39736671069906
            ],
            [
              93.38474576379303,
              23.39711419021048
            ],
            [
              93.38487163859753,
              23.3968480502971
            ],
            [
              93.38497082100719,
              23.396570854031765
            ],
            [
              93.38504235584121,
              23.39628527096605
            ],
            [
              93.38508555418001,
              23.395994051420992
            ],
            [
              93.3851,
              23.3957
            ]
          ]
        ]
      }
    },
    {
      "type": "Feature",
      "properties": {
        "landslide_id": "UNKNOWN_ID",
        "zone_name": "Landslide Zone (Champhai)",
        "state": "Mizoram",
        "district": "Champhai",
        "hazard_type": "LANDSLIDE",
        "risk_level": "HIGH",
        "historical_event_count": 1
      },
      "geometry": {
        "type": "Polygon",
        "coordinates": [
          [
            [
              93.385,
              23.3961
            ],
            [
              93.38498555418002,
              23.39580594857901
            ],
            [
              93.38494235584122,
              23.395514729033952
            ],
            [
              93.3848708210072,
              23.395229145968237
            ],
            [
              93.38477163859754,
              23.394951949702904
            ],
            [
              93.38464576379305,
              23.39468580978952
            ],
            [
              93.38449440883691,
              23.39443328930094
            ],
            [
              93.38431903136009,
              23.39419682014751
            ],
            [
              93.38412132034357,
              23.393978679656442
            ],
            [
              93.3839031798525,
              23.393780968639913
            ],
            [
              93.38366671069906,
              23.393605591163094
            ],
            [
              93.38341419021049,
              23.393454236206956
            ],
            [
              93.3831480502971,
              23.393328361402467
            ],
            [
              93.38287085403176,
              23.393229178992804
            ],
            [
              93.38258527096605,
              23.39315764415879
            ],
            [
              93.382294051421,
              23.393114445819982
            ],
            [
              93.382,
              23.3931
            ],
            [
              93.38170594857901,
              23.393114445819982
            ],
            [
              93.38141472903396,
              23.39315764415879
            ],
            [
              93.38112914596825,
              23.393229178992804
            ],
            [
              93.38085194970292,
              23.393328361402467
            ],
            [
              93.38058580978952,
              23.393454236206956
            ],
            [
              93.38033328930095,
              23.393605591163094
            ],
            [
              93.38009682014751,
              23.393780968639913
            ],
            [
              93.37987867965644,
              23.393978679656442
            ],
            [
              93.37968096863992,
              23.39419682014751
            ],
            [
              93.3795055911631,
              23.39443328930094
            ],
            [
              93.37935423620696,
              23.39468580978952
            ],
            [
              93.37922836140247,
              23.394951949702904
            ],
            [
              93.37912917899281,
              23.395229145968237
            ],
            [
              93.37905764415879,
              23.395514729033952
            ],
            [
              93.37901444581999,
              23.39580594857901
            ],
            [
              93.379,
              23.3961
            ],
            [
              93.37901444581999,
              23.39639405142099
            ],
            [
              93.37905764415879,
              23.39668527096605
            ],
            [
              93.37912917899281,
              23.396970854031764
            ],
            [
              93.37922836140247,
              23.397248050297097
            ],
            [
              93.37935423620696,
              23.39751419021048
            ],
            [
              93.3795055911631,
              23.39776671069906
            ],
            [
              93.37968096863992,
              23.39800317985249
            ],
            [
              93.37987867965644,
              23.39822132034356
            ],
            [
              93.38009682014751,
              23.39841903136009
            ],
            [
              93.38033328930095,
              23.398594408836907
            ],
            [
              93.38058580978952,
              23.398745763793045
            ],
            [
              93.38085194970292,
              23.398871638597534
            ],
            [
              93.38112914596825,
              23.398970821007197
            ],
            [
              93.38141472903396,
              23.39904235584121
            ],
            [
              93.38170594857901,
              23.39908555418002
            ],
            [
              93.382,
              23.3991
            ],
            [
              93.382294051421,
              23.39908555418002
            ],
            [
              93.38258527096605,
              23.39904235584121
            ],
            [
              93.38287085403176,
              23.398970821007197
            ],
            [
              93.3831480502971,
              23.398871638597534
            ],
            [
              93.38341419021049,
              23.398745763793045
            ],
            [
              93.38366671069906,
              23.398594408836907
            ],
            [
              93.3839031798525,
              23.39841903136009
            ],
            [
              93.38412132034357,
              23.39822132034356
            ],
            [
              93.38431903136009,
              23.39800317985249
            ],
            [
              93.38449440883691,
              23.39776671069906
            ],
            [
              93.38464576379305,
              23.39751419021048
            ],
            [
              93.38477163859754,
              23.397248050297097
            ],
            [
              93.3848708210072,
              23.396970854031764
            ],
            [
              93.38494235584122,
              23.39668527096605
            ],
            [
              93.38498555418002,
              23.39639405142099
            ],
            [
              93.385,
              23.3961
            ]
          ]
        ]
      }
    },
    {
      "type": "Feature",
      "properties": {
        "landslide_id": "UNKNOWN_ID",
        "zone_name": "Landslide Zone (Champhai)",
        "state": "Mizoram",
        "district": "Champhai",
        "hazard_type": "LANDSLIDE",
        "risk_level": "HIGH",
        "historical_event_count": 1
      },
      "geometry": {
        "type": "Polygon",
        "coordinates": [
          [
            [
              93.3861,
              23.3971
            ],
            [
              93.38608555418001,
              23.396805948579008
            ],
            [
              93.38604235584121,
              23.39651472903395
            ],
            [
              93.38597082100719,
              23.396229145968235
            ],
            [
              93.38587163859754,
              23.3959519497029
            ],
            [
              93.38574576379304,
              23.39568580978952
            ],
            [
              93.38559440883691,
              23.39543328930094
            ],
            [
              93.38541903136009,
              23.395196820147508
            ],
            [
              93.38522132034356,
              23.39497867965644
            ],
            [
              93.38500317985249,
              23.39478096863991
            ],
            [
              93.38476671069905,
              23.394605591163092
            ],
            [
              93.38451419021048,
              23.394454236206954
            ],
            [
              93.38424805029709,
              23.394328361402465
            ],
            [
              93.38397085403176,
              23.394229178992802
            ],
            [
              93.38368527096604,
              23.39415764415879
            ],
            [
              93.38339405142099,
              23.39411444581998
            ],
            [
              93.3831,
              23.394099999999998
            ],
            [
              93.382805948579,
              23.39411444581998
            ],
            [
              93.38251472903396,
              23.39415764415879
            ],
            [
              93.38222914596824,
              23.394229178992802
            ],
            [
              93.38195194970291,
              23.394328361402465
            ],
            [
              93.38168580978952,
              23.394454236206954
            ],
            [
              93.38143328930094,
              23.394605591163092
            ],
            [
              93.38119682014751,
              23.39478096863991
            ],
            [
              93.38097867965644,
              23.39497867965644
            ],
            [
              93.38078096863991,
              23.395196820147508
            ],
            [
              93.38060559116309,
              23.39543328930094
            ],
            [
              93.38045423620696,
              23.39568580978952
            ],
            [
              93.38032836140246,
              23.3959519497029
            ],
            [
              93.3802291789928,
              23.396229145968235
            ],
            [
              93.38015764415879,
              23.39651472903395
            ],
            [
              93.38011444581998,
              23.396805948579008
            ],
            [
              93.3801,
              23.3971
            ],
            [
              93.38011444581998,
              23.39739405142099
            ],
            [
              93.38015764415879,
              23.397685270966047
            ],
            [
              93.3802291789928,
              23.39797085403176
            ],
            [
              93.38032836140246,
              23.398248050297095
            ],
            [
              93.38045423620696,
              23.398514190210477
            ],
            [
              93.38060559116309,
              23.398766710699057
            ],
            [
              93.38078096863991,
              23.39900317985249
            ],
            [
              93.38097867965644,
              23.399221320343557
            ],
            [
              93.38119682014751,
              23.399419031360086
            ],
            [
              93.38143328930094,
              23.399594408836904
            ],
            [
              93.38168580978952,
              23.399745763793042
            ],
            [
              93.38195194970291,
              23.39987163859753
            ],
            [
              93.38222914596824,
              23.399970821007194
            ],
            [
              93.38251472903396,
              23.400042355841208
            ],
            [
              93.382805948579,
              23.400085554180016
            ],
            [
              93.3831,
              23.4001
            ],
            [
              93.38339405142099,
              23.400085554180016
            ],
            [
              93.38368527096604,
              23.400042355841208
            ],
            [
              93.38397085403176,
              23.399970821007194
            ],
            [
              93.38424805029709,
              23.39987163859753
            ],
            [
              93.38451419021048,
              23.399745763793042
            ],
            [
              93.38476671069905,
              23.399594408836904
            ],
            [
              93.38500317985249,
              23.399419031360086
            ],
            [
              93.38522132034356,
              23.399221320343557
            ],
            [
              93.38541903136009,
              23.39900317985249
            ],
            [
              93.38559440883691,
              23.398766710699057
            ],
            [
              93.38574576379304,
              23.398514190210477
            ],
            [
              93.38587163859754,
              23.398248050297095
            ],
            [
              93.38597082100719,
              23.39797085403176
            ],
            [
              93.38604235584121,
              23.397685270966047
            ],
            [
              93.38608555418001,
              23.39739405142099
            ],
            [
              93.3861,
              23.3971
            ]
          ]
        ]
      }
    },
    {
      "type": "Feature",
      "properties": {
        "landslide_id": "UNKNOWN_ID",
        "zone_name": "Landslide Zone (Champhai)",
        "state": "Mizoram",
        "district": "Champhai",
        "hazard_type": "LANDSLIDE",
        "risk_level": "HIGH",
        "historical_event_count": 1
      },
      "geometry": {
        "type": "Polygon",
        "coordinates": [
          [
            [
              93.3875,
              23.3979
            ],
            [
              93.38748555418002,
              23.39760594857901
            ],
            [
              93.38744235584122,
              23.39731472903395
            ],
            [
              93.3873708210072,
              23.397029145968236
            ],
            [
              93.38727163859754,
              23.396751949702903
            ],
            [
              93.38714576379304,
              23.39648580978952
            ],
            [
              93.38699440883691,
              23.39623328930094
            ],
            [
              93.38681903136009,
              23.39599682014751
            ],
            [
              93.38662132034356,
              23.39577867965644
            ],
            [
              93.3864031798525,
              23.395580968639912
            ],
            [
              93.38616671069906,
              23.395405591163094
            ],
            [
              93.38591419021049,
              23.395254236206956
            ],
            [
              93.38564805029709,
              23.395128361402467
            ],
            [
              93.38537085403176,
              23.395029178992804
            ],
            [
              93.38508527096604,
              23.39495764415879
            ],
            [
              93.384794051421,
              23.394914445819982
            ],
            [
              93.3845,
              23.3949
            ],
            [
              93.38420594857901,
              23.394914445819982
            ],
            [
              93.38391472903396,
              23.39495764415879
            ],
            [
              93.38362914596824,
              23.395029178992804
            ],
            [
              93.38335194970291,
              23.395128361402467
            ],
            [
              93.38308580978952,
              23.395254236206956
            ],
            [
              93.38283328930095,
              23.395405591163094
            ],
            [
              93.38259682014751,
              23.395580968639912
            ],
            [
              93.38237867965644,
              23.39577867965644
            ],
            [
              93.38218096863991,
              23.39599682014751
            ],
            [
              93.3820055911631,
              23.39623328930094
            ],
            [
              93.38185423620696,
              23.39648580978952
            ],
            [
              93.38172836140247,
              23.396751949702903
            ],
            [
              93.38162917899281,
              23.397029145968236
            ],
            [
              93.38155764415879,
              23.39731472903395
            ],
            [
              93.38151444581999,
              23.39760594857901
            ],
            [
              93.3815,
              23.3979
            ],
            [
              93.38151444581999,
              23.39819405142099
            ],
            [
              93.38155764415879,
              23.39848527096605
            ],
            [
              93.38162917899281,
              23.398770854031763
            ],
            [
              93.38172836140247,
              23.399048050297097
            ],
            [
              93.38185423620696,
              23.39931419021048
            ],
            [
              93.3820055911631,
              23.39956671069906
            ],
            [
              93.38218096863991,
              23.39980317985249
            ],
            [
              93.38237867965644,
              23.40002132034356
            ],
            [
              93.38259682014751,
              23.400219031360088
            ],
            [
              93.38283328930095,
              23.400394408836906
            ],
            [
              93.38308580978952,
              23.400545763793044
            ],
            [
              93.38335194970291,
              23.400671638597533
            ],
            [
              93.38362914596824,
              23.400770821007196
            ],
            [
              93.38391472903396,
              23.40084235584121
            ],
            [
              93.38420594857901,
              23.400885554180018
            ],
            [
              93.3845,
              23.4009
            ],
            [
              93.384794051421,
              23.400885554180018
            ],
            [
              93.38508527096604,
              23.40084235584121
            ],
            [
              93.38537085403176,
              23.400770821007196
            ],
            [
              93.38564805029709,
              23.400671638597533
            ],
            [
              93.38591419021049,
              23.400545763793044
            ],
            [
              93.38616671069906,
              23.400394408836906
            ],
            [
              93.3864031798525,
              23.400219031360088
            ],
            [
              93.38662132034356,
              23.40002132034356
            ],
            [
              93.38681903136009,
              23.39980317985249
            ],
            [
              93.38699440883691,
              23.39956671069906
            ],
            [
              93.38714576379304,
              23.39931419021048
            ],
            [
              93.38727163859754,
              23.399048050297097
            ],
            [
              93.3873708210072,
              23.398770854031763
            ],
            [
              93.38744235584122,
              23.39848527096605
            ],
            [
              93.38748555418002,
              23.39819405142099
            ],
            [
              93.3875,
              23.3979
            ]
          ]
        ]
      }
    },
    {
      "type": "Feature",
      "properties": {
        "landslide_id": "UNKNOWN_ID",
        "zone_name": "Landslide Zone (Champhai)",
        "state": "Mizoram",
        "district": "Champhai",
        "hazard_type": "LANDSLIDE",
        "risk_level": "HIGH",
        "historical_event_count": 1
      },
      "geometry": {
        "type": "Polygon",
        "coordinates": [
          [
            [
              93.3884,
              23.3977
            ],
            [
              93.38838555418002,
              23.39740594857901
            ],
            [
              93.38834235584122,
              23.39711472903395
            ],
            [
              93.3882708210072,
              23.396829145968237
            ],
            [
              93.38817163859754,
              23.396551949702904
            ],
            [
              93.38804576379304,
              23.39628580978952
            ],
            [
              93.38789440883691,
              23.39603328930094
            ],
            [
              93.38771903136009,
              23.39579682014751
            ],
            [
              93.38752132034357,
              23.395578679656442
            ],
            [
              93.3873031798525,
              23.395380968639913
            ],
            [
              93.38706671069906,
              23.395205591163094
            ],
            [
              93.38681419021049,
              23.395054236206956
            ],
            [
              93.3865480502971,
              23.394928361402467
            ],
            [
              93.38627085403176,
              23.394829178992804
            ],
            [
              93.38598527096605,
              23.39475764415879
            ],
            [
              93.385694051421,
              23.394714445819982
            ],
            [
              93.3854,
              23.3947
            ],
            [
              93.38510594857901,
              23.394714445819982
            ],
            [
              93.38481472903396,
              23.39475764415879
            ],
            [
              93.38452914596824,
              23.394829178992804
            ],
            [
              93.38425194970291,
              23.394928361402467
            ],
            [
              93.38398580978952,
              23.395054236206956
            ],
            [
              93.38373328930095,
              23.395205591163094
            ],
            [
              93.38349682014751,
              23.395380968639913
            ],
            [
              93.38327867965644,
              23.395578679656442
            ],
            [
              93.38308096863992,
              23.39579682014751
            ],
            [
              93.3829055911631,
              23.39603328930094
            ],
            [
              93.38275423620696,
              23.39628580978952
            ],
            [
              93.38262836140247,
              23.396551949702904
            ],
            [
              93.38252917899281,
              23.396829145968237
            ],
            [
              93.38245764415879,
              23.39711472903395
            ],
            [
              93.38241444581999,
              23.39740594857901
            ],
            [
              93.3824,
              23.3977
            ],
            [
              93.38241444581999,
              23.39799405142099
            ],
            [
              93.38245764415879,
              23.39828527096605
            ],
            [
              93.38252917899281,
              23.398570854031764
            ],
            [
              93.38262836140247,
              23.398848050297097
            ],
            [
              93.38275423620696,
              23.39911419021048
            ],
            [
              93.3829055911631,
              23.39936671069906
            ],
            [
              93.38308096863992,
              23.39960317985249
            ],
            [
              93.38327867965644,
              23.39982132034356
            ],
            [
              93.38349682014751,
              23.400019031360088
            ],
            [
              93.38373328930095,
              23.400194408836906
            ],
            [
              93.38398580978952,
              23.400345763793045
            ],
            [
              93.38425194970291,
              23.400471638597534
            ],
            [
              93.38452914596824,
              23.400570821007197
            ],
            [
              93.38481472903396,
              23.40064235584121
            ],
            [
              93.38510594857901,
              23.40068555418002
            ],
            [
              93.3854,
              23.4007
            ],
            [
              93.385694051421,
              23.40068555418002
            ],
            [
              93.38598527096605,
              23.40064235584121
            ],
            [
              93.38627085403176,
              23.400570821007197
            ],
            [
              93.3865480502971,
              23.400471638597534
            ],
            [
              93.38681419021049,
              23.400345763793045
            ],
            [
              93.38706671069906,
              23.400194408836906
            ],
            [
              93.3873031798525,
              23.400019031360088
            ],
            [
              93.38752132034357,
              23.39982132034356
            ],
            [
              93.38771903136009,
              23.39960317985249
            ],
            [
              93.38789440883691,
              23.39936671069906
            ],
            [
              93.38804576379304,
              23.39911419021048
            ],
            [
              93.38817163859754,
              23.398848050297097
            ],
            [
              93.3882708210072,
              23.398570854031764
            ],
            [
              93.38834235584122,
              23.39828527096605
            ],
            [
              93.38838555418002,
              23.39799405142099
            ],
            [
              93.3884,
              23.3977
            ]
          ]
        ]
      }
    },
    {
      "type": "Feature",
      "properties": {
        "landslide_id": "UNKNOWN_ID",
        "zone_name": "Landslide Zone (Champhai)",
        "state": "Mizoram",
        "district": "Champhai",
        "hazard_type": "LANDSLIDE",
        "risk_level": "HIGH",
        "historical_event_count": 1
      },
      "geometry": {
        "type": "Polygon",
        "coordinates": [
          [
            [
              93.3969,
              23.3911
            ],
            [
              93.39688555418002,
              23.39080594857901
            ],
            [
              93.39684235584122,
              23.390514729033953
            ],
            [
              93.3967708210072,
              23.390229145968238
            ],
            [
              93.39667163859754,
              23.389951949702905
            ],
            [
              93.39654576379304,
              23.389685809789523
            ],
            [
              93.39639440883691,
              23.389433289300943
            ],
            [
              93.39621903136009,
              23.38919682014751
            ],
            [
              93.39602132034356,
              23.388978679656443
            ],
            [
              93.39580317985249,
              23.388780968639914
            ],
            [
              93.39556671069906,
              23.388605591163095
            ],
            [
              93.39531419021048,
              23.388454236206957
            ],
            [
              93.39504805029709,
              23.38832836140247
            ],
            [
              93.39477085403176,
              23.388229178992805
            ],
            [
              93.39448527096604,
              23.38815764415879
            ],
            [
              93.394194051421,
              23.388114445819983
            ],
            [
              93.3939,
              23.3881
            ],
            [
              93.39360594857901,
              23.388114445819983
            ],
            [
              93.39331472903396,
              23.38815764415879
            ],
            [
              93.39302914596824,
              23.388229178992805
            ],
            [
              93.39275194970291,
              23.38832836140247
            ],
            [
              93.39248580978952,
              23.388454236206957
            ],
            [
              93.39223328930095,
              23.388605591163095
            ],
            [
              93.39199682014751,
              23.388780968639914
            ],
            [
              93.39177867965644,
              23.388978679656443
            ],
            [
              93.39158096863991,
              23.38919682014751
            ],
            [
              93.39140559116309,
              23.389433289300943
            ],
            [
              93.39125423620696,
              23.389685809789523
            ],
            [
              93.39112836140247,
              23.389951949702905
            ],
            [
              93.39102917899281,
              23.390229145968238
            ],
            [
              93.39095764415879,
              23.390514729033953
            ],
            [
              93.39091444581999,
              23.39080594857901
            ],
            [
              93.3909,
              23.3911
            ],
            [
              93.39091444581999,
              23.391394051420992
            ],
            [
              93.39095764415879,
              23.39168527096605
            ],
            [
              93.39102917899281,
              23.391970854031765
            ],
            [
              93.39112836140247,
              23.3922480502971
            ],
            [
              93.39125423620696,
              23.39251419021048
            ],
            [
              93.39140559116309,
              23.39276671069906
            ],
            [
              93.39158096863991,
              23.393003179852492
            ],
            [
              93.39177867965644,
              23.39322132034356
            ],
            [
              93.39199682014751,
              23.39341903136009
            ],
            [
              93.39223328930095,
              23.393594408836908
            ],
            [
              93.39248580978952,
              23.393745763793046
            ],
            [
              93.39275194970291,
              23.393871638597535
            ],
            [
              93.39302914596824,
              23.393970821007198
            ],
            [
              93.39331472903396,
              23.39404235584121
            ],
            [
              93.39360594857901,
              23.39408555418002
            ],
            [
              93.3939,
              23.3941
            ],
            [
              93.394194051421,
              23.39408555418002
            ],
            [
              93.39448527096604,
              23.39404235584121
            ],
            [
              93.39477085403176,
              23.393970821007198
            ],
            [
              93.39504805029709,
              23.393871638597535
            ],
            [
              93.39531419021048,
              23.393745763793046
            ],
            [
              93.39556671069906,
              23.393594408836908
            ],
            [
              93.39580317985249,
              23.39341903136009
            ],
            [
              93.39602132034356,
              23.39322132034356
            ],
            [
              93.39621903136009,
              23.393003179852492
            ],
            [
              93.39639440883691,
              23.39276671069906
            ],
            [
              93.39654576379304,
              23.39251419021048
            ],
            [
              93.39667163859754,
              23.3922480502971
            ],
            [
              93.3967708210072,
              23.391970854031765
            ],
            [
              93.39684235584122,
              23.39168527096605
            ],
            [
              93.39688555418002,
              23.391394051420992
            ],
            [
              93.3969,
              23.3911
            ]
          ]
        ]
      }
    },
    {
      "type": "Feature",
      "properties": {
        "landslide_id": "UNKNOWN_ID",
        "zone_name": "Landslide Zone (Champhai)",
        "state": "Mizoram",
        "district": "Champhai",
        "hazard_type": "LANDSLIDE",
        "risk_level": "HIGH",
        "historical_event_count": 1
      },
      "geometry": {
        "type": "Polygon",
        "coordinates": [
          [
            [
              93.3968,
              23.3914
            ],
            [
              93.39678555418001,
              23.39110594857901
            ],
            [
              93.39674235584121,
              23.390814729033952
            ],
            [
              93.39667082100719,
              23.390529145968237
            ],
            [
              93.39657163859754,
              23.390251949702904
            ],
            [
              93.39644576379304,
              23.389985809789522
            ],
            [
              93.39629440883691,
              23.389733289300942
            ],
            [
              93.39611903136009,
              23.38949682014751
            ],
            [
              93.39592132034356,
              23.389278679656442
            ],
            [
              93.39570317985249,
              23.389080968639913
            ],
            [
              93.39546671069905,
              23.388905591163095
            ],
            [
              93.39521419021048,
              23.388754236206957
            ],
            [
              93.39494805029709,
              23.388628361402468
            ],
            [
              93.39467085403176,
              23.388529178992805
            ],
            [
              93.39438527096604,
              23.38845764415879
            ],
            [
              93.39409405142099,
              23.388414445819983
            ],
            [
              93.3938,
              23.3884
            ],
            [
              93.393505948579,
              23.388414445819983
            ],
            [
              93.39321472903396,
              23.38845764415879
            ],
            [
              93.39292914596824,
              23.388529178992805
            ],
            [
              93.39265194970291,
              23.388628361402468
            ],
            [
              93.39238580978952,
              23.388754236206957
            ],
            [
              93.39213328930094,
              23.388905591163095
            ],
            [
              93.39189682014751,
              23.389080968639913
            ],
            [
              93.39167867965644,
              23.389278679656442
            ],
            [
              93.39148096863991,
              23.38949682014751
            ],
            [
              93.39130559116309,
              23.389733289300942
            ],
            [
              93.39115423620696,
              23.389985809789522
            ],
            [
              93.39102836140246,
              23.390251949702904
            ],
            [
              93.3909291789928,
              23.390529145968237
            ],
            [
              93.39085764415879,
              23.390814729033952
            ],
            [
              93.39081444581998,
              23.39110594857901
            ],
            [
              93.3908,
              23.3914
            ],
            [
              93.39081444581998,
              23.39169405142099
            ],
            [
              93.39085764415879,
              23.39198527096605
            ],
            [
              93.3909291789928,
              23.392270854031764
            ],
            [
              93.39102836140246,
              23.392548050297098
            ],
            [
              93.39115423620696,
              23.39281419021048
            ],
            [
              93.39130559116309,
              23.39306671069906
            ],
            [
              93.39148096863991,
              23.39330317985249
            ],
            [
              93.39167867965644,
              23.39352132034356
            ],
            [
              93.39189682014751,
              23.39371903136009
            ],
            [
              93.39213328930094,
              23.393894408836907
            ],
            [
              93.39238580978952,
              23.394045763793045
            ],
            [
              93.39265194970291,
              23.394171638597534
            ],
            [
              93.39292914596824,
              23.394270821007197
            ],
            [
              93.39321472903396,
              23.39434235584121
            ],
            [
              93.393505948579,
              23.39438555418002
            ],
            [
              93.3938,
              23.3944
            ],
            [
              93.39409405142099,
              23.39438555418002
            ],
            [
              93.39438527096604,
              23.39434235584121
            ],
            [
              93.39467085403176,
              23.394270821007197
            ],
            [
              93.39494805029709,
              23.394171638597534
            ],
            [
              93.39521419021048,
              23.394045763793045
            ],
            [
              93.39546671069905,
              23.393894408836907
            ],
            [
              93.39570317985249,
              23.39371903136009
            ],
            [
              93.39592132034356,
              23.39352132034356
            ],
            [
              93.39611903136009,
              23.39330317985249
            ],
            [
              93.39629440883691,
              23.39306671069906
            ],
            [
              93.39644576379304,
              23.39281419021048
            ],
            [
              93.39657163859754,
              23.392548050297098
            ],
            [
              93.39667082100719,
              23.392270854031764
            ],
            [
              93.39674235584121,
              23.39198527096605
            ],
            [
              93.39678555418001,
              23.39169405142099
            ],
            [
              93.3968,
              23.3914
            ]
          ]
        ]
      }
    },
    {
      "type": "Feature",
      "properties": {
        "landslide_id": "UNKNOWN_ID",
        "zone_name": "Landslide Zone (Champhai)",
        "state": "Mizoram",
        "district": "Champhai",
        "hazard_type": "LANDSLIDE",
        "risk_level": "HIGH",
        "historical_event_count": 1
      },
      "geometry": {
        "type": "Polygon",
        "coordinates": [
          [
            [
              93.397,
              23.3918
            ],
            [
              93.39698555418002,
              23.39150594857901
            ],
            [
              93.39694235584122,
              23.39121472903395
            ],
            [
              93.3968708210072,
              23.390929145968236
            ],
            [
              93.39677163859754,
              23.390651949702903
            ],
            [
              93.39664576379305,
              23.39038580978952
            ],
            [
              93.39649440883692,
              23.39013328930094
            ],
            [
              93.3963190313601,
              23.38989682014751
            ],
            [
              93.39612132034357,
              23.38967867965644
            ],
            [
              93.3959031798525,
              23.389480968639912
            ],
            [
              93.39566671069906,
              23.389305591163094
            ],
            [
              93.39541419021049,
              23.389154236206956
            ],
            [
              93.3951480502971,
              23.389028361402467
            ],
            [
              93.39487085403177,
              23.388929178992804
            ],
            [
              93.39458527096605,
              23.38885764415879
            ],
            [
              93.394294051421,
              23.388814445819982
            ],
            [
              93.394,
              23.3888
            ],
            [
              93.39370594857901,
              23.388814445819982
            ],
            [
              93.39341472903396,
              23.38885764415879
            ],
            [
              93.39312914596825,
              23.388929178992804
            ],
            [
              93.39285194970292,
              23.389028361402467
            ],
            [
              93.39258580978952,
              23.389154236206956
            ],
            [
              93.39233328930095,
              23.389305591163094
            ],
            [
              93.39209682014751,
              23.389480968639912
            ],
            [
              93.39187867965644,
              23.38967867965644
            ],
            [
              93.39168096863992,
              23.38989682014751
            ],
            [
              93.3915055911631,
              23.39013328930094
            ],
            [
              93.39135423620696,
              23.39038580978952
            ],
            [
              93.39122836140247,
              23.390651949702903
            ],
            [
              93.39112917899281,
              23.390929145968236
            ],
            [
              93.39105764415879,
              23.39121472903395
            ],
            [
              93.39101444581999,
              23.39150594857901
            ],
            [
              93.391,
              23.3918
            ],
            [
              93.39101444581999,
              23.39209405142099
            ],
            [
              93.39105764415879,
              23.39238527096605
            ],
            [
              93.39112917899281,
              23.392670854031763
            ],
            [
              93.39122836140247,
              23.392948050297097
            ],
            [
              93.39135423620696,
              23.39321419021048
            ],
            [
              93.3915055911631,
              23.39346671069906
            ],
            [
              93.39168096863992,
              23.39370317985249
            ],
            [
              93.39187867965644,
              23.39392132034356
            ],
            [
              93.39209682014751,
              23.394119031360088
            ],
            [
              93.39233328930095,
              23.394294408836906
            ],
            [
              93.39258580978952,
              23.394445763793044
            ],
            [
              93.39285194970292,
              23.394571638597533
            ],
            [
              93.39312914596825,
              23.394670821007196
            ],
            [
              93.39341472903396,
              23.39474235584121
            ],
            [
              93.39370594857901,
              23.394785554180018
            ],
            [
              93.394,
              23.3948
            ],
            [
              93.394294051421,
              23.394785554180018
            ],
            [
              93.39458527096605,
              23.39474235584121
            ],
            [
              93.39487085403177,
              23.394670821007196
            ],
            [
              93.3951480502971,
              23.394571638597533
            ],
            [
              93.39541419021049,
              23.394445763793044
            ],
            [
              93.39566671069906,
              23.394294408836906
            ],
            [
              93.3959031798525,
              23.394119031360088
            ],
            [
              93.39612132034357,
              23.39392132034356
            ],
            [
              93.3963190313601,
              23.39370317985249
            ],
            [
              93.39649440883692,
              23.39346671069906
            ],
            [
              93.39664576379305,
              23.39321419021048
            ],
            [
              93.39677163859754,
              23.392948050297097
            ],
            [
              93.3968708210072,
              23.392670854031763
            ],
            [
              93.39694235584122,
              23.39238527096605
            ],
            [
              93.39698555418002,
              23.39209405142099
            ],
            [
              93.397,
              23.3918
            ]
          ]
        ]
      }
    },
    {
      "type": "Feature",
      "properties": {
        "landslide_id": "UNKNOWN_ID",
        "zone_name": "Landslide Zone (Champhai)",
        "state": "Mizoram",
        "district": "Champhai",
        "hazard_type": "LANDSLIDE",
        "risk_level": "HIGH",
        "historical_event_count": 1
      },
      "geometry": {
        "type": "Polygon",
        "coordinates": [
          [
            [
              93.3913,
              23.3956
            ],
            [
              93.39128555418002,
              23.39530594857901
            ],
            [
              93.39124235584121,
              23.395014729033953
            ],
            [
              93.3911708210072,
              23.39472914596824
            ],
            [
              93.39107163859754,
              23.394451949702905
            ],
            [
              93.39094576379304,
              23.394185809789523
            ],
            [
              93.39079440883691,
              23.393933289300943
            ],
            [
              93.39061903136009,
              23.39369682014751
            ],
            [
              93.39042132034356,
              23.393478679656443
            ],
            [
              93.39020317985249,
              23.393280968639914
            ],
            [
              93.38996671069906,
              23.393105591163096
            ],
            [
              93.38971419021048,
              23.392954236206958
            ],
            [
              93.38944805029709,
              23.39282836140247
            ],
            [
              93.38917085403176,
              23.392729178992806
            ],
            [
              93.38888527096604,
              23.392657644158792
            ],
            [
              93.388594051421,
              23.392614445819984
            ],
            [
              93.3883,
              23.3926
            ],
            [
              93.388005948579,
              23.392614445819984
            ],
            [
              93.38771472903396,
              23.392657644158792
            ],
            [
              93.38742914596824,
              23.392729178992806
            ],
            [
              93.38715194970291,
              23.39282836140247
            ],
            [
              93.38688580978952,
              23.392954236206958
            ],
            [
              93.38663328930095,
              23.393105591163096
            ],
            [
              93.38639682014751,
              23.393280968639914
            ],
            [
              93.38617867965644,
              23.393478679656443
            ],
            [
              93.38598096863991,
              23.39369682014751
            ],
            [
              93.38580559116309,
              23.393933289300943
            ],
            [
              93.38565423620696,
              23.394185809789523
            ],
            [
              93.38552836140246,
              23.394451949702905
            ],
            [
              93.38542917899281,
              23.39472914596824
            ],
            [
              93.38535764415879,
              23.395014729033953
            ],
            [
              93.38531444581999,
              23.39530594857901
            ],
            [
              93.3853,
              23.3956
            ],
            [
              93.38531444581999,
              23.395894051420992
            ],
            [
              93.38535764415879,
              23.39618527096605
            ],
            [
              93.38542917899281,
              23.396470854031765
            ],
            [
              93.38552836140246,
              23.3967480502971
            ],
            [
              93.38565423620696,
              23.39701419021048
            ],
            [
              93.38580559116309,
              23.39726671069906
            ],
            [
              93.38598096863991,
              23.397503179852492
            ],
            [
              93.38617867965644,
              23.39772132034356
            ],
            [
              93.38639682014751,
              23.39791903136009
            ],
            [
              93.38663328930095,
              23.398094408836908
            ],
            [
              93.38688580978952,
              23.398245763793046
            ],
            [
              93.38715194970291,
              23.398371638597535
            ],
            [
              93.38742914596824,
              23.398470821007198
            ],
            [
              93.38771472903396,
              23.39854235584121
            ],
            [
              93.388005948579,
              23.39858555418002
            ],
            [
              93.3883,
              23.398600000000002
            ],
            [
              93.388594051421,
              23.39858555418002
            ],
            [
              93.38888527096604,
              23.39854235584121
            ],
            [
              93.38917085403176,
              23.398470821007198
            ],
            [
              93.38944805029709,
              23.398371638597535
            ],
            [
              93.38971419021048,
              23.398245763793046
            ],
            [
              93.38996671069906,
              23.398094408836908
            ],
            [
              93.39020317985249,
              23.39791903136009
            ],
            [
              93.39042132034356,
              23.39772132034356
            ],
            [
              93.39061903136009,
              23.397503179852492
            ],
            [
              93.39079440883691,
              23.39726671069906
            ],
            [
              93.39094576379304,
              23.39701419021048
            ],
            [
              93.39107163859754,
              23.3967480502971
            ],
            [
              93.3911708210072,
              23.396470854031765
            ],
            [
              93.39124235584121,
              23.39618527096605
            ],
            [
              93.39128555418002,
              23.395894051420992
            ],
            [
              93.3913,
              23.3956
            ]
          ]
        ]
      }
    },
    {
      "type": "Feature",
      "properties": {
        "landslide_id": "UNKNOWN_ID",
        "zone_name": "Landslide Zone (Champhai)",
        "state": "Mizoram",
        "district": "Champhai",
        "hazard_type": "LANDSLIDE",
        "risk_level": "HIGH",
        "historical_event_count": 1
      },
      "geometry": {
        "type": "Polygon",
        "coordinates": [
          [
            [
              93.3928,
              23.395
            ],
            [
              93.39278555418001,
              23.39470594857901
            ],
            [
              93.39274235584121,
              23.39441472903395
            ],
            [
              93.39267082100719,
              23.394129145968236
            ],
            [
              93.39257163859753,
              23.393851949702903
            ],
            [
              93.39244576379303,
              23.39358580978952
            ],
            [
              93.3922944088369,
              23.39333328930094
            ],
            [
              93.39211903136008,
              23.39309682014751
            ],
            [
              93.39192132034356,
              23.39287867965644
            ],
            [
              93.39170317985248,
              23.39268096863991
            ],
            [
              93.39146671069905,
              23.392505591163093
            ],
            [
              93.39121419021048,
              23.392354236206955
            ],
            [
              93.39094805029708,
              23.392228361402466
            ],
            [
              93.39067085403175,
              23.392129178992803
            ],
            [
              93.39038527096604,
              23.39205764415879
            ],
            [
              93.39009405142099,
              23.39201444581998
            ],
            [
              93.3898,
              23.392
            ],
            [
              93.389505948579,
              23.39201444581998
            ],
            [
              93.38921472903395,
              23.39205764415879
            ],
            [
              93.38892914596823,
              23.392129178992803
            ],
            [
              93.3886519497029,
              23.392228361402466
            ],
            [
              93.38838580978951,
              23.392354236206955
            ],
            [
              93.38813328930094,
              23.392505591163093
            ],
            [
              93.3878968201475,
              23.39268096863991
            ],
            [
              93.38767867965643,
              23.39287867965644
            ],
            [
              93.3874809686399,
              23.39309682014751
            ],
            [
              93.38730559116308,
              23.39333328930094
            ],
            [
              93.38715423620695,
              23.39358580978952
            ],
            [
              93.38702836140246,
              23.393851949702903
            ],
            [
              93.3869291789928,
              23.394129145968236
            ],
            [
              93.38685764415878,
              23.39441472903395
            ],
            [
              93.38681444581998,
              23.39470594857901
            ],
            [
              93.3868,
              23.395
            ],
            [
              93.38681444581998,
              23.39529405142099
            ],
            [
              93.38685764415878,
              23.39558527096605
            ],
            [
              93.3869291789928,
              23.395870854031763
            ],
            [
              93.38702836140246,
              23.396148050297096
            ],
            [
              93.38715423620695,
              23.39641419021048
            ],
            [
              93.38730559116308,
              23.39666671069906
            ],
            [
              93.3874809686399,
              23.39690317985249
            ],
            [
              93.38767867965643,
              23.397121320343558
            ],
            [
              93.3878968201475,
              23.397319031360087
            ],
            [
              93.38813328930094,
              23.397494408836906
            ],
            [
              93.38838580978951,
              23.397645763793044
            ],
            [
              93.3886519497029,
              23.397771638597533
            ],
            [
              93.38892914596823,
              23.397870821007196
            ],
            [
              93.38921472903395,
              23.39794235584121
            ],
            [
              93.389505948579,
              23.397985554180018
            ],
            [
              93.3898,
              23.398
            ],
            [
              93.39009405142099,
              23.397985554180018
            ],
            [
              93.39038527096604,
              23.39794235584121
            ],
            [
              93.39067085403175,
              23.397870821007196
            ],
            [
              93.39094805029708,
              23.397771638597533
            ],
            [
              93.39121419021048,
              23.397645763793044
            ],
            [
              93.39146671069905,
              23.397494408836906
            ],
            [
              93.39170317985248,
              23.397319031360087
            ],
            [
              93.39192132034356,
              23.397121320343558
            ],
            [
              93.39211903136008,
              23.39690317985249
            ],
            [
              93.3922944088369,
              23.39666671069906
            ],
            [
              93.39244576379303,
              23.39641419021048
            ],
            [
              93.39257163859753,
              23.396148050297096
            ],
            [
              93.39267082100719,
              23.395870854031763
            ],
            [
              93.39274235584121,
              23.39558527096605
            ],
            [
              93.39278555418001,
              23.39529405142099
            ],
            [
              93.3928,
              23.395
            ]
          ]
        ]
      }
    },
    {
      "type": "Feature",
      "properties": {
        "landslide_id": "UNKNOWN_ID",
        "zone_name": "Landslide Zone (Champhai)",
        "state": "Mizoram",
        "district": "Champhai",
        "hazard_type": "LANDSLIDE",
        "risk_level": "HIGH",
        "historical_event_count": 1
      },
      "geometry": {
        "type": "Polygon",
        "coordinates": [
          [
            [
              93.3966,
              23.3929
            ],
            [
              93.39658555418002,
              23.39260594857901
            ],
            [
              93.39654235584122,
              23.392314729033952
            ],
            [
              93.3964708210072,
              23.392029145968237
            ],
            [
              93.39637163859754,
              23.391751949702904
            ],
            [
              93.39624576379305,
              23.391485809789522
            ],
            [
              93.39609440883692,
              23.391233289300942
            ],
            [
              93.3959190313601,
              23.39099682014751
            ],
            [
              93.39572132034357,
              23.390778679656442
            ],
            [
              93.3955031798525,
              23.390580968639913
            ],
            [
              93.39526671069906,
              23.390405591163095
            ],
            [
              93.39501419021049,
              23.390254236206957
            ],
            [
              93.3947480502971,
              23.390128361402468
            ],
            [
              93.39447085403177,
              23.390029178992805
            ],
            [
              93.39418527096605,
              23.38995764415879
            ],
            [
              93.393894051421,
              23.389914445819983
            ],
            [
              93.3936,
              23.3899
            ],
            [
              93.39330594857901,
              23.389914445819983
            ],
            [
              93.39301472903396,
              23.38995764415879
            ],
            [
              93.39272914596825,
              23.390029178992805
            ],
            [
              93.39245194970292,
              23.390128361402468
            ],
            [
              93.39218580978952,
              23.390254236206957
            ],
            [
              93.39193328930095,
              23.390405591163095
            ],
            [
              93.39169682014752,
              23.390580968639913
            ],
            [
              93.39147867965644,
              23.390778679656442
            ],
            [
              93.39128096863992,
              23.39099682014751
            ],
            [
              93.3911055911631,
              23.391233289300942
            ],
            [
              93.39095423620697,
              23.391485809789522
            ],
            [
              93.39082836140247,
              23.391751949702904
            ],
            [
              93.39072917899281,
              23.392029145968237
            ],
            [
              93.3906576441588,
              23.392314729033952
            ],
            [
              93.39061444581999,
              23.39260594857901
            ],
            [
              93.3906,
              23.3929
            ],
            [
              93.39061444581999,
              23.39319405142099
            ],
            [
              93.3906576441588,
              23.39348527096605
            ],
            [
              93.39072917899281,
              23.393770854031764
            ],
            [
              93.39082836140247,
              23.394048050297098
            ],
            [
              93.39095423620697,
              23.39431419021048
            ],
            [
              93.3911055911631,
              23.39456671069906
            ],
            [
              93.39128096863992,
              23.39480317985249
            ],
            [
              93.39147867965644,
              23.39502132034356
            ],
            [
              93.39169682014752,
              23.39521903136009
            ],
            [
              93.39193328930095,
              23.395394408836907
            ],
            [
              93.39218580978952,
              23.395545763793045
            ],
            [
              93.39245194970292,
              23.395671638597534
            ],
            [
              93.39272914596825,
              23.395770821007197
            ],
            [
              93.39301472903396,
              23.39584235584121
            ],
            [
              93.39330594857901,
              23.39588555418002
            ],
            [
              93.3936,
              23.3959
            ],
            [
              93.393894051421,
              23.39588555418002
            ],
            [
              93.39418527096605,
              23.39584235584121
            ],
            [
              93.39447085403177,
              23.395770821007197
            ],
            [
              93.3947480502971,
              23.395671638597534
            ],
            [
              93.39501419021049,
              23.395545763793045
            ],
            [
              93.39526671069906,
              23.395394408836907
            ],
            [
              93.3955031798525,
              23.39521903136009
            ],
            [
              93.39572132034357,
              23.39502132034356
            ],
            [
              93.3959190313601,
              23.39480317985249
            ],
            [
              93.39609440883692,
              23.39456671069906
            ],
            [
              93.39624576379305,
              23.39431419021048
            ],
            [
              93.39637163859754,
              23.394048050297098
            ],
            [
              93.3964708210072,
              23.393770854031764
            ],
            [
              93.39654235584122,
              23.39348527096605
            ],
            [
              93.39658555418002,
              23.39319405142099
            ],
            [
              93.3966,
              23.3929
            ]
          ]
        ]
      }
    },
    {
      "type": "Feature",
      "properties": {
        "landslide_id": "UNKNOWN_ID",
        "zone_name": "Landslide Zone (Champhai)",
        "state": "Mizoram",
        "district": "Champhai",
        "hazard_type": "LANDSLIDE",
        "risk_level": "HIGH",
        "historical_event_count": 1
      },
      "geometry": {
        "type": "Polygon",
        "coordinates": [
          [
            [
              93.3908,
              23.396
            ],
            [
              93.39078555418001,
              23.39570594857901
            ],
            [
              93.39074235584121,
              23.395414729033952
            ],
            [
              93.39067082100719,
              23.395129145968237
            ],
            [
              93.39057163859754,
              23.394851949702904
            ],
            [
              93.39044576379304,
              23.394585809789522
            ],
            [
              93.39029440883691,
              23.394333289300942
            ],
            [
              93.39011903136009,
              23.39409682014751
            ],
            [
              93.38992132034356,
              23.393878679656442
            ],
            [
              93.38970317985249,
              23.393680968639913
            ],
            [
              93.38946671069905,
              23.393505591163095
            ],
            [
              93.38921419021048,
              23.393354236206957
            ],
            [
              93.38894805029709,
              23.393228361402468
            ],
            [
              93.38867085403176,
              23.393129178992805
            ],
            [
              93.38838527096604,
              23.39305764415879
            ],
            [
              93.38809405142099,
              23.393014445819983
            ],
            [
              93.3878,
              23.393
            ],
            [
              93.387505948579,
              23.393014445819983
            ],
            [
              93.38721472903396,
              23.39305764415879
            ],
            [
              93.38692914596824,
              23.393129178992805
            ],
            [
              93.38665194970291,
              23.393228361402468
            ],
            [
              93.38638580978952,
              23.393354236206957
            ],
            [
              93.38613328930094,
              23.393505591163095
            ],
            [
              93.38589682014751,
              23.393680968639913
            ],
            [
              93.38567867965644,
              23.393878679656442
            ],
            [
              93.38548096863991,
              23.39409682014751
            ],
            [
              93.38530559116309,
              23.394333289300942
            ],
            [
              93.38515423620696,
              23.394585809789522
            ],
            [
              93.38502836140246,
              23.394851949702904
            ],
            [
              93.3849291789928,
              23.395129145968237
            ],
            [
              93.38485764415879,
              23.395414729033952
            ],
            [
              93.38481444581998,
              23.39570594857901
            ],
            [
              93.3848,
              23.396
            ],
            [
              93.38481444581998,
              23.39629405142099
            ],
            [
              93.38485764415879,
              23.39658527096605
            ],
            [
              93.3849291789928,
              23.396870854031764
            ],
            [
              93.38502836140246,
              23.397148050297098
            ],
            [
              93.38515423620696,
              23.39741419021048
            ],
            [
              93.38530559116309,
              23.39766671069906
            ],
            [
              93.38548096863991,
              23.39790317985249
            ],
            [
              93.38567867965644,
              23.39812132034356
            ],
            [
              93.38589682014751,
              23.39831903136009
            ],
            [
              93.38613328930094,
              23.398494408836907
            ],
            [
              93.38638580978952,
              23.398645763793045
            ],
            [
              93.38665194970291,
              23.398771638597534
            ],
            [
              93.38692914596824,
              23.398870821007197
            ],
            [
              93.38721472903396,
              23.39894235584121
            ],
            [
              93.387505948579,
              23.39898555418002
            ],
            [
              93.3878,
              23.399
            ],
            [
              93.38809405142099,
              23.39898555418002
            ],
            [
              93.38838527096604,
              23.39894235584121
            ],
            [
              93.38867085403176,
              23.398870821007197
            ],
            [
              93.38894805029709,
              23.398771638597534
            ],
            [
              93.38921419021048,
              23.398645763793045
            ],
            [
              93.38946671069905,
              23.398494408836907
            ],
            [
              93.38970317985249,
              23.39831903136009
            ],
            [
              93.38992132034356,
              23.39812132034356
            ],
            [
              93.39011903136009,
              23.39790317985249
            ],
            [
              93.39029440883691,
              23.39766671069906
            ],
            [
              93.39044576379304,
              23.39741419021048
            ],
            [
              93.39057163859754,
              23.397148050297098
            ],
            [
              93.39067082100719,
              23.396870854031764
            ],
            [
              93.39074235584121,
              23.39658527096605
            ],
            [
              93.39078555418001,
              23.39629405142099
            ],
            [
              93.3908,
              23.396
            ]
          ]
        ]
      }
    },
    {
      "type": "Feature",
      "properties": {
        "landslide_id": "UNKNOWN_ID",
        "zone_name": "Landslide Zone (Champhai)",
        "state": "Mizoram",
        "district": "Champhai",
        "hazard_type": "LANDSLIDE",
        "risk_level": "HIGH",
        "historical_event_count": 1
      },
      "geometry": {
        "type": "Polygon",
        "coordinates": [
          [
            [
              93.3903,
              23.3965
            ],
            [
              93.39028555418001,
              23.39620594857901
            ],
            [
              93.39024235584121,
              23.39591472903395
            ],
            [
              93.39017082100719,
              23.395629145968236
            ],
            [
              93.39007163859753,
              23.395351949702903
            ],
            [
              93.38994576379304,
              23.39508580978952
            ],
            [
              93.3897944088369,
              23.39483328930094
            ],
            [
              93.38961903136008,
              23.39459682014751
            ],
            [
              93.38942132034356,
              23.39437867965644
            ],
            [
              93.38920317985249,
              23.394180968639912
            ],
            [
              93.38896671069905,
              23.394005591163094
            ],
            [
              93.38871419021048,
              23.393854236206955
            ],
            [
              93.38844805029709,
              23.393728361402466
            ],
            [
              93.38817085403176,
              23.393629178992803
            ],
            [
              93.38788527096604,
              23.39355764415879
            ],
            [
              93.38759405142099,
              23.39351444581998
            ],
            [
              93.3873,
              23.3935
            ],
            [
              93.387005948579,
              23.39351444581998
            ],
            [
              93.38671472903395,
              23.39355764415879
            ],
            [
              93.38642914596824,
              23.393629178992803
            ],
            [
              93.3861519497029,
              23.393728361402466
            ],
            [
              93.38588580978951,
              23.393854236206955
            ],
            [
              93.38563328930094,
              23.394005591163094
            ],
            [
              93.3853968201475,
              23.394180968639912
            ],
            [
              93.38517867965643,
              23.39437867965644
            ],
            [
              93.38498096863991,
              23.39459682014751
            ],
            [
              93.38480559116309,
              23.39483328930094
            ],
            [
              93.38465423620696,
              23.39508580978952
            ],
            [
              93.38452836140246,
              23.395351949702903
            ],
            [
              93.3844291789928,
              23.395629145968236
            ],
            [
              93.38435764415878,
              23.39591472903395
            ],
            [
              93.38431444581998,
              23.39620594857901
            ],
            [
              93.3843,
              23.3965
            ],
            [
              93.38431444581998,
              23.39679405142099
            ],
            [
              93.38435764415878,
              23.39708527096605
            ],
            [
              93.3844291789928,
              23.397370854031763
            ],
            [
              93.38452836140246,
              23.397648050297096
            ],
            [
              93.38465423620696,
              23.39791419021048
            ],
            [
              93.38480559116309,
              23.39816671069906
            ],
            [
              93.38498096863991,
              23.39840317985249
            ],
            [
              93.38517867965643,
              23.39862132034356
            ],
            [
              93.3853968201475,
              23.398819031360087
            ],
            [
              93.38563328930094,
              23.398994408836906
            ],
            [
              93.38588580978951,
              23.399145763793044
            ],
            [
              93.3861519497029,
              23.399271638597533
            ],
            [
              93.38642914596824,
              23.399370821007196
            ],
            [
              93.38671472903395,
              23.39944235584121
            ],
            [
              93.387005948579,
              23.399485554180018
            ],
            [
              93.3873,
              23.3995
            ],
            [
              93.38759405142099,
              23.399485554180018
            ],
            [
              93.38788527096604,
              23.39944235584121
            ],
            [
              93.38817085403176,
              23.399370821007196
            ],
            [
              93.38844805029709,
              23.399271638597533
            ],
            [
              93.38871419021048,
              23.399145763793044
            ],
            [
              93.38896671069905,
              23.398994408836906
            ],
            [
              93.38920317985249,
              23.398819031360087
            ],
            [
              93.38942132034356,
              23.39862132034356
            ],
            [
              93.38961903136008,
              23.39840317985249
            ],
            [
              93.3897944088369,
              23.39816671069906
            ],
            [
              93.38994576379304,
              23.39791419021048
            ],
            [
              93.39007163859753,
              23.397648050297096
            ],
            [
              93.39017082100719,
              23.397370854031763
            ],
            [
              93.39024235584121,
              23.39708527096605
            ],
            [
              93.39028555418001,
              23.39679405142099
            ],
            [
              93.3903,
              23.3965
            ]
          ]
        ]
      }
    },
    {
      "type": "Feature",
      "properties": {
        "landslide_id": "UNKNOWN_ID",
        "zone_name": "Landslide Zone (Champhai)",
        "state": "Mizoram",
        "district": "Champhai",
        "hazard_type": "LANDSLIDE",
        "risk_level": "HIGH",
        "historical_event_count": 1
      },
      "geometry": {
        "type": "Polygon",
        "coordinates": [
          [
            [
              93.397,
              23.3906
            ],
            [
              93.39698555418002,
              23.39030594857901
            ],
            [
              93.39694235584122,
              23.39001472903395
            ],
            [
              93.3968708210072,
              23.389729145968236
            ],
            [
              93.39677163859754,
              23.389451949702902
            ],
            [
              93.39664576379305,
              23.38918580978952
            ],
            [
              93.39649440883692,
              23.38893328930094
            ],
            [
              93.3963190313601,
              23.38869682014751
            ],
            [
              93.39612132034357,
              23.38847867965644
            ],
            [
              93.3959031798525,
              23.38828096863991
            ],
            [
              93.39566671069906,
              23.388105591163093
            ],
            [
              93.39541419021049,
              23.387954236206955
            ],
            [
              93.3951480502971,
              23.387828361402466
            ],
            [
              93.39487085403177,
              23.387729178992803
            ],
            [
              93.39458527096605,
              23.38765764415879
            ],
            [
              93.394294051421,
              23.38761444581998
            ],
            [
              93.394,
              23.3876
            ],
            [
              93.39370594857901,
              23.38761444581998
            ],
            [
              93.39341472903396,
              23.38765764415879
            ],
            [
              93.39312914596825,
              23.387729178992803
            ],
            [
              93.39285194970292,
              23.387828361402466
            ],
            [
              93.39258580978952,
              23.387954236206955
            ],
            [
              93.39233328930095,
              23.388105591163093
            ],
            [
              93.39209682014751,
              23.38828096863991
            ],
            [
              93.39187867965644,
              23.38847867965644
            ],
            [
              93.39168096863992,
              23.38869682014751
            ],
            [
              93.3915055911631,
              23.38893328930094
            ],
            [
              93.39135423620696,
              23.38918580978952
            ],
            [
              93.39122836140247,
              23.389451949702902
            ],
            [
              93.39112917899281,
              23.389729145968236
            ],
            [
              93.39105764415879,
              23.39001472903395
            ],
            [
              93.39101444581999,
              23.39030594857901
            ],
            [
              93.391,
              23.3906
            ],
            [
              93.39101444581999,
              23.39089405142099
            ],
            [
              93.39105764415879,
              23.391185270966048
            ],
            [
              93.39112917899281,
              23.391470854031763
            ],
            [
              93.39122836140247,
              23.391748050297096
            ],
            [
              93.39135423620696,
              23.392014190210478
            ],
            [
              93.3915055911631,
              23.392266710699058
            ],
            [
              93.39168096863992,
              23.39250317985249
            ],
            [
              93.39187867965644,
              23.392721320343558
            ],
            [
              93.39209682014751,
              23.392919031360087
            ],
            [
              93.39233328930095,
              23.393094408836905
            ],
            [
              93.39258580978952,
              23.393245763793043
            ],
            [
              93.39285194970292,
              23.393371638597532
            ],
            [
              93.39312914596825,
              23.393470821007195
            ],
            [
              93.39341472903396,
              23.39354235584121
            ],
            [
              93.39370594857901,
              23.393585554180017
            ],
            [
              93.394,
              23.3936
            ],
            [
              93.394294051421,
              23.393585554180017
            ],
            [
              93.39458527096605,
              23.39354235584121
            ],
            [
              93.39487085403177,
              23.393470821007195
            ],
            [
              93.3951480502971,
              23.393371638597532
            ],
            [
              93.39541419021049,
              23.393245763793043
            ],
            [
              93.39566671069906,
              23.393094408836905
            ],
            [
              93.3959031798525,
              23.392919031360087
            ],
            [
              93.39612132034357,
              23.392721320343558
            ],
            [
              93.3963190313601,
              23.39250317985249
            ],
            [
              93.39649440883692,
              23.392266710699058
            ],
            [
              93.39664576379305,
              23.392014190210478
            ],
            [
              93.39677163859754,
              23.391748050297096
            ],
            [
              93.3968708210072,
              23.391470854031763
            ],
            [
              93.39694235584122,
              23.391185270966048
            ],
            [
              93.39698555418002,
              23.39089405142099
            ],
            [
              93.397,
              23.3906
            ]
          ]
        ]
      }
    },
    {
      "type": "Feature",
      "properties": {
        "landslide_id": "UNKNOWN_ID",
        "zone_name": "Landslide Zone (Champhai)",
        "state": "Mizoram",
        "district": "Champhai",
        "hazard_type": "LANDSLIDE",
        "risk_level": "HIGH",
        "historical_event_count": 1
      },
      "geometry": {
        "type": "Polygon",
        "coordinates": [
          [
            [
              93.3975,
              23.39
            ],
            [
              93.39748555418001,
              23.38970594857901
            ],
            [
              93.3974423558412,
              23.389414729033952
            ],
            [
              93.39737082100719,
              23.389129145968237
            ],
            [
              93.39727163859753,
              23.388851949702904
            ],
            [
              93.39714576379303,
              23.38858580978952
            ],
            [
              93.3969944088369,
              23.38833328930094
            ],
            [
              93.39681903136008,
              23.38809682014751
            ],
            [
              93.39662132034356,
              23.387878679656442
            ],
            [
              93.39640317985248,
              23.387680968639913
            ],
            [
              93.39616671069905,
              23.387505591163094
            ],
            [
              93.39591419021048,
              23.387354236206956
            ],
            [
              93.39564805029708,
              23.387228361402467
            ],
            [
              93.39537085403175,
              23.387129178992804
            ],
            [
              93.39508527096604,
              23.38705764415879
            ],
            [
              93.39479405142099,
              23.387014445819982
            ],
            [
              93.3945,
              23.387
            ],
            [
              93.394205948579,
              23.387014445819982
            ],
            [
              93.39391472903395,
              23.38705764415879
            ],
            [
              93.39362914596823,
              23.387129178992804
            ],
            [
              93.3933519497029,
              23.387228361402467
            ],
            [
              93.39308580978951,
              23.387354236206956
            ],
            [
              93.39283328930094,
              23.387505591163094
            ],
            [
              93.3925968201475,
              23.387680968639913
            ],
            [
              93.39237867965643,
              23.387878679656442
            ],
            [
              93.3921809686399,
              23.38809682014751
            ],
            [
              93.39200559116308,
              23.38833328930094
            ],
            [
              93.39185423620695,
              23.38858580978952
            ],
            [
              93.39172836140246,
              23.388851949702904
            ],
            [
              93.3916291789928,
              23.389129145968237
            ],
            [
              93.39155764415878,
              23.389414729033952
            ],
            [
              93.39151444581998,
              23.38970594857901
            ],
            [
              93.3915,
              23.39
            ],
            [
              93.39151444581998,
              23.39029405142099
            ],
            [
              93.39155764415878,
              23.39058527096605
            ],
            [
              93.3916291789928,
              23.390870854031764
            ],
            [
              93.39172836140246,
              23.391148050297097
            ],
            [
              93.39185423620695,
              23.39141419021048
            ],
            [
              93.39200559116308,
              23.39166671069906
            ],
            [
              93.3921809686399,
              23.39190317985249
            ],
            [
              93.39237867965643,
              23.39212132034356
            ],
            [
              93.3925968201475,
              23.39231903136009
            ],
            [
              93.39283328930094,
              23.392494408836907
            ],
            [
              93.39308580978951,
              23.392645763793045
            ],
            [
              93.3933519497029,
              23.392771638597534
            ],
            [
              93.39362914596823,
              23.392870821007197
            ],
            [
              93.39391472903395,
              23.39294235584121
            ],
            [
              93.394205948579,
              23.39298555418002
            ],
            [
              93.3945,
              23.393
            ],
            [
              93.39479405142099,
              23.39298555418002
            ],
            [
              93.39508527096604,
              23.39294235584121
            ],
            [
              93.39537085403175,
              23.392870821007197
            ],
            [
              93.39564805029708,
              23.392771638597534
            ],
            [
              93.39591419021048,
              23.392645763793045
            ],
            [
              93.39616671069905,
              23.392494408836907
            ],
            [
              93.39640317985248,
              23.39231903136009
            ],
            [
              93.39662132034356,
              23.39212132034356
            ],
            [
              93.39681903136008,
              23.39190317985249
            ],
            [
              93.3969944088369,
              23.39166671069906
            ],
            [
              93.39714576379303,
              23.39141419021048
            ],
            [
              93.39727163859753,
              23.391148050297097
            ],
            [
              93.39737082100719,
              23.390870854031764
            ],
            [
              93.3974423558412,
              23.39058527096605
            ],
            [
              93.39748555418001,
              23.39029405142099
            ],
            [
              93.3975,
              23.39
            ]
          ]
        ]
      }
    },
    {
      "type": "Feature",
      "properties": {
        "landslide_id": "UNKNOWN_ID",
        "zone_name": "Landslide Zone (Champhai)",
        "state": "Mizoram",
        "district": "Champhai",
        "hazard_type": "LANDSLIDE",
        "risk_level": "HIGH",
        "historical_event_count": 1
      },
      "geometry": {
        "type": "Polygon",
        "coordinates": [
          [
            [
              93.3984,
              23.3892
            ],
            [
              93.39838555418001,
              23.38890594857901
            ],
            [
              93.39834235584121,
              23.38861472903395
            ],
            [
              93.39827082100719,
              23.388329145968235
            ],
            [
              93.39817163859753,
              23.388051949702902
            ],
            [
              93.39804576379304,
              23.38778580978952
            ],
            [
              93.3978944088369,
              23.38753328930094
            ],
            [
              93.39771903136008,
              23.387296820147508
            ],
            [
              93.39752132034356,
              23.38707867965644
            ],
            [
              93.39730317985249,
              23.38688096863991
            ],
            [
              93.39706671069905,
              23.386705591163093
            ],
            [
              93.39681419021048,
              23.386554236206955
            ],
            [
              93.39654805029708,
              23.386428361402466
            ],
            [
              93.39627085403175,
              23.386329178992803
            ],
            [
              93.39598527096604,
              23.38625764415879
            ],
            [
              93.39569405142099,
              23.38621444581998
            ],
            [
              93.3954,
              23.3862
            ],
            [
              93.395105948579,
              23.38621444581998
            ],
            [
              93.39481472903395,
              23.38625764415879
            ],
            [
              93.39452914596824,
              23.386329178992803
            ],
            [
              93.3942519497029,
              23.386428361402466
            ],
            [
              93.39398580978951,
              23.386554236206955
            ],
            [
              93.39373328930094,
              23.386705591163093
            ],
            [
              93.3934968201475,
              23.38688096863991
            ],
            [
              93.39327867965643,
              23.38707867965644
            ],
            [
              93.39308096863991,
              23.387296820147508
            ],
            [
              93.39290559116309,
              23.38753328930094
            ],
            [
              93.39275423620695,
              23.38778580978952
            ],
            [
              93.39262836140246,
              23.388051949702902
            ],
            [
              93.3925291789928,
              23.388329145968235
            ],
            [
              93.39245764415878,
              23.38861472903395
            ],
            [
              93.39241444581998,
              23.38890594857901
            ],
            [
              93.3924,
              23.3892
            ],
            [
              93.39241444581998,
              23.38949405142099
            ],
            [
              93.39245764415878,
              23.389785270966048
            ],
            [
              93.3925291789928,
              23.390070854031762
            ],
            [
              93.39262836140246,
              23.390348050297096
            ],
            [
              93.39275423620695,
              23.390614190210478
            ],
            [
              93.39290559116309,
              23.390866710699058
            ],
            [
              93.39308096863991,
              23.39110317985249
            ],
            [
              93.39327867965643,
              23.391321320343557
            ],
            [
              93.3934968201475,
              23.391519031360087
            ],
            [
              93.39373328930094,
              23.391694408836905
            ],
            [
              93.39398580978951,
              23.391845763793043
            ],
            [
              93.3942519497029,
              23.391971638597532
            ],
            [
              93.39452914596824,
              23.392070821007195
            ],
            [
              93.39481472903395,
              23.39214235584121
            ],
            [
              93.395105948579,
              23.392185554180017
            ],
            [
              93.3954,
              23.3922
            ],
            [
              93.39569405142099,
              23.392185554180017
            ],
            [
              93.39598527096604,
              23.39214235584121
            ],
            [
              93.39627085403175,
              23.392070821007195
            ],
            [
              93.39654805029708,
              23.391971638597532
            ],
            [
              93.39681419021048,
              23.391845763793043
            ],
            [
              93.39706671069905,
              23.391694408836905
            ],
            [
              93.39730317985249,
              23.391519031360087
            ],
            [
              93.39752132034356,
              23.391321320343557
            ],
            [
              93.39771903136008,
              23.39110317985249
            ],
            [
              93.3978944088369,
              23.390866710699058
            ],
            [
              93.39804576379304,
              23.390614190210478
            ],
            [
              93.39817163859753,
              23.390348050297096
            ],
            [
              93.39827082100719,
              23.390070854031762
            ],
            [
              93.39834235584121,
              23.389785270966048
            ],
            [
              93.39838555418001,
              23.38949405142099
            ],
            [
              93.3984,
              23.3892
            ]
          ]
        ]
      }
    },
    {
      "type": "Feature",
      "properties": {
        "landslide_id": "UNKNOWN_ID",
        "zone_name": "Landslide Zone (Champhai)",
        "state": "Mizoram",
        "district": "Champhai",
        "hazard_type": "LANDSLIDE",
        "risk_level": "HIGH",
        "historical_event_count": 1
      },
      "geometry": {
        "type": "Polygon",
        "coordinates": [
          [
            [
              93.3988,
              23.3866
            ],
            [
              93.39878555418001,
              23.38630594857901
            ],
            [
              93.39874235584121,
              23.386014729033953
            ],
            [
              93.39867082100719,
              23.385729145968238
            ],
            [
              93.39857163859753,
              23.385451949702905
            ],
            [
              93.39844576379303,
              23.385185809789522
            ],
            [
              93.3982944088369,
              23.384933289300943
            ],
            [
              93.39811903136008,
              23.38469682014751
            ],
            [
              93.39792132034356,
              23.384478679656443
            ],
            [
              93.39770317985248,
              23.384280968639914
            ],
            [
              93.39746671069905,
              23.384105591163095
            ],
            [
              93.39721419021048,
              23.383954236206957
            ],
            [
              93.39694805029708,
              23.38382836140247
            ],
            [
              93.39667085403175,
              23.383729178992805
            ],
            [
              93.39638527096604,
              23.38365764415879
            ],
            [
              93.39609405142099,
              23.383614445819983
            ],
            [
              93.3958,
              23.3836
            ],
            [
              93.395505948579,
              23.383614445819983
            ],
            [
              93.39521472903395,
              23.38365764415879
            ],
            [
              93.39492914596823,
              23.383729178992805
            ],
            [
              93.3946519497029,
              23.38382836140247
            ],
            [
              93.39438580978951,
              23.383954236206957
            ],
            [
              93.39413328930094,
              23.384105591163095
            ],
            [
              93.3938968201475,
              23.384280968639914
            ],
            [
              93.39367867965643,
              23.384478679656443
            ],
            [
              93.3934809686399,
              23.38469682014751
            ],
            [
              93.39330559116308,
              23.384933289300943
            ],
            [
              93.39315423620695,
              23.385185809789522
            ],
            [
              93.39302836140246,
              23.385451949702905
            ],
            [
              93.3929291789928,
              23.385729145968238
            ],
            [
              93.39285764415878,
              23.386014729033953
            ],
            [
              93.39281444581998,
              23.38630594857901
            ],
            [
              93.3928,
              23.3866
            ],
            [
              93.39281444581998,
              23.38689405142099
            ],
            [
              93.39285764415878,
              23.38718527096605
            ],
            [
              93.3929291789928,
              23.387470854031765
            ],
            [
              93.39302836140246,
              23.3877480502971
            ],
            [
              93.39315423620695,
              23.38801419021048
            ],
            [
              93.39330559116308,
              23.38826671069906
            ],
            [
              93.3934809686399,
              23.388503179852492
            ],
            [
              93.39367867965643,
              23.38872132034356
            ],
            [
              93.3938968201475,
              23.38891903136009
            ],
            [
              93.39413328930094,
              23.389094408836907
            ],
            [
              93.39438580978951,
              23.389245763793046
            ],
            [
              93.3946519497029,
              23.389371638597535
            ],
            [
              93.39492914596823,
              23.389470821007198
            ],
            [
              93.39521472903395,
              23.38954235584121
            ],
            [
              93.395505948579,
              23.38958555418002
            ],
            [
              93.3958,
              23.3896
            ],
            [
              93.39609405142099,
              23.38958555418002
            ],
            [
              93.39638527096604,
              23.38954235584121
            ],
            [
              93.39667085403175,
              23.389470821007198
            ],
            [
              93.39694805029708,
              23.389371638597535
            ],
            [
              93.39721419021048,
              23.389245763793046
            ],
            [
              93.39746671069905,
              23.389094408836907
            ],
            [
              93.39770317985248,
              23.38891903136009
            ],
            [
              93.39792132034356,
              23.38872132034356
            ],
            [
              93.39811903136008,
              23.388503179852492
            ],
            [
              93.3982944088369,
              23.38826671069906
            ],
            [
              93.39844576379303,
              23.38801419021048
            ],
            [
              93.39857163859753,
              23.3877480502971
            ],
            [
              93.39867082100719,
              23.387470854031765
            ],
            [
              93.39874235584121,
              23.38718527096605
            ],
            [
              93.39878555418001,
              23.38689405142099
            ],
            [
              93.3988,
              23.3866
            ]
          ]
        ]
      }
    },
    {
      "type": "Feature",
      "properties": {
        "landslide_id": "UNKNOWN_ID",
        "zone_name": "Landslide Zone (Champhai)",
        "state": "Mizoram",
        "district": "Champhai",
        "hazard_type": "LANDSLIDE",
        "risk_level": "HIGH",
        "historical_event_count": 1
      },
      "geometry": {
        "type": "Polygon",
        "coordinates": [
          [
            [
              93.3985,
              23.386
            ],
            [
              93.39848555418001,
              23.38570594857901
            ],
            [
              93.39844235584121,
              23.38541472903395
            ],
            [
              93.39837082100719,
              23.385129145968236
            ],
            [
              93.39827163859754,
              23.384851949702902
            ],
            [
              93.39814576379304,
              23.38458580978952
            ],
            [
              93.39799440883691,
              23.38433328930094
            ],
            [
              93.39781903136009,
              23.38409682014751
            ],
            [
              93.39762132034356,
              23.38387867965644
            ],
            [
              93.39740317985249,
              23.38368096863991
            ],
            [
              93.39716671069905,
              23.383505591163093
            ],
            [
              93.39691419021048,
              23.383354236206955
            ],
            [
              93.39664805029709,
              23.383228361402466
            ],
            [
              93.39637085403176,
              23.383129178992803
            ],
            [
              93.39608527096604,
              23.38305764415879
            ],
            [
              93.39579405142099,
              23.38301444581998
            ],
            [
              93.3955,
              23.383
            ],
            [
              93.395205948579,
              23.38301444581998
            ],
            [
              93.39491472903396,
              23.38305764415879
            ],
            [
              93.39462914596824,
              23.383129178992803
            ],
            [
              93.39435194970291,
              23.383228361402466
            ],
            [
              93.39408580978952,
              23.383354236206955
            ],
            [
              93.39383328930094,
              23.383505591163093
            ],
            [
              93.39359682014751,
              23.38368096863991
            ],
            [
              93.39337867965644,
              23.38387867965644
            ],
            [
              93.39318096863991,
              23.38409682014751
            ],
            [
              93.39300559116309,
              23.38433328930094
            ],
            [
              93.39285423620696,
              23.38458580978952
            ],
            [
              93.39272836140246,
              23.384851949702902
            ],
            [
              93.3926291789928,
              23.385129145968236
            ],
            [
              93.39255764415879,
              23.38541472903395
            ],
            [
              93.39251444581998,
              23.38570594857901
            ],
            [
              93.3925,
              23.386
            ],
            [
              93.39251444581998,
              23.38629405142099
            ],
            [
              93.39255764415879,
              23.386585270966048
            ],
            [
              93.3926291789928,
              23.386870854031763
            ],
            [
              93.39272836140246,
              23.387148050297096
            ],
            [
              93.39285423620696,
              23.387414190210478
            ],
            [
              93.39300559116309,
              23.387666710699058
            ],
            [
              93.39318096863991,
              23.38790317985249
            ],
            [
              93.39337867965644,
              23.388121320343558
            ],
            [
              93.39359682014751,
              23.388319031360087
            ],
            [
              93.39383328930094,
              23.388494408836905
            ],
            [
              93.39408580978952,
              23.388645763793043
            ],
            [
              93.39435194970291,
              23.388771638597532
            ],
            [
              93.39462914596824,
              23.388870821007195
            ],
            [
              93.39491472903396,
              23.38894235584121
            ],
            [
              93.395205948579,
              23.388985554180017
            ],
            [
              93.3955,
              23.389
            ],
            [
              93.39579405142099,
              23.388985554180017
            ],
            [
              93.39608527096604,
              23.38894235584121
            ],
            [
              93.39637085403176,
              23.388870821007195
            ],
            [
              93.39664805029709,
              23.388771638597532
            ],
            [
              93.39691419021048,
              23.388645763793043
            ],
            [
              93.39716671069905,
              23.388494408836905
            ],
            [
              93.39740317985249,
              23.388319031360087
            ],
            [
              93.39762132034356,
              23.388121320343558
            ],
            [
              93.39781903136009,
              23.38790317985249
            ],
            [
              93.39799440883691,
              23.387666710699058
            ],
            [
              93.39814576379304,
              23.387414190210478
            ],
            [
              93.39827163859754,
              23.387148050297096
            ],
            [
              93.39837082100719,
              23.386870854031763
            ],
            [
              93.39844235584121,
              23.386585270966048
            ],
            [
              93.39848555418001,
              23.38629405142099
            ],
            [
              93.3985,
              23.386
            ]
          ]
        ]
      }
    },
    {
      "type": "Feature",
      "properties": {
        "landslide_id": "UNKNOWN_ID",
        "zone_name": "Landslide Zone (Champhai)",
        "state": "Mizoram",
        "district": "Champhai",
        "hazard_type": "LANDSLIDE",
        "risk_level": "HIGH",
        "historical_event_count": 1
      },
      "geometry": {
        "type": "Polygon",
        "coordinates": [
          [
            [
              93.3973,
              23.3849
            ],
            [
              93.39728555418002,
              23.384605948579008
            ],
            [
              93.39724235584121,
              23.38431472903395
            ],
            [
              93.3971708210072,
              23.384029145968235
            ],
            [
              93.39707163859754,
              23.3837519497029
            ],
            [
              93.39694576379304,
              23.38348580978952
            ],
            [
              93.39679440883691,
              23.38323328930094
            ],
            [
              93.39661903136009,
              23.382996820147508
            ],
            [
              93.39642132034356,
              23.38277867965644
            ],
            [
              93.39620317985249,
              23.38258096863991
            ],
            [
              93.39596671069906,
              23.382405591163092
            ],
            [
              93.39571419021048,
              23.382254236206954
            ],
            [
              93.39544805029709,
              23.382128361402465
            ],
            [
              93.39517085403176,
              23.382029178992802
            ],
            [
              93.39488527096604,
              23.38195764415879
            ],
            [
              93.394594051421,
              23.38191444581998
            ],
            [
              93.3943,
              23.381899999999998
            ],
            [
              93.39400594857901,
              23.38191444581998
            ],
            [
              93.39371472903396,
              23.38195764415879
            ],
            [
              93.39342914596824,
              23.382029178992802
            ],
            [
              93.39315194970291,
              23.382128361402465
            ],
            [
              93.39288580978952,
              23.382254236206954
            ],
            [
              93.39263328930095,
              23.382405591163092
            ],
            [
              93.39239682014751,
              23.38258096863991
            ],
            [
              93.39217867965644,
              23.38277867965644
            ],
            [
              93.39198096863991,
              23.382996820147508
            ],
            [
              93.39180559116309,
              23.38323328930094
            ],
            [
              93.39165423620696,
              23.38348580978952
            ],
            [
              93.39152836140246,
              23.3837519497029
            ],
            [
              93.39142917899281,
              23.384029145968235
            ],
            [
              93.39135764415879,
              23.38431472903395
            ],
            [
              93.39131444581999,
              23.384605948579008
            ],
            [
              93.3913,
              23.3849
            ],
            [
              93.39131444581999,
              23.38519405142099
            ],
            [
              93.39135764415879,
              23.385485270966047
            ],
            [
              93.39142917899281,
              23.38577085403176
            ],
            [
              93.39152836140246,
              23.386048050297095
            ],
            [
              93.39165423620696,
              23.386314190210477
            ],
            [
              93.39180559116309,
              23.386566710699057
            ],
            [
              93.39198096863991,
              23.38680317985249
            ],
            [
              93.39217867965644,
              23.387021320343557
            ],
            [
              93.39239682014751,
              23.387219031360086
            ],
            [
              93.39263328930095,
              23.387394408836904
            ],
            [
              93.39288580978952,
              23.387545763793042
            ],
            [
              93.39315194970291,
              23.38767163859753
            ],
            [
              93.39342914596824,
              23.387770821007194
            ],
            [
              93.39371472903396,
              23.387842355841208
            ],
            [
              93.39400594857901,
              23.387885554180016
            ],
            [
              93.3943,
              23.3879
            ],
            [
              93.394594051421,
              23.387885554180016
            ],
            [
              93.39488527096604,
              23.387842355841208
            ],
            [
              93.39517085403176,
              23.387770821007194
            ],
            [
              93.39544805029709,
              23.38767163859753
            ],
            [
              93.39571419021048,
              23.387545763793042
            ],
            [
              93.39596671069906,
              23.387394408836904
            ],
            [
              93.39620317985249,
              23.387219031360086
            ],
            [
              93.39642132034356,
              23.387021320343557
            ],
            [
              93.39661903136009,
              23.38680317985249
            ],
            [
              93.39679440883691,
              23.386566710699057
            ],
            [
              93.39694576379304,
              23.386314190210477
            ],
            [
              93.39707163859754,
              23.386048050297095
            ],
            [
              93.3971708210072,
              23.38577085403176
            ],
            [
              93.39724235584121,
              23.385485270966047
            ],
            [
              93.39728555418002,
              23.38519405142099
            ],
            [
              93.3973,
              23.3849
            ]
          ]
        ]
      }
    },
    {
      "type": "Feature",
      "properties": {
        "landslide_id": "UNKNOWN_ID",
        "zone_name": "Landslide Zone (Champhai)",
        "state": "Mizoram",
        "district": "Champhai",
        "hazard_type": "LANDSLIDE",
        "risk_level": "HIGH",
        "historical_event_count": 1
      },
      "geometry": {
        "type": "Polygon",
        "coordinates": [
          [
            [
              93.3963,
              23.3838
            ],
            [
              93.39628555418001,
              23.38350594857901
            ],
            [
              93.39624235584121,
              23.383214729033952
            ],
            [
              93.39617082100719,
              23.382929145968237
            ],
            [
              93.39607163859753,
              23.382651949702904
            ],
            [
              93.39594576379304,
              23.382385809789522
            ],
            [
              93.3957944088369,
              23.382133289300942
            ],
            [
              93.39561903136008,
              23.38189682014751
            ],
            [
              93.39542132034356,
              23.381678679656442
            ],
            [
              93.39520317985249,
              23.381480968639913
            ],
            [
              93.39496671069905,
              23.381305591163095
            ],
            [
              93.39471419021048,
              23.381154236206957
            ],
            [
              93.39444805029709,
              23.381028361402468
            ],
            [
              93.39417085403176,
              23.380929178992805
            ],
            [
              93.39388527096604,
              23.38085764415879
            ],
            [
              93.39359405142099,
              23.380814445819983
            ],
            [
              93.3933,
              23.3808
            ],
            [
              93.393005948579,
              23.380814445819983
            ],
            [
              93.39271472903395,
              23.38085764415879
            ],
            [
              93.39242914596824,
              23.380929178992805
            ],
            [
              93.3921519497029,
              23.381028361402468
            ],
            [
              93.39188580978951,
              23.381154236206957
            ],
            [
              93.39163328930094,
              23.381305591163095
            ],
            [
              93.3913968201475,
              23.381480968639913
            ],
            [
              93.39117867965643,
              23.381678679656442
            ],
            [
              93.39098096863991,
              23.38189682014751
            ],
            [
              93.39080559116309,
              23.382133289300942
            ],
            [
              93.39065423620696,
              23.382385809789522
            ],
            [
              93.39052836140246,
              23.382651949702904
            ],
            [
              93.3904291789928,
              23.382929145968237
            ],
            [
              93.39035764415878,
              23.383214729033952
            ],
            [
              93.39031444581998,
              23.38350594857901
            ],
            [
              93.3903,
              23.3838
            ],
            [
              93.39031444581998,
              23.38409405142099
            ],
            [
              93.39035764415878,
              23.38438527096605
            ],
            [
              93.3904291789928,
              23.384670854031764
            ],
            [
              93.39052836140246,
              23.384948050297098
            ],
            [
              93.39065423620696,
              23.38521419021048
            ],
            [
              93.39080559116309,
              23.38546671069906
            ],
            [
              93.39098096863991,
              23.38570317985249
            ],
            [
              93.39117867965643,
              23.38592132034356
            ],
            [
              93.3913968201475,
              23.38611903136009
            ],
            [
              93.39163328930094,
              23.386294408836907
            ],
            [
              93.39188580978951,
              23.386445763793045
            ],
            [
              93.3921519497029,
              23.386571638597534
            ],
            [
              93.39242914596824,
              23.386670821007197
            ],
            [
              93.39271472903395,
              23.38674235584121
            ],
            [
              93.393005948579,
              23.38678555418002
            ],
            [
              93.3933,
              23.3868
            ],
            [
              93.39359405142099,
              23.38678555418002
            ],
            [
              93.39388527096604,
              23.38674235584121
            ],
            [
              93.39417085403176,
              23.386670821007197
            ],
            [
              93.39444805029709,
              23.386571638597534
            ],
            [
              93.39471419021048,
              23.386445763793045
            ],
            [
              93.39496671069905,
              23.386294408836907
            ],
            [
              93.39520317985249,
              23.38611903136009
            ],
            [
              93.39542132034356,
              23.38592132034356
            ],
            [
              93.39561903136008,
              23.38570317985249
            ],
            [
              93.3957944088369,
              23.38546671069906
            ],
            [
              93.39594576379304,
              23.38521419021048
            ],
            [
              93.39607163859753,
              23.384948050297098
            ],
            [
              93.39617082100719,
              23.384670854031764
            ],
            [
              93.39624235584121,
              23.38438527096605
            ],
            [
              93.39628555418001,
              23.38409405142099
            ],
            [
              93.3963,
              23.3838
            ]
          ]
        ]
      }
    },
    {
      "type": "Feature",
      "properties": {
        "landslide_id": "UNKNOWN_ID",
        "zone_name": "Landslide Zone (Champhai)",
        "state": "Mizoram",
        "district": "Champhai",
        "hazard_type": "LANDSLIDE",
        "risk_level": "HIGH",
        "historical_event_count": 1
      },
      "geometry": {
        "type": "Polygon",
        "coordinates": [
          [
            [
              93.3956,
              23.3833
            ],
            [
              93.39558555418002,
              23.383005948579008
            ],
            [
              93.39554235584121,
              23.38271472903395
            ],
            [
              93.3954708210072,
              23.382429145968235
            ],
            [
              93.39537163859754,
              23.3821519497029
            ],
            [
              93.39524576379304,
              23.38188580978952
            ],
            [
              93.39509440883691,
              23.38163328930094
            ],
            [
              93.39491903136009,
              23.381396820147508
            ],
            [
              93.39472132034356,
              23.38117867965644
            ],
            [
              93.39450317985249,
              23.38098096863991
            ],
            [
              93.39426671069906,
              23.380805591163092
            ],
            [
              93.39401419021048,
              23.380654236206954
            ],
            [
              93.39374805029709,
              23.380528361402465
            ],
            [
              93.39347085403176,
              23.380429178992802
            ],
            [
              93.39318527096604,
              23.38035764415879
            ],
            [
              93.392894051421,
              23.38031444581998
            ],
            [
              93.3926,
              23.3803
            ],
            [
              93.39230594857901,
              23.38031444581998
            ],
            [
              93.39201472903396,
              23.38035764415879
            ],
            [
              93.39172914596824,
              23.380429178992802
            ],
            [
              93.39145194970291,
              23.380528361402465
            ],
            [
              93.39118580978952,
              23.380654236206954
            ],
            [
              93.39093328930095,
              23.380805591163092
            ],
            [
              93.39069682014751,
              23.38098096863991
            ],
            [
              93.39047867965644,
              23.38117867965644
            ],
            [
              93.39028096863991,
              23.381396820147508
            ],
            [
              93.39010559116309,
              23.38163328930094
            ],
            [
              93.38995423620696,
              23.38188580978952
            ],
            [
              93.38982836140246,
              23.3821519497029
            ],
            [
              93.38972917899281,
              23.382429145968235
            ],
            [
              93.38965764415879,
              23.38271472903395
            ],
            [
              93.38961444581999,
              23.383005948579008
            ],
            [
              93.3896,
              23.3833
            ],
            [
              93.38961444581999,
              23.38359405142099
            ],
            [
              93.38965764415879,
              23.383885270966047
            ],
            [
              93.38972917899281,
              23.384170854031762
            ],
            [
              93.38982836140246,
              23.384448050297095
            ],
            [
              93.38995423620696,
              23.384714190210477
            ],
            [
              93.39010559116309,
              23.384966710699057
            ],
            [
              93.39028096863991,
              23.38520317985249
            ],
            [
              93.39047867965644,
              23.385421320343557
            ],
            [
              93.39069682014751,
              23.385619031360086
            ],
            [
              93.39093328930095,
              23.385794408836905
            ],
            [
              93.39118580978952,
              23.385945763793043
            ],
            [
              93.39145194970291,
              23.38607163859753
            ],
            [
              93.39172914596824,
              23.386170821007195
            ],
            [
              93.39201472903396,
              23.38624235584121
            ],
            [
              93.39230594857901,
              23.386285554180017
            ],
            [
              93.3926,
              23.3863
            ],
            [
              93.392894051421,
              23.386285554180017
            ],
            [
              93.39318527096604,
              23.38624235584121
            ],
            [
              93.39347085403176,
              23.386170821007195
            ],
            [
              93.39374805029709,
              23.38607163859753
            ],
            [
              93.39401419021048,
              23.385945763793043
            ],
            [
              93.39426671069906,
              23.385794408836905
            ],
            [
              93.39450317985249,
              23.385619031360086
            ],
            [
              93.39472132034356,
              23.385421320343557
            ],
            [
              93.39491903136009,
              23.38520317985249
            ],
            [
              93.39509440883691,
              23.384966710699057
            ],
            [
              93.39524576379304,
              23.384714190210477
            ],
            [
              93.39537163859754,
              23.384448050297095
            ],
            [
              93.3954708210072,
              23.384170854031762
            ],
            [
              93.39554235584121,
              23.383885270966047
            ],
            [
              93.39558555418002,
              23.38359405142099
            ],
            [
              93.3956,
              23.3833
            ]
          ]
        ]
      }
    },
    {
      "type": "Feature",
      "properties": {
        "landslide_id": "UNKNOWN_ID",
        "zone_name": "Landslide Zone (Champhai)",
        "state": "Mizoram",
        "district": "Champhai",
        "hazard_type": "LANDSLIDE",
        "risk_level": "HIGH",
        "historical_event_count": 1
      },
      "geometry": {
        "type": "Polygon",
        "coordinates": [
          [
            [
              93.3949,
              23.3832
            ],
            [
              93.39488555418002,
              23.38290594857901
            ],
            [
              93.39484235584122,
              23.38261472903395
            ],
            [
              93.3947708210072,
              23.382329145968235
            ],
            [
              93.39467163859754,
              23.382051949702902
            ],
            [
              93.39454576379305,
              23.38178580978952
            ],
            [
              93.39439440883692,
              23.38153328930094
            ],
            [
              93.3942190313601,
              23.381296820147508
            ],
            [
              93.39402132034357,
              23.38107867965644
            ],
            [
              93.3938031798525,
              23.38088096863991
            ],
            [
              93.39356671069906,
              23.380705591163093
            ],
            [
              93.39331419021049,
              23.380554236206954
            ],
            [
              93.3930480502971,
              23.380428361402465
            ],
            [
              93.39277085403177,
              23.380329178992802
            ],
            [
              93.39248527096605,
              23.38025764415879
            ],
            [
              93.392194051421,
              23.38021444581998
            ],
            [
              93.3919,
              23.3802
            ],
            [
              93.39160594857901,
              23.38021444581998
            ],
            [
              93.39131472903397,
              23.38025764415879
            ],
            [
              93.39102914596825,
              23.380329178992802
            ],
            [
              93.39075194970292,
              23.380428361402465
            ],
            [
              93.39048580978952,
              23.380554236206954
            ],
            [
              93.39023328930095,
              23.380705591163093
            ],
            [
              93.38999682014752,
              23.38088096863991
            ],
            [
              93.38977867965644,
              23.38107867965644
            ],
            [
              93.38958096863992,
              23.381296820147508
            ],
            [
              93.3894055911631,
              23.38153328930094
            ],
            [
              93.38925423620697,
              23.38178580978952
            ],
            [
              93.38912836140247,
              23.382051949702902
            ],
            [
              93.38902917899281,
              23.382329145968235
            ],
            [
              93.3889576441588,
              23.38261472903395
            ],
            [
              93.38891444581999,
              23.38290594857901
            ],
            [
              93.3889,
              23.3832
            ],
            [
              93.38891444581999,
              23.38349405142099
            ],
            [
              93.3889576441588,
              23.383785270966047
            ],
            [
              93.38902917899281,
              23.384070854031762
            ],
            [
              93.38912836140247,
              23.384348050297096
            ],
            [
              93.38925423620697,
              23.384614190210478
            ],
            [
              93.3894055911631,
              23.384866710699058
            ],
            [
              93.38958096863992,
              23.38510317985249
            ],
            [
              93.38977867965644,
              23.385321320343557
            ],
            [
              93.38999682014752,
              23.385519031360086
            ],
            [
              93.39023328930095,
              23.385694408836905
            ],
            [
              93.39048580978952,
              23.385845763793043
            ],
            [
              93.39075194970292,
              23.385971638597532
            ],
            [
              93.39102914596825,
              23.386070821007195
            ],
            [
              93.39131472903397,
              23.38614235584121
            ],
            [
              93.39160594857901,
              23.386185554180017
            ],
            [
              93.3919,
              23.3862
            ],
            [
              93.392194051421,
              23.386185554180017
            ],
            [
              93.39248527096605,
              23.38614235584121
            ],
            [
              93.39277085403177,
              23.386070821007195
            ],
            [
              93.3930480502971,
              23.385971638597532
            ],
            [
              93.39331419021049,
              23.385845763793043
            ],
            [
              93.39356671069906,
              23.385694408836905
            ],
            [
              93.3938031798525,
              23.385519031360086
            ],
            [
              93.39402132034357,
              23.385321320343557
            ],
            [
              93.3942190313601,
              23.38510317985249
            ],
            [
              93.39439440883692,
              23.384866710699058
            ],
            [
              93.39454576379305,
              23.384614190210478
            ],
            [
              93.39467163859754,
              23.384348050297096
            ],
            [
              93.3947708210072,
              23.384070854031762
            ],
            [
              93.39484235584122,
              23.383785270966047
            ],
            [
              93.39488555418002,
              23.38349405142099
            ],
            [
              93.3949,
              23.3832
            ]
          ]
        ]
      }
    },
    {
      "type": "Feature",
      "properties": {
        "landslide_id": "UNKNOWN_ID",
        "zone_name": "Landslide Zone (Champhai)",
        "state": "Mizoram",
        "district": "Champhai",
        "hazard_type": "LANDSLIDE",
        "risk_level": "HIGH",
        "historical_event_count": 1
      },
      "geometry": {
        "type": "Polygon",
        "coordinates": [
          [
            [
              93.3943,
              23.3833
            ],
            [
              93.39428555418002,
              23.383005948579008
            ],
            [
              93.39424235584121,
              23.38271472903395
            ],
            [
              93.3941708210072,
              23.382429145968235
            ],
            [
              93.39407163859754,
              23.3821519497029
            ],
            [
              93.39394576379304,
              23.38188580978952
            ],
            [
              93.39379440883691,
              23.38163328930094
            ],
            [
              93.39361903136009,
              23.381396820147508
            ],
            [
              93.39342132034356,
              23.38117867965644
            ],
            [
              93.39320317985249,
              23.38098096863991
            ],
            [
              93.39296671069906,
              23.380805591163092
            ],
            [
              93.39271419021048,
              23.380654236206954
            ],
            [
              93.39244805029709,
              23.380528361402465
            ],
            [
              93.39217085403176,
              23.380429178992802
            ],
            [
              93.39188527096604,
              23.38035764415879
            ],
            [
              93.391594051421,
              23.38031444581998
            ],
            [
              93.3913,
              23.3803
            ],
            [
              93.39100594857901,
              23.38031444581998
            ],
            [
              93.39071472903396,
              23.38035764415879
            ],
            [
              93.39042914596824,
              23.380429178992802
            ],
            [
              93.39015194970291,
              23.380528361402465
            ],
            [
              93.38988580978952,
              23.380654236206954
            ],
            [
              93.38963328930095,
              23.380805591163092
            ],
            [
              93.38939682014751,
              23.38098096863991
            ],
            [
              93.38917867965644,
              23.38117867965644
            ],
            [
              93.38898096863991,
              23.381396820147508
            ],
            [
              93.38880559116309,
              23.38163328930094
            ],
            [
              93.38865423620696,
              23.38188580978952
            ],
            [
              93.38852836140246,
              23.3821519497029
            ],
            [
              93.38842917899281,
              23.382429145968235
            ],
            [
              93.38835764415879,
              23.38271472903395
            ],
            [
              93.38831444581999,
              23.383005948579008
            ],
            [
              93.3883,
              23.3833
            ],
            [
              93.38831444581999,
              23.38359405142099
            ],
            [
              93.38835764415879,
              23.383885270966047
            ],
            [
              93.38842917899281,
              23.384170854031762
            ],
            [
              93.38852836140246,
              23.384448050297095
            ],
            [
              93.38865423620696,
              23.384714190210477
            ],
            [
              93.38880559116309,
              23.384966710699057
            ],
            [
              93.38898096863991,
              23.38520317985249
            ],
            [
              93.38917867965644,
              23.385421320343557
            ],
            [
              93.38939682014751,
              23.385619031360086
            ],
            [
              93.38963328930095,
              23.385794408836905
            ],
            [
              93.38988580978952,
              23.385945763793043
            ],
            [
              93.39015194970291,
              23.38607163859753
            ],
            [
              93.39042914596824,
              23.386170821007195
            ],
            [
              93.39071472903396,
              23.38624235584121
            ],
            [
              93.39100594857901,
              23.386285554180017
            ],
            [
              93.3913,
              23.3863
            ],
            [
              93.391594051421,
              23.386285554180017
            ],
            [
              93.39188527096604,
              23.38624235584121
            ],
            [
              93.39217085403176,
              23.386170821007195
            ],
            [
              93.39244805029709,
              23.38607163859753
            ],
            [
              93.39271419021048,
              23.385945763793043
            ],
            [
              93.39296671069906,
              23.385794408836905
            ],
            [
              93.39320317985249,
              23.385619031360086
            ],
            [
              93.39342132034356,
              23.385421320343557
            ],
            [
              93.39361903136009,
              23.38520317985249
            ],
            [
              93.39379440883691,
              23.384966710699057
            ],
            [
              93.39394576379304,
              23.384714190210477
            ],
            [
              93.39407163859754,
              23.384448050297095
            ],
            [
              93.3941708210072,
              23.384170854031762
            ],
            [
              93.39424235584121,
              23.383885270966047
            ],
            [
              93.39428555418002,
              23.38359405142099
            ],
            [
              93.3943,
              23.3833
            ]
          ]
        ]
      }
    },
    {
      "type": "Feature",
      "properties": {
        "landslide_id": "UNKNOWN_ID",
        "zone_name": "Landslide Zone (Champhai)",
        "state": "Mizoram",
        "district": "Champhai",
        "hazard_type": "LANDSLIDE",
        "risk_level": "HIGH",
        "historical_event_count": 1
      },
      "geometry": {
        "type": "Polygon",
        "coordinates": [
          [
            [
              93.3936,
              23.3835
            ],
            [
              93.39358555418002,
              23.38320594857901
            ],
            [
              93.39354235584122,
              23.382914729033953
            ],
            [
              93.3934708210072,
              23.382629145968238
            ],
            [
              93.39337163859754,
              23.382351949702905
            ],
            [
              93.39324576379305,
              23.382085809789523
            ],
            [
              93.39309440883692,
              23.381833289300943
            ],
            [
              93.3929190313601,
              23.38159682014751
            ],
            [
              93.39272132034357,
              23.381378679656443
            ],
            [
              93.3925031798525,
              23.381180968639914
            ],
            [
              93.39226671069906,
              23.381005591163095
            ],
            [
              93.39201419021049,
              23.380854236206957
            ],
            [
              93.3917480502971,
              23.38072836140247
            ],
            [
              93.39147085403177,
              23.380629178992805
            ],
            [
              93.39118527096605,
              23.38055764415879
            ],
            [
              93.390894051421,
              23.380514445819983
            ],
            [
              93.3906,
              23.3805
            ],
            [
              93.39030594857901,
              23.380514445819983
            ],
            [
              93.39001472903396,
              23.38055764415879
            ],
            [
              93.38972914596825,
              23.380629178992805
            ],
            [
              93.38945194970292,
              23.38072836140247
            ],
            [
              93.38918580978952,
              23.380854236206957
            ],
            [
              93.38893328930095,
              23.381005591163095
            ],
            [
              93.38869682014752,
              23.381180968639914
            ],
            [
              93.38847867965644,
              23.381378679656443
            ],
            [
              93.38828096863992,
              23.38159682014751
            ],
            [
              93.3881055911631,
              23.381833289300943
            ],
            [
              93.38795423620697,
              23.382085809789523
            ],
            [
              93.38782836140247,
              23.382351949702905
            ],
            [
              93.38772917899281,
              23.382629145968238
            ],
            [
              93.38765764415879,
              23.382914729033953
            ],
            [
              93.38761444581999,
              23.38320594857901
            ],
            [
              93.3876,
              23.3835
            ],
            [
              93.38761444581999,
              23.383794051420992
            ],
            [
              93.38765764415879,
              23.38408527096605
            ],
            [
              93.38772917899281,
              23.384370854031765
            ],
            [
              93.38782836140247,
              23.3846480502971
            ],
            [
              93.38795423620697,
              23.38491419021048
            ],
            [
              93.3881055911631,
              23.38516671069906
            ],
            [
              93.38828096863992,
              23.385403179852492
            ],
            [
              93.38847867965644,
              23.38562132034356
            ],
            [
              93.38869682014752,
              23.38581903136009
            ],
            [
              93.38893328930095,
              23.385994408836908
            ],
            [
              93.38918580978952,
              23.386145763793046
            ],
            [
              93.38945194970292,
              23.386271638597535
            ],
            [
              93.38972914596825,
              23.386370821007198
            ],
            [
              93.39001472903396,
              23.38644235584121
            ],
            [
              93.39030594857901,
              23.38648555418002
            ],
            [
              93.3906,
              23.3865
            ],
            [
              93.390894051421,
              23.38648555418002
            ],
            [
              93.39118527096605,
              23.38644235584121
            ],
            [
              93.39147085403177,
              23.386370821007198
            ],
            [
              93.3917480502971,
              23.386271638597535
            ],
            [
              93.39201419021049,
              23.386145763793046
            ],
            [
              93.39226671069906,
              23.385994408836908
            ],
            [
              93.3925031798525,
              23.38581903136009
            ],
            [
              93.39272132034357,
              23.38562132034356
            ],
            [
              93.3929190313601,
              23.385403179852492
            ],
            [
              93.39309440883692,
              23.38516671069906
            ],
            [
              93.39324576379305,
              23.38491419021048
            ],
            [
              93.39337163859754,
              23.3846480502971
            ],
            [
              93.3934708210072,
              23.384370854031765
            ],
            [
              93.39354235584122,
              23.38408527096605
            ],
            [
              93.39358555418002,
              23.383794051420992
            ],
            [
              93.3936,
              23.3835
            ]
          ]
        ]
      }
    },
    {
      "type": "Feature",
      "properties": {
        "landslide_id": "UNKNOWN_ID",
        "zone_name": "Landslide Zone (Champhai)",
        "state": "Mizoram",
        "district": "Champhai",
        "hazard_type": "LANDSLIDE",
        "risk_level": "HIGH",
        "historical_event_count": 1
      },
      "geometry": {
        "type": "Polygon",
        "coordinates": [
          [
            [
              93.3935,
              23.3831
            ],
            [
              93.39348555418002,
              23.38280594857901
            ],
            [
              93.39344235584122,
              23.38251472903395
            ],
            [
              93.3933708210072,
              23.382229145968235
            ],
            [
              93.39327163859754,
              23.381951949702902
            ],
            [
              93.39314576379304,
              23.38168580978952
            ],
            [
              93.39299440883691,
              23.38143328930094
            ],
            [
              93.39281903136009,
              23.381196820147508
            ],
            [
              93.39262132034357,
              23.38097867965644
            ],
            [
              93.3924031798525,
              23.38078096863991
            ],
            [
              93.39216671069906,
              23.380605591163093
            ],
            [
              93.39191419021049,
              23.380454236206955
            ],
            [
              93.39164805029709,
              23.380328361402466
            ],
            [
              93.39137085403176,
              23.380229178992803
            ],
            [
              93.39108527096604,
              23.38015764415879
            ],
            [
              93.390794051421,
              23.38011444581998
            ],
            [
              93.3905,
              23.3801
            ],
            [
              93.39020594857901,
              23.38011444581998
            ],
            [
              93.38991472903396,
              23.38015764415879
            ],
            [
              93.38962914596824,
              23.380229178992803
            ],
            [
              93.38935194970291,
              23.380328361402466
            ],
            [
              93.38908580978952,
              23.380454236206955
            ],
            [
              93.38883328930095,
              23.380605591163093
            ],
            [
              93.38859682014751,
              23.38078096863991
            ],
            [
              93.38837867965644,
              23.38097867965644
            ],
            [
              93.38818096863992,
              23.381196820147508
            ],
            [
              93.3880055911631,
              23.38143328930094
            ],
            [
              93.38785423620696,
              23.38168580978952
            ],
            [
              93.38772836140247,
              23.381951949702902
            ],
            [
              93.38762917899281,
              23.382229145968235
            ],
            [
              93.38755764415879,
              23.38251472903395
            ],
            [
              93.38751444581999,
              23.38280594857901
            ],
            [
              93.3875,
              23.3831
            ],
            [
              93.38751444581999,
              23.38339405142099
            ],
            [
              93.38755764415879,
              23.383685270966048
            ],
            [
              93.38762917899281,
              23.383970854031762
            ],
            [
              93.38772836140247,
              23.384248050297096
            ],
            [
              93.38785423620696,
              23.384514190210478
            ],
            [
              93.3880055911631,
              23.384766710699058
            ],
            [
              93.38818096863992,
              23.38500317985249
            ],
            [
              93.38837867965644,
              23.385221320343557
            ],
            [
              93.38859682014751,
              23.385419031360087
            ],
            [
              93.38883328930095,
              23.385594408836905
            ],
            [
              93.38908580978952,
              23.385745763793043
            ],
            [
              93.38935194970291,
              23.385871638597532
            ],
            [
              93.38962914596824,
              23.385970821007195
            ],
            [
              93.38991472903396,
              23.38604235584121
            ],
            [
              93.39020594857901,
              23.386085554180017
            ],
            [
              93.3905,
              23.3861
            ],
            [
              93.390794051421,
              23.386085554180017
            ],
            [
              93.39108527096604,
              23.38604235584121
            ],
            [
              93.39137085403176,
              23.385970821007195
            ],
            [
              93.39164805029709,
              23.385871638597532
            ],
            [
              93.39191419021049,
              23.385745763793043
            ],
            [
              93.39216671069906,
              23.385594408836905
            ],
            [
              93.3924031798525,
              23.385419031360087
            ],
            [
              93.39262132034357,
              23.385221320343557
            ],
            [
              93.39281903136009,
              23.38500317985249
            ],
            [
              93.39299440883691,
              23.384766710699058
            ],
            [
              93.39314576379304,
              23.384514190210478
            ],
            [
              93.39327163859754,
              23.384248050297096
            ],
            [
              93.3933708210072,
              23.383970854031762
            ],
            [
              93.39344235584122,
              23.383685270966048
            ],
            [
              93.39348555418002,
              23.38339405142099
            ],
            [
              93.3935,
              23.3831
            ]
          ]
        ]
      }
    },
    {
      "type": "Feature",
      "properties": {
        "landslide_id": "UNKNOWN_ID",
        "zone_name": "Landslide Zone (Champhai)",
        "state": "Mizoram",
        "district": "Champhai",
        "hazard_type": "LANDSLIDE",
        "risk_level": "HIGH",
        "historical_event_count": 1
      },
      "geometry": {
        "type": "Polygon",
        "coordinates": [
          [
            [
              93.3934,
              23.3829
            ],
            [
              93.39338555418001,
              23.38260594857901
            ],
            [
              93.39334235584121,
              23.38231472903395
            ],
            [
              93.39327082100719,
              23.382029145968236
            ],
            [
              93.39317163859754,
              23.381751949702902
            ],
            [
              93.39304576379304,
              23.38148580978952
            ],
            [
              93.39289440883691,
              23.38123328930094
            ],
            [
              93.39271903136009,
              23.38099682014751
            ],
            [
              93.39252132034356,
              23.38077867965644
            ],
            [
              93.39230317985249,
              23.38058096863991
            ],
            [
              93.39206671069905,
              23.380405591163093
            ],
            [
              93.39181419021048,
              23.380254236206955
            ],
            [
              93.39154805029709,
              23.380128361402466
            ],
            [
              93.39127085403176,
              23.380029178992803
            ],
            [
              93.39098527096604,
              23.37995764415879
            ],
            [
              93.390694051421,
              23.37991444581998
            ],
            [
              93.3904,
              23.3799
            ],
            [
              93.390105948579,
              23.37991444581998
            ],
            [
              93.38981472903396,
              23.37995764415879
            ],
            [
              93.38952914596824,
              23.380029178992803
            ],
            [
              93.38925194970291,
              23.380128361402466
            ],
            [
              93.38898580978952,
              23.380254236206955
            ],
            [
              93.38873328930094,
              23.380405591163093
            ],
            [
              93.38849682014751,
              23.38058096863991
            ],
            [
              93.38827867965644,
              23.38077867965644
            ],
            [
              93.38808096863991,
              23.38099682014751
            ],
            [
              93.38790559116309,
              23.38123328930094
            ],
            [
              93.38775423620696,
              23.38148580978952
            ],
            [
              93.38762836140246,
              23.381751949702902
            ],
            [
              93.3875291789928,
              23.382029145968236
            ],
            [
              93.38745764415879,
              23.38231472903395
            ],
            [
              93.38741444581999,
              23.38260594857901
            ],
            [
              93.3874,
              23.3829
            ],
            [
              93.38741444581999,
              23.38319405142099
            ],
            [
              93.38745764415879,
              23.383485270966048
            ],
            [
              93.3875291789928,
              23.383770854031763
            ],
            [
              93.38762836140246,
              23.384048050297096
            ],
            [
              93.38775423620696,
              23.38431419021048
            ],
            [
              93.38790559116309,
              23.38456671069906
            ],
            [
              93.38808096863991,
              23.38480317985249
            ],
            [
              93.38827867965644,
              23.385021320343558
            ],
            [
              93.38849682014751,
              23.385219031360087
            ],
            [
              93.38873328930094,
              23.385394408836905
            ],
            [
              93.38898580978952,
              23.385545763793044
            ],
            [
              93.38925194970291,
              23.385671638597533
            ],
            [
              93.38952914596824,
              23.385770821007196
            ],
            [
              93.38981472903396,
              23.38584235584121
            ],
            [
              93.390105948579,
              23.385885554180017
            ],
            [
              93.3904,
              23.3859
            ],
            [
              93.390694051421,
              23.385885554180017
            ],
            [
              93.39098527096604,
              23.38584235584121
            ],
            [
              93.39127085403176,
              23.385770821007196
            ],
            [
              93.39154805029709,
              23.385671638597533
            ],
            [
              93.39181419021048,
              23.385545763793044
            ],
            [
              93.39206671069905,
              23.385394408836905
            ],
            [
              93.39230317985249,
              23.385219031360087
            ],
            [
              93.39252132034356,
              23.385021320343558
            ],
            [
              93.39271903136009,
              23.38480317985249
            ],
            [
              93.39289440883691,
              23.38456671069906
            ],
            [
              93.39304576379304,
              23.38431419021048
            ],
            [
              93.39317163859754,
              23.384048050297096
            ],
            [
              93.39327082100719,
              23.383770854031763
            ],
            [
              93.39334235584121,
              23.383485270966048
            ],
            [
              93.39338555418001,
              23.38319405142099
            ],
            [
              93.3934,
              23.3829
            ]
          ]
        ]
      }
    },
    {
      "type": "Feature",
      "properties": {
        "landslide_id": "UNKNOWN_ID",
        "zone_name": "Landslide Zone (Champhai)",
        "state": "Mizoram",
        "district": "Champhai",
        "hazard_type": "LANDSLIDE",
        "risk_level": "HIGH",
        "historical_event_count": 1
      },
      "geometry": {
        "type": "Polygon",
        "coordinates": [
          [
            [
              93.3934,
              23.3823
            ],
            [
              93.39338555418001,
              23.38200594857901
            ],
            [
              93.39334235584121,
              23.381714729033952
            ],
            [
              93.39327082100719,
              23.381429145968237
            ],
            [
              93.39317163859754,
              23.381151949702904
            ],
            [
              93.39304576379304,
              23.380885809789522
            ],
            [
              93.39289440883691,
              23.380633289300942
            ],
            [
              93.39271903136009,
              23.38039682014751
            ],
            [
              93.39252132034356,
              23.380178679656442
            ],
            [
              93.39230317985249,
              23.379980968639913
            ],
            [
              93.39206671069905,
              23.379805591163095
            ],
            [
              93.39181419021048,
              23.379654236206957
            ],
            [
              93.39154805029709,
              23.379528361402468
            ],
            [
              93.39127085403176,
              23.379429178992805
            ],
            [
              93.39098527096604,
              23.37935764415879
            ],
            [
              93.390694051421,
              23.379314445819983
            ],
            [
              93.3904,
              23.3793
            ],
            [
              93.390105948579,
              23.379314445819983
            ],
            [
              93.38981472903396,
              23.37935764415879
            ],
            [
              93.38952914596824,
              23.379429178992805
            ],
            [
              93.38925194970291,
              23.379528361402468
            ],
            [
              93.38898580978952,
              23.379654236206957
            ],
            [
              93.38873328930094,
              23.379805591163095
            ],
            [
              93.38849682014751,
              23.379980968639913
            ],
            [
              93.38827867965644,
              23.380178679656442
            ],
            [
              93.38808096863991,
              23.38039682014751
            ],
            [
              93.38790559116309,
              23.380633289300942
            ],
            [
              93.38775423620696,
              23.380885809789522
            ],
            [
              93.38762836140246,
              23.381151949702904
            ],
            [
              93.3875291789928,
              23.381429145968237
            ],
            [
              93.38745764415879,
              23.381714729033952
            ],
            [
              93.38741444581999,
              23.38200594857901
            ],
            [
              93.3874,
              23.3823
            ],
            [
              93.38741444581999,
              23.38259405142099
            ],
            [
              93.38745764415879,
              23.38288527096605
            ],
            [
              93.3875291789928,
              23.383170854031764
            ],
            [
              93.38762836140246,
              23.383448050297098
            ],
            [
              93.38775423620696,
              23.38371419021048
            ],
            [
              93.38790559116309,
              23.38396671069906
            ],
            [
              93.38808096863991,
              23.38420317985249
            ],
            [
              93.38827867965644,
              23.38442132034356
            ],
            [
              93.38849682014751,
              23.38461903136009
            ],
            [
              93.38873328930094,
              23.384794408836907
            ],
            [
              93.38898580978952,
              23.384945763793045
            ],
            [
              93.38925194970291,
              23.385071638597534
            ],
            [
              93.38952914596824,
              23.385170821007197
            ],
            [
              93.38981472903396,
              23.38524235584121
            ],
            [
              93.390105948579,
              23.38528555418002
            ],
            [
              93.3904,
              23.3853
            ],
            [
              93.390694051421,
              23.38528555418002
            ],
            [
              93.39098527096604,
              23.38524235584121
            ],
            [
              93.39127085403176,
              23.385170821007197
            ],
            [
              93.39154805029709,
              23.385071638597534
            ],
            [
              93.39181419021048,
              23.384945763793045
            ],
            [
              93.39206671069905,
              23.384794408836907
            ],
            [
              93.39230317985249,
              23.38461903136009
            ],
            [
              93.39252132034356,
              23.38442132034356
            ],
            [
              93.39271903136009,
              23.38420317985249
            ],
            [
              93.39289440883691,
              23.38396671069906
            ],
            [
              93.39304576379304,
              23.38371419021048
            ],
            [
              93.39317163859754,
              23.383448050297098
            ],
            [
              93.39327082100719,
              23.383170854031764
            ],
            [
              93.39334235584121,
              23.38288527096605
            ],
            [
              93.39338555418001,
              23.38259405142099
            ],
            [
              93.3934,
              23.3823
            ]
          ]
        ]
      }
    },
    {
      "type": "Feature",
      "properties": {
        "landslide_id": "UNKNOWN_ID",
        "zone_name": "Landslide Zone (Champhai)",
        "state": "Mizoram",
        "district": "Champhai",
        "hazard_type": "LANDSLIDE",
        "risk_level": "HIGH",
        "historical_event_count": 1
      },
      "geometry": {
        "type": "Polygon",
        "coordinates": [
          [
            [
              93.3372,
              23.4193
            ],
            [
              93.33718555418001,
              23.41900594857901
            ],
            [
              93.33714235584121,
              23.41871472903395
            ],
            [
              93.33707082100719,
              23.418429145968236
            ],
            [
              93.33697163859753,
              23.418151949702903
            ],
            [
              93.33684576379304,
              23.41788580978952
            ],
            [
              93.3366944088369,
              23.41763328930094
            ],
            [
              93.33651903136008,
              23.41739682014751
            ],
            [
              93.33632132034356,
              23.41717867965644
            ],
            [
              93.33610317985249,
              23.416980968639912
            ],
            [
              93.33586671069905,
              23.416805591163094
            ],
            [
              93.33561419021048,
              23.416654236206956
            ],
            [
              93.33534805029709,
              23.416528361402467
            ],
            [
              93.33507085403176,
              23.416429178992804
            ],
            [
              93.33478527096604,
              23.41635764415879
            ],
            [
              93.33449405142099,
              23.41631444581998
            ],
            [
              93.3342,
              23.4163
            ],
            [
              93.333905948579,
              23.41631444581998
            ],
            [
              93.33361472903395,
              23.41635764415879
            ],
            [
              93.33332914596824,
              23.416429178992804
            ],
            [
              93.3330519497029,
              23.416528361402467
            ],
            [
              93.33278580978951,
              23.416654236206956
            ],
            [
              93.33253328930094,
              23.416805591163094
            ],
            [
              93.3322968201475,
              23.416980968639912
            ],
            [
              93.33207867965643,
              23.41717867965644
            ],
            [
              93.33188096863991,
              23.41739682014751
            ],
            [
              93.33170559116309,
              23.41763328930094
            ],
            [
              93.33155423620696,
              23.41788580978952
            ],
            [
              93.33142836140246,
              23.418151949702903
            ],
            [
              93.3313291789928,
              23.418429145968236
            ],
            [
              93.33125764415878,
              23.41871472903395
            ],
            [
              93.33121444581998,
              23.41900594857901
            ],
            [
              93.3312,
              23.4193
            ],
            [
              93.33121444581998,
              23.41959405142099
            ],
            [
              93.33125764415878,
              23.41988527096605
            ],
            [
              93.3313291789928,
              23.420170854031763
            ],
            [
              93.33142836140246,
              23.420448050297097
            ],
            [
              93.33155423620696,
              23.42071419021048
            ],
            [
              93.33170559116309,
              23.42096671069906
            ],
            [
              93.33188096863991,
              23.42120317985249
            ],
            [
              93.33207867965643,
              23.42142132034356
            ],
            [
              93.3322968201475,
              23.421619031360088
            ],
            [
              93.33253328930094,
              23.421794408836906
            ],
            [
              93.33278580978951,
              23.421945763793044
            ],
            [
              93.3330519497029,
              23.422071638597533
            ],
            [
              93.33332914596824,
              23.422170821007196
            ],
            [
              93.33361472903395,
              23.42224235584121
            ],
            [
              93.333905948579,
              23.422285554180018
            ],
            [
              93.3342,
              23.4223
            ],
            [
              93.33449405142099,
              23.422285554180018
            ],
            [
              93.33478527096604,
              23.42224235584121
            ],
            [
              93.33507085403176,
              23.422170821007196
            ],
            [
              93.33534805029709,
              23.422071638597533
            ],
            [
              93.33561419021048,
              23.421945763793044
            ],
            [
              93.33586671069905,
              23.421794408836906
            ],
            [
              93.33610317985249,
              23.421619031360088
            ],
            [
              93.33632132034356,
              23.42142132034356
            ],
            [
              93.33651903136008,
              23.42120317985249
            ],
            [
              93.3366944088369,
              23.42096671069906
            ],
            [
              93.33684576379304,
              23.42071419021048
            ],
            [
              93.33697163859753,
              23.420448050297097
            ],
            [
              93.33707082100719,
              23.420170854031763
            ],
            [
              93.33714235584121,
              23.41988527096605
            ],
            [
              93.33718555418001,
              23.41959405142099
            ],
            [
              93.3372,
              23.4193
            ]
          ]
        ]
      }
    },
    {
      "type": "Feature",
      "properties": {
        "landslide_id": "UNKNOWN_ID",
        "zone_name": "Landslide Zone (Champhai)",
        "state": "Mizoram",
        "district": "Champhai",
        "hazard_type": "LANDSLIDE",
        "risk_level": "HIGH",
        "historical_event_count": 1
      },
      "geometry": {
        "type": "Polygon",
        "coordinates": [
          [
            [
              93.3371,
              23.4241
            ],
            [
              93.33708555418002,
              23.42380594857901
            ],
            [
              93.33704235584122,
              23.42351472903395
            ],
            [
              93.3369708210072,
              23.423229145968236
            ],
            [
              93.33687163859754,
              23.422951949702902
            ],
            [
              93.33674576379305,
              23.42268580978952
            ],
            [
              93.33659440883692,
              23.42243328930094
            ],
            [
              93.3364190313601,
              23.42219682014751
            ],
            [
              93.33622132034357,
              23.42197867965644
            ],
            [
              93.3360031798525,
              23.42178096863991
            ],
            [
              93.33576671069906,
              23.421605591163093
            ],
            [
              93.33551419021049,
              23.421454236206955
            ],
            [
              93.3352480502971,
              23.421328361402466
            ],
            [
              93.33497085403177,
              23.421229178992803
            ],
            [
              93.33468527096605,
              23.42115764415879
            ],
            [
              93.334394051421,
              23.42111444581998
            ],
            [
              93.3341,
              23.4211
            ],
            [
              93.33380594857901,
              23.42111444581998
            ],
            [
              93.33351472903396,
              23.42115764415879
            ],
            [
              93.33322914596825,
              23.421229178992803
            ],
            [
              93.33295194970292,
              23.421328361402466
            ],
            [
              93.33268580978952,
              23.421454236206955
            ],
            [
              93.33243328930095,
              23.421605591163093
            ],
            [
              93.33219682014752,
              23.42178096863991
            ],
            [
              93.33197867965644,
              23.42197867965644
            ],
            [
              93.33178096863992,
              23.42219682014751
            ],
            [
              93.3316055911631,
              23.42243328930094
            ],
            [
              93.33145423620697,
              23.42268580978952
            ],
            [
              93.33132836140247,
              23.422951949702902
            ],
            [
              93.33122917899281,
              23.423229145968236
            ],
            [
              93.3311576441588,
              23.42351472903395
            ],
            [
              93.33111444581999,
              23.42380594857901
            ],
            [
              93.3311,
              23.4241
            ],
            [
              93.33111444581999,
              23.42439405142099
            ],
            [
              93.3311576441588,
              23.424685270966048
            ],
            [
              93.33122917899281,
              23.424970854031763
            ],
            [
              93.33132836140247,
              23.425248050297096
            ],
            [
              93.33145423620697,
              23.425514190210478
            ],
            [
              93.3316055911631,
              23.425766710699058
            ],
            [
              93.33178096863992,
              23.42600317985249
            ],
            [
              93.33197867965644,
              23.426221320343558
            ],
            [
              93.33219682014752,
              23.426419031360087
            ],
            [
              93.33243328930095,
              23.426594408836905
            ],
            [
              93.33268580978952,
              23.426745763793043
            ],
            [
              93.33295194970292,
              23.426871638597532
            ],
            [
              93.33322914596825,
              23.426970821007195
            ],
            [
              93.33351472903396,
              23.42704235584121
            ],
            [
              93.33380594857901,
              23.427085554180017
            ],
            [
              93.3341,
              23.4271
            ],
            [
              93.334394051421,
              23.427085554180017
            ],
            [
              93.33468527096605,
              23.42704235584121
            ],
            [
              93.33497085403177,
              23.426970821007195
            ],
            [
              93.3352480502971,
              23.426871638597532
            ],
            [
              93.33551419021049,
              23.426745763793043
            ],
            [
              93.33576671069906,
              23.426594408836905
            ],
            [
              93.3360031798525,
              23.426419031360087
            ],
            [
              93.33622132034357,
              23.426221320343558
            ],
            [
              93.3364190313601,
              23.42600317985249
            ],
            [
              93.33659440883692,
              23.425766710699058
            ],
            [
              93.33674576379305,
              23.425514190210478
            ],
            [
              93.33687163859754,
              23.425248050297096
            ],
            [
              93.3369708210072,
              23.424970854031763
            ],
            [
              93.33704235584122,
              23.424685270966048
            ],
            [
              93.33708555418002,
              23.42439405142099
            ],
            [
              93.3371,
              23.4241
            ]
          ]
        ]
      }
    },
    {
      "type": "Feature",
      "properties": {
        "landslide_id": "UNKNOWN_ID",
        "zone_name": "Landslide Zone (Champhai)",
        "state": "Mizoram",
        "district": "Champhai",
        "hazard_type": "LANDSLIDE",
        "risk_level": "HIGH",
        "historical_event_count": 1
      },
      "geometry": {
        "type": "Polygon",
        "coordinates": [
          [
            [
              93.3408,
              23.4335
            ],
            [
              93.34078555418002,
              23.43320594857901
            ],
            [
              93.34074235584121,
              23.43291472903395
            ],
            [
              93.3406708210072,
              23.432629145968235
            ],
            [
              93.34057163859754,
              23.432351949702902
            ],
            [
              93.34044576379304,
              23.43208580978952
            ],
            [
              93.34029440883691,
              23.43183328930094
            ],
            [
              93.34011903136009,
              23.431596820147508
            ],
            [
              93.33992132034356,
              23.43137867965644
            ],
            [
              93.33970317985249,
              23.43118096863991
            ],
            [
              93.33946671069906,
              23.431005591163093
            ],
            [
              93.33921419021048,
              23.430854236206955
            ],
            [
              93.33894805029709,
              23.430728361402466
            ],
            [
              93.33867085403176,
              23.430629178992803
            ],
            [
              93.33838527096604,
              23.43055764415879
            ],
            [
              93.338094051421,
              23.43051444581998
            ],
            [
              93.3378,
              23.4305
            ],
            [
              93.33750594857901,
              23.43051444581998
            ],
            [
              93.33721472903396,
              23.43055764415879
            ],
            [
              93.33692914596824,
              23.430629178992803
            ],
            [
              93.33665194970291,
              23.430728361402466
            ],
            [
              93.33638580978952,
              23.430854236206955
            ],
            [
              93.33613328930095,
              23.431005591163093
            ],
            [
              93.33589682014751,
              23.43118096863991
            ],
            [
              93.33567867965644,
              23.43137867965644
            ],
            [
              93.33548096863991,
              23.431596820147508
            ],
            [
              93.33530559116309,
              23.43183328930094
            ],
            [
              93.33515423620696,
              23.43208580978952
            ],
            [
              93.33502836140246,
              23.432351949702902
            ],
            [
              93.33492917899281,
              23.432629145968235
            ],
            [
              93.33485764415879,
              23.43291472903395
            ],
            [
              93.33481444581999,
              23.43320594857901
            ],
            [
              93.3348,
              23.4335
            ],
            [
              93.33481444581999,
              23.43379405142099
            ],
            [
              93.33485764415879,
              23.434085270966047
            ],
            [
              93.33492917899281,
              23.434370854031762
            ],
            [
              93.33502836140246,
              23.434648050297096
            ],
            [
              93.33515423620696,
              23.434914190210478
            ],
            [
              93.33530559116309,
              23.435166710699058
            ],
            [
              93.33548096863991,
              23.43540317985249
            ],
            [
              93.33567867965644,
              23.435621320343557
            ],
            [
              93.33589682014751,
              23.435819031360086
            ],
            [
              93.33613328930095,
              23.435994408836905
            ],
            [
              93.33638580978952,
              23.436145763793043
            ],
            [
              93.33665194970291,
              23.436271638597532
            ],
            [
              93.33692914596824,
              23.436370821007195
            ],
            [
              93.33721472903396,
              23.43644235584121
            ],
            [
              93.33750594857901,
              23.436485554180017
            ],
            [
              93.3378,
              23.4365
            ],
            [
              93.338094051421,
              23.436485554180017
            ],
            [
              93.33838527096604,
              23.43644235584121
            ],
            [
              93.33867085403176,
              23.436370821007195
            ],
            [
              93.33894805029709,
              23.436271638597532
            ],
            [
              93.33921419021048,
              23.436145763793043
            ],
            [
              93.33946671069906,
              23.435994408836905
            ],
            [
              93.33970317985249,
              23.435819031360086
            ],
            [
              93.33992132034356,
              23.435621320343557
            ],
            [
              93.34011903136009,
              23.43540317985249
            ],
            [
              93.34029440883691,
              23.435166710699058
            ],
            [
              93.34044576379304,
              23.434914190210478
            ],
            [
              93.34057163859754,
              23.434648050297096
            ],
            [
              93.3406708210072,
              23.434370854031762
            ],
            [
              93.34074235584121,
              23.434085270966047
            ],
            [
              93.34078555418002,
              23.43379405142099
            ],
            [
              93.3408,
              23.4335
            ]
          ]
        ]
      }
    },
    {
      "type": "Feature",
      "properties": {
        "landslide_id": "UNKNOWN_ID",
        "zone_name": "Landslide Zone (Champhai)",
        "state": "Mizoram",
        "district": "Champhai",
        "hazard_type": "LANDSLIDE",
        "risk_level": "HIGH",
        "historical_event_count": 1
      },
      "geometry": {
        "type": "Polygon",
        "coordinates": [
          [
            [
              93.3404,
              23.4341
            ],
            [
              93.34038555418002,
              23.43380594857901
            ],
            [
              93.34034235584122,
              23.433514729033952
            ],
            [
              93.3402708210072,
              23.433229145968237
            ],
            [
              93.34017163859754,
              23.432951949702904
            ],
            [
              93.34004576379304,
              23.432685809789522
            ],
            [
              93.33989440883691,
              23.432433289300942
            ],
            [
              93.33971903136009,
              23.43219682014751
            ],
            [
              93.33952132034356,
              23.431978679656442
            ],
            [
              93.3393031798525,
              23.431780968639913
            ],
            [
              93.33906671069906,
              23.431605591163095
            ],
            [
              93.33881419021048,
              23.431454236206957
            ],
            [
              93.33854805029709,
              23.431328361402468
            ],
            [
              93.33827085403176,
              23.431229178992805
            ],
            [
              93.33798527096604,
              23.43115764415879
            ],
            [
              93.337694051421,
              23.431114445819983
            ],
            [
              93.3374,
              23.4311
            ],
            [
              93.33710594857901,
              23.431114445819983
            ],
            [
              93.33681472903396,
              23.43115764415879
            ],
            [
              93.33652914596824,
              23.431229178992805
            ],
            [
              93.33625194970291,
              23.431328361402468
            ],
            [
              93.33598580978952,
              23.431454236206957
            ],
            [
              93.33573328930095,
              23.431605591163095
            ],
            [
              93.33549682014751,
              23.431780968639913
            ],
            [
              93.33527867965644,
              23.431978679656442
            ],
            [
              93.33508096863991,
              23.43219682014751
            ],
            [
              93.33490559116309,
              23.432433289300942
            ],
            [
              93.33475423620696,
              23.432685809789522
            ],
            [
              93.33462836140247,
              23.432951949702904
            ],
            [
              93.33452917899281,
              23.433229145968237
            ],
            [
              93.33445764415879,
              23.433514729033952
            ],
            [
              93.33441444581999,
              23.43380594857901
            ],
            [
              93.3344,
              23.4341
            ],
            [
              93.33441444581999,
              23.43439405142099
            ],
            [
              93.33445764415879,
              23.43468527096605
            ],
            [
              93.33452917899281,
              23.434970854031764
            ],
            [
              93.33462836140247,
              23.435248050297098
            ],
            [
              93.33475423620696,
              23.43551419021048
            ],
            [
              93.33490559116309,
              23.43576671069906
            ],
            [
              93.33508096863991,
              23.43600317985249
            ],
            [
              93.33527867965644,
              23.43622132034356
            ],
            [
              93.33549682014751,
              23.43641903136009
            ],
            [
              93.33573328930095,
              23.436594408836907
            ],
            [
              93.33598580978952,
              23.436745763793045
            ],
            [
              93.33625194970291,
              23.436871638597534
            ],
            [
              93.33652914596824,
              23.436970821007197
            ],
            [
              93.33681472903396,
              23.43704235584121
            ],
            [
              93.33710594857901,
              23.43708555418002
            ],
            [
              93.3374,
              23.4371
            ],
            [
              93.337694051421,
              23.43708555418002
            ],
            [
              93.33798527096604,
              23.43704235584121
            ],
            [
              93.33827085403176,
              23.436970821007197
            ],
            [
              93.33854805029709,
              23.436871638597534
            ],
            [
              93.33881419021048,
              23.436745763793045
            ],
            [
              93.33906671069906,
              23.436594408836907
            ],
            [
              93.3393031798525,
              23.43641903136009
            ],
            [
              93.33952132034356,
              23.43622132034356
            ],
            [
              93.33971903136009,
              23.43600317985249
            ],
            [
              93.33989440883691,
              23.43576671069906
            ],
            [
              93.34004576379304,
              23.43551419021048
            ],
            [
              93.34017163859754,
              23.435248050297098
            ],
            [
              93.3402708210072,
              23.434970854031764
            ],
            [
              93.34034235584122,
              23.43468527096605
            ],
            [
              93.34038555418002,
              23.43439405142099
            ],
            [
              93.3404,
              23.4341
            ]
          ]
        ]
      }
    },
    {
      "type": "Feature",
      "properties": {
        "landslide_id": "UNKNOWN_ID",
        "zone_name": "Landslide Zone (Champhai)",
        "state": "Mizoram",
        "district": "Champhai",
        "hazard_type": "LANDSLIDE",
        "risk_level": "HIGH",
        "historical_event_count": 1
      },
      "geometry": {
        "type": "Polygon",
        "coordinates": [
          [
            [
              93.3367,
              23.4289
            ],
            [
              93.33668555418001,
              23.42860594857901
            ],
            [
              93.3366423558412,
              23.42831472903395
            ],
            [
              93.33657082100719,
              23.428029145968235
            ],
            [
              93.33647163859753,
              23.427751949702902
            ],
            [
              93.33634576379303,
              23.42748580978952
            ],
            [
              93.3361944088369,
              23.42723328930094
            ],
            [
              93.33601903136008,
              23.426996820147508
            ],
            [
              93.33582132034356,
              23.42677867965644
            ],
            [
              93.33560317985248,
              23.42658096863991
            ],
            [
              93.33536671069905,
              23.426405591163093
            ],
            [
              93.33511419021048,
              23.426254236206955
            ],
            [
              93.33484805029708,
              23.426128361402466
            ],
            [
              93.33457085403175,
              23.426029178992803
            ],
            [
              93.33428527096603,
              23.42595764415879
            ],
            [
              93.33399405142099,
              23.42591444581998
            ],
            [
              93.3337,
              23.4259
            ],
            [
              93.333405948579,
              23.42591444581998
            ],
            [
              93.33311472903395,
              23.42595764415879
            ],
            [
              93.33282914596823,
              23.426029178992803
            ],
            [
              93.3325519497029,
              23.426128361402466
            ],
            [
              93.33228580978951,
              23.426254236206955
            ],
            [
              93.33203328930094,
              23.426405591163093
            ],
            [
              93.3317968201475,
              23.42658096863991
            ],
            [
              93.33157867965643,
              23.42677867965644
            ],
            [
              93.3313809686399,
              23.426996820147508
            ],
            [
              93.33120559116308,
              23.42723328930094
            ],
            [
              93.33105423620695,
              23.42748580978952
            ],
            [
              93.33092836140246,
              23.427751949702902
            ],
            [
              93.3308291789928,
              23.428029145968235
            ],
            [
              93.33075764415878,
              23.42831472903395
            ],
            [
              93.33071444581998,
              23.42860594857901
            ],
            [
              93.3307,
              23.4289
            ],
            [
              93.33071444581998,
              23.42919405142099
            ],
            [
              93.33075764415878,
              23.429485270966047
            ],
            [
              93.3308291789928,
              23.429770854031762
            ],
            [
              93.33092836140246,
              23.430048050297096
            ],
            [
              93.33105423620695,
              23.430314190210478
            ],
            [
              93.33120559116308,
              23.430566710699058
            ],
            [
              93.3313809686399,
              23.43080317985249
            ],
            [
              93.33157867965643,
              23.431021320343557
            ],
            [
              93.3317968201475,
              23.431219031360087
            ],
            [
              93.33203328930094,
              23.431394408836905
            ],
            [
              93.33228580978951,
              23.431545763793043
            ],
            [
              93.3325519497029,
              23.431671638597532
            ],
            [
              93.33282914596823,
              23.431770821007195
            ],
            [
              93.33311472903395,
              23.43184235584121
            ],
            [
              93.333405948579,
              23.431885554180017
            ],
            [
              93.3337,
              23.4319
            ],
            [
              93.33399405142099,
              23.431885554180017
            ],
            [
              93.33428527096603,
              23.43184235584121
            ],
            [
              93.33457085403175,
              23.431770821007195
            ],
            [
              93.33484805029708,
              23.431671638597532
            ],
            [
              93.33511419021048,
              23.431545763793043
            ],
            [
              93.33536671069905,
              23.431394408836905
            ],
            [
              93.33560317985248,
              23.431219031360087
            ],
            [
              93.33582132034356,
              23.431021320343557
            ],
            [
              93.33601903136008,
              23.43080317985249
            ],
            [
              93.3361944088369,
              23.430566710699058
            ],
            [
              93.33634576379303,
              23.430314190210478
            ],
            [
              93.33647163859753,
              23.430048050297096
            ],
            [
              93.33657082100719,
              23.429770854031762
            ],
            [
              93.3366423558412,
              23.429485270966047
            ],
            [
              93.33668555418001,
              23.42919405142099
            ],
            [
              93.3367,
              23.4289
            ]
          ]
        ]
      }
    },
    {
      "type": "Feature",
      "properties": {
        "landslide_id": "UNKNOWN_ID",
        "zone_name": "Landslide Zone (Champhai)",
        "state": "Mizoram",
        "district": "Champhai",
        "hazard_type": "LANDSLIDE",
        "risk_level": "HIGH",
        "historical_event_count": 1
      },
      "geometry": {
        "type": "Polygon",
        "coordinates": [
          [
            [
              93.3365,
              23.4285
            ],
            [
              93.33648555418002,
              23.42820594857901
            ],
            [
              93.33644235584121,
              23.42791472903395
            ],
            [
              93.3363708210072,
              23.427629145968236
            ],
            [
              93.33627163859754,
              23.427351949702903
            ],
            [
              93.33614576379304,
              23.42708580978952
            ],
            [
              93.33599440883691,
              23.42683328930094
            ],
            [
              93.33581903136009,
              23.42659682014751
            ],
            [
              93.33562132034356,
              23.42637867965644
            ],
            [
              93.33540317985249,
              23.426180968639912
            ],
            [
              93.33516671069906,
              23.426005591163094
            ],
            [
              93.33491419021048,
              23.425854236206956
            ],
            [
              93.33464805029709,
              23.425728361402467
            ],
            [
              93.33437085403176,
              23.425629178992804
            ],
            [
              93.33408527096604,
              23.42555764415879
            ],
            [
              93.333794051421,
              23.42551444581998
            ],
            [
              93.3335,
              23.4255
            ],
            [
              93.333205948579,
              23.42551444581998
            ],
            [
              93.33291472903396,
              23.42555764415879
            ],
            [
              93.33262914596824,
              23.425629178992804
            ],
            [
              93.33235194970291,
              23.425728361402467
            ],
            [
              93.33208580978952,
              23.425854236206956
            ],
            [
              93.33183328930095,
              23.426005591163094
            ],
            [
              93.33159682014751,
              23.426180968639912
            ],
            [
              93.33137867965644,
              23.42637867965644
            ],
            [
              93.33118096863991,
              23.42659682014751
            ],
            [
              93.33100559116309,
              23.42683328930094
            ],
            [
              93.33085423620696,
              23.42708580978952
            ],
            [
              93.33072836140246,
              23.427351949702903
            ],
            [
              93.33062917899281,
              23.427629145968236
            ],
            [
              93.33055764415879,
              23.42791472903395
            ],
            [
              93.33051444581999,
              23.42820594857901
            ],
            [
              93.3305,
              23.4285
            ],
            [
              93.33051444581999,
              23.42879405142099
            ],
            [
              93.33055764415879,
              23.42908527096605
            ],
            [
              93.33062917899281,
              23.429370854031763
            ],
            [
              93.33072836140246,
              23.429648050297097
            ],
            [
              93.33085423620696,
              23.42991419021048
            ],
            [
              93.33100559116309,
              23.43016671069906
            ],
            [
              93.33118096863991,
              23.43040317985249
            ],
            [
              93.33137867965644,
              23.43062132034356
            ],
            [
              93.33159682014751,
              23.430819031360087
            ],
            [
              93.33183328930095,
              23.430994408836906
            ],
            [
              93.33208580978952,
              23.431145763793044
            ],
            [
              93.33235194970291,
              23.431271638597533
            ],
            [
              93.33262914596824,
              23.431370821007196
            ],
            [
              93.33291472903396,
              23.43144235584121
            ],
            [
              93.333205948579,
              23.431485554180018
            ],
            [
              93.3335,
              23.4315
            ],
            [
              93.333794051421,
              23.431485554180018
            ],
            [
              93.33408527096604,
              23.43144235584121
            ],
            [
              93.33437085403176,
              23.431370821007196
            ],
            [
              93.33464805029709,
              23.431271638597533
            ],
            [
              93.33491419021048,
              23.431145763793044
            ],
            [
              93.33516671069906,
              23.430994408836906
            ],
            [
              93.33540317985249,
              23.430819031360087
            ],
            [
              93.33562132034356,
              23.43062132034356
            ],
            [
              93.33581903136009,
              23.43040317985249
            ],
            [
              93.33599440883691,
              23.43016671069906
            ],
            [
              93.33614576379304,
              23.42991419021048
            ],
            [
              93.33627163859754,
              23.429648050297097
            ],
            [
              93.3363708210072,
              23.429370854031763
            ],
            [
              93.33644235584121,
              23.42908527096605
            ],
            [
              93.33648555418002,
              23.42879405142099
            ],
            [
              93.3365,
              23.4285
            ]
          ]
        ]
      }
    },
    {
      "type": "Feature",
      "properties": {
        "landslide_id": "UNKNOWN_ID",
        "zone_name": "Landslide Zone (Champhai)",
        "state": "Mizoram",
        "district": "Champhai",
        "hazard_type": "LANDSLIDE",
        "risk_level": "HIGH",
        "historical_event_count": 1
      },
      "geometry": {
        "type": "Polygon",
        "coordinates": [
          [
            [
              93.3599,
              23.404
            ],
            [
              93.35988555418001,
              23.40370594857901
            ],
            [
              93.35984235584121,
              23.40341472903395
            ],
            [
              93.35977082100719,
              23.403129145968236
            ],
            [
              93.35967163859753,
              23.402851949702903
            ],
            [
              93.35954576379304,
              23.40258580978952
            ],
            [
              93.3593944088369,
              23.40233328930094
            ],
            [
              93.35921903136008,
              23.40209682014751
            ],
            [
              93.35902132034356,
              23.40187867965644
            ],
            [
              93.35880317985249,
              23.401680968639912
            ],
            [
              93.35856671069905,
              23.401505591163094
            ],
            [
              93.35831419021048,
              23.401354236206956
            ],
            [
              93.35804805029709,
              23.401228361402467
            ],
            [
              93.35777085403176,
              23.401129178992804
            ],
            [
              93.35748527096604,
              23.40105764415879
            ],
            [
              93.35719405142099,
              23.401014445819982
            ],
            [
              93.3569,
              23.401
            ],
            [
              93.356605948579,
              23.401014445819982
            ],
            [
              93.35631472903395,
              23.40105764415879
            ],
            [
              93.35602914596824,
              23.401129178992804
            ],
            [
              93.3557519497029,
              23.401228361402467
            ],
            [
              93.35548580978951,
              23.401354236206956
            ],
            [
              93.35523328930094,
              23.401505591163094
            ],
            [
              93.3549968201475,
              23.401680968639912
            ],
            [
              93.35477867965643,
              23.40187867965644
            ],
            [
              93.35458096863991,
              23.40209682014751
            ],
            [
              93.35440559116309,
              23.40233328930094
            ],
            [
              93.35425423620696,
              23.40258580978952
            ],
            [
              93.35412836140246,
              23.402851949702903
            ],
            [
              93.3540291789928,
              23.403129145968236
            ],
            [
              93.35395764415878,
              23.40341472903395
            ],
            [
              93.35391444581998,
              23.40370594857901
            ],
            [
              93.3539,
              23.404
            ],
            [
              93.35391444581998,
              23.40429405142099
            ],
            [
              93.35395764415878,
              23.40458527096605
            ],
            [
              93.3540291789928,
              23.404870854031763
            ],
            [
              93.35412836140246,
              23.405148050297097
            ],
            [
              93.35425423620696,
              23.40541419021048
            ],
            [
              93.35440559116309,
              23.40566671069906
            ],
            [
              93.35458096863991,
              23.40590317985249
            ],
            [
              93.35477867965643,
              23.40612132034356
            ],
            [
              93.3549968201475,
              23.406319031360088
            ],
            [
              93.35523328930094,
              23.406494408836906
            ],
            [
              93.35548580978951,
              23.406645763793044
            ],
            [
              93.3557519497029,
              23.406771638597533
            ],
            [
              93.35602914596824,
              23.406870821007196
            ],
            [
              93.35631472903395,
              23.40694235584121
            ],
            [
              93.356605948579,
              23.406985554180018
            ],
            [
              93.3569,
              23.407
            ],
            [
              93.35719405142099,
              23.406985554180018
            ],
            [
              93.35748527096604,
              23.40694235584121
            ],
            [
              93.35777085403176,
              23.406870821007196
            ],
            [
              93.35804805029709,
              23.406771638597533
            ],
            [
              93.35831419021048,
              23.406645763793044
            ],
            [
              93.35856671069905,
              23.406494408836906
            ],
            [
              93.35880317985249,
              23.406319031360088
            ],
            [
              93.35902132034356,
              23.40612132034356
            ],
            [
              93.35921903136008,
              23.40590317985249
            ],
            [
              93.3593944088369,
              23.40566671069906
            ],
            [
              93.35954576379304,
              23.40541419021048
            ],
            [
              93.35967163859753,
              23.405148050297097
            ],
            [
              93.35977082100719,
              23.404870854031763
            ],
            [
              93.35984235584121,
              23.40458527096605
            ],
            [
              93.35988555418001,
              23.40429405142099
            ],
            [
              93.3599,
              23.404
            ]
          ]
        ]
      }
    },
    {
      "type": "Feature",
      "properties": {
        "landslide_id": "UNKNOWN_ID",
        "zone_name": "Landslide Zone (Champhai)",
        "state": "Mizoram",
        "district": "Champhai",
        "hazard_type": "LANDSLIDE",
        "risk_level": "HIGH",
        "historical_event_count": 1
      },
      "geometry": {
        "type": "Polygon",
        "coordinates": [
          [
            [
              93.35975,
              23.4024
            ],
            [
              93.35973555418002,
              23.40210594857901
            ],
            [
              93.35969235584122,
              23.40181472903395
            ],
            [
              93.3596208210072,
              23.401529145968237
            ],
            [
              93.35952163859754,
              23.401251949702903
            ],
            [
              93.35939576379305,
              23.40098580978952
            ],
            [
              93.35924440883691,
              23.40073328930094
            ],
            [
              93.3590690313601,
              23.40049682014751
            ],
            [
              93.35887132034357,
              23.40027867965644
            ],
            [
              93.3586531798525,
              23.400080968639912
            ],
            [
              93.35841671069906,
              23.399905591163094
            ],
            [
              93.35816419021049,
              23.399754236206956
            ],
            [
              93.3578980502971,
              23.399628361402467
            ],
            [
              93.35762085403177,
              23.399529178992804
            ],
            [
              93.35733527096605,
              23.39945764415879
            ],
            [
              93.357044051421,
              23.399414445819982
            ],
            [
              93.35675,
              23.3994
            ],
            [
              93.35645594857901,
              23.399414445819982
            ],
            [
              93.35616472903396,
              23.39945764415879
            ],
            [
              93.35587914596825,
              23.399529178992804
            ],
            [
              93.35560194970292,
              23.399628361402467
            ],
            [
              93.35533580978952,
              23.399754236206956
            ],
            [
              93.35508328930095,
              23.399905591163094
            ],
            [
              93.35484682014751,
              23.400080968639912
            ],
            [
              93.35462867965644,
              23.40027867965644
            ],
            [
              93.35443096863992,
              23.40049682014751
            ],
            [
              93.3542555911631,
              23.40073328930094
            ],
            [
              93.35410423620696,
              23.40098580978952
            ],
            [
              93.35397836140247,
              23.401251949702903
            ],
            [
              93.35387917899281,
              23.401529145968237
            ],
            [
              93.35380764415879,
              23.40181472903395
            ],
            [
              93.35376444581999,
              23.40210594857901
            ],
            [
              93.35375,
              23.4024
            ],
            [
              93.35376444581999,
              23.40269405142099
            ],
            [
              93.35380764415879,
              23.40298527096605
            ],
            [
              93.35387917899281,
              23.403270854031764
            ],
            [
              93.35397836140247,
              23.403548050297097
            ],
            [
              93.35410423620696,
              23.40381419021048
            ],
            [
              93.3542555911631,
              23.40406671069906
            ],
            [
              93.35443096863992,
              23.40430317985249
            ],
            [
              93.35462867965644,
              23.40452132034356
            ],
            [
              93.35484682014751,
              23.404719031360088
            ],
            [
              93.35508328930095,
              23.404894408836906
            ],
            [
              93.35533580978952,
              23.405045763793044
            ],
            [
              93.35560194970292,
              23.405171638597533
            ],
            [
              93.35587914596825,
              23.405270821007196
            ],
            [
              93.35616472903396,
              23.40534235584121
            ],
            [
              93.35645594857901,
              23.405385554180018
            ],
            [
              93.35675,
              23.4054
            ],
            [
              93.357044051421,
              23.405385554180018
            ],
            [
              93.35733527096605,
              23.40534235584121
            ],
            [
              93.35762085403177,
              23.405270821007196
            ],
            [
              93.3578980502971,
              23.405171638597533
            ],
            [
              93.35816419021049,
              23.405045763793044
            ],
            [
              93.35841671069906,
              23.404894408836906
            ],
            [
              93.3586531798525,
              23.404719031360088
            ],
            [
              93.35887132034357,
              23.40452132034356
            ],
            [
              93.3590690313601,
              23.40430317985249
            ],
            [
              93.35924440883691,
              23.40406671069906
            ],
            [
              93.35939576379305,
              23.40381419021048
            ],
            [
              93.35952163859754,
              23.403548050297097
            ],
            [
              93.3596208210072,
              23.403270854031764
            ],
            [
              93.35969235584122,
              23.40298527096605
            ],
            [
              93.35973555418002,
              23.40269405142099
            ],
            [
              93.35975,
              23.4024
            ]
          ]
        ]
      }
    },
    {
      "type": "Feature",
      "properties": {
        "landslide_id": "UNKNOWN_ID",
        "zone_name": "Landslide Zone (Champhai)",
        "state": "Mizoram",
        "district": "Champhai",
        "hazard_type": "LANDSLIDE",
        "risk_level": "HIGH",
        "historical_event_count": 1
      },
      "geometry": {
        "type": "Polygon",
        "coordinates": [
          [
            [
              93.34567,
              23.4428
            ],
            [
              93.34565555418001,
              23.442505948579008
            ],
            [
              93.34561235584121,
              23.44221472903395
            ],
            [
              93.34554082100719,
              23.441929145968235
            ],
            [
              93.34544163859753,
              23.4416519497029
            ],
            [
              93.34531576379304,
              23.44138580978952
            ],
            [
              93.34516440883691,
              23.44113328930094
            ],
            [
              93.34498903136009,
              23.440896820147508
            ],
            [
              93.34479132034356,
              23.44067867965644
            ],
            [
              93.34457317985249,
              23.44048096863991
            ],
            [
              93.34433671069905,
              23.440305591163092
            ],
            [
              93.34408419021048,
              23.440154236206954
            ],
            [
              93.34381805029709,
              23.440028361402465
            ],
            [
              93.34354085403176,
              23.439929178992802
            ],
            [
              93.34325527096604,
              23.43985764415879
            ],
            [
              93.34296405142099,
              23.43981444581998
            ],
            [
              93.34267,
              23.439799999999998
            ],
            [
              93.342375948579,
              23.43981444581998
            ],
            [
              93.34208472903396,
              23.43985764415879
            ],
            [
              93.34179914596824,
              23.439929178992802
            ],
            [
              93.34152194970291,
              23.440028361402465
            ],
            [
              93.34125580978952,
              23.440154236206954
            ],
            [
              93.34100328930094,
              23.440305591163092
            ],
            [
              93.34076682014751,
              23.44048096863991
            ],
            [
              93.34054867965644,
              23.44067867965644
            ],
            [
              93.34035096863991,
              23.440896820147508
            ],
            [
              93.34017559116309,
              23.44113328930094
            ],
            [
              93.34002423620696,
              23.44138580978952
            ],
            [
              93.33989836140246,
              23.4416519497029
            ],
            [
              93.3397991789928,
              23.441929145968235
            ],
            [
              93.33972764415878,
              23.44221472903395
            ],
            [
              93.33968444581998,
              23.442505948579008
            ],
            [
              93.33967,
              23.4428
            ],
            [
              93.33968444581998,
              23.44309405142099
            ],
            [
              93.33972764415878,
              23.443385270966047
            ],
            [
              93.3397991789928,
              23.44367085403176
            ],
            [
              93.33989836140246,
              23.443948050297095
            ],
            [
              93.34002423620696,
              23.444214190210477
            ],
            [
              93.34017559116309,
              23.444466710699057
            ],
            [
              93.34035096863991,
              23.44470317985249
            ],
            [
              93.34054867965644,
              23.444921320343557
            ],
            [
              93.34076682014751,
              23.445119031360086
            ],
            [
              93.34100328930094,
              23.445294408836904
            ],
            [
              93.34125580978952,
              23.445445763793042
            ],
            [
              93.34152194970291,
              23.44557163859753
            ],
            [
              93.34179914596824,
              23.445670821007194
            ],
            [
              93.34208472903396,
              23.445742355841208
            ],
            [
              93.342375948579,
              23.445785554180016
            ],
            [
              93.34267,
              23.4458
            ],
            [
              93.34296405142099,
              23.445785554180016
            ],
            [
              93.34325527096604,
              23.445742355841208
            ],
            [
              93.34354085403176,
              23.445670821007194
            ],
            [
              93.34381805029709,
              23.44557163859753
            ],
            [
              93.34408419021048,
              23.445445763793042
            ],
            [
              93.34433671069905,
              23.445294408836904
            ],
            [
              93.34457317985249,
              23.445119031360086
            ],
            [
              93.34479132034356,
              23.444921320343557
            ],
            [
              93.34498903136009,
              23.44470317985249
            ],
            [
              93.34516440883691,
              23.444466710699057
            ],
            [
              93.34531576379304,
              23.444214190210477
            ],
            [
              93.34544163859753,
              23.443948050297095
            ],
            [
              93.34554082100719,
              23.44367085403176
            ],
            [
              93.34561235584121,
              23.443385270966047
            ],
            [
              93.34565555418001,
              23.44309405142099
            ],
            [
              93.34567,
              23.4428
            ]
          ]
        ]
      }
    },
    {
      "type": "Feature",
      "properties": {
        "landslide_id": "UNKNOWN_ID",
        "zone_name": "Landslide Zone (Champhai)",
        "state": "Mizoram",
        "district": "Champhai",
        "hazard_type": "LANDSLIDE",
        "risk_level": "HIGH",
        "historical_event_count": 1
      },
      "geometry": {
        "type": "Polygon",
        "coordinates": [
          [
            [
              93.34439,
              23.4443
            ],
            [
              93.34437555418002,
              23.444005948579008
            ],
            [
              93.34433235584122,
              23.44371472903395
            ],
            [
              93.3442608210072,
              23.443429145968235
            ],
            [
              93.34416163859754,
              23.4431519497029
            ],
            [
              93.34403576379304,
              23.44288580978952
            ],
            [
              93.34388440883691,
              23.44263328930094
            ],
            [
              93.34370903136009,
              23.442396820147508
            ],
            [
              93.34351132034357,
              23.44217867965644
            ],
            [
              93.3432931798525,
              23.44198096863991
            ],
            [
              93.34305671069906,
              23.441805591163092
            ],
            [
              93.34280419021049,
              23.441654236206954
            ],
            [
              93.3425380502971,
              23.441528361402465
            ],
            [
              93.34226085403176,
              23.441429178992802
            ],
            [
              93.34197527096605,
              23.44135764415879
            ],
            [
              93.341684051421,
              23.44131444581998
            ],
            [
              93.34139,
              23.4413
            ],
            [
              93.34109594857901,
              23.44131444581998
            ],
            [
              93.34080472903396,
              23.44135764415879
            ],
            [
              93.34051914596824,
              23.441429178992802
            ],
            [
              93.34024194970291,
              23.441528361402465
            ],
            [
              93.33997580978952,
              23.441654236206954
            ],
            [
              93.33972328930095,
              23.441805591163092
            ],
            [
              93.33948682014751,
              23.44198096863991
            ],
            [
              93.33926867965644,
              23.44217867965644
            ],
            [
              93.33907096863992,
              23.442396820147508
            ],
            [
              93.3388955911631,
              23.44263328930094
            ],
            [
              93.33874423620696,
              23.44288580978952
            ],
            [
              93.33861836140247,
              23.4431519497029
            ],
            [
              93.33851917899281,
              23.443429145968235
            ],
            [
              93.33844764415879,
              23.44371472903395
            ],
            [
              93.33840444581999,
              23.444005948579008
            ],
            [
              93.33839,
              23.4443
            ],
            [
              93.33840444581999,
              23.44459405142099
            ],
            [
              93.33844764415879,
              23.444885270966047
            ],
            [
              93.33851917899281,
              23.445170854031762
            ],
            [
              93.33861836140247,
              23.445448050297095
            ],
            [
              93.33874423620696,
              23.445714190210477
            ],
            [
              93.3388955911631,
              23.445966710699057
            ],
            [
              93.33907096863992,
              23.44620317985249
            ],
            [
              93.33926867965644,
              23.446421320343557
            ],
            [
              93.33948682014751,
              23.446619031360086
            ],
            [
              93.33972328930095,
              23.446794408836904
            ],
            [
              93.33997580978952,
              23.446945763793043
            ],
            [
              93.34024194970291,
              23.44707163859753
            ],
            [
              93.34051914596824,
              23.447170821007195
            ],
            [
              93.34080472903396,
              23.447242355841208
            ],
            [
              93.34109594857901,
              23.447285554180016
            ],
            [
              93.34139,
              23.4473
            ],
            [
              93.341684051421,
              23.447285554180016
            ],
            [
              93.34197527096605,
              23.447242355841208
            ],
            [
              93.34226085403176,
              23.447170821007195
            ],
            [
              93.3425380502971,
              23.44707163859753
            ],
            [
              93.34280419021049,
              23.446945763793043
            ],
            [
              93.34305671069906,
              23.446794408836904
            ],
            [
              93.3432931798525,
              23.446619031360086
            ],
            [
              93.34351132034357,
              23.446421320343557
            ],
            [
              93.34370903136009,
              23.44620317985249
            ],
            [
              93.34388440883691,
              23.445966710699057
            ],
            [
              93.34403576379304,
              23.445714190210477
            ],
            [
              93.34416163859754,
              23.445448050297095
            ],
            [
              93.3442608210072,
              23.445170854031762
            ],
            [
              93.34433235584122,
              23.444885270966047
            ],
            [
              93.34437555418002,
              23.44459405142099
            ],
            [
              93.34439,
              23.4443
            ]
          ]
        ]
      }
    },
    {
      "type": "Feature",
      "properties": {
        "landslide_id": "UNKNOWN_ID",
        "zone_name": "Landslide Zone (Champhai)",
        "state": "Mizoram",
        "district": "Champhai",
        "hazard_type": "LANDSLIDE",
        "risk_level": "HIGH",
        "historical_event_count": 1
      },
      "geometry": {
        "type": "Polygon",
        "coordinates": [
          [
            [
              93.39336,
              23.3809
            ],
            [
              93.39334555418002,
              23.38060594857901
            ],
            [
              93.39330235584121,
              23.38031472903395
            ],
            [
              93.3932308210072,
              23.380029145968237
            ],
            [
              93.39313163859754,
              23.379751949702904
            ],
            [
              93.39300576379304,
              23.37948580978952
            ],
            [
              93.39285440883691,
              23.37923328930094
            ],
            [
              93.39267903136009,
              23.37899682014751
            ],
            [
              93.39248132034356,
              23.378778679656442
            ],
            [
              93.39226317985249,
              23.378580968639913
            ],
            [
              93.39202671069906,
              23.378405591163094
            ],
            [
              93.39177419021048,
              23.378254236206956
            ],
            [
              93.39150805029709,
              23.378128361402467
            ],
            [
              93.39123085403176,
              23.378029178992804
            ],
            [
              93.39094527096604,
              23.37795764415879
            ],
            [
              93.390654051421,
              23.377914445819982
            ],
            [
              93.39036,
              23.3779
            ],
            [
              93.39006594857901,
              23.377914445819982
            ],
            [
              93.38977472903396,
              23.37795764415879
            ],
            [
              93.38948914596824,
              23.378029178992804
            ],
            [
              93.38921194970291,
              23.378128361402467
            ],
            [
              93.38894580978952,
              23.378254236206956
            ],
            [
              93.38869328930095,
              23.378405591163094
            ],
            [
              93.38845682014751,
              23.378580968639913
            ],
            [
              93.38823867965644,
              23.378778679656442
            ],
            [
              93.38804096863991,
              23.37899682014751
            ],
            [
              93.38786559116309,
              23.37923328930094
            ],
            [
              93.38771423620696,
              23.37948580978952
            ],
            [
              93.38758836140246,
              23.379751949702904
            ],
            [
              93.38748917899281,
              23.380029145968237
            ],
            [
              93.38741764415879,
              23.38031472903395
            ],
            [
              93.38737444581999,
              23.38060594857901
            ],
            [
              93.38736,
              23.3809
            ],
            [
              93.38737444581999,
              23.38119405142099
            ],
            [
              93.38741764415879,
              23.38148527096605
            ],
            [
              93.38748917899281,
              23.381770854031764
            ],
            [
              93.38758836140246,
              23.382048050297097
            ],
            [
              93.38771423620696,
              23.38231419021048
            ],
            [
              93.38786559116309,
              23.38256671069906
            ],
            [
              93.38804096863991,
              23.38280317985249
            ],
            [
              93.38823867965644,
              23.38302132034356
            ],
            [
              93.38845682014751,
              23.38321903136009
            ],
            [
              93.38869328930095,
              23.383394408836907
            ],
            [
              93.38894580978952,
              23.383545763793045
            ],
            [
              93.38921194970291,
              23.383671638597534
            ],
            [
              93.38948914596824,
              23.383770821007197
            ],
            [
              93.38977472903396,
              23.38384235584121
            ],
            [
              93.39006594857901,
              23.38388555418002
            ],
            [
              93.39036,
              23.3839
            ],
            [
              93.390654051421,
              23.38388555418002
            ],
            [
              93.39094527096604,
              23.38384235584121
            ],
            [
              93.39123085403176,
              23.383770821007197
            ],
            [
              93.39150805029709,
              23.383671638597534
            ],
            [
              93.39177419021048,
              23.383545763793045
            ],
            [
              93.39202671069906,
              23.383394408836907
            ],
            [
              93.39226317985249,
              23.38321903136009
            ],
            [
              93.39248132034356,
              23.38302132034356
            ],
            [
              93.39267903136009,
              23.38280317985249
            ],
            [
              93.39285440883691,
              23.38256671069906
            ],
            [
              93.39300576379304,
              23.38231419021048
            ],
            [
              93.39313163859754,
              23.382048050297097
            ],
            [
              93.3932308210072,
              23.381770854031764
            ],
            [
              93.39330235584121,
              23.38148527096605
            ],
            [
              93.39334555418002,
              23.38119405142099
            ],
            [
              93.39336,
              23.3809
            ]
          ]
        ]
      }
    },
    {
      "type": "Feature",
      "properties": {
        "landslide_id": "UNKNOWN_ID",
        "zone_name": "Landslide Zone (Champhai)",
        "state": "Mizoram",
        "district": "Champhai",
        "hazard_type": "LANDSLIDE",
        "risk_level": "HIGH",
        "historical_event_count": 1
      },
      "geometry": {
        "type": "Polygon",
        "coordinates": [
          [
            [
              93.39311000000001,
              23.3809
            ],
            [
              93.39309555418002,
              23.38060594857901
            ],
            [
              93.39305235584122,
              23.38031472903395
            ],
            [
              93.3929808210072,
              23.380029145968237
            ],
            [
              93.39288163859754,
              23.379751949702904
            ],
            [
              93.39275576379305,
              23.37948580978952
            ],
            [
              93.39260440883692,
              23.37923328930094
            ],
            [
              93.3924290313601,
              23.37899682014751
            ],
            [
              93.39223132034357,
              23.378778679656442
            ],
            [
              93.3920131798525,
              23.378580968639913
            ],
            [
              93.39177671069906,
              23.378405591163094
            ],
            [
              93.39152419021049,
              23.378254236206956
            ],
            [
              93.3912580502971,
              23.378128361402467
            ],
            [
              93.39098085403177,
              23.378029178992804
            ],
            [
              93.39069527096605,
              23.37795764415879
            ],
            [
              93.390404051421,
              23.377914445819982
            ],
            [
              93.39011,
              23.3779
            ],
            [
              93.38981594857901,
              23.377914445819982
            ],
            [
              93.38952472903397,
              23.37795764415879
            ],
            [
              93.38923914596825,
              23.378029178992804
            ],
            [
              93.38896194970292,
              23.378128361402467
            ],
            [
              93.38869580978952,
              23.378254236206956
            ],
            [
              93.38844328930095,
              23.378405591163094
            ],
            [
              93.38820682014752,
              23.378580968639913
            ],
            [
              93.38798867965644,
              23.378778679656442
            ],
            [
              93.38779096863992,
              23.37899682014751
            ],
            [
              93.3876155911631,
              23.37923328930094
            ],
            [
              93.38746423620697,
              23.37948580978952
            ],
            [
              93.38733836140247,
              23.379751949702904
            ],
            [
              93.38723917899281,
              23.380029145968237
            ],
            [
              93.3871676441588,
              23.38031472903395
            ],
            [
              93.38712444581999,
              23.38060594857901
            ],
            [
              93.38711,
              23.3809
            ],
            [
              93.38712444581999,
              23.38119405142099
            ],
            [
              93.3871676441588,
              23.38148527096605
            ],
            [
              93.38723917899281,
              23.381770854031764
            ],
            [
              93.38733836140247,
              23.382048050297097
            ],
            [
              93.38746423620697,
              23.38231419021048
            ],
            [
              93.3876155911631,
              23.38256671069906
            ],
            [
              93.38779096863992,
              23.38280317985249
            ],
            [
              93.38798867965644,
              23.38302132034356
            ],
            [
              93.38820682014752,
              23.38321903136009
            ],
            [
              93.38844328930095,
              23.383394408836907
            ],
            [
              93.38869580978952,
              23.383545763793045
            ],
            [
              93.38896194970292,
              23.383671638597534
            ],
            [
              93.38923914596825,
              23.383770821007197
            ],
            [
              93.38952472903397,
              23.38384235584121
            ],
            [
              93.38981594857901,
              23.38388555418002
            ],
            [
              93.39011,
              23.3839
            ],
            [
              93.390404051421,
              23.38388555418002
            ],
            [
              93.39069527096605,
              23.38384235584121
            ],
            [
              93.39098085403177,
              23.383770821007197
            ],
            [
              93.3912580502971,
              23.383671638597534
            ],
            [
              93.39152419021049,
              23.383545763793045
            ],
            [
              93.39177671069906,
              23.383394408836907
            ],
            [
              93.3920131798525,
              23.38321903136009
            ],
            [
              93.39223132034357,
              23.38302132034356
            ],
            [
              93.3924290313601,
              23.38280317985249
            ],
            [
              93.39260440883692,
              23.38256671069906
            ],
            [
              93.39275576379305,
              23.38231419021048
            ],
            [
              93.39288163859754,
              23.382048050297097
            ],
            [
              93.3929808210072,
              23.381770854031764
            ],
            [
              93.39305235584122,
              23.38148527096605
            ],
            [
              93.39309555418002,
              23.38119405142099
            ],
            [
              93.39311000000001,
              23.3809
            ]
          ]
        ]
      }
    },
    {
      "type": "Feature",
      "properties": {
        "landslide_id": "UNKNOWN_ID",
        "zone_name": "Landslide Zone (Champhai)",
        "state": "Mizoram",
        "district": "Champhai",
        "hazard_type": "LANDSLIDE",
        "risk_level": "HIGH",
        "historical_event_count": 1
      },
      "geometry": {
        "type": "Polygon",
        "coordinates": [
          [
            [
              93.393,
              23.3796
            ],
            [
              93.39298555418002,
              23.37930594857901
            ],
            [
              93.39294235584121,
              23.37901472903395
            ],
            [
              93.3928708210072,
              23.378729145968236
            ],
            [
              93.39277163859754,
              23.378451949702903
            ],
            [
              93.39264576379304,
              23.37818580978952
            ],
            [
              93.39249440883691,
              23.37793328930094
            ],
            [
              93.39231903136009,
              23.37769682014751
            ],
            [
              93.39212132034356,
              23.37747867965644
            ],
            [
              93.39190317985249,
              23.377280968639912
            ],
            [
              93.39166671069906,
              23.377105591163094
            ],
            [
              93.39141419021048,
              23.376954236206956
            ],
            [
              93.39114805029709,
              23.376828361402467
            ],
            [
              93.39087085403176,
              23.376729178992804
            ],
            [
              93.39058527096604,
              23.37665764415879
            ],
            [
              93.390294051421,
              23.376614445819982
            ],
            [
              93.39,
              23.3766
            ],
            [
              93.389705948579,
              23.376614445819982
            ],
            [
              93.38941472903396,
              23.37665764415879
            ],
            [
              93.38912914596824,
              23.376729178992804
            ],
            [
              93.38885194970291,
              23.376828361402467
            ],
            [
              93.38858580978952,
              23.376954236206956
            ],
            [
              93.38833328930095,
              23.377105591163094
            ],
            [
              93.38809682014751,
              23.377280968639912
            ],
            [
              93.38787867965644,
              23.37747867965644
            ],
            [
              93.38768096863991,
              23.37769682014751
            ],
            [
              93.38750559116309,
              23.37793328930094
            ],
            [
              93.38735423620696,
              23.37818580978952
            ],
            [
              93.38722836140246,
              23.378451949702903
            ],
            [
              93.38712917899281,
              23.378729145968236
            ],
            [
              93.38705764415879,
              23.37901472903395
            ],
            [
              93.38701444581999,
              23.37930594857901
            ],
            [
              93.387,
              23.3796
            ],
            [
              93.38701444581999,
              23.37989405142099
            ],
            [
              93.38705764415879,
              23.38018527096605
            ],
            [
              93.38712917899281,
              23.380470854031763
            ],
            [
              93.38722836140246,
              23.380748050297097
            ],
            [
              93.38735423620696,
              23.38101419021048
            ],
            [
              93.38750559116309,
              23.38126671069906
            ],
            [
              93.38768096863991,
              23.38150317985249
            ],
            [
              93.38787867965644,
              23.38172132034356
            ],
            [
              93.38809682014751,
              23.381919031360088
            ],
            [
              93.38833328930095,
              23.382094408836906
            ],
            [
              93.38858580978952,
              23.382245763793044
            ],
            [
              93.38885194970291,
              23.382371638597533
            ],
            [
              93.38912914596824,
              23.382470821007196
            ],
            [
              93.38941472903396,
              23.38254235584121
            ],
            [
              93.389705948579,
              23.382585554180018
            ],
            [
              93.39,
              23.3826
            ],
            [
              93.390294051421,
              23.382585554180018
            ],
            [
              93.39058527096604,
              23.38254235584121
            ],
            [
              93.39087085403176,
              23.382470821007196
            ],
            [
              93.39114805029709,
              23.382371638597533
            ],
            [
              93.39141419021048,
              23.382245763793044
            ],
            [
              93.39166671069906,
              23.382094408836906
            ],
            [
              93.39190317985249,
              23.381919031360088
            ],
            [
              93.39212132034356,
              23.38172132034356
            ],
            [
              93.39231903136009,
              23.38150317985249
            ],
            [
              93.39249440883691,
              23.38126671069906
            ],
            [
              93.39264576379304,
              23.38101419021048
            ],
            [
              93.39277163859754,
              23.380748050297097
            ],
            [
              93.3928708210072,
              23.380470854031763
            ],
            [
              93.39294235584121,
              23.38018527096605
            ],
            [
              93.39298555418002,
              23.37989405142099
            ],
            [
              93.393,
              23.3796
            ]
          ]
        ]
      }
    },
    {
      "type": "Feature",
      "properties": {
        "landslide_id": "UNKNOWN_ID",
        "zone_name": "Landslide Zone (Champhai)",
        "state": "Mizoram",
        "district": "Champhai",
        "hazard_type": "LANDSLIDE",
        "risk_level": "HIGH",
        "historical_event_count": 1
      },
      "geometry": {
        "type": "Polygon",
        "coordinates": [
          [
            [
              93.39233,
              23.3788
            ],
            [
              93.39231555418002,
              23.378505948579008
            ],
            [
              93.39227235584121,
              23.37821472903395
            ],
            [
              93.3922008210072,
              23.377929145968235
            ],
            [
              93.39210163859754,
              23.3776519497029
            ],
            [
              93.39197576379304,
              23.37738580978952
            ],
            [
              93.39182440883691,
              23.37713328930094
            ],
            [
              93.39164903136009,
              23.376896820147508
            ],
            [
              93.39145132034356,
              23.37667867965644
            ],
            [
              93.39123317985249,
              23.37648096863991
            ],
            [
              93.39099671069906,
              23.376305591163092
            ],
            [
              93.39074419021048,
              23.376154236206954
            ],
            [
              93.39047805029709,
              23.376028361402465
            ],
            [
              93.39020085403176,
              23.375929178992802
            ],
            [
              93.38991527096604,
              23.37585764415879
            ],
            [
              93.389624051421,
              23.37581444581998
            ],
            [
              93.38933,
              23.375799999999998
            ],
            [
              93.38903594857901,
              23.37581444581998
            ],
            [
              93.38874472903396,
              23.37585764415879
            ],
            [
              93.38845914596824,
              23.375929178992802
            ],
            [
              93.38818194970291,
              23.376028361402465
            ],
            [
              93.38791580978952,
              23.376154236206954
            ],
            [
              93.38766328930095,
              23.376305591163092
            ],
            [
              93.38742682014751,
              23.37648096863991
            ],
            [
              93.38720867965644,
              23.37667867965644
            ],
            [
              93.38701096863991,
              23.376896820147508
            ],
            [
              93.38683559116309,
              23.37713328930094
            ],
            [
              93.38668423620696,
              23.37738580978952
            ],
            [
              93.38655836140246,
              23.3776519497029
            ],
            [
              93.38645917899281,
              23.377929145968235
            ],
            [
              93.38638764415879,
              23.37821472903395
            ],
            [
              93.38634444581999,
              23.378505948579008
            ],
            [
              93.38633,
              23.3788
            ],
            [
              93.38634444581999,
              23.37909405142099
            ],
            [
              93.38638764415879,
              23.379385270966047
            ],
            [
              93.38645917899281,
              23.37967085403176
            ],
            [
              93.38655836140246,
              23.379948050297095
            ],
            [
              93.38668423620696,
              23.380214190210477
            ],
            [
              93.38683559116309,
              23.380466710699057
            ],
            [
              93.38701096863991,
              23.38070317985249
            ],
            [
              93.38720867965644,
              23.380921320343557
            ],
            [
              93.38742682014751,
              23.381119031360086
            ],
            [
              93.38766328930095,
              23.381294408836904
            ],
            [
              93.38791580978952,
              23.381445763793042
            ],
            [
              93.38818194970291,
              23.38157163859753
            ],
            [
              93.38845914596824,
              23.381670821007194
            ],
            [
              93.38874472903396,
              23.381742355841208
            ],
            [
              93.38903594857901,
              23.381785554180016
            ],
            [
              93.38933,
              23.3818
            ],
            [
              93.389624051421,
              23.381785554180016
            ],
            [
              93.38991527096604,
              23.381742355841208
            ],
            [
              93.39020085403176,
              23.381670821007194
            ],
            [
              93.39047805029709,
              23.38157163859753
            ],
            [
              93.39074419021048,
              23.381445763793042
            ],
            [
              93.39099671069906,
              23.381294408836904
            ],
            [
              93.39123317985249,
              23.381119031360086
            ],
            [
              93.39145132034356,
              23.380921320343557
            ],
            [
              93.39164903136009,
              23.38070317985249
            ],
            [
              93.39182440883691,
              23.380466710699057
            ],
            [
              93.39197576379304,
              23.380214190210477
            ],
            [
              93.39210163859754,
              23.379948050297095
            ],
            [
              93.3922008210072,
              23.37967085403176
            ],
            [
              93.39227235584121,
              23.379385270966047
            ],
            [
              93.39231555418002,
              23.37909405142099
            ],
            [
              93.39233,
              23.3788
            ]
          ]
        ]
      }
    },
    {
      "type": "Feature",
      "properties": {
        "landslide_id": "UNKNOWN_ID",
        "zone_name": "Landslide Zone (Champhai)",
        "state": "Mizoram",
        "district": "Champhai",
        "hazard_type": "LANDSLIDE",
        "risk_level": "HIGH",
        "historical_event_count": 1
      },
      "geometry": {
        "type": "Polygon",
        "coordinates": [
          [
            [
              93.39133,
              23.3777
            ],
            [
              93.39131555418001,
              23.37740594857901
            ],
            [
              93.39127235584121,
              23.377114729033952
            ],
            [
              93.39120082100719,
              23.376829145968237
            ],
            [
              93.39110163859753,
              23.376551949702904
            ],
            [
              93.39097576379304,
              23.376285809789522
            ],
            [
              93.3908244088369,
              23.376033289300942
            ],
            [
              93.39064903136008,
              23.37579682014751
            ],
            [
              93.39045132034356,
              23.375578679656442
            ],
            [
              93.39023317985249,
              23.375380968639913
            ],
            [
              93.38999671069905,
              23.375205591163095
            ],
            [
              93.38974419021048,
              23.375054236206957
            ],
            [
              93.38947805029709,
              23.374928361402468
            ],
            [
              93.38920085403176,
              23.374829178992805
            ],
            [
              93.38891527096604,
              23.37475764415879
            ],
            [
              93.38862405142099,
              23.374714445819983
            ],
            [
              93.38833,
              23.3747
            ],
            [
              93.388035948579,
              23.374714445819983
            ],
            [
              93.38774472903395,
              23.37475764415879
            ],
            [
              93.38745914596824,
              23.374829178992805
            ],
            [
              93.3871819497029,
              23.374928361402468
            ],
            [
              93.38691580978951,
              23.375054236206957
            ],
            [
              93.38666328930094,
              23.375205591163095
            ],
            [
              93.3864268201475,
              23.375380968639913
            ],
            [
              93.38620867965643,
              23.375578679656442
            ],
            [
              93.38601096863991,
              23.37579682014751
            ],
            [
              93.38583559116309,
              23.376033289300942
            ],
            [
              93.38568423620696,
              23.376285809789522
            ],
            [
              93.38555836140246,
              23.376551949702904
            ],
            [
              93.3854591789928,
              23.376829145968237
            ],
            [
              93.38538764415878,
              23.377114729033952
            ],
            [
              93.38534444581998,
              23.37740594857901
            ],
            [
              93.38533,
              23.3777
            ],
            [
              93.38534444581998,
              23.37799405142099
            ],
            [
              93.38538764415878,
              23.37828527096605
            ],
            [
              93.3854591789928,
              23.378570854031764
            ],
            [
              93.38555836140246,
              23.378848050297098
            ],
            [
              93.38568423620696,
              23.37911419021048
            ],
            [
              93.38583559116309,
              23.37936671069906
            ],
            [
              93.38601096863991,
              23.37960317985249
            ],
            [
              93.38620867965643,
              23.37982132034356
            ],
            [
              93.3864268201475,
              23.38001903136009
            ],
            [
              93.38666328930094,
              23.380194408836907
            ],
            [
              93.38691580978951,
              23.380345763793045
            ],
            [
              93.3871819497029,
              23.380471638597534
            ],
            [
              93.38745914596824,
              23.380570821007197
            ],
            [
              93.38774472903395,
              23.38064235584121
            ],
            [
              93.388035948579,
              23.38068555418002
            ],
            [
              93.38833,
              23.3807
            ],
            [
              93.38862405142099,
              23.38068555418002
            ],
            [
              93.38891527096604,
              23.38064235584121
            ],
            [
              93.38920085403176,
              23.380570821007197
            ],
            [
              93.38947805029709,
              23.380471638597534
            ],
            [
              93.38974419021048,
              23.380345763793045
            ],
            [
              93.38999671069905,
              23.380194408836907
            ],
            [
              93.39023317985249,
              23.38001903136009
            ],
            [
              93.39045132034356,
              23.37982132034356
            ],
            [
              93.39064903136008,
              23.37960317985249
            ],
            [
              93.3908244088369,
              23.37936671069906
            ],
            [
              93.39097576379304,
              23.37911419021048
            ],
            [
              93.39110163859753,
              23.378848050297098
            ],
            [
              93.39120082100719,
              23.378570854031764
            ],
            [
              93.39127235584121,
              23.37828527096605
            ],
            [
              93.39131555418001,
              23.37799405142099
            ],
            [
              93.39133,
              23.3777
            ]
          ]
        ]
      }
    },
    {
      "type": "Feature",
      "properties": {
        "landslide_id": "UNKNOWN_ID",
        "zone_name": "Landslide Zone (Champhai)",
        "state": "Mizoram",
        "district": "Champhai",
        "hazard_type": "LANDSLIDE",
        "risk_level": "HIGH",
        "historical_event_count": 1
      },
      "geometry": {
        "type": "Polygon",
        "coordinates": [
          [
            [
              93.39069,
              23.3776
            ],
            [
              93.39067555418002,
              23.37730594857901
            ],
            [
              93.39063235584122,
              23.377014729033952
            ],
            [
              93.3905608210072,
              23.376729145968238
            ],
            [
              93.39046163859754,
              23.376451949702904
            ],
            [
              93.39033576379305,
              23.376185809789522
            ],
            [
              93.39018440883692,
              23.375933289300942
            ],
            [
              93.3900090313601,
              23.37569682014751
            ],
            [
              93.38981132034357,
              23.375478679656442
            ],
            [
              93.3895931798525,
              23.375280968639913
            ],
            [
              93.38935671069906,
              23.375105591163095
            ],
            [
              93.38910419021049,
              23.374954236206957
            ],
            [
              93.3888380502971,
              23.374828361402468
            ],
            [
              93.38856085403177,
              23.374729178992805
            ],
            [
              93.38827527096605,
              23.37465764415879
            ],
            [
              93.387984051421,
              23.374614445819983
            ],
            [
              93.38769,
              23.3746
            ],
            [
              93.38739594857901,
              23.374614445819983
            ],
            [
              93.38710472903396,
              23.37465764415879
            ],
            [
              93.38681914596825,
              23.374729178992805
            ],
            [
              93.38654194970292,
              23.374828361402468
            ],
            [
              93.38627580978952,
              23.374954236206957
            ],
            [
              93.38602328930095,
              23.375105591163095
            ],
            [
              93.38578682014752,
              23.375280968639913
            ],
            [
              93.38556867965644,
              23.375478679656442
            ],
            [
              93.38537096863992,
              23.37569682014751
            ],
            [
              93.3851955911631,
              23.375933289300942
            ],
            [
              93.38504423620697,
              23.376185809789522
            ],
            [
              93.38491836140247,
              23.376451949702904
            ],
            [
              93.38481917899281,
              23.376729145968238
            ],
            [
              93.3847476441588,
              23.377014729033952
            ],
            [
              93.38470444581999,
              23.37730594857901
            ],
            [
              93.38469,
              23.3776
            ],
            [
              93.38470444581999,
              23.37789405142099
            ],
            [
              93.3847476441588,
              23.37818527096605
            ],
            [
              93.38481917899281,
              23.378470854031765
            ],
            [
              93.38491836140247,
              23.378748050297098
            ],
            [
              93.38504423620697,
              23.37901419021048
            ],
            [
              93.3851955911631,
              23.37926671069906
            ],
            [
              93.38537096863992,
              23.37950317985249
            ],
            [
              93.38556867965644,
              23.37972132034356
            ],
            [
              93.38578682014752,
              23.37991903136009
            ],
            [
              93.38602328930095,
              23.380094408836907
            ],
            [
              93.38627580978952,
              23.380245763793045
            ],
            [
              93.38654194970292,
              23.380371638597534
            ],
            [
              93.38681914596825,
              23.380470821007197
            ],
            [
              93.38710472903396,
              23.38054235584121
            ],
            [
              93.38739594857901,
              23.38058555418002
            ],
            [
              93.38769,
              23.3806
            ],
            [
              93.387984051421,
              23.38058555418002
            ],
            [
              93.38827527096605,
              23.38054235584121
            ],
            [
              93.38856085403177,
              23.380470821007197
            ],
            [
              93.3888380502971,
              23.380371638597534
            ],
            [
              93.38910419021049,
              23.380245763793045
            ],
            [
              93.38935671069906,
              23.380094408836907
            ],
            [
              93.3895931798525,
              23.37991903136009
            ],
            [
              93.38981132034357,
              23.37972132034356
            ],
            [
              93.3900090313601,
              23.37950317985249
            ],
            [
              93.39018440883692,
              23.37926671069906
            ],
            [
              93.39033576379305,
              23.37901419021048
            ],
            [
              93.39046163859754,
              23.378748050297098
            ],
            [
              93.3905608210072,
              23.378470854031765
            ],
            [
              93.39063235584122,
              23.37818527096605
            ],
            [
              93.39067555418002,
              23.37789405142099
            ],
            [
              93.39069,
              23.3776
            ]
          ]
        ]
      }
    },
    {
      "type": "Feature",
      "properties": {
        "landslide_id": "UNKNOWN_ID",
        "zone_name": "Landslide Zone (Champhai)",
        "state": "Mizoram",
        "district": "Champhai",
        "hazard_type": "LANDSLIDE",
        "risk_level": "HIGH",
        "historical_event_count": 1
      },
      "geometry": {
        "type": "Polygon",
        "coordinates": [
          [
            [
              93.38931,
              23.3778
            ],
            [
              93.38929555418001,
              23.37750594857901
            ],
            [
              93.38925235584121,
              23.377214729033952
            ],
            [
              93.38918082100719,
              23.376929145968237
            ],
            [
              93.38908163859753,
              23.376651949702904
            ],
            [
              93.38895576379304,
              23.37638580978952
            ],
            [
              93.3888044088369,
              23.37613328930094
            ],
            [
              93.38862903136008,
              23.37589682014751
            ],
            [
              93.38843132034356,
              23.375678679656442
            ],
            [
              93.38821317985249,
              23.375480968639913
            ],
            [
              93.38797671069905,
              23.375305591163094
            ],
            [
              93.38772419021048,
              23.375154236206956
            ],
            [
              93.38745805029708,
              23.375028361402467
            ],
            [
              93.38718085403175,
              23.374929178992804
            ],
            [
              93.38689527096604,
              23.37485764415879
            ],
            [
              93.38660405142099,
              23.374814445819982
            ],
            [
              93.38631,
              23.3748
            ],
            [
              93.386015948579,
              23.374814445819982
            ],
            [
              93.38572472903395,
              23.37485764415879
            ],
            [
              93.38543914596823,
              23.374929178992804
            ],
            [
              93.3851619497029,
              23.375028361402467
            ],
            [
              93.38489580978951,
              23.375154236206956
            ],
            [
              93.38464328930094,
              23.375305591163094
            ],
            [
              93.3844068201475,
              23.375480968639913
            ],
            [
              93.38418867965643,
              23.375678679656442
            ],
            [
              93.3839909686399,
              23.37589682014751
            ],
            [
              93.38381559116308,
              23.37613328930094
            ],
            [
              93.38366423620695,
              23.37638580978952
            ],
            [
              93.38353836140246,
              23.376651949702904
            ],
            [
              93.3834391789928,
              23.376929145968237
            ],
            [
              93.38336764415878,
              23.377214729033952
            ],
            [
              93.38332444581998,
              23.37750594857901
            ],
            [
              93.38331,
              23.3778
            ],
            [
              93.38332444581998,
              23.37809405142099
            ],
            [
              93.38336764415878,
              23.37838527096605
            ],
            [
              93.3834391789928,
              23.378670854031764
            ],
            [
              93.38353836140246,
              23.378948050297097
            ],
            [
              93.38366423620695,
              23.37921419021048
            ],
            [
              93.38381559116308,
              23.37946671069906
            ],
            [
              93.3839909686399,
              23.37970317985249
            ],
            [
              93.38418867965643,
              23.37992132034356
            ],
            [
              93.3844068201475,
              23.38011903136009
            ],
            [
              93.38464328930094,
              23.380294408836907
            ],
            [
              93.38489580978951,
              23.380445763793045
            ],
            [
              93.3851619497029,
              23.380571638597534
            ],
            [
              93.38543914596823,
              23.380670821007197
            ],
            [
              93.38572472903395,
              23.38074235584121
            ],
            [
              93.386015948579,
              23.38078555418002
            ],
            [
              93.38631,
              23.3808
            ],
            [
              93.38660405142099,
              23.38078555418002
            ],
            [
              93.38689527096604,
              23.38074235584121
            ],
            [
              93.38718085403175,
              23.380670821007197
            ],
            [
              93.38745805029708,
              23.380571638597534
            ],
            [
              93.38772419021048,
              23.380445763793045
            ],
            [
              93.38797671069905,
              23.380294408836907
            ],
            [
              93.38821317985249,
              23.38011903136009
            ],
            [
              93.38843132034356,
              23.37992132034356
            ],
            [
              93.38862903136008,
              23.37970317985249
            ],
            [
              93.3888044088369,
              23.37946671069906
            ],
            [
              93.38895576379304,
              23.37921419021048
            ],
            [
              93.38908163859753,
              23.378948050297097
            ],
            [
              93.38918082100719,
              23.378670854031764
            ],
            [
              93.38925235584121,
              23.37838527096605
            ],
            [
              93.38929555418001,
              23.37809405142099
            ],
            [
              93.38931,
              23.3778
            ]
          ]
        ]
      }
    },
    {
      "type": "Feature",
      "properties": {
        "landslide_id": "UNKNOWN_ID",
        "zone_name": "Landslide Zone (Champhai)",
        "state": "Mizoram",
        "district": "Champhai",
        "hazard_type": "LANDSLIDE",
        "risk_level": "HIGH",
        "historical_event_count": 1
      },
      "geometry": {
        "type": "Polygon",
        "coordinates": [
          [
            [
              93.38994,
              23.3773
            ],
            [
              93.38992555418001,
              23.37700594857901
            ],
            [
              93.38988235584121,
              23.376714729033953
            ],
            [
              93.38981082100719,
              23.37642914596824
            ],
            [
              93.38971163859753,
              23.376151949702905
            ],
            [
              93.38958576379304,
              23.375885809789523
            ],
            [
              93.3894344088369,
              23.375633289300943
            ],
            [
              93.38925903136008,
              23.37539682014751
            ],
            [
              93.38906132034356,
              23.375178679656443
            ],
            [
              93.38884317985249,
              23.374980968639914
            ],
            [
              93.38860671069905,
              23.374805591163096
            ],
            [
              93.38835419021048,
              23.374654236206958
            ],
            [
              93.38808805029709,
              23.37452836140247
            ],
            [
              93.38781085403176,
              23.374429178992806
            ],
            [
              93.38752527096604,
              23.374357644158792
            ],
            [
              93.38723405142099,
              23.374314445819984
            ],
            [
              93.38694,
              23.3743
            ],
            [
              93.386645948579,
              23.374314445819984
            ],
            [
              93.38635472903395,
              23.374357644158792
            ],
            [
              93.38606914596824,
              23.374429178992806
            ],
            [
              93.3857919497029,
              23.37452836140247
            ],
            [
              93.38552580978951,
              23.374654236206958
            ],
            [
              93.38527328930094,
              23.374805591163096
            ],
            [
              93.3850368201475,
              23.374980968639914
            ],
            [
              93.38481867965643,
              23.375178679656443
            ],
            [
              93.38462096863991,
              23.37539682014751
            ],
            [
              93.38444559116309,
              23.375633289300943
            ],
            [
              93.38429423620696,
              23.375885809789523
            ],
            [
              93.38416836140246,
              23.376151949702905
            ],
            [
              93.3840691789928,
              23.37642914596824
            ],
            [
              93.38399764415878,
              23.376714729033953
            ],
            [
              93.38395444581998,
              23.37700594857901
            ],
            [
              93.38394,
              23.3773
            ],
            [
              93.38395444581998,
              23.377594051420992
            ],
            [
              93.38399764415878,
              23.37788527096605
            ],
            [
              93.3840691789928,
              23.378170854031765
            ],
            [
              93.38416836140246,
              23.3784480502971
            ],
            [
              93.38429423620696,
              23.37871419021048
            ],
            [
              93.38444559116309,
              23.37896671069906
            ],
            [
              93.38462096863991,
              23.379203179852492
            ],
            [
              93.38481867965643,
              23.37942132034356
            ],
            [
              93.3850368201475,
              23.37961903136009
            ],
            [
              93.38527328930094,
              23.379794408836908
            ],
            [
              93.38552580978951,
              23.379945763793046
            ],
            [
              93.3857919497029,
              23.380071638597535
            ],
            [
              93.38606914596824,
              23.380170821007198
            ],
            [
              93.38635472903395,
              23.38024235584121
            ],
            [
              93.386645948579,
              23.38028555418002
            ],
            [
              93.38694,
              23.380300000000002
            ],
            [
              93.38723405142099,
              23.38028555418002
            ],
            [
              93.38752527096604,
              23.38024235584121
            ],
            [
              93.38781085403176,
              23.380170821007198
            ],
            [
              93.38808805029709,
              23.380071638597535
            ],
            [
              93.38835419021048,
              23.379945763793046
            ],
            [
              93.38860671069905,
              23.379794408836908
            ],
            [
              93.38884317985249,
              23.37961903136009
            ],
            [
              93.38906132034356,
              23.37942132034356
            ],
            [
              93.38925903136008,
              23.379203179852492
            ],
            [
              93.3894344088369,
              23.37896671069906
            ],
            [
              93.38958576379304,
              23.37871419021048
            ],
            [
              93.38971163859753,
              23.3784480502971
            ],
            [
              93.38981082100719,
              23.378170854031765
            ],
            [
              93.38988235584121,
              23.37788527096605
            ],
            [
              93.38992555418001,
              23.377594051420992
            ],
            [
              93.38994,
              23.3773
            ]
          ]
        ]
      }
    },
    {
      "type": "Feature",
      "properties": {
        "landslide_id": "UNKNOWN_ID",
        "zone_name": "Landslide Zone (Champhai)",
        "state": "Mizoram",
        "district": "Champhai",
        "hazard_type": "LANDSLIDE",
        "risk_level": "HIGH",
        "historical_event_count": 1
      },
      "geometry": {
        "type": "Polygon",
        "coordinates": [
          [
            [
              93.38978,
              23.3763
            ],
            [
              93.38976555418002,
              23.37600594857901
            ],
            [
              93.38972235584122,
              23.37571472903395
            ],
            [
              93.3896508210072,
              23.375429145968237
            ],
            [
              93.38955163859754,
              23.375151949702904
            ],
            [
              93.38942576379304,
              23.37488580978952
            ],
            [
              93.38927440883691,
              23.37463328930094
            ],
            [
              93.38909903136009,
              23.37439682014751
            ],
            [
              93.38890132034356,
              23.374178679656442
            ],
            [
              93.38868317985249,
              23.373980968639913
            ],
            [
              93.38844671069906,
              23.373805591163094
            ],
            [
              93.38819419021048,
              23.373654236206956
            ],
            [
              93.38792805029709,
              23.373528361402467
            ],
            [
              93.38765085403176,
              23.373429178992804
            ],
            [
              93.38736527096604,
              23.37335764415879
            ],
            [
              93.387074051421,
              23.373314445819982
            ],
            [
              93.38678,
              23.3733
            ],
            [
              93.38648594857901,
              23.373314445819982
            ],
            [
              93.38619472903396,
              23.37335764415879
            ],
            [
              93.38590914596824,
              23.373429178992804
            ],
            [
              93.38563194970291,
              23.373528361402467
            ],
            [
              93.38536580978952,
              23.373654236206956
            ],
            [
              93.38511328930095,
              23.373805591163094
            ],
            [
              93.38487682014751,
              23.373980968639913
            ],
            [
              93.38465867965644,
              23.374178679656442
            ],
            [
              93.38446096863991,
              23.37439682014751
            ],
            [
              93.38428559116309,
              23.37463328930094
            ],
            [
              93.38413423620696,
              23.37488580978952
            ],
            [
              93.38400836140246,
              23.375151949702904
            ],
            [
              93.38390917899281,
              23.375429145968237
            ],
            [
              93.38383764415879,
              23.37571472903395
            ],
            [
              93.38379444581999,
              23.37600594857901
            ],
            [
              93.38378,
              23.3763
            ],
            [
              93.38379444581999,
              23.37659405142099
            ],
            [
              93.38383764415879,
              23.37688527096605
            ],
            [
              93.38390917899281,
              23.377170854031764
            ],
            [
              93.38400836140246,
              23.377448050297097
            ],
            [
              93.38413423620696,
              23.37771419021048
            ],
            [
              93.38428559116309,
              23.37796671069906
            ],
            [
              93.38446096863991,
              23.37820317985249
            ],
            [
              93.38465867965644,
              23.37842132034356
            ],
            [
              93.38487682014751,
              23.37861903136009
            ],
            [
              93.38511328930095,
              23.378794408836907
            ],
            [
              93.38536580978952,
              23.378945763793045
            ],
            [
              93.38563194970291,
              23.379071638597534
            ],
            [
              93.38590914596824,
              23.379170821007197
            ],
            [
              93.38619472903396,
              23.37924235584121
            ],
            [
              93.38648594857901,
              23.37928555418002
            ],
            [
              93.38678,
              23.3793
            ],
            [
              93.387074051421,
              23.37928555418002
            ],
            [
              93.38736527096604,
              23.37924235584121
            ],
            [
              93.38765085403176,
              23.379170821007197
            ],
            [
              93.38792805029709,
              23.379071638597534
            ],
            [
              93.38819419021048,
              23.378945763793045
            ],
            [
              93.38844671069906,
              23.378794408836907
            ],
            [
              93.38868317985249,
              23.37861903136009
            ],
            [
              93.38890132034356,
              23.37842132034356
            ],
            [
              93.38909903136009,
              23.37820317985249
            ],
            [
              93.38927440883691,
              23.37796671069906
            ],
            [
              93.38942576379304,
              23.37771419021048
            ],
            [
              93.38955163859754,
              23.377448050297097
            ],
            [
              93.3896508210072,
              23.377170854031764
            ],
            [
              93.38972235584122,
              23.37688527096605
            ],
            [
              93.38976555418002,
              23.37659405142099
            ],
            [
              93.38978,
              23.3763
            ]
          ]
        ]
      }
    },
    {
      "type": "Feature",
      "properties": {
        "landslide_id": "UNKNOWN_ID",
        "zone_name": "Landslide Zone (Champhai)",
        "state": "Mizoram",
        "district": "Champhai",
        "hazard_type": "LANDSLIDE",
        "risk_level": "HIGH",
        "historical_event_count": 1
      },
      "geometry": {
        "type": "Polygon",
        "coordinates": [
          [
            [
              93.38875,
              23.3752
            ],
            [
              93.38873555418002,
              23.37490594857901
            ],
            [
              93.38869235584121,
              23.37461472903395
            ],
            [
              93.3886208210072,
              23.374329145968236
            ],
            [
              93.38852163859754,
              23.374051949702903
            ],
            [
              93.38839576379304,
              23.37378580978952
            ],
            [
              93.38824440883691,
              23.37353328930094
            ],
            [
              93.38806903136009,
              23.37329682014751
            ],
            [
              93.38787132034356,
              23.37307867965644
            ],
            [
              93.38765317985249,
              23.37288096863991
            ],
            [
              93.38741671069906,
              23.372705591163093
            ],
            [
              93.38716419021048,
              23.372554236206955
            ],
            [
              93.38689805029709,
              23.372428361402466
            ],
            [
              93.38662085403176,
              23.372329178992803
            ],
            [
              93.38633527096604,
              23.37225764415879
            ],
            [
              93.386044051421,
              23.37221444581998
            ],
            [
              93.38575,
              23.3722
            ],
            [
              93.38545594857901,
              23.37221444581998
            ],
            [
              93.38516472903396,
              23.37225764415879
            ],
            [
              93.38487914596824,
              23.372329178992803
            ],
            [
              93.38460194970291,
              23.372428361402466
            ],
            [
              93.38433580978952,
              23.372554236206955
            ],
            [
              93.38408328930095,
              23.372705591163093
            ],
            [
              93.38384682014751,
              23.37288096863991
            ],
            [
              93.38362867965644,
              23.37307867965644
            ],
            [
              93.38343096863991,
              23.37329682014751
            ],
            [
              93.38325559116309,
              23.37353328930094
            ],
            [
              93.38310423620696,
              23.37378580978952
            ],
            [
              93.38297836140246,
              23.374051949702903
            ],
            [
              93.38287917899281,
              23.374329145968236
            ],
            [
              93.38280764415879,
              23.37461472903395
            ],
            [
              93.38276444581999,
              23.37490594857901
            ],
            [
              93.38275,
              23.3752
            ],
            [
              93.38276444581999,
              23.37549405142099
            ],
            [
              93.38280764415879,
              23.37578527096605
            ],
            [
              93.38287917899281,
              23.376070854031763
            ],
            [
              93.38297836140246,
              23.376348050297096
            ],
            [
              93.38310423620696,
              23.37661419021048
            ],
            [
              93.38325559116309,
              23.37686671069906
            ],
            [
              93.38343096863991,
              23.37710317985249
            ],
            [
              93.38362867965644,
              23.377321320343558
            ],
            [
              93.38384682014751,
              23.377519031360087
            ],
            [
              93.38408328930095,
              23.377694408836906
            ],
            [
              93.38433580978952,
              23.377845763793044
            ],
            [
              93.38460194970291,
              23.377971638597533
            ],
            [
              93.38487914596824,
              23.378070821007196
            ],
            [
              93.38516472903396,
              23.37814235584121
            ],
            [
              93.38545594857901,
              23.378185554180018
            ],
            [
              93.38575,
              23.3782
            ],
            [
              93.386044051421,
              23.378185554180018
            ],
            [
              93.38633527096604,
              23.37814235584121
            ],
            [
              93.38662085403176,
              23.378070821007196
            ],
            [
              93.38689805029709,
              23.377971638597533
            ],
            [
              93.38716419021048,
              23.377845763793044
            ],
            [
              93.38741671069906,
              23.377694408836906
            ],
            [
              93.38765317985249,
              23.377519031360087
            ],
            [
              93.38787132034356,
              23.377321320343558
            ],
            [
              93.38806903136009,
              23.37710317985249
            ],
            [
              93.38824440883691,
              23.37686671069906
            ],
            [
              93.38839576379304,
              23.37661419021048
            ],
            [
              93.38852163859754,
              23.376348050297096
            ],
            [
              93.3886208210072,
              23.376070854031763
            ],
            [
              93.38869235584121,
              23.37578527096605
            ],
            [
              93.38873555418002,
              23.37549405142099
            ],
            [
              93.38875,
              23.3752
            ]
          ]
        ]
      }
    },
    {
      "type": "Feature",
      "properties": {
        "landslide_id": "UNKNOWN_ID",
        "zone_name": "Landslide Zone (Champhai)",
        "state": "Mizoram",
        "district": "Champhai",
        "hazard_type": "LANDSLIDE",
        "risk_level": "HIGH",
        "historical_event_count": 1
      },
      "geometry": {
        "type": "Polygon",
        "coordinates": [
          [
            [
              93.38858,
              23.3748
            ],
            [
              93.38856555418002,
              23.37450594857901
            ],
            [
              93.38852235584122,
              23.37421472903395
            ],
            [
              93.3884508210072,
              23.373929145968237
            ],
            [
              93.38835163859754,
              23.373651949702904
            ],
            [
              93.38822576379305,
              23.37338580978952
            ],
            [
              93.38807440883691,
              23.37313328930094
            ],
            [
              93.38789903136009,
              23.37289682014751
            ],
            [
              93.38770132034357,
              23.372678679656442
            ],
            [
              93.3874831798525,
              23.372480968639913
            ],
            [
              93.38724671069906,
              23.372305591163094
            ],
            [
              93.38699419021049,
              23.372154236206956
            ],
            [
              93.3867280502971,
              23.372028361402467
            ],
            [
              93.38645085403176,
              23.371929178992804
            ],
            [
              93.38616527096605,
              23.37185764415879
            ],
            [
              93.385874051421,
              23.371814445819982
            ],
            [
              93.38558,
              23.3718
            ],
            [
              93.38528594857901,
              23.371814445819982
            ],
            [
              93.38499472903396,
              23.37185764415879
            ],
            [
              93.38470914596824,
              23.371929178992804
            ],
            [
              93.38443194970291,
              23.372028361402467
            ],
            [
              93.38416580978952,
              23.372154236206956
            ],
            [
              93.38391328930095,
              23.372305591163094
            ],
            [
              93.38367682014751,
              23.372480968639913
            ],
            [
              93.38345867965644,
              23.372678679656442
            ],
            [
              93.38326096863992,
              23.37289682014751
            ],
            [
              93.3830855911631,
              23.37313328930094
            ],
            [
              93.38293423620696,
              23.37338580978952
            ],
            [
              93.38280836140247,
              23.373651949702904
            ],
            [
              93.38270917899281,
              23.373929145968237
            ],
            [
              93.38263764415879,
              23.37421472903395
            ],
            [
              93.38259444581999,
              23.37450594857901
            ],
            [
              93.38258,
              23.3748
            ],
            [
              93.38259444581999,
              23.37509405142099
            ],
            [
              93.38263764415879,
              23.37538527096605
            ],
            [
              93.38270917899281,
              23.375670854031764
            ],
            [
              93.38280836140247,
              23.375948050297097
            ],
            [
              93.38293423620696,
              23.37621419021048
            ],
            [
              93.3830855911631,
              23.37646671069906
            ],
            [
              93.38326096863992,
              23.37670317985249
            ],
            [
              93.38345867965644,
              23.37692132034356
            ],
            [
              93.38367682014751,
              23.37711903136009
            ],
            [
              93.38391328930095,
              23.377294408836907
            ],
            [
              93.38416580978952,
              23.377445763793045
            ],
            [
              93.38443194970291,
              23.377571638597534
            ],
            [
              93.38470914596824,
              23.377670821007197
            ],
            [
              93.38499472903396,
              23.37774235584121
            ],
            [
              93.38528594857901,
              23.37778555418002
            ],
            [
              93.38558,
              23.3778
            ],
            [
              93.385874051421,
              23.37778555418002
            ],
            [
              93.38616527096605,
              23.37774235584121
            ],
            [
              93.38645085403176,
              23.377670821007197
            ],
            [
              93.3867280502971,
              23.377571638597534
            ],
            [
              93.38699419021049,
              23.377445763793045
            ],
            [
              93.38724671069906,
              23.377294408836907
            ],
            [
              93.3874831798525,
              23.37711903136009
            ],
            [
              93.38770132034357,
              23.37692132034356
            ],
            [
              93.38789903136009,
              23.37670317985249
            ],
            [
              93.38807440883691,
              23.37646671069906
            ],
            [
              93.38822576379305,
              23.37621419021048
            ],
            [
              93.38835163859754,
              23.375948050297097
            ],
            [
              93.3884508210072,
              23.375670854031764
            ],
            [
              93.38852235584122,
              23.37538527096605
            ],
            [
              93.38856555418002,
              23.37509405142099
            ],
            [
              93.38858,
              23.3748
            ]
          ]
        ]
      }
    },
    {
      "type": "Feature",
      "properties": {
        "landslide_id": "UNKNOWN_ID",
        "zone_name": "Landslide Zone (Champhai)",
        "state": "Mizoram",
        "district": "Champhai",
        "hazard_type": "LANDSLIDE",
        "risk_level": "HIGH",
        "historical_event_count": 1
      },
      "geometry": {
        "type": "Polygon",
        "coordinates": [
          [
            [
              93.38825,
              23.3742
            ],
            [
              93.38823555418001,
              23.373905948579008
            ],
            [
              93.38819235584121,
              23.37361472903395
            ],
            [
              93.38812082100719,
              23.373329145968235
            ],
            [
              93.38802163859754,
              23.3730519497029
            ],
            [
              93.38789576379304,
              23.37278580978952
            ],
            [
              93.38774440883691,
              23.37253328930094
            ],
            [
              93.38756903136009,
              23.372296820147508
            ],
            [
              93.38737132034356,
              23.37207867965644
            ],
            [
              93.38715317985249,
              23.37188096863991
            ],
            [
              93.38691671069905,
              23.371705591163092
            ],
            [
              93.38666419021048,
              23.371554236206954
            ],
            [
              93.38639805029709,
              23.371428361402465
            ],
            [
              93.38612085403176,
              23.371329178992802
            ],
            [
              93.38583527096604,
              23.37125764415879
            ],
            [
              93.385544051421,
              23.37121444581998
            ],
            [
              93.38525,
              23.371199999999998
            ],
            [
              93.384955948579,
              23.37121444581998
            ],
            [
              93.38466472903396,
              23.37125764415879
            ],
            [
              93.38437914596824,
              23.371329178992802
            ],
            [
              93.38410194970291,
              23.371428361402465
            ],
            [
              93.38383580978952,
              23.371554236206954
            ],
            [
              93.38358328930094,
              23.371705591163092
            ],
            [
              93.38334682014751,
              23.37188096863991
            ],
            [
              93.38312867965644,
              23.37207867965644
            ],
            [
              93.38293096863991,
              23.372296820147508
            ],
            [
              93.38275559116309,
              23.37253328930094
            ],
            [
              93.38260423620696,
              23.37278580978952
            ],
            [
              93.38247836140246,
              23.3730519497029
            ],
            [
              93.3823791789928,
              23.373329145968235
            ],
            [
              93.38230764415879,
              23.37361472903395
            ],
            [
              93.38226444581998,
              23.373905948579008
            ],
            [
              93.38225,
              23.3742
            ],
            [
              93.38226444581998,
              23.37449405142099
            ],
            [
              93.38230764415879,
              23.374785270966047
            ],
            [
              93.3823791789928,
              23.37507085403176
            ],
            [
              93.38247836140246,
              23.375348050297095
            ],
            [
              93.38260423620696,
              23.375614190210477
            ],
            [
              93.38275559116309,
              23.375866710699057
            ],
            [
              93.38293096863991,
              23.37610317985249
            ],
            [
              93.38312867965644,
              23.376321320343557
            ],
            [
              93.38334682014751,
              23.376519031360086
            ],
            [
              93.38358328930094,
              23.376694408836904
            ],
            [
              93.38383580978952,
              23.376845763793042
            ],
            [
              93.38410194970291,
              23.37697163859753
            ],
            [
              93.38437914596824,
              23.377070821007194
            ],
            [
              93.38466472903396,
              23.377142355841208
            ],
            [
              93.384955948579,
              23.377185554180016
            ],
            [
              93.38525,
              23.3772
            ],
            [
              93.385544051421,
              23.377185554180016
            ],
            [
              93.38583527096604,
              23.377142355841208
            ],
            [
              93.38612085403176,
              23.377070821007194
            ],
            [
              93.38639805029709,
              23.37697163859753
            ],
            [
              93.38666419021048,
              23.376845763793042
            ],
            [
              93.38691671069905,
              23.376694408836904
            ],
            [
              93.38715317985249,
              23.376519031360086
            ],
            [
              93.38737132034356,
              23.376321320343557
            ],
            [
              93.38756903136009,
              23.37610317985249
            ],
            [
              93.38774440883691,
              23.375866710699057
            ],
            [
              93.38789576379304,
              23.375614190210477
            ],
            [
              93.38802163859754,
              23.375348050297095
            ],
            [
              93.38812082100719,
              23.37507085403176
            ],
            [
              93.38819235584121,
              23.374785270966047
            ],
            [
              93.38823555418001,
              23.37449405142099
            ],
            [
              93.38825,
              23.3742
            ]
          ]
        ]
      }
    },
    {
      "type": "Feature",
      "properties": {
        "landslide_id": "UNKNOWN_ID",
        "zone_name": "Landslide Zone (Champhai)",
        "state": "Mizoram",
        "district": "Champhai",
        "hazard_type": "LANDSLIDE",
        "risk_level": "HIGH",
        "historical_event_count": 1
      },
      "geometry": {
        "type": "Polygon",
        "coordinates": [
          [
            [
              93.38833,
              23.373
            ],
            [
              93.38831555418001,
              23.37270594857901
            ],
            [
              93.38827235584121,
              23.372414729033952
            ],
            [
              93.38820082100719,
              23.372129145968238
            ],
            [
              93.38810163859753,
              23.371851949702904
            ],
            [
              93.38797576379304,
              23.371585809789522
            ],
            [
              93.3878244088369,
              23.371333289300942
            ],
            [
              93.38764903136008,
              23.37109682014751
            ],
            [
              93.38745132034356,
              23.370878679656443
            ],
            [
              93.38723317985249,
              23.370680968639913
            ],
            [
              93.38699671069905,
              23.370505591163095
            ],
            [
              93.38674419021048,
              23.370354236206957
            ],
            [
              93.38647805029709,
              23.370228361402468
            ],
            [
              93.38620085403176,
              23.370129178992805
            ],
            [
              93.38591527096604,
              23.37005764415879
            ],
            [
              93.38562405142099,
              23.370014445819983
            ],
            [
              93.38533,
              23.37
            ],
            [
              93.385035948579,
              23.370014445819983
            ],
            [
              93.38474472903395,
              23.37005764415879
            ],
            [
              93.38445914596824,
              23.370129178992805
            ],
            [
              93.3841819497029,
              23.370228361402468
            ],
            [
              93.38391580978951,
              23.370354236206957
            ],
            [
              93.38366328930094,
              23.370505591163095
            ],
            [
              93.3834268201475,
              23.370680968639913
            ],
            [
              93.38320867965643,
              23.370878679656443
            ],
            [
              93.38301096863991,
              23.37109682014751
            ],
            [
              93.38283559116309,
              23.371333289300942
            ],
            [
              93.38268423620696,
              23.371585809789522
            ],
            [
              93.38255836140246,
              23.371851949702904
            ],
            [
              93.3824591789928,
              23.372129145968238
            ],
            [
              93.38238764415878,
              23.372414729033952
            ],
            [
              93.38234444581998,
              23.37270594857901
            ],
            [
              93.38233,
              23.373
            ],
            [
              93.38234444581998,
              23.37329405142099
            ],
            [
              93.38238764415878,
              23.37358527096605
            ],
            [
              93.3824591789928,
              23.373870854031765
            ],
            [
              93.38255836140246,
              23.374148050297098
            ],
            [
              93.38268423620696,
              23.37441419021048
            ],
            [
              93.38283559116309,
              23.37466671069906
            ],
            [
              93.38301096863991,
              23.37490317985249
            ],
            [
              93.38320867965643,
              23.37512132034356
            ],
            [
              93.3834268201475,
              23.37531903136009
            ],
            [
              93.38366328930094,
              23.375494408836907
            ],
            [
              93.38391580978951,
              23.375645763793045
            ],
            [
              93.3841819497029,
              23.375771638597534
            ],
            [
              93.38445914596824,
              23.375870821007197
            ],
            [
              93.38474472903395,
              23.37594235584121
            ],
            [
              93.385035948579,
              23.37598555418002
            ],
            [
              93.38533,
              23.376
            ],
            [
              93.38562405142099,
              23.37598555418002
            ],
            [
              93.38591527096604,
              23.37594235584121
            ],
            [
              93.38620085403176,
              23.375870821007197
            ],
            [
              93.38647805029709,
              23.375771638597534
            ],
            [
              93.38674419021048,
              23.375645763793045
            ],
            [
              93.38699671069905,
              23.375494408836907
            ],
            [
              93.38723317985249,
              23.37531903136009
            ],
            [
              93.38745132034356,
              23.37512132034356
            ],
            [
              93.38764903136008,
              23.37490317985249
            ],
            [
              93.3878244088369,
              23.37466671069906
            ],
            [
              93.38797576379304,
              23.37441419021048
            ],
            [
              93.38810163859753,
              23.374148050297098
            ],
            [
              93.38820082100719,
              23.373870854031765
            ],
            [
              93.38827235584121,
              23.37358527096605
            ],
            [
              93.38831555418001,
              23.37329405142099
            ],
            [
              93.38833,
              23.373
            ]
          ]
        ]
      }
    },
    {
      "type": "Feature",
      "properties": {
        "landslide_id": "UNKNOWN_ID",
        "zone_name": "Landslide Zone (Champhai)",
        "state": "Mizoram",
        "district": "Champhai",
        "hazard_type": "LANDSLIDE",
        "risk_level": "HIGH",
        "historical_event_count": 1
      },
      "geometry": {
        "type": "Polygon",
        "coordinates": [
          [
            [
              93.38865,
              23.3718
            ],
            [
              93.38863555418001,
              23.37150594857901
            ],
            [
              93.38859235584121,
              23.37121472903395
            ],
            [
              93.38852082100719,
              23.370929145968237
            ],
            [
              93.38842163859753,
              23.370651949702903
            ],
            [
              93.38829576379304,
              23.37038580978952
            ],
            [
              93.38814440883691,
              23.37013328930094
            ],
            [
              93.38796903136009,
              23.36989682014751
            ],
            [
              93.38777132034356,
              23.36967867965644
            ],
            [
              93.38755317985249,
              23.369480968639913
            ],
            [
              93.38731671069905,
              23.369305591163094
            ],
            [
              93.38706419021048,
              23.369154236206956
            ],
            [
              93.38679805029709,
              23.369028361402467
            ],
            [
              93.38652085403176,
              23.368929178992804
            ],
            [
              93.38623527096604,
              23.36885764415879
            ],
            [
              93.38594405142099,
              23.368814445819982
            ],
            [
              93.38565,
              23.3688
            ],
            [
              93.385355948579,
              23.368814445819982
            ],
            [
              93.38506472903396,
              23.36885764415879
            ],
            [
              93.38477914596824,
              23.368929178992804
            ],
            [
              93.38450194970291,
              23.369028361402467
            ],
            [
              93.38423580978952,
              23.369154236206956
            ],
            [
              93.38398328930094,
              23.369305591163094
            ],
            [
              93.38374682014751,
              23.369480968639913
            ],
            [
              93.38352867965644,
              23.36967867965644
            ],
            [
              93.38333096863991,
              23.36989682014751
            ],
            [
              93.38315559116309,
              23.37013328930094
            ],
            [
              93.38300423620696,
              23.37038580978952
            ],
            [
              93.38287836140246,
              23.370651949702903
            ],
            [
              93.3827791789928,
              23.370929145968237
            ],
            [
              93.38270764415878,
              23.37121472903395
            ],
            [
              93.38266444581998,
              23.37150594857901
            ],
            [
              93.38265,
              23.3718
            ],
            [
              93.38266444581998,
              23.37209405142099
            ],
            [
              93.38270764415878,
              23.37238527096605
            ],
            [
              93.3827791789928,
              23.372670854031764
            ],
            [
              93.38287836140246,
              23.372948050297097
            ],
            [
              93.38300423620696,
              23.37321419021048
            ],
            [
              93.38315559116309,
              23.37346671069906
            ],
            [
              93.38333096863991,
              23.37370317985249
            ],
            [
              93.38352867965644,
              23.37392132034356
            ],
            [
              93.38374682014751,
              23.374119031360088
            ],
            [
              93.38398328930094,
              23.374294408836906
            ],
            [
              93.38423580978952,
              23.374445763793045
            ],
            [
              93.38450194970291,
              23.374571638597534
            ],
            [
              93.38477914596824,
              23.374670821007197
            ],
            [
              93.38506472903396,
              23.37474235584121
            ],
            [
              93.385355948579,
              23.37478555418002
            ],
            [
              93.38565,
              23.3748
            ],
            [
              93.38594405142099,
              23.37478555418002
            ],
            [
              93.38623527096604,
              23.37474235584121
            ],
            [
              93.38652085403176,
              23.374670821007197
            ],
            [
              93.38679805029709,
              23.374571638597534
            ],
            [
              93.38706419021048,
              23.374445763793045
            ],
            [
              93.38731671069905,
              23.374294408836906
            ],
            [
              93.38755317985249,
              23.374119031360088
            ],
            [
              93.38777132034356,
              23.37392132034356
            ],
            [
              93.38796903136009,
              23.37370317985249
            ],
            [
              93.38814440883691,
              23.37346671069906
            ],
            [
              93.38829576379304,
              23.37321419021048
            ],
            [
              93.38842163859753,
              23.372948050297097
            ],
            [
              93.38852082100719,
              23.372670854031764
            ],
            [
              93.38859235584121,
              23.37238527096605
            ],
            [
              93.38863555418001,
              23.37209405142099
            ],
            [
              93.38865,
              23.3718
            ]
          ]
        ]
      }
    },
    {
      "type": "Feature",
      "properties": {
        "landslide_id": "UNKNOWN_ID",
        "zone_name": "Landslide Zone (Champhai)",
        "state": "Mizoram",
        "district": "Champhai",
        "hazard_type": "LANDSLIDE",
        "risk_level": "HIGH",
        "historical_event_count": 1
      },
      "geometry": {
        "type": "Polygon",
        "coordinates": [
          [
            [
              93.38886,
              23.3704
            ],
            [
              93.38884555418001,
              23.37010594857901
            ],
            [
              93.38880235584121,
              23.36981472903395
            ],
            [
              93.38873082100719,
              23.369529145968237
            ],
            [
              93.38863163859753,
              23.369251949702903
            ],
            [
              93.38850576379303,
              23.36898580978952
            ],
            [
              93.3883544088369,
              23.36873328930094
            ],
            [
              93.38817903136008,
              23.36849682014751
            ],
            [
              93.38798132034356,
              23.36827867965644
            ],
            [
              93.38776317985248,
              23.368080968639912
            ],
            [
              93.38752671069905,
              23.367905591163094
            ],
            [
              93.38727419021048,
              23.367754236206956
            ],
            [
              93.38700805029708,
              23.367628361402467
            ],
            [
              93.38673085403175,
              23.367529178992804
            ],
            [
              93.38644527096604,
              23.36745764415879
            ],
            [
              93.38615405142099,
              23.367414445819982
            ],
            [
              93.38586,
              23.3674
            ],
            [
              93.385565948579,
              23.367414445819982
            ],
            [
              93.38527472903395,
              23.36745764415879
            ],
            [
              93.38498914596823,
              23.367529178992804
            ],
            [
              93.3847119497029,
              23.367628361402467
            ],
            [
              93.38444580978951,
              23.367754236206956
            ],
            [
              93.38419328930094,
              23.367905591163094
            ],
            [
              93.3839568201475,
              23.368080968639912
            ],
            [
              93.38373867965643,
              23.36827867965644
            ],
            [
              93.3835409686399,
              23.36849682014751
            ],
            [
              93.38336559116308,
              23.36873328930094
            ],
            [
              93.38321423620695,
              23.36898580978952
            ],
            [
              93.38308836140246,
              23.369251949702903
            ],
            [
              93.3829891789928,
              23.369529145968237
            ],
            [
              93.38291764415878,
              23.36981472903395
            ],
            [
              93.38287444581998,
              23.37010594857901
            ],
            [
              93.38286,
              23.3704
            ],
            [
              93.38287444581998,
              23.37069405142099
            ],
            [
              93.38291764415878,
              23.37098527096605
            ],
            [
              93.3829891789928,
              23.371270854031764
            ],
            [
              93.38308836140246,
              23.371548050297097
            ],
            [
              93.38321423620695,
              23.37181419021048
            ],
            [
              93.38336559116308,
              23.37206671069906
            ],
            [
              93.3835409686399,
              23.37230317985249
            ],
            [
              93.38373867965643,
              23.37252132034356
            ],
            [
              93.3839568201475,
              23.372719031360088
            ],
            [
              93.38419328930094,
              23.372894408836906
            ],
            [
              93.38444580978951,
              23.373045763793044
            ],
            [
              93.3847119497029,
              23.373171638597533
            ],
            [
              93.38498914596823,
              23.373270821007196
            ],
            [
              93.38527472903395,
              23.37334235584121
            ],
            [
              93.385565948579,
              23.373385554180018
            ],
            [
              93.38586,
              23.3734
            ],
            [
              93.38615405142099,
              23.373385554180018
            ],
            [
              93.38644527096604,
              23.37334235584121
            ],
            [
              93.38673085403175,
              23.373270821007196
            ],
            [
              93.38700805029708,
              23.373171638597533
            ],
            [
              93.38727419021048,
              23.373045763793044
            ],
            [
              93.38752671069905,
              23.372894408836906
            ],
            [
              93.38776317985248,
              23.372719031360088
            ],
            [
              93.38798132034356,
              23.37252132034356
            ],
            [
              93.38817903136008,
              23.37230317985249
            ],
            [
              93.3883544088369,
              23.37206671069906
            ],
            [
              93.38850576379303,
              23.37181419021048
            ],
            [
              93.38863163859753,
              23.371548050297097
            ],
            [
              93.38873082100719,
              23.371270854031764
            ],
            [
              93.38880235584121,
              23.37098527096605
            ],
            [
              93.38884555418001,
              23.37069405142099
            ],
            [
              93.38886,
              23.3704
            ]
          ]
        ]
      }
    },
    {
      "type": "Feature",
      "properties": {
        "landslide_id": "UNKNOWN_ID",
        "zone_name": "Landslide Zone (Champhai)",
        "state": "Mizoram",
        "district": "Champhai",
        "hazard_type": "LANDSLIDE",
        "risk_level": "HIGH",
        "historical_event_count": 1
      },
      "geometry": {
        "type": "Polygon",
        "coordinates": [
          [
            [
              93.38103,
              23.3656
            ],
            [
              93.38101555418001,
              23.36530594857901
            ],
            [
              93.38097235584121,
              23.365014729033952
            ],
            [
              93.38090082100719,
              23.364729145968237
            ],
            [
              93.38080163859753,
              23.364451949702904
            ],
            [
              93.38067576379304,
              23.36418580978952
            ],
            [
              93.3805244088369,
              23.36393328930094
            ],
            [
              93.38034903136008,
              23.36369682014751
            ],
            [
              93.38015132034356,
              23.363478679656442
            ],
            [
              93.37993317985249,
              23.363280968639913
            ],
            [
              93.37969671069905,
              23.363105591163094
            ],
            [
              93.37944419021048,
              23.362954236206956
            ],
            [
              93.37917805029709,
              23.362828361402467
            ],
            [
              93.37890085403176,
              23.362729178992804
            ],
            [
              93.37861527096604,
              23.36265764415879
            ],
            [
              93.37832405142099,
              23.362614445819982
            ],
            [
              93.37803,
              23.3626
            ],
            [
              93.377735948579,
              23.362614445819982
            ],
            [
              93.37744472903395,
              23.36265764415879
            ],
            [
              93.37715914596824,
              23.362729178992804
            ],
            [
              93.3768819497029,
              23.362828361402467
            ],
            [
              93.37661580978951,
              23.362954236206956
            ],
            [
              93.37636328930094,
              23.363105591163094
            ],
            [
              93.3761268201475,
              23.363280968639913
            ],
            [
              93.37590867965643,
              23.363478679656442
            ],
            [
              93.37571096863991,
              23.36369682014751
            ],
            [
              93.37553559116309,
              23.36393328930094
            ],
            [
              93.37538423620695,
              23.36418580978952
            ],
            [
              93.37525836140246,
              23.364451949702904
            ],
            [
              93.3751591789928,
              23.364729145968237
            ],
            [
              93.37508764415878,
              23.365014729033952
            ],
            [
              93.37504444581998,
              23.36530594857901
            ],
            [
              93.37503,
              23.3656
            ],
            [
              93.37504444581998,
              23.36589405142099
            ],
            [
              93.37508764415878,
              23.36618527096605
            ],
            [
              93.3751591789928,
              23.366470854031764
            ],
            [
              93.37525836140246,
              23.366748050297097
            ],
            [
              93.37538423620695,
              23.36701419021048
            ],
            [
              93.37553559116309,
              23.36726671069906
            ],
            [
              93.37571096863991,
              23.36750317985249
            ],
            [
              93.37590867965643,
              23.36772132034356
            ],
            [
              93.3761268201475,
              23.36791903136009
            ],
            [
              93.37636328930094,
              23.368094408836907
            ],
            [
              93.37661580978951,
              23.368245763793045
            ],
            [
              93.3768819497029,
              23.368371638597534
            ],
            [
              93.37715914596824,
              23.368470821007197
            ],
            [
              93.37744472903395,
              23.36854235584121
            ],
            [
              93.377735948579,
              23.36858555418002
            ],
            [
              93.37803,
              23.3686
            ],
            [
              93.37832405142099,
              23.36858555418002
            ],
            [
              93.37861527096604,
              23.36854235584121
            ],
            [
              93.37890085403176,
              23.368470821007197
            ],
            [
              93.37917805029709,
              23.368371638597534
            ],
            [
              93.37944419021048,
              23.368245763793045
            ],
            [
              93.37969671069905,
              23.368094408836907
            ],
            [
              93.37993317985249,
              23.36791903136009
            ],
            [
              93.38015132034356,
              23.36772132034356
            ],
            [
              93.38034903136008,
              23.36750317985249
            ],
            [
              93.3805244088369,
              23.36726671069906
            ],
            [
              93.38067576379304,
              23.36701419021048
            ],
            [
              93.38080163859753,
              23.366748050297097
            ],
            [
              93.38090082100719,
              23.366470854031764
            ],
            [
              93.38097235584121,
              23.36618527096605
            ],
            [
              93.38101555418001,
              23.36589405142099
            ],
            [
              93.38103,
              23.3656
            ]
          ]
        ]
      }
    },
    {
      "type": "Feature",
      "properties": {
        "landslide_id": "UNKNOWN_ID",
        "zone_name": "Landslide Zone (Champhai)",
        "state": "Mizoram",
        "district": "Champhai",
        "hazard_type": "LANDSLIDE",
        "risk_level": "HIGH",
        "historical_event_count": 1
      },
      "geometry": {
        "type": "Polygon",
        "coordinates": [
          [
            [
              93.38292,
              23.3685
            ],
            [
              93.38290555418001,
              23.36820594857901
            ],
            [
              93.38286235584121,
              23.367914729033952
            ],
            [
              93.38279082100719,
              23.367629145968237
            ],
            [
              93.38269163859754,
              23.367351949702904
            ],
            [
              93.38256576379304,
              23.367085809789522
            ],
            [
              93.38241440883691,
              23.366833289300942
            ],
            [
              93.38223903136009,
              23.36659682014751
            ],
            [
              93.38204132034356,
              23.366378679656442
            ],
            [
              93.38182317985249,
              23.366180968639913
            ],
            [
              93.38158671069905,
              23.366005591163095
            ],
            [
              93.38133419021048,
              23.365854236206957
            ],
            [
              93.38106805029709,
              23.365728361402468
            ],
            [
              93.38079085403176,
              23.365629178992805
            ],
            [
              93.38050527096604,
              23.36555764415879
            ],
            [
              93.38021405142099,
              23.365514445819983
            ],
            [
              93.37992,
              23.3655
            ],
            [
              93.379625948579,
              23.365514445819983
            ],
            [
              93.37933472903396,
              23.36555764415879
            ],
            [
              93.37904914596824,
              23.365629178992805
            ],
            [
              93.37877194970291,
              23.365728361402468
            ],
            [
              93.37850580978952,
              23.365854236206957
            ],
            [
              93.37825328930094,
              23.366005591163095
            ],
            [
              93.37801682014751,
              23.366180968639913
            ],
            [
              93.37779867965644,
              23.366378679656442
            ],
            [
              93.37760096863991,
              23.36659682014751
            ],
            [
              93.37742559116309,
              23.366833289300942
            ],
            [
              93.37727423620696,
              23.367085809789522
            ],
            [
              93.37714836140246,
              23.367351949702904
            ],
            [
              93.3770491789928,
              23.367629145968237
            ],
            [
              93.37697764415879,
              23.367914729033952
            ],
            [
              93.37693444581998,
              23.36820594857901
            ],
            [
              93.37692,
              23.3685
            ],
            [
              93.37693444581998,
              23.36879405142099
            ],
            [
              93.37697764415879,
              23.36908527096605
            ],
            [
              93.3770491789928,
              23.369370854031764
            ],
            [
              93.37714836140246,
              23.369648050297098
            ],
            [
              93.37727423620696,
              23.36991419021048
            ],
            [
              93.37742559116309,
              23.37016671069906
            ],
            [
              93.37760096863991,
              23.37040317985249
            ],
            [
              93.37779867965644,
              23.37062132034356
            ],
            [
              93.37801682014751,
              23.37081903136009
            ],
            [
              93.37825328930094,
              23.370994408836907
            ],
            [
              93.37850580978952,
              23.371145763793045
            ],
            [
              93.37877194970291,
              23.371271638597534
            ],
            [
              93.37904914596824,
              23.371370821007197
            ],
            [
              93.37933472903396,
              23.37144235584121
            ],
            [
              93.379625948579,
              23.37148555418002
            ],
            [
              93.37992,
              23.3715
            ],
            [
              93.38021405142099,
              23.37148555418002
            ],
            [
              93.38050527096604,
              23.37144235584121
            ],
            [
              93.38079085403176,
              23.371370821007197
            ],
            [
              93.38106805029709,
              23.371271638597534
            ],
            [
              93.38133419021048,
              23.371145763793045
            ],
            [
              93.38158671069905,
              23.370994408836907
            ],
            [
              93.38182317985249,
              23.37081903136009
            ],
            [
              93.38204132034356,
              23.37062132034356
            ],
            [
              93.38223903136009,
              23.37040317985249
            ],
            [
              93.38241440883691,
              23.37016671069906
            ],
            [
              93.38256576379304,
              23.36991419021048
            ],
            [
              93.38269163859754,
              23.369648050297098
            ],
            [
              93.38279082100719,
              23.369370854031764
            ],
            [
              93.38286235584121,
              23.36908527096605
            ],
            [
              93.38290555418001,
              23.36879405142099
            ],
            [
              93.38292,
              23.3685
            ]
          ]
        ]
      }
    },
    {
      "type": "Feature",
      "properties": {
        "landslide_id": "UNKNOWN_ID",
        "zone_name": "Landslide Zone (Champhai)",
        "state": "Mizoram",
        "district": "Champhai",
        "hazard_type": "LANDSLIDE",
        "risk_level": "HIGH",
        "historical_event_count": 1
      },
      "geometry": {
        "type": "Polygon",
        "coordinates": [
          [
            [
              93.38461,
              23.364
            ],
            [
              93.38459555418001,
              23.36370594857901
            ],
            [
              93.38455235584121,
              23.363414729033952
            ],
            [
              93.38448082100719,
              23.363129145968237
            ],
            [
              93.38438163859753,
              23.362851949702904
            ],
            [
              93.38425576379304,
              23.362585809789522
            ],
            [
              93.3841044088369,
              23.362333289300942
            ],
            [
              93.38392903136008,
              23.36209682014751
            ],
            [
              93.38373132034356,
              23.361878679656442
            ],
            [
              93.38351317985249,
              23.361680968639913
            ],
            [
              93.38327671069905,
              23.361505591163095
            ],
            [
              93.38302419021048,
              23.361354236206957
            ],
            [
              93.38275805029708,
              23.361228361402468
            ],
            [
              93.38248085403175,
              23.361129178992805
            ],
            [
              93.38219527096604,
              23.36105764415879
            ],
            [
              93.38190405142099,
              23.361014445819983
            ],
            [
              93.38161,
              23.361
            ],
            [
              93.381315948579,
              23.361014445819983
            ],
            [
              93.38102472903395,
              23.36105764415879
            ],
            [
              93.38073914596823,
              23.361129178992805
            ],
            [
              93.3804619497029,
              23.361228361402468
            ],
            [
              93.38019580978951,
              23.361354236206957
            ],
            [
              93.37994328930094,
              23.361505591163095
            ],
            [
              93.3797068201475,
              23.361680968639913
            ],
            [
              93.37948867965643,
              23.361878679656442
            ],
            [
              93.3792909686399,
              23.36209682014751
            ],
            [
              93.37911559116309,
              23.362333289300942
            ],
            [
              93.37896423620695,
              23.362585809789522
            ],
            [
              93.37883836140246,
              23.362851949702904
            ],
            [
              93.3787391789928,
              23.363129145968237
            ],
            [
              93.37866764415878,
              23.363414729033952
            ],
            [
              93.37862444581998,
              23.36370594857901
            ],
            [
              93.37861,
              23.364
            ],
            [
              93.37862444581998,
              23.36429405142099
            ],
            [
              93.37866764415878,
              23.36458527096605
            ],
            [
              93.3787391789928,
              23.364870854031764
            ],
            [
              93.37883836140246,
              23.365148050297098
            ],
            [
              93.37896423620695,
              23.36541419021048
            ],
            [
              93.37911559116309,
              23.36566671069906
            ],
            [
              93.3792909686399,
              23.36590317985249
            ],
            [
              93.37948867965643,
              23.36612132034356
            ],
            [
              93.3797068201475,
              23.36631903136009
            ],
            [
              93.37994328930094,
              23.366494408836907
            ],
            [
              93.38019580978951,
              23.366645763793045
            ],
            [
              93.3804619497029,
              23.366771638597534
            ],
            [
              93.38073914596823,
              23.366870821007197
            ],
            [
              93.38102472903395,
              23.36694235584121
            ],
            [
              93.381315948579,
              23.36698555418002
            ],
            [
              93.38161,
              23.367
            ],
            [
              93.38190405142099,
              23.36698555418002
            ],
            [
              93.38219527096604,
              23.36694235584121
            ],
            [
              93.38248085403175,
              23.366870821007197
            ],
            [
              93.38275805029708,
              23.366771638597534
            ],
            [
              93.38302419021048,
              23.366645763793045
            ],
            [
              93.38327671069905,
              23.366494408836907
            ],
            [
              93.38351317985249,
              23.36631903136009
            ],
            [
              93.38373132034356,
              23.36612132034356
            ],
            [
              93.38392903136008,
              23.36590317985249
            ],
            [
              93.3841044088369,
              23.36566671069906
            ],
            [
              93.38425576379304,
              23.36541419021048
            ],
            [
              93.38438163859753,
              23.365148050297098
            ],
            [
              93.38448082100719,
              23.364870854031764
            ],
            [
              93.38455235584121,
              23.36458527096605
            ],
            [
              93.38459555418001,
              23.36429405142099
            ],
            [
              93.38461,
              23.364
            ]
          ]
        ]
      }
    },
    {
      "type": "Feature",
      "properties": {
        "landslide_id": "UNKNOWN_ID",
        "zone_name": "Landslide Zone (Champhai)",
        "state": "Mizoram",
        "district": "Champhai",
        "hazard_type": "LANDSLIDE",
        "risk_level": "HIGH",
        "historical_event_count": 1
      },
      "geometry": {
        "type": "Polygon",
        "coordinates": [
          [
            [
              93.38406,
              23.3634
            ],
            [
              93.38404555418002,
              23.36310594857901
            ],
            [
              93.38400235584122,
              23.36281472903395
            ],
            [
              93.3839308210072,
              23.362529145968235
            ],
            [
              93.38383163859754,
              23.3622519497029
            ],
            [
              93.38370576379305,
              23.36198580978952
            ],
            [
              93.38355440883691,
              23.36173328930094
            ],
            [
              93.38337903136009,
              23.361496820147508
            ],
            [
              93.38318132034357,
              23.36127867965644
            ],
            [
              93.3829631798525,
              23.36108096863991
            ],
            [
              93.38272671069906,
              23.360905591163093
            ],
            [
              93.38247419021049,
              23.360754236206954
            ],
            [
              93.3822080502971,
              23.360628361402465
            ],
            [
              93.38193085403176,
              23.360529178992802
            ],
            [
              93.38164527096605,
              23.36045764415879
            ],
            [
              93.381354051421,
              23.36041444581998
            ],
            [
              93.38106,
              23.3604
            ],
            [
              93.38076594857901,
              23.36041444581998
            ],
            [
              93.38047472903396,
              23.36045764415879
            ],
            [
              93.38018914596825,
              23.360529178992802
            ],
            [
              93.37991194970292,
              23.360628361402465
            ],
            [
              93.37964580978952,
              23.360754236206954
            ],
            [
              93.37939328930095,
              23.360905591163093
            ],
            [
              93.37915682014751,
              23.36108096863991
            ],
            [
              93.37893867965644,
              23.36127867965644
            ],
            [
              93.37874096863992,
              23.361496820147508
            ],
            [
              93.3785655911631,
              23.36173328930094
            ],
            [
              93.37841423620696,
              23.36198580978952
            ],
            [
              93.37828836140247,
              23.3622519497029
            ],
            [
              93.37818917899281,
              23.362529145968235
            ],
            [
              93.37811764415879,
              23.36281472903395
            ],
            [
              93.37807444581999,
              23.36310594857901
            ],
            [
              93.37806,
              23.3634
            ],
            [
              93.37807444581999,
              23.36369405142099
            ],
            [
              93.37811764415879,
              23.363985270966047
            ],
            [
              93.37818917899281,
              23.364270854031762
            ],
            [
              93.37828836140247,
              23.364548050297095
            ],
            [
              93.37841423620696,
              23.364814190210478
            ],
            [
              93.3785655911631,
              23.365066710699057
            ],
            [
              93.37874096863992,
              23.36530317985249
            ],
            [
              93.37893867965644,
              23.365521320343557
            ],
            [
              93.37915682014751,
              23.365719031360086
            ],
            [
              93.37939328930095,
              23.365894408836905
            ],
            [
              93.37964580978952,
              23.366045763793043
            ],
            [
              93.37991194970292,
              23.36617163859753
            ],
            [
              93.38018914596825,
              23.366270821007195
            ],
            [
              93.38047472903396,
              23.36634235584121
            ],
            [
              93.38076594857901,
              23.366385554180017
            ],
            [
              93.38106,
              23.3664
            ],
            [
              93.381354051421,
              23.366385554180017
            ],
            [
              93.38164527096605,
              23.36634235584121
            ],
            [
              93.38193085403176,
              23.366270821007195
            ],
            [
              93.3822080502971,
              23.36617163859753
            ],
            [
              93.38247419021049,
              23.366045763793043
            ],
            [
              93.38272671069906,
              23.365894408836905
            ],
            [
              93.3829631798525,
              23.365719031360086
            ],
            [
              93.38318132034357,
              23.365521320343557
            ],
            [
              93.38337903136009,
              23.36530317985249
            ],
            [
              93.38355440883691,
              23.365066710699057
            ],
            [
              93.38370576379305,
              23.364814190210478
            ],
            [
              93.38383163859754,
              23.364548050297095
            ],
            [
              93.3839308210072,
              23.364270854031762
            ],
            [
              93.38400235584122,
              23.363985270966047
            ],
            [
              93.38404555418002,
              23.36369405142099
            ],
            [
              93.38406,
              23.3634
            ]
          ]
        ]
      }
    },
    {
      "type": "Feature",
      "properties": {
        "landslide_id": "UNKNOWN_ID",
        "zone_name": "Landslide Zone (Champhai)",
        "state": "Mizoram",
        "district": "Champhai",
        "hazard_type": "LANDSLIDE",
        "risk_level": "HIGH",
        "historical_event_count": 1
      },
      "geometry": {
        "type": "Polygon",
        "coordinates": [
          [
            [
              93.38642,
              23.3659
            ],
            [
              93.38640555418002,
              23.36560594857901
            ],
            [
              93.38636235584121,
              23.36531472903395
            ],
            [
              93.3862908210072,
              23.365029145968236
            ],
            [
              93.38619163859754,
              23.364751949702903
            ],
            [
              93.38606576379304,
              23.36448580978952
            ],
            [
              93.38591440883691,
              23.36423328930094
            ],
            [
              93.38573903136009,
              23.36399682014751
            ],
            [
              93.38554132034356,
              23.36377867965644
            ],
            [
              93.38532317985249,
              23.363580968639912
            ],
            [
              93.38508671069906,
              23.363405591163094
            ],
            [
              93.38483419021048,
              23.363254236206956
            ],
            [
              93.38456805029709,
              23.363128361402467
            ],
            [
              93.38429085403176,
              23.363029178992804
            ],
            [
              93.38400527096604,
              23.36295764415879
            ],
            [
              93.383714051421,
              23.362914445819982
            ],
            [
              93.38342,
              23.3629
            ],
            [
              93.383125948579,
              23.362914445819982
            ],
            [
              93.38283472903396,
              23.36295764415879
            ],
            [
              93.38254914596824,
              23.363029178992804
            ],
            [
              93.38227194970291,
              23.363128361402467
            ],
            [
              93.38200580978952,
              23.363254236206956
            ],
            [
              93.38175328930095,
              23.363405591163094
            ],
            [
              93.38151682014751,
              23.363580968639912
            ],
            [
              93.38129867965644,
              23.36377867965644
            ],
            [
              93.38110096863991,
              23.36399682014751
            ],
            [
              93.38092559116309,
              23.36423328930094
            ],
            [
              93.38077423620696,
              23.36448580978952
            ],
            [
              93.38064836140246,
              23.364751949702903
            ],
            [
              93.38054917899281,
              23.365029145968236
            ],
            [
              93.38047764415879,
              23.36531472903395
            ],
            [
              93.38043444581999,
              23.36560594857901
            ],
            [
              93.38042,
              23.3659
            ],
            [
              93.38043444581999,
              23.36619405142099
            ],
            [
              93.38047764415879,
              23.36648527096605
            ],
            [
              93.38054917899281,
              23.366770854031763
            ],
            [
              93.38064836140246,
              23.367048050297097
            ],
            [
              93.38077423620696,
              23.36731419021048
            ],
            [
              93.38092559116309,
              23.36756671069906
            ],
            [
              93.38110096863991,
              23.36780317985249
            ],
            [
              93.38129867965644,
              23.36802132034356
            ],
            [
              93.38151682014751,
              23.368219031360088
            ],
            [
              93.38175328930095,
              23.368394408836906
            ],
            [
              93.38200580978952,
              23.368545763793044
            ],
            [
              93.38227194970291,
              23.368671638597533
            ],
            [
              93.38254914596824,
              23.368770821007196
            ],
            [
              93.38283472903396,
              23.36884235584121
            ],
            [
              93.383125948579,
              23.368885554180018
            ],
            [
              93.38342,
              23.3689
            ],
            [
              93.383714051421,
              23.368885554180018
            ],
            [
              93.38400527096604,
              23.36884235584121
            ],
            [
              93.38429085403176,
              23.368770821007196
            ],
            [
              93.38456805029709,
              23.368671638597533
            ],
            [
              93.38483419021048,
              23.368545763793044
            ],
            [
              93.38508671069906,
              23.368394408836906
            ],
            [
              93.38532317985249,
              23.368219031360088
            ],
            [
              93.38554132034356,
              23.36802132034356
            ],
            [
              93.38573903136009,
              23.36780317985249
            ],
            [
              93.38591440883691,
              23.36756671069906
            ],
            [
              93.38606576379304,
              23.36731419021048
            ],
            [
              93.38619163859754,
              23.367048050297097
            ],
            [
              93.3862908210072,
              23.366770854031763
            ],
            [
              93.38636235584121,
              23.36648527096605
            ],
            [
              93.38640555418002,
              23.36619405142099
            ],
            [
              93.38642,
              23.3659
            ]
          ]
        ]
      }
    },
    {
      "type": "Feature",
      "properties": {
        "landslide_id": "UNKNOWN_ID",
        "zone_name": "Landslide Zone (Champhai)",
        "state": "Mizoram",
        "district": "Champhai",
        "hazard_type": "LANDSLIDE",
        "risk_level": "HIGH",
        "historical_event_count": 1
      },
      "geometry": {
        "type": "Polygon",
        "coordinates": [
          [
            [
              93.38672,
              23.3667
            ],
            [
              93.38670555418001,
              23.36640594857901
            ],
            [
              93.38666235584121,
              23.366114729033953
            ],
            [
              93.38659082100719,
              23.365829145968238
            ],
            [
              93.38649163859753,
              23.365551949702905
            ],
            [
              93.38636576379304,
              23.365285809789523
            ],
            [
              93.3862144088369,
              23.365033289300943
            ],
            [
              93.38603903136008,
              23.36479682014751
            ],
            [
              93.38584132034356,
              23.364578679656443
            ],
            [
              93.38562317985249,
              23.364380968639914
            ],
            [
              93.38538671069905,
              23.364205591163095
            ],
            [
              93.38513419021048,
              23.364054236206957
            ],
            [
              93.38486805029709,
              23.36392836140247
            ],
            [
              93.38459085403176,
              23.363829178992805
            ],
            [
              93.38430527096604,
              23.36375764415879
            ],
            [
              93.38401405142099,
              23.363714445819983
            ],
            [
              93.38372,
              23.3637
            ],
            [
              93.383425948579,
              23.363714445819983
            ],
            [
              93.38313472903396,
              23.36375764415879
            ],
            [
              93.38284914596824,
              23.363829178992805
            ],
            [
              93.3825719497029,
              23.36392836140247
            ],
            [
              93.38230580978951,
              23.364054236206957
            ],
            [
              93.38205328930094,
              23.364205591163095
            ],
            [
              93.3818168201475,
              23.364380968639914
            ],
            [
              93.38159867965643,
              23.364578679656443
            ],
            [
              93.38140096863991,
              23.36479682014751
            ],
            [
              93.38122559116309,
              23.365033289300943
            ],
            [
              93.38107423620696,
              23.365285809789523
            ],
            [
              93.38094836140246,
              23.365551949702905
            ],
            [
              93.3808491789928,
              23.365829145968238
            ],
            [
              93.38077764415878,
              23.366114729033953
            ],
            [
              93.38073444581998,
              23.36640594857901
            ],
            [
              93.38072,
              23.3667
            ],
            [
              93.38073444581998,
              23.366994051420992
            ],
            [
              93.38077764415878,
              23.36728527096605
            ],
            [
              93.3808491789928,
              23.367570854031765
            ],
            [
              93.38094836140246,
              23.3678480502971
            ],
            [
              93.38107423620696,
              23.36811419021048
            ],
            [
              93.38122559116309,
              23.36836671069906
            ],
            [
              93.38140096863991,
              23.368603179852492
            ],
            [
              93.38159867965643,
              23.36882132034356
            ],
            [
              93.3818168201475,
              23.36901903136009
            ],
            [
              93.38205328930094,
              23.369194408836908
            ],
            [
              93.38230580978951,
              23.369345763793046
            ],
            [
              93.3825719497029,
              23.369471638597535
            ],
            [
              93.38284914596824,
              23.369570821007198
            ],
            [
              93.38313472903396,
              23.36964235584121
            ],
            [
              93.383425948579,
              23.36968555418002
            ],
            [
              93.38372,
              23.3697
            ],
            [
              93.38401405142099,
              23.36968555418002
            ],
            [
              93.38430527096604,
              23.36964235584121
            ],
            [
              93.38459085403176,
              23.369570821007198
            ],
            [
              93.38486805029709,
              23.369471638597535
            ],
            [
              93.38513419021048,
              23.369345763793046
            ],
            [
              93.38538671069905,
              23.369194408836908
            ],
            [
              93.38562317985249,
              23.36901903136009
            ],
            [
              93.38584132034356,
              23.36882132034356
            ],
            [
              93.38603903136008,
              23.368603179852492
            ],
            [
              93.3862144088369,
              23.36836671069906
            ],
            [
              93.38636576379304,
              23.36811419021048
            ],
            [
              93.38649163859753,
              23.3678480502971
            ],
            [
              93.38659082100719,
              23.367570854031765
            ],
            [
              93.38666235584121,
              23.36728527096605
            ],
            [
              93.38670555418001,
              23.366994051420992
            ],
            [
              93.38672,
              23.3667
            ]
          ]
        ]
      }
    },
    {
      "type": "Feature",
      "properties": {
        "landslide_id": "UNKNOWN_ID",
        "zone_name": "Landslide Zone (Champhai)",
        "state": "Mizoram",
        "district": "Champhai",
        "hazard_type": "LANDSLIDE",
        "risk_level": "HIGH",
        "historical_event_count": 1
      },
      "geometry": {
        "type": "Polygon",
        "coordinates": [
          [
            [
              93.38628,
              23.3738
            ],
            [
              93.38626555418001,
              23.37350594857901
            ],
            [
              93.38622235584121,
              23.37321472903395
            ],
            [
              93.38615082100719,
              23.372929145968236
            ],
            [
              93.38605163859754,
              23.372651949702902
            ],
            [
              93.38592576379304,
              23.37238580978952
            ],
            [
              93.38577440883691,
              23.37213328930094
            ],
            [
              93.38559903136009,
              23.37189682014751
            ],
            [
              93.38540132034356,
              23.37167867965644
            ],
            [
              93.38518317985249,
              23.37148096863991
            ],
            [
              93.38494671069905,
              23.371305591163093
            ],
            [
              93.38469419021048,
              23.371154236206955
            ],
            [
              93.38442805029709,
              23.371028361402466
            ],
            [
              93.38415085403176,
              23.370929178992803
            ],
            [
              93.38386527096604,
              23.37085764415879
            ],
            [
              93.383574051421,
              23.37081444581998
            ],
            [
              93.38328,
              23.3708
            ],
            [
              93.382985948579,
              23.37081444581998
            ],
            [
              93.38269472903396,
              23.37085764415879
            ],
            [
              93.38240914596824,
              23.370929178992803
            ],
            [
              93.38213194970291,
              23.371028361402466
            ],
            [
              93.38186580978952,
              23.371154236206955
            ],
            [
              93.38161328930094,
              23.371305591163093
            ],
            [
              93.38137682014751,
              23.37148096863991
            ],
            [
              93.38115867965644,
              23.37167867965644
            ],
            [
              93.38096096863991,
              23.37189682014751
            ],
            [
              93.38078559116309,
              23.37213328930094
            ],
            [
              93.38063423620696,
              23.37238580978952
            ],
            [
              93.38050836140246,
              23.372651949702902
            ],
            [
              93.3804091789928,
              23.372929145968236
            ],
            [
              93.38033764415879,
              23.37321472903395
            ],
            [
              93.38029444581998,
              23.37350594857901
            ],
            [
              93.38028,
              23.3738
            ],
            [
              93.38029444581998,
              23.37409405142099
            ],
            [
              93.38033764415879,
              23.374385270966048
            ],
            [
              93.3804091789928,
              23.374670854031763
            ],
            [
              93.38050836140246,
              23.374948050297096
            ],
            [
              93.38063423620696,
              23.375214190210478
            ],
            [
              93.38078559116309,
              23.375466710699058
            ],
            [
              93.38096096863991,
              23.37570317985249
            ],
            [
              93.38115867965644,
              23.375921320343558
            ],
            [
              93.38137682014751,
              23.376119031360087
            ],
            [
              93.38161328930094,
              23.376294408836905
            ],
            [
              93.38186580978952,
              23.376445763793043
            ],
            [
              93.38213194970291,
              23.376571638597532
            ],
            [
              93.38240914596824,
              23.376670821007195
            ],
            [
              93.38269472903396,
              23.37674235584121
            ],
            [
              93.382985948579,
              23.376785554180017
            ],
            [
              93.38328,
              23.3768
            ],
            [
              93.383574051421,
              23.376785554180017
            ],
            [
              93.38386527096604,
              23.37674235584121
            ],
            [
              93.38415085403176,
              23.376670821007195
            ],
            [
              93.38442805029709,
              23.376571638597532
            ],
            [
              93.38469419021048,
              23.376445763793043
            ],
            [
              93.38494671069905,
              23.376294408836905
            ],
            [
              93.38518317985249,
              23.376119031360087
            ],
            [
              93.38540132034356,
              23.375921320343558
            ],
            [
              93.38559903136009,
              23.37570317985249
            ],
            [
              93.38577440883691,
              23.375466710699058
            ],
            [
              93.38592576379304,
              23.375214190210478
            ],
            [
              93.38605163859754,
              23.374948050297096
            ],
            [
              93.38615082100719,
              23.374670854031763
            ],
            [
              93.38622235584121,
              23.374385270966048
            ],
            [
              93.38626555418001,
              23.37409405142099
            ],
            [
              93.38628,
              23.3738
            ]
          ]
        ]
      }
    },
    {
      "type": "Feature",
      "properties": {
        "landslide_id": "UNKNOWN_ID",
        "zone_name": "Landslide Zone (Champhai)",
        "state": "Mizoram",
        "district": "Champhai",
        "hazard_type": "LANDSLIDE",
        "risk_level": "HIGH",
        "historical_event_count": 1
      },
      "geometry": {
        "type": "Polygon",
        "coordinates": [
          [
            [
              93.3425,
              23.4386
            ],
            [
              93.34248555418002,
              23.43830594857901
            ],
            [
              93.34244235584121,
              23.438014729033952
            ],
            [
              93.3423708210072,
              23.437729145968238
            ],
            [
              93.34227163859754,
              23.437451949702904
            ],
            [
              93.34214576379304,
              23.437185809789522
            ],
            [
              93.34199440883691,
              23.436933289300942
            ],
            [
              93.34181903136009,
              23.43669682014751
            ],
            [
              93.34162132034356,
              23.436478679656442
            ],
            [
              93.34140317985249,
              23.436280968639913
            ],
            [
              93.34116671069906,
              23.436105591163095
            ],
            [
              93.34091419021048,
              23.435954236206957
            ],
            [
              93.34064805029709,
              23.435828361402468
            ],
            [
              93.34037085403176,
              23.435729178992805
            ],
            [
              93.34008527096604,
              23.43565764415879
            ],
            [
              93.339794051421,
              23.435614445819983
            ],
            [
              93.3395,
              23.4356
            ],
            [
              93.339205948579,
              23.435614445819983
            ],
            [
              93.33891472903396,
              23.43565764415879
            ],
            [
              93.33862914596824,
              23.435729178992805
            ],
            [
              93.33835194970291,
              23.435828361402468
            ],
            [
              93.33808580978952,
              23.435954236206957
            ],
            [
              93.33783328930095,
              23.436105591163095
            ],
            [
              93.33759682014751,
              23.436280968639913
            ],
            [
              93.33737867965644,
              23.436478679656442
            ],
            [
              93.33718096863991,
              23.43669682014751
            ],
            [
              93.33700559116309,
              23.436933289300942
            ],
            [
              93.33685423620696,
              23.437185809789522
            ],
            [
              93.33672836140246,
              23.437451949702904
            ],
            [
              93.33662917899281,
              23.437729145968238
            ],
            [
              93.33655764415879,
              23.438014729033952
            ],
            [
              93.33651444581999,
              23.43830594857901
            ],
            [
              93.3365,
              23.4386
            ],
            [
              93.33651444581999,
              23.43889405142099
            ],
            [
              93.33655764415879,
              23.43918527096605
            ],
            [
              93.33662917899281,
              23.439470854031764
            ],
            [
              93.33672836140246,
              23.439748050297098
            ],
            [
              93.33685423620696,
              23.44001419021048
            ],
            [
              93.33700559116309,
              23.44026671069906
            ],
            [
              93.33718096863991,
              23.44050317985249
            ],
            [
              93.33737867965644,
              23.44072132034356
            ],
            [
              93.33759682014751,
              23.44091903136009
            ],
            [
              93.33783328930095,
              23.441094408836907
            ],
            [
              93.33808580978952,
              23.441245763793045
            ],
            [
              93.33835194970291,
              23.441371638597534
            ],
            [
              93.33862914596824,
              23.441470821007197
            ],
            [
              93.33891472903396,
              23.44154235584121
            ],
            [
              93.339205948579,
              23.44158555418002
            ],
            [
              93.3395,
              23.4416
            ],
            [
              93.339794051421,
              23.44158555418002
            ],
            [
              93.34008527096604,
              23.44154235584121
            ],
            [
              93.34037085403176,
              23.441470821007197
            ],
            [
              93.34064805029709,
              23.441371638597534
            ],
            [
              93.34091419021048,
              23.441245763793045
            ],
            [
              93.34116671069906,
              23.441094408836907
            ],
            [
              93.34140317985249,
              23.44091903136009
            ],
            [
              93.34162132034356,
              23.44072132034356
            ],
            [
              93.34181903136009,
              23.44050317985249
            ],
            [
              93.34199440883691,
              23.44026671069906
            ],
            [
              93.34214576379304,
              23.44001419021048
            ],
            [
              93.34227163859754,
              23.439748050297098
            ],
            [
              93.3423708210072,
              23.439470854031764
            ],
            [
              93.34244235584121,
              23.43918527096605
            ],
            [
              93.34248555418002,
              23.43889405142099
            ],
            [
              93.3425,
              23.4386
            ]
          ]
        ]
      }
    },
    {
      "type": "Feature",
      "properties": {
        "landslide_id": "UNKNOWN_ID",
        "zone_name": "Landslide Zone (Champhai)",
        "state": "Mizoram",
        "district": "Champhai",
        "hazard_type": "LANDSLIDE",
        "risk_level": "HIGH",
        "historical_event_count": 1
      },
      "geometry": {
        "type": "Polygon",
        "coordinates": [
          [
            [
              93.34364,
              23.4431
            ],
            [
              93.34362555418001,
              23.44280594857901
            ],
            [
              93.3435823558412,
              23.442514729033952
            ],
            [
              93.34351082100719,
              23.442229145968238
            ],
            [
              93.34341163859753,
              23.441951949702904
            ],
            [
              93.34328576379303,
              23.441685809789522
            ],
            [
              93.3431344088369,
              23.441433289300942
            ],
            [
              93.34295903136008,
              23.44119682014751
            ],
            [
              93.34276132034356,
              23.440978679656443
            ],
            [
              93.34254317985248,
              23.440780968639913
            ],
            [
              93.34230671069905,
              23.440605591163095
            ],
            [
              93.34205419021048,
              23.440454236206957
            ],
            [
              93.34178805029708,
              23.440328361402468
            ],
            [
              93.34151085403175,
              23.440229178992805
            ],
            [
              93.34122527096604,
              23.44015764415879
            ],
            [
              93.34093405142099,
              23.440114445819983
            ],
            [
              93.34064,
              23.4401
            ],
            [
              93.340345948579,
              23.440114445819983
            ],
            [
              93.34005472903395,
              23.44015764415879
            ],
            [
              93.33976914596823,
              23.440229178992805
            ],
            [
              93.3394919497029,
              23.440328361402468
            ],
            [
              93.33922580978951,
              23.440454236206957
            ],
            [
              93.33897328930094,
              23.440605591163095
            ],
            [
              93.3387368201475,
              23.440780968639913
            ],
            [
              93.33851867965643,
              23.440978679656443
            ],
            [
              93.3383209686399,
              23.44119682014751
            ],
            [
              93.33814559116308,
              23.441433289300942
            ],
            [
              93.33799423620695,
              23.441685809789522
            ],
            [
              93.33786836140246,
              23.441951949702904
            ],
            [
              93.3377691789928,
              23.442229145968238
            ],
            [
              93.33769764415878,
              23.442514729033952
            ],
            [
              93.33765444581998,
              23.44280594857901
            ],
            [
              93.33764,
              23.4431
            ],
            [
              93.33765444581998,
              23.44339405142099
            ],
            [
              93.33769764415878,
              23.44368527096605
            ],
            [
              93.3377691789928,
              23.443970854031765
            ],
            [
              93.33786836140246,
              23.444248050297098
            ],
            [
              93.33799423620695,
              23.44451419021048
            ],
            [
              93.33814559116308,
              23.44476671069906
            ],
            [
              93.3383209686399,
              23.445003179852492
            ],
            [
              93.33851867965643,
              23.44522132034356
            ],
            [
              93.3387368201475,
              23.44541903136009
            ],
            [
              93.33897328930094,
              23.445594408836907
            ],
            [
              93.33922580978951,
              23.445745763793045
            ],
            [
              93.3394919497029,
              23.445871638597534
            ],
            [
              93.33976914596823,
              23.445970821007197
            ],
            [
              93.34005472903395,
              23.44604235584121
            ],
            [
              93.340345948579,
              23.44608555418002
            ],
            [
              93.34064,
              23.4461
            ],
            [
              93.34093405142099,
              23.44608555418002
            ],
            [
              93.34122527096604,
              23.44604235584121
            ],
            [
              93.34151085403175,
              23.445970821007197
            ],
            [
              93.34178805029708,
              23.445871638597534
            ],
            [
              93.34205419021048,
              23.445745763793045
            ],
            [
              93.34230671069905,
              23.445594408836907
            ],
            [
              93.34254317985248,
              23.44541903136009
            ],
            [
              93.34276132034356,
              23.44522132034356
            ],
            [
              93.34295903136008,
              23.445003179852492
            ],
            [
              93.3431344088369,
              23.44476671069906
            ],
            [
              93.34328576379303,
              23.44451419021048
            ],
            [
              93.34341163859753,
              23.444248050297098
            ],
            [
              93.34351082100719,
              23.443970854031765
            ],
            [
              93.3435823558412,
              23.44368527096605
            ],
            [
              93.34362555418001,
              23.44339405142099
            ],
            [
              93.34364,
              23.4431
            ]
          ]
        ]
      }
    }
  ]
}