{
  "type": "FeatureCollection",
  "name": "nagaland",
  "features": [
    {
      "type": "Feature",
      "properties": {
        "landslide_id": "UNKNOWN_ID",
        "zone_name": "Landslide Zone (Phek)",
        "state": "Nagaland",
        "district": "Phek",
        "hazard_type": "LANDSLIDE",
        "risk_level": "HIGH",
        "historical_event_count": 1
      },
      "geometry": {
        "type": "Polygon",
        "coordinates": [
          [
            [
              94.615222,
              25.665611
            ],
            [
              94.61520755418002,
              25.665316948579008
            ],
            [
              94.61516435584122,
              25.66502572903395
            ],
            [
              94.6150928210072,
              25.664740145968235
            ],
            [
              94.61499363859754,
              25.6644629497029
            ],
            [
              94.61486776379304,
              25.66419680978952
            ],
            [
              94.61471640883691,
              25.66394428930094
            ],
            [
              94.61454103136009,
              25.663707820147508
            ],
            [
              94.61434332034356,
              25.66348967965644
            ],
            [
              94.6141251798525,
              25.66329196863991
            ],
            [
              94.61388871069906,
              25.663116591163092
            ],
            [
              94.61363619021049,
              25.662965236206954
            ],
            [
              94.61337005029709,
              25.662839361402465
            ],
            [
              94.61309285403176,
              25.662740178992802
            ],
            [
              94.61280727096604,
              25.66266864415879
            ],
            [
              94.612516051421,
              25.66262544581998
            ],
            [
              94.612222,
              25.662611
            ],
            [
              94.61192794857901,
              25.66262544581998
            ],
            [
              94.61163672903396,
              25.66266864415879
            ],
            [
              94.61135114596824,
              25.662740178992802
            ],
            [
              94.61107394970291,
              25.662839361402465
            ],
            [
              94.61080780978952,
              25.662965236206954
            ],
            [
              94.61055528930095,
              25.663116591163092
            ],
            [
              94.61031882014751,
              25.66329196863991
            ],
            [
              94.61010067965644,
              25.66348967965644
            ],
            [
              94.60990296863991,
              25.663707820147508
            ],
            [
              94.6097275911631,
              25.66394428930094
            ],
            [
              94.60957623620696,
              25.66419680978952
            ],
            [
              94.60945036140247,
              25.6644629497029
            ],
            [
              94.60935117899281,
              25.664740145968235
            ],
            [
              94.60927964415879,
              25.66502572903395
            ],
            [
              94.60923644581999,
              25.665316948579008
            ],
            [
              94.609222,
              25.665611
            ],
            [
              94.60923644581999,
              25.66590505142099
            ],
            [
              94.60927964415879,
              25.666196270966047
            ],
            [
              94.60935117899281,
              25.666481854031762
            ],
            [
              94.60945036140247,
              25.666759050297095
            ],
            [
              94.60957623620696,
              25.667025190210477
            ],
            [
              94.6097275911631,
              25.667277710699057
            ],
            [
              94.60990296863991,
              25.66751417985249
            ],
            [
              94.61010067965644,
              25.667732320343557
            ],
            [
              94.61031882014751,
              25.667930031360086
            ],
            [
              94.61055528930095,
              25.668105408836905
            ],
            [
              94.61080780978952,
              25.668256763793043
            ],
            [
              94.61107394970291,
              25.66838263859753
            ],
            [
              94.61135114596824,
              25.668481821007195
            ],
            [
              94.61163672903396,
              25.66855335584121
            ],
            [
              94.61192794857901,
              25.668596554180017
            ],
            [
              94.612222,
              25.668611
            ],
            [
              94.612516051421,
              25.668596554180017
            ],
            [
              94.61280727096604,
              25.66855335584121
            ],
            [
              94.61309285403176,
              25.668481821007195
            ],
            [
              94.61337005029709,
              25.66838263859753
            ],
            [
              94.61363619021049,
              25.668256763793043
            ],
            [
              94.61388871069906,
              25.668105408836905
            ],
            [
              94.6141251798525,
              25.667930031360086
            ],
            [
              94.61434332034356,
              25.667732320343557
            ],
            [
              94.61454103136009,
              25.66751417985249
            ],
            [
              94.61471640883691,
              25.667277710699057
            ],
            [
              94.61486776379304,
              25.667025190210477
            ],
            [
              94.61499363859754,
              25.666759050297095
            ],
            [
              94.6150928210072,
              25.666481854031762
            ],
            [
              94.61516435584122,
              25.666196270966047
            ],
            [
              94.61520755418002,
              25.66590505142099
            ],
            [
              94.615222,
              25.665611
            ]
          ]
        ]
      }
    },
    {
      "type": "Feature",
      "properties": {
        "landslide_id": "UNKNOWN_ID",
        "zone_name": "Landslide Zone (Phek)",
        "state": "Nagaland",
        "district": "Phek",
        "hazard_type": "LANDSLIDE",
        "risk_level": "HIGH",
        "historical_event_count": 1
      },
      "geometry": {
        "type": "Polygon",
        "coordinates": [
          [
            [
              94.615778,
              25.666056
            ],
            [
              94.61576355418002,
              25.66576194857901
            ],
            [
              94.61572035584122,
              25.665470729033952
            ],
            [
              94.6156488210072,
              25.665185145968238
            ],
            [
              94.61554963859754,
              25.664907949702904
            ],
            [
              94.61542376379305,
              25.664641809789522
            ],
            [
              94.61527240883692,
              25.664389289300942
            ],
            [
              94.6150970313601,
              25.66415282014751
            ],
            [
              94.61489932034357,
              25.663934679656442
            ],
            [
              94.6146811798525,
              25.663736968639913
            ],
            [
              94.61444471069906,
              25.663561591163095
            ],
            [
              94.61419219021049,
              25.663410236206957
            ],
            [
              94.6139260502971,
              25.663284361402468
            ],
            [
              94.61364885403177,
              25.663185178992805
            ],
            [
              94.61336327096605,
              25.66311364415879
            ],
            [
              94.613072051421,
              25.663070445819983
            ],
            [
              94.612778,
              25.663056
            ],
            [
              94.61248394857901,
              25.663070445819983
            ],
            [
              94.61219272903396,
              25.66311364415879
            ],
            [
              94.61190714596825,
              25.663185178992805
            ],
            [
              94.61162994970292,
              25.663284361402468
            ],
            [
              94.61136380978952,
              25.663410236206957
            ],
            [
              94.61111128930095,
              25.663561591163095
            ],
            [
              94.61087482014752,
              25.663736968639913
            ],
            [
              94.61065667965644,
              25.663934679656442
            ],
            [
              94.61045896863992,
              25.66415282014751
            ],
            [
              94.6102835911631,
              25.664389289300942
            ],
            [
              94.61013223620697,
              25.664641809789522
            ],
            [
              94.61000636140247,
              25.664907949702904
            ],
            [
              94.60990717899281,
              25.665185145968238
            ],
            [
              94.60983564415879,
              25.665470729033952
            ],
            [
              94.60979244581999,
              25.66576194857901
            ],
            [
              94.609778,
              25.666056
            ],
            [
              94.60979244581999,
              25.66635005142099
            ],
            [
              94.60983564415879,
              25.66664127096605
            ],
            [
              94.60990717899281,
              25.666926854031765
            ],
            [
              94.61000636140247,
              25.667204050297098
            ],
            [
              94.61013223620697,
              25.66747019021048
            ],
            [
              94.6102835911631,
              25.66772271069906
            ],
            [
              94.61045896863992,
              25.66795917985249
            ],
            [
              94.61065667965644,
              25.66817732034356
            ],
            [
              94.61087482014752,
              25.66837503136009
            ],
            [
              94.61111128930095,
              25.668550408836907
            ],
            [
              94.61136380978952,
              25.668701763793045
            ],
            [
              94.61162994970292,
              25.668827638597534
            ],
            [
              94.61190714596825,
              25.668926821007197
            ],
            [
              94.61219272903396,
              25.66899835584121
            ],
            [
              94.61248394857901,
              25.66904155418002
            ],
            [
              94.612778,
              25.669056
            ],
            [
              94.613072051421,
              25.66904155418002
            ],
            [
              94.61336327096605,
              25.66899835584121
            ],
            [
              94.61364885403177,
              25.668926821007197
            ],
            [
              94.6139260502971,
              25.668827638597534
            ],
            [
              94.61419219021049,
              25.668701763793045
            ],
            [
              94.61444471069906,
              25.668550408836907
            ],
            [
              94.6146811798525,
              25.66837503136009
            ],
            [
              94.61489932034357,
              25.66817732034356
            ],
            [
              94.6150970313601,
              25.66795917985249
            ],
            [
              94.61527240883692,
              25.66772271069906
            ],
            [
              94.61542376379305,
              25.66747019021048
            ],
            [
              94.61554963859754,
              25.667204050297098
            ],
            [
              94.6156488210072,
              25.666926854031765
            ],
            [
              94.61572035584122,
              25.66664127096605
            ],
            [
              94.61576355418002,
              25.66635005142099
            ],
            [
              94.615778,
              25.666056
            ]
          ]
        ]
      }
    },
    {
      "type": "Feature",
      "properties": {
        "landslide_id": "UNKNOWN_ID",
        "zone_name": "Landslide Zone (Phek)",
        "state": "Nagaland",
        "district": "Phek",
        "hazard_type": "LANDSLIDE",
        "risk_level": "HIGH",
        "historical_event_count": 1
      },
      "geometry": {
        "type": "Polygon",
        "coordinates": [
          [
            [
              94.611611,
              25.660278
            ],
            [
              94.61159655418001,
              25.65998394857901
            ],
            [
              94.61155335584121,
              25.659692729033953
            ],
            [
              94.61148182100719,
              25.65940714596824
            ],
            [
              94.61138263859753,
              25.659129949702905
            ],
            [
              94.61125676379304,
              25.658863809789523
            ],
            [
              94.6111054088369,
              25.658611289300943
            ],
            [
              94.61093003136008,
              25.65837482014751
            ],
            [
              94.61073232034356,
              25.658156679656443
            ],
            [
              94.61051417985249,
              25.657958968639914
            ],
            [
              94.61027771069905,
              25.657783591163096
            ],
            [
              94.61002519021048,
              25.657632236206958
            ],
            [
              94.60975905029709,
              25.65750636140247
            ],
            [
              94.60948185403176,
              25.657407178992806
            ],
            [
              94.60919627096604,
              25.657335644158792
            ],
            [
              94.60890505142099,
              25.657292445819984
            ],
            [
              94.608611,
              25.657278
            ],
            [
              94.608316948579,
              25.657292445819984
            ],
            [
              94.60802572903395,
              25.657335644158792
            ],
            [
              94.60774014596824,
              25.657407178992806
            ],
            [
              94.6074629497029,
              25.65750636140247
            ],
            [
              94.60719680978951,
              25.657632236206958
            ],
            [
              94.60694428930094,
              25.657783591163096
            ],
            [
              94.6067078201475,
              25.657958968639914
            ],
            [
              94.60648967965643,
              25.658156679656443
            ],
            [
              94.60629196863991,
              25.65837482014751
            ],
            [
              94.60611659116309,
              25.658611289300943
            ],
            [
              94.60596523620696,
              25.658863809789523
            ],
            [
              94.60583936140246,
              25.659129949702905
            ],
            [
              94.6057401789928,
              25.65940714596824
            ],
            [
              94.60566864415878,
              25.659692729033953
            ],
            [
              94.60562544581998,
              25.65998394857901
            ],
            [
              94.605611,
              25.660278
            ],
            [
              94.60562544581998,
              25.660572051420992
            ],
            [
              94.60566864415878,
              25.66086327096605
            ],
            [
              94.6057401789928,
              25.661148854031765
            ],
            [
              94.60583936140246,
              25.6614260502971
            ],
            [
              94.60596523620696,
              25.66169219021048
            ],
            [
              94.60611659116309,
              25.66194471069906
            ],
            [
              94.60629196863991,
              25.662181179852492
            ],
            [
              94.60648967965643,
              25.66239932034356
            ],
            [
              94.6067078201475,
              25.66259703136009
            ],
            [
              94.60694428930094,
              25.662772408836908
            ],
            [
              94.60719680978951,
              25.662923763793046
            ],
            [
              94.6074629497029,
              25.663049638597535
            ],
            [
              94.60774014596824,
              25.663148821007198
            ],
            [
              94.60802572903395,
              25.66322035584121
            ],
            [
              94.608316948579,
              25.66326355418002
            ],
            [
              94.608611,
              25.663278000000002
            ],
            [
              94.60890505142099,
              25.66326355418002
            ],
            [
              94.60919627096604,
              25.66322035584121
            ],
            [
              94.60948185403176,
              25.663148821007198
            ],
            [
              94.60975905029709,
              25.663049638597535
            ],
            [
              94.61002519021048,
              25.662923763793046
            ],
            [
              94.61027771069905,
              25.662772408836908
            ],
            [
              94.61051417985249,
              25.66259703136009
            ],
            [
              94.61073232034356,
              25.66239932034356
            ],
            [
              94.61093003136008,
              25.662181179852492
            ],
            [
              94.6111054088369,
              25.66194471069906
            ],
            [
              94.61125676379304,
              25.66169219021048
            ],
            [
              94.61138263859753,
              25.6614260502971
            ],
            [
              94.61148182100719,
              25.661148854031765
            ],
            [
              94.61155335584121,
              25.66086327096605
            ],
            [
              94.61159655418001,
              25.660572051420992
            ],
            [
              94.611611,
              25.660278
            ]
          ]
        ]
      }
    },
    {
      "type": "Feature",
      "properties": {
        "landslide_id": "UNKNOWN_ID",
        "zone_name": "Landslide Zone (Phek)",
        "state": "Nagaland",
        "district": "Phek",
        "hazard_type": "LANDSLIDE",
        "risk_level": "HIGH",
        "historical_event_count": 1
      },
      "geometry": {
        "type": "Polygon",
        "coordinates": [
          [
            [
              94.608389,
              25.655
            ],
            [
              94.60837455418002,
              25.65470594857901
            ],
            [
              94.60833135584122,
              25.654414729033952
            ],
            [
              94.6082598210072,
              25.654129145968238
            ],
            [
              94.60816063859754,
              25.653851949702904
            ],
            [
              94.60803476379304,
              25.653585809789522
            ],
            [
              94.60788340883691,
              25.653333289300942
            ],
            [
              94.60770803136009,
              25.65309682014751
            ],
            [
              94.60751032034356,
              25.652878679656443
            ],
            [
              94.6072921798525,
              25.652680968639913
            ],
            [
              94.60705571069906,
              25.652505591163095
            ],
            [
              94.60680319021048,
              25.652354236206957
            ],
            [
              94.60653705029709,
              25.652228361402468
            ],
            [
              94.60625985403176,
              25.652129178992805
            ],
            [
              94.60597427096604,
              25.65205764415879
            ],
            [
              94.605683051421,
              25.652014445819983
            ],
            [
              94.605389,
              25.652
            ],
            [
              94.60509494857901,
              25.652014445819983
            ],
            [
              94.60480372903396,
              25.65205764415879
            ],
            [
              94.60451814596824,
              25.652129178992805
            ],
            [
              94.60424094970291,
              25.652228361402468
            ],
            [
              94.60397480978952,
              25.652354236206957
            ],
            [
              94.60372228930095,
              25.652505591163095
            ],
            [
              94.60348582014751,
              25.652680968639913
            ],
            [
              94.60326767965644,
              25.652878679656443
            ],
            [
              94.60306996863991,
              25.65309682014751
            ],
            [
              94.60289459116309,
              25.653333289300942
            ],
            [
              94.60274323620696,
              25.653585809789522
            ],
            [
              94.60261736140247,
              25.653851949702904
            ],
            [
              94.60251817899281,
              25.654129145968238
            ],
            [
              94.60244664415879,
              25.654414729033952
            ],
            [
              94.60240344581999,
              25.65470594857901
            ],
            [
              94.602389,
              25.655
            ],
            [
              94.60240344581999,
              25.65529405142099
            ],
            [
              94.60244664415879,
              25.65558527096605
            ],
            [
              94.60251817899281,
              25.655870854031765
            ],
            [
              94.60261736140247,
              25.656148050297098
            ],
            [
              94.60274323620696,
              25.65641419021048
            ],
            [
              94.60289459116309,
              25.65666671069906
            ],
            [
              94.60306996863991,
              25.656903179852492
            ],
            [
              94.60326767965644,
              25.65712132034356
            ],
            [
              94.60348582014751,
              25.65731903136009
            ],
            [
              94.60372228930095,
              25.657494408836907
            ],
            [
              94.60397480978952,
              25.657645763793045
            ],
            [
              94.60424094970291,
              25.657771638597534
            ],
            [
              94.60451814596824,
              25.657870821007197
            ],
            [
              94.60480372903396,
              25.65794235584121
            ],
            [
              94.60509494857901,
              25.65798555418002
            ],
            [
              94.605389,
              25.658
            ],
            [
              94.605683051421,
              25.65798555418002
            ],
            [
              94.60597427096604,
              25.65794235584121
            ],
            [
              94.60625985403176,
              25.657870821007197
            ],
            [
              94.60653705029709,
              25.657771638597534
            ],
            [
              94.60680319021048,
              25.657645763793045
            ],
            [
              94.60705571069906,
              25.657494408836907
            ],
            [
              94.6072921798525,
              25.65731903136009
            ],
            [
              94.60751032034356,
              25.65712132034356
            ],
            [
              94.60770803136009,
              25.656903179852492
            ],
            [
              94.60788340883691,
              25.65666671069906
            ],
            [
              94.60803476379304,
              25.65641419021048
            ],
            [
              94.60816063859754,
              25.656148050297098
            ],
            [
              94.6082598210072,
              25.655870854031765
            ],
            [
              94.60833135584122,
              25.65558527096605
            ],
            [
              94.60837455418002,
              25.65529405142099
            ],
            [
              94.608389,
              25.655
            ]
          ]
        ]
      }
    },
    {
      "type": "Feature",
      "properties": {
        "landslide_id": "UNKNOWN_ID",
        "zone_name": "Landslide Zone (Phek)",
        "state": "Nagaland",
        "district": "Phek",
        "hazard_type": "LANDSLIDE",
        "risk_level": "HIGH",
        "historical_event_count": 1
      },
      "geometry": {
        "type": "Polygon",
        "coordinates": [
          [
            [
              94.603444,
              25.651194
            ],
            [
              94.60342955418001,
              25.65089994857901
            ],
            [
              94.60338635584121,
              25.65060872903395
            ],
            [
              94.60331482100719,
              25.650323145968237
            ],
            [
              94.60321563859753,
              25.650045949702903
            ],
            [
              94.60308976379304,
              25.64977980978952
            ],
            [
              94.6029384088369,
              25.64952728930094
            ],
            [
              94.60276303136008,
              25.64929082014751
            ],
            [
              94.60256532034356,
              25.64907267965644
            ],
            [
              94.60234717985249,
              25.648874968639912
            ],
            [
              94.60211071069905,
              25.648699591163094
            ],
            [
              94.60185819021048,
              25.648548236206956
            ],
            [
              94.60159205029709,
              25.648422361402467
            ],
            [
              94.60131485403176,
              25.648323178992804
            ],
            [
              94.60102927096604,
              25.64825164415879
            ],
            [
              94.60073805142099,
              25.648208445819982
            ],
            [
              94.600444,
              25.648194
            ],
            [
              94.600149948579,
              25.648208445819982
            ],
            [
              94.59985872903395,
              25.64825164415879
            ],
            [
              94.59957314596824,
              25.648323178992804
            ],
            [
              94.5992959497029,
              25.648422361402467
            ],
            [
              94.59902980978951,
              25.648548236206956
            ],
            [
              94.59877728930094,
              25.648699591163094
            ],
            [
              94.5985408201475,
              25.648874968639912
            ],
            [
              94.59832267965643,
              25.64907267965644
            ],
            [
              94.59812496863991,
              25.64929082014751
            ],
            [
              94.59794959116309,
              25.64952728930094
            ],
            [
              94.59779823620696,
              25.64977980978952
            ],
            [
              94.59767236140246,
              25.650045949702903
            ],
            [
              94.5975731789928,
              25.650323145968237
            ],
            [
              94.59750164415878,
              25.65060872903395
            ],
            [
              94.59745844581998,
              25.65089994857901
            ],
            [
              94.597444,
              25.651194
            ],
            [
              94.59745844581998,
              25.65148805142099
            ],
            [
              94.59750164415878,
              25.65177927096605
            ],
            [
              94.5975731789928,
              25.652064854031764
            ],
            [
              94.59767236140246,
              25.652342050297097
            ],
            [
              94.59779823620696,
              25.65260819021048
            ],
            [
              94.59794959116309,
              25.65286071069906
            ],
            [
              94.59812496863991,
              25.65309717985249
            ],
            [
              94.59832267965643,
              25.65331532034356
            ],
            [
              94.5985408201475,
              25.653513031360088
            ],
            [
              94.59877728930094,
              25.653688408836906
            ],
            [
              94.59902980978951,
              25.653839763793044
            ],
            [
              94.5992959497029,
              25.653965638597533
            ],
            [
              94.59957314596824,
              25.654064821007196
            ],
            [
              94.59985872903395,
              25.65413635584121
            ],
            [
              94.600149948579,
              25.65417955418002
            ],
            [
              94.600444,
              25.654194
            ],
            [
              94.60073805142099,
              25.65417955418002
            ],
            [
              94.60102927096604,
              25.65413635584121
            ],
            [
              94.60131485403176,
              25.654064821007196
            ],
            [
              94.60159205029709,
              25.653965638597533
            ],
            [
              94.60185819021048,
              25.653839763793044
            ],
            [
              94.60211071069905,
              25.653688408836906
            ],
            [
              94.60234717985249,
              25.653513031360088
            ],
            [
              94.60256532034356,
              25.65331532034356
            ],
            [
              94.60276303136008,
              25.65309717985249
            ],
            [
              94.6029384088369,
              25.65286071069906
            ],
            [
              94.60308976379304,
              25.65260819021048
            ],
            [
              94.60321563859753,
              25.652342050297097
            ],
            [
              94.60331482100719,
              25.652064854031764
            ],
            [
              94.60338635584121,
              25.65177927096605
            ],
            [
              94.60342955418001,
              25.65148805142099
            ],
            [
              94.603444,
              25.651194
            ]
          ]
        ]
      }
    },
    {
      "type": "Feature",
      "properties": {
        "landslide_id": "UNKNOWN_ID",
        "zone_name": "Landslide Zone (Phek)",
        "state": "Nagaland",
        "district": "Phek",
        "hazard_type": "LANDSLIDE",
        "risk_level": "HIGH",
        "historical_event_count": 1
      },
      "geometry": {
        "type": "Polygon",
        "coordinates": [
          [
            [
              94.603667,
              25.651389
            ],
            [
              94.60365255418002,
              25.65109494857901
            ],
            [
              94.60360935584121,
              25.650803729033953
            ],
            [
              94.6035378210072,
              25.65051814596824
            ],
            [
              94.60343863859754,
              25.650240949702905
            ],
            [
              94.60331276379304,
              25.649974809789523
            ],
            [
              94.60316140883691,
              25.649722289300943
            ],
            [
              94.60298603136009,
              25.64948582014751
            ],
            [
              94.60278832034356,
              25.649267679656443
            ],
            [
              94.60257017985249,
              25.649069968639914
            ],
            [
              94.60233371069906,
              25.648894591163096
            ],
            [
              94.60208119021048,
              25.648743236206958
            ],
            [
              94.60181505029709,
              25.64861736140247
            ],
            [
              94.60153785403176,
              25.648518178992806
            ],
            [
              94.60125227096604,
              25.648446644158792
            ],
            [
              94.600961051421,
              25.648403445819984
            ],
            [
              94.600667,
              25.648389
            ],
            [
              94.60037294857901,
              25.648403445819984
            ],
            [
              94.60008172903396,
              25.648446644158792
            ],
            [
              94.59979614596824,
              25.648518178992806
            ],
            [
              94.59951894970291,
              25.64861736140247
            ],
            [
              94.59925280978952,
              25.648743236206958
            ],
            [
              94.59900028930095,
              25.648894591163096
            ],
            [
              94.59876382014751,
              25.649069968639914
            ],
            [
              94.59854567965644,
              25.649267679656443
            ],
            [
              94.59834796863991,
              25.64948582014751
            ],
            [
              94.59817259116309,
              25.649722289300943
            ],
            [
              94.59802123620696,
              25.649974809789523
            ],
            [
              94.59789536140246,
              25.650240949702905
            ],
            [
              94.59779617899281,
              25.65051814596824
            ],
            [
              94.59772464415879,
              25.650803729033953
            ],
            [
              94.59768144581999,
              25.65109494857901
            ],
            [
              94.597667,
              25.651389
            ],
            [
              94.59768144581999,
              25.651683051420992
            ],
            [
              94.59772464415879,
              25.65197427096605
            ],
            [
              94.59779617899281,
              25.652259854031765
            ],
            [
              94.59789536140246,
              25.6525370502971
            ],
            [
              94.59802123620696,
              25.65280319021048
            ],
            [
              94.59817259116309,
              25.65305571069906
            ],
            [
              94.59834796863991,
              25.653292179852492
            ],
            [
              94.59854567965644,
              25.65351032034356
            ],
            [
              94.59876382014751,
              25.65370803136009
            ],
            [
              94.59900028930095,
              25.653883408836908
            ],
            [
              94.59925280978952,
              25.654034763793046
            ],
            [
              94.59951894970291,
              25.654160638597535
            ],
            [
              94.59979614596824,
              25.654259821007198
            ],
            [
              94.60008172903396,
              25.65433135584121
            ],
            [
              94.60037294857901,
              25.65437455418002
            ],
            [
              94.600667,
              25.654389000000002
            ],
            [
              94.600961051421,
              25.65437455418002
            ],
            [
              94.60125227096604,
              25.65433135584121
            ],
            [
              94.60153785403176,
              25.654259821007198
            ],
            [
              94.60181505029709,
              25.654160638597535
            ],
            [
              94.60208119021048,
              25.654034763793046
            ],
            [
              94.60233371069906,
              25.653883408836908
            ],
            [
              94.60257017985249,
              25.65370803136009
            ],
            [
              94.60278832034356,
              25.65351032034356
            ],
            [
              94.60298603136009,
              25.653292179852492
            ],
            [
              94.60316140883691,
              25.65305571069906
            ],
            [
              94.60331276379304,
              25.65280319021048
            ],
            [
              94.60343863859754,
              25.6525370502971
            ],
            [
              94.6035378210072,
              25.652259854031765
            ],
            [
              94.60360935584121,
              25.65197427096605
            ],
            [
              94.60365255418002,
              25.651683051420992
            ],
            [
              94.603667,
              25.651389
            ]
          ]
        ]
      }
    },
    {
      "type": "Feature",
      "properties": {
        "landslide_id": "UNKNOWN_ID",
        "zone_name": "Landslide Zone (Phek)",
        "state": "Nagaland",
        "district": "Phek",
        "hazard_type": "LANDSLIDE",
        "risk_level": "HIGH",
        "historical_event_count": 1
      },
      "geometry": {
        "type": "Polygon",
        "coordinates": [
          [
            [
              94.598722,
              25.646722
            ],
            [
              94.59870755418001,
              25.64642794857901
            ],
            [
              94.59866435584121,
              25.64613672903395
            ],
            [
              94.59859282100719,
              25.645851145968237
            ],
            [
              94.59849363859753,
              25.645573949702904
            ],
            [
              94.59836776379304,
              25.64530780978952
            ],
            [
              94.5982164088369,
              25.64505528930094
            ],
            [
              94.59804103136008,
              25.64481882014751
            ],
            [
              94.59784332034356,
              25.644600679656442
            ],
            [
              94.59762517985249,
              25.644402968639913
            ],
            [
              94.59738871069905,
              25.644227591163094
            ],
            [
              94.59713619021048,
              25.644076236206956
            ],
            [
              94.59687005029708,
              25.643950361402467
            ],
            [
              94.59659285403175,
              25.643851178992804
            ],
            [
              94.59630727096604,
              25.64377964415879
            ],
            [
              94.59601605142099,
              25.643736445819982
            ],
            [
              94.595722,
              25.643722
            ],
            [
              94.595427948579,
              25.643736445819982
            ],
            [
              94.59513672903395,
              25.64377964415879
            ],
            [
              94.59485114596824,
              25.643851178992804
            ],
            [
              94.5945739497029,
              25.643950361402467
            ],
            [
              94.59430780978951,
              25.644076236206956
            ],
            [
              94.59405528930094,
              25.644227591163094
            ],
            [
              94.5938188201475,
              25.644402968639913
            ],
            [
              94.59360067965643,
              25.644600679656442
            ],
            [
              94.59340296863991,
              25.64481882014751
            ],
            [
              94.59322759116309,
              25.64505528930094
            ],
            [
              94.59307623620695,
              25.64530780978952
            ],
            [
              94.59295036140246,
              25.645573949702904
            ],
            [
              94.5928511789928,
              25.645851145968237
            ],
            [
              94.59277964415878,
              25.64613672903395
            ],
            [
              94.59273644581998,
              25.64642794857901
            ],
            [
              94.592722,
              25.646722
            ],
            [
              94.59273644581998,
              25.64701605142099
            ],
            [
              94.59277964415878,
              25.64730727096605
            ],
            [
              94.5928511789928,
              25.647592854031764
            ],
            [
              94.59295036140246,
              25.647870050297097
            ],
            [
              94.59307623620695,
              25.64813619021048
            ],
            [
              94.59322759116309,
              25.64838871069906
            ],
            [
              94.59340296863991,
              25.64862517985249
            ],
            [
              94.59360067965643,
              25.64884332034356
            ],
            [
              94.5938188201475,
              25.64904103136009
            ],
            [
              94.59405528930094,
              25.649216408836907
            ],
            [
              94.59430780978951,
              25.649367763793045
            ],
            [
              94.5945739497029,
              25.649493638597534
            ],
            [
              94.59485114596824,
              25.649592821007197
            ],
            [
              94.59513672903395,
              25.64966435584121
            ],
            [
              94.595427948579,
              25.64970755418002
            ],
            [
              94.595722,
              25.649722
            ],
            [
              94.59601605142099,
              25.64970755418002
            ],
            [
              94.59630727096604,
              25.64966435584121
            ],
            [
              94.59659285403175,
              25.649592821007197
            ],
            [
              94.59687005029708,
              25.649493638597534
            ],
            [
              94.59713619021048,
              25.649367763793045
            ],
            [
              94.59738871069905,
              25.649216408836907
            ],
            [
              94.59762517985249,
              25.64904103136009
            ],
            [
              94.59784332034356,
              25.64884332034356
            ],
            [
              94.59804103136008,
              25.64862517985249
            ],
            [
              94.5982164088369,
              25.64838871069906
            ],
            [
              94.59836776379304,
              25.64813619021048
            ],
            [
              94.59849363859753,
              25.647870050297097
            ],
            [
              94.59859282100719,
              25.647592854031764
            ],
            [
              94.59866435584121,
              25.64730727096605
            ],
            [
              94.59870755418001,
              25.64701605142099
            ],
            [
              94.598722,
              25.646722
            ]
          ]
        ]
      }
    },
    {
      "type": "Feature",
      "properties": {
        "landslide_id": "UNKNOWN_ID",
        "zone_name": "Landslide Zone (Phek)",
        "state": "Nagaland",
        "district": "Phek",
        "hazard_type": "LANDSLIDE",
        "risk_level": "HIGH",
        "historical_event_count": 1
      },
      "geometry": {
        "type": "Polygon",
        "coordinates": [
          [
            [
              94.606747,
              25.644772
            ],
            [
              94.60673255418001,
              25.64447794857901
            ],
            [
              94.60668935584121,
              25.64418672903395
            ],
            [
              94.60661782100719,
              25.643901145968236
            ],
            [
              94.60651863859754,
              25.643623949702903
            ],
            [
              94.60639276379304,
              25.64335780978952
            ],
            [
              94.60624140883691,
              25.64310528930094
            ],
            [
              94.60606603136009,
              25.64286882014751
            ],
            [
              94.60586832034356,
              25.64265067965644
            ],
            [
              94.60565017985249,
              25.642452968639912
            ],
            [
              94.60541371069905,
              25.642277591163094
            ],
            [
              94.60516119021048,
              25.642126236206956
            ],
            [
              94.60489505029709,
              25.642000361402467
            ],
            [
              94.60461785403176,
              25.641901178992804
            ],
            [
              94.60433227096604,
              25.64182964415879
            ],
            [
              94.60404105142099,
              25.64178644581998
            ],
            [
              94.603747,
              25.641772
            ],
            [
              94.603452948579,
              25.64178644581998
            ],
            [
              94.60316172903396,
              25.64182964415879
            ],
            [
              94.60287614596824,
              25.641901178992804
            ],
            [
              94.60259894970291,
              25.642000361402467
            ],
            [
              94.60233280978952,
              25.642126236206956
            ],
            [
              94.60208028930094,
              25.642277591163094
            ],
            [
              94.60184382014751,
              25.642452968639912
            ],
            [
              94.60162567965644,
              25.64265067965644
            ],
            [
              94.60142796863991,
              25.64286882014751
            ],
            [
              94.60125259116309,
              25.64310528930094
            ],
            [
              94.60110123620696,
              25.64335780978952
            ],
            [
              94.60097536140246,
              25.643623949702903
            ],
            [
              94.6008761789928,
              25.643901145968236
            ],
            [
              94.60080464415879,
              25.64418672903395
            ],
            [
              94.60076144581998,
              25.64447794857901
            ],
            [
              94.600747,
              25.644772
            ],
            [
              94.60076144581998,
              25.64506605142099
            ],
            [
              94.60080464415879,
              25.64535727096605
            ],
            [
              94.6008761789928,
              25.645642854031763
            ],
            [
              94.60097536140246,
              25.645920050297097
            ],
            [
              94.60110123620696,
              25.64618619021048
            ],
            [
              94.60125259116309,
              25.64643871069906
            ],
            [
              94.60142796863991,
              25.64667517985249
            ],
            [
              94.60162567965644,
              25.64689332034356
            ],
            [
              94.60184382014751,
              25.647091031360087
            ],
            [
              94.60208028930094,
              25.647266408836906
            ],
            [
              94.60233280978952,
              25.647417763793044
            ],
            [
              94.60259894970291,
              25.647543638597533
            ],
            [
              94.60287614596824,
              25.647642821007196
            ],
            [
              94.60316172903396,
              25.64771435584121
            ],
            [
              94.603452948579,
              25.647757554180018
            ],
            [
              94.603747,
              25.647772
            ],
            [
              94.60404105142099,
              25.647757554180018
            ],
            [
              94.60433227096604,
              25.64771435584121
            ],
            [
              94.60461785403176,
              25.647642821007196
            ],
            [
              94.60489505029709,
              25.647543638597533
            ],
            [
              94.60516119021048,
              25.647417763793044
            ],
            [
              94.60541371069905,
              25.647266408836906
            ],
            [
              94.60565017985249,
              25.647091031360087
            ],
            [
              94.60586832034356,
              25.64689332034356
            ],
            [
              94.60606603136009,
              25.64667517985249
            ],
            [
              94.60624140883691,
              25.64643871069906
            ],
            [
              94.60639276379304,
              25.64618619021048
            ],
            [
              94.60651863859754,
              25.645920050297097
            ],
            [
              94.60661782100719,
              25.645642854031763
            ],
            [
              94.60668935584121,
              25.64535727096605
            ],
            [
              94.60673255418001,
              25.64506605142099
            ],
            [
              94.606747,
              25.644772
            ]
          ]
        ]
      }
    },
    {
      "type": "Feature",
      "properties": {
        "landslide_id": "UNKNOWN_ID",
        "zone_name": "Landslide Zone (Ukhrul)",
        "state": "Manipur",
        "district": "Ukhrul",
        "hazard_type": "LANDSLIDE",
        "risk_level": "HIGH",
        "historical_event_count": 1
      },
      "geometry": {
        "type": "Polygon",
        "coordinates": [
          [
            [
              94.509111,
              25.581778
            ],
            [
              94.50909655418002,
              25.58148394857901
            ],
            [
              94.50905335584122,
              25.58119272903395
            ],
            [
              94.5089818210072,
              25.580907145968236
            ],
            [
              94.50888263859754,
              25.580629949702903
            ],
            [
              94.50875676379304,
              25.58036380978952
            ],
            [
              94.50860540883691,
              25.58011128930094
            ],
            [
              94.50843003136009,
              25.57987482014751
            ],
            [
              94.50823232034357,
              25.57965667965644
            ],
            [
              94.5080141798525,
              25.579458968639912
            ],
            [
              94.50777771069906,
              25.579283591163094
            ],
            [
              94.50752519021049,
              25.579132236206956
            ],
            [
              94.5072590502971,
              25.579006361402467
            ],
            [
              94.50698185403176,
              25.578907178992804
            ],
            [
              94.50669627096605,
              25.57883564415879
            ],
            [
              94.506405051421,
              25.578792445819982
            ],
            [
              94.506111,
              25.578778
            ],
            [
              94.50581694857901,
              25.578792445819982
            ],
            [
              94.50552572903396,
              25.57883564415879
            ],
            [
              94.50524014596824,
              25.578907178992804
            ],
            [
              94.50496294970291,
              25.579006361402467
            ],
            [
              94.50469680978952,
              25.579132236206956
            ],
            [
              94.50444428930095,
              25.579283591163094
            ],
            [
              94.50420782014751,
              25.579458968639912
            ],
            [
              94.50398967965644,
              25.57965667965644
            ],
            [
              94.50379196863992,
              25.57987482014751
            ],
            [
              94.5036165911631,
              25.58011128930094
            ],
            [
              94.50346523620696,
              25.58036380978952
            ],
            [
              94.50333936140247,
              25.580629949702903
            ],
            [
              94.50324017899281,
              25.580907145968236
            ],
            [
              94.50316864415879,
              25.58119272903395
            ],
            [
              94.50312544581999,
              25.58148394857901
            ],
            [
              94.503111,
              25.581778
            ],
            [
              94.50312544581999,
              25.58207205142099
            ],
            [
              94.50316864415879,
              25.58236327096605
            ],
            [
              94.50324017899281,
              25.582648854031763
            ],
            [
              94.50333936140247,
              25.582926050297097
            ],
            [
              94.50346523620696,
              25.58319219021048
            ],
            [
              94.5036165911631,
              25.58344471069906
            ],
            [
              94.50379196863992,
              25.58368117985249
            ],
            [
              94.50398967965644,
              25.58389932034356
            ],
            [
              94.50420782014751,
              25.584097031360088
            ],
            [
              94.50444428930095,
              25.584272408836906
            ],
            [
              94.50469680978952,
              25.584423763793044
            ],
            [
              94.50496294970291,
              25.584549638597533
            ],
            [
              94.50524014596824,
              25.584648821007196
            ],
            [
              94.50552572903396,
              25.58472035584121
            ],
            [
              94.50581694857901,
              25.584763554180018
            ],
            [
              94.506111,
              25.584778
            ],
            [
              94.506405051421,
              25.584763554180018
            ],
            [
              94.50669627096605,
              25.58472035584121
            ],
            [
              94.50698185403176,
              25.584648821007196
            ],
            [
              94.5072590502971,
              25.584549638597533
            ],
            [
              94.50752519021049,
              25.584423763793044
            ],
            [
              94.50777771069906,
              25.584272408836906
            ],
            [
              94.5080141798525,
              25.584097031360088
            ],
            [
              94.50823232034357,
              25.58389932034356
            ],
            [
              94.50843003136009,
              25.58368117985249
            ],
            [
              94.50860540883691,
              25.58344471069906
            ],
            [
              94.50875676379304,
              25.58319219021048
            ],
            [
              94.50888263859754,
              25.582926050297097
            ],
            [
              94.5089818210072,
              25.582648854031763
            ],
            [
              94.50905335584122,
              25.58236327096605
            ],
            [
              94.50909655418002,
              25.58207205142099
            ],
            [
              94.509111,
              25.581778
            ]
          ]
        ]
      }
    },
    {
      "type": "Feature",
      "properties": {
        "landslide_id": "UNKNOWN_ID",
        "zone_name": "Landslide Zone (Ukhrul)",
        "state": "Manipur",
        "district": "Ukhrul",
        "hazard_type": "LANDSLIDE",
        "risk_level": "HIGH",
        "historical_event_count": 1
      },
      "geometry": {
        "type": "Polygon",
        "coordinates": [
          [
            [
              94.53405,
              25.540217
            ],
            [
              94.53403555418001,
              25.539922948579008
            ],
            [
              94.5339923558412,
              25.53963172903395
            ],
            [
              94.53392082100719,
              25.539346145968235
            ],
            [
              94.53382163859753,
              25.5390689497029
            ],
            [
              94.53369576379303,
              25.53880280978952
            ],
            [
              94.5335444088369,
              25.53855028930094
            ],
            [
              94.53336903136008,
              25.538313820147508
            ],
            [
              94.53317132034356,
              25.53809567965644
            ],
            [
              94.53295317985248,
              25.53789796863991
            ],
            [
              94.53271671069905,
              25.537722591163092
            ],
            [
              94.53246419021048,
              25.537571236206954
            ],
            [
              94.53219805029708,
              25.537445361402465
            ],
            [
              94.53192085403175,
              25.537346178992802
            ],
            [
              94.53163527096604,
              25.53727464415879
            ],
            [
              94.53134405142099,
              25.53723144581998
            ],
            [
              94.53105,
              25.537217
            ],
            [
              94.530755948579,
              25.53723144581998
            ],
            [
              94.53046472903395,
              25.53727464415879
            ],
            [
              94.53017914596823,
              25.537346178992802
            ],
            [
              94.5299019497029,
              25.537445361402465
            ],
            [
              94.52963580978951,
              25.537571236206954
            ],
            [
              94.52938328930094,
              25.537722591163092
            ],
            [
              94.5291468201475,
              25.53789796863991
            ],
            [
              94.52892867965643,
              25.53809567965644
            ],
            [
              94.5287309686399,
              25.538313820147508
            ],
            [
              94.52855559116308,
              25.53855028930094
            ],
            [
              94.52840423620695,
              25.53880280978952
            ],
            [
              94.52827836140246,
              25.5390689497029
            ],
            [
              94.5281791789928,
              25.539346145968235
            ],
            [
              94.52810764415878,
              25.53963172903395
            ],
            [
              94.52806444581998,
              25.539922948579008
            ],
            [
              94.52805,
              25.540217
            ],
            [
              94.52806444581998,
              25.54051105142099
            ],
            [
              94.52810764415878,
              25.540802270966047
            ],
            [
              94.5281791789928,
              25.541087854031762
            ],
            [
              94.52827836140246,
              25.541365050297095
            ],
            [
              94.52840423620695,
              25.541631190210477
            ],
            [
              94.52855559116308,
              25.541883710699057
            ],
            [
              94.5287309686399,
              25.54212017985249
            ],
            [
              94.52892867965643,
              25.542338320343557
            ],
            [
              94.5291468201475,
              25.542536031360086
            ],
            [
              94.52938328930094,
              25.542711408836904
            ],
            [
              94.52963580978951,
              25.542862763793043
            ],
            [
              94.5299019497029,
              25.54298863859753
            ],
            [
              94.53017914596823,
              25.543087821007195
            ],
            [
              94.53046472903395,
              25.54315935584121
            ],
            [
              94.530755948579,
              25.543202554180017
            ],
            [
              94.53105,
              25.543217
            ],
            [
              94.53134405142099,
              25.543202554180017
            ],
            [
              94.53163527096604,
              25.54315935584121
            ],
            [
              94.53192085403175,
              25.543087821007195
            ],
            [
              94.53219805029708,
              25.54298863859753
            ],
            [
              94.53246419021048,
              25.542862763793043
            ],
            [
              94.53271671069905,
              25.542711408836904
            ],
            [
              94.53295317985248,
              25.542536031360086
            ],
            [
              94.53317132034356,
              25.542338320343557
            ],
            [
              94.53336903136008,
              25.54212017985249
            ],
            [
              94.5335444088369,
              25.541883710699057
            ],
            [
              94.53369576379303,
              25.541631190210477
            ],
            [
              94.53382163859753,
              25.541365050297095
            ],
            [
              94.53392082100719,
              25.541087854031762
            ],
            [
              94.5339923558412,
              25.540802270966047
            ],
            [
              94.53403555418001,
              25.54051105142099
            ],
            [
              94.53405,
              25.540217
            ]
          ]
        ]
      }
    },
    {
      "type": "Feature",
      "properties": {
        "landslide_id": "UNKNOWN_ID",
        "zone_name": "Landslide Zone (Ukhrul)",
        "state": "Manipur",
        "district": "Ukhrul",
        "hazard_type": "LANDSLIDE",
        "risk_level": "HIGH",
        "historical_event_count": 1
      },
      "geometry": {
        "type": "Polygon",
        "coordinates": [
          [
            [
              94.516414,
              25.631036
            ],
            [
              94.51639955418001,
              25.63074194857901
            ],
            [
              94.51635635584121,
              25.630450729033953
            ],
            [
              94.51628482100719,
              25.63016514596824
            ],
            [
              94.51618563859753,
              25.629887949702905
            ],
            [
              94.51605976379304,
              25.629621809789523
            ],
            [
              94.5159084088369,
              25.629369289300943
            ],
            [
              94.51573303136009,
              25.62913282014751
            ],
            [
              94.51553532034356,
              25.628914679656443
            ],
            [
              94.51531717985249,
              25.628716968639914
            ],
            [
              94.51508071069905,
              25.628541591163096
            ],
            [
              94.51482819021048,
              25.628390236206958
            ],
            [
              94.51456205029709,
              25.62826436140247
            ],
            [
              94.51428485403176,
              25.628165178992806
            ],
            [
              94.51399927096604,
              25.628093644158792
            ],
            [
              94.51370805142099,
              25.628050445819984
            ],
            [
              94.513414,
              25.628036
            ],
            [
              94.513119948579,
              25.628050445819984
            ],
            [
              94.51282872903396,
              25.628093644158792
            ],
            [
              94.51254314596824,
              25.628165178992806
            ],
            [
              94.51226594970291,
              25.62826436140247
            ],
            [
              94.51199980978951,
              25.628390236206958
            ],
            [
              94.51174728930094,
              25.628541591163096
            ],
            [
              94.5115108201475,
              25.628716968639914
            ],
            [
              94.51129267965644,
              25.628914679656443
            ],
            [
              94.51109496863991,
              25.62913282014751
            ],
            [
              94.51091959116309,
              25.629369289300943
            ],
            [
              94.51076823620696,
              25.629621809789523
            ],
            [
              94.51064236140246,
              25.629887949702905
            ],
            [
              94.5105431789928,
              25.63016514596824
            ],
            [
              94.51047164415878,
              25.630450729033953
            ],
            [
              94.51042844581998,
              25.63074194857901
            ],
            [
              94.510414,
              25.631036
            ],
            [
              94.51042844581998,
              25.631330051420992
            ],
            [
              94.51047164415878,
              25.63162127096605
            ],
            [
              94.5105431789928,
              25.631906854031765
            ],
            [
              94.51064236140246,
              25.6321840502971
            ],
            [
              94.51076823620696,
              25.63245019021048
            ],
            [
              94.51091959116309,
              25.63270271069906
            ],
            [
              94.51109496863991,
              25.632939179852492
            ],
            [
              94.51129267965644,
              25.63315732034356
            ],
            [
              94.5115108201475,
              25.63335503136009
            ],
            [
              94.51174728930094,
              25.633530408836908
            ],
            [
              94.51199980978951,
              25.633681763793046
            ],
            [
              94.51226594970291,
              25.633807638597535
            ],
            [
              94.51254314596824,
              25.633906821007198
            ],
            [
              94.51282872903396,
              25.63397835584121
            ],
            [
              94.513119948579,
              25.63402155418002
            ],
            [
              94.513414,
              25.634036000000002
            ],
            [
              94.51370805142099,
              25.63402155418002
            ],
            [
              94.51399927096604,
              25.63397835584121
            ],
            [
              94.51428485403176,
              25.633906821007198
            ],
            [
              94.51456205029709,
              25.633807638597535
            ],
            [
              94.51482819021048,
              25.633681763793046
            ],
            [
              94.51508071069905,
              25.633530408836908
            ],
            [
              94.51531717985249,
              25.63335503136009
            ],
            [
              94.51553532034356,
              25.63315732034356
            ],
            [
              94.51573303136009,
              25.632939179852492
            ],
            [
              94.5159084088369,
              25.63270271069906
            ],
            [
              94.51605976379304,
              25.63245019021048
            ],
            [
              94.51618563859753,
              25.6321840502971
            ],
            [
              94.51628482100719,
              25.631906854031765
            ],
            [
              94.51635635584121,
              25.63162127096605
            ],
            [
              94.51639955418001,
              25.631330051420992
            ],
            [
              94.516414,
              25.631036
            ]
          ]
        ]
      }
    },
    {
      "type": "Feature",
      "properties": {
        "landslide_id": "UNKNOWN_ID",
        "zone_name": "Landslide Zone (Ukhrul)",
        "state": "Manipur",
        "district": "Ukhrul",
        "hazard_type": "LANDSLIDE",
        "risk_level": "HIGH",
        "historical_event_count": 1
      },
      "geometry": {
        "type": "Polygon",
        "coordinates": [
          [
            [
              94.523333,
              25.624333
            ],
            [
              94.52331855418001,
              25.62403894857901
            ],
            [
              94.5232753558412,
              25.62374772903395
            ],
            [
              94.52320382100719,
              25.623462145968237
            ],
            [
              94.52310463859753,
              25.623184949702903
            ],
            [
              94.52297876379303,
              25.62291880978952
            ],
            [
              94.5228274088369,
              25.62266628930094
            ],
            [
              94.52265203136008,
              25.62242982014751
            ],
            [
              94.52245432034356,
              25.62221167965644
            ],
            [
              94.52223617985248,
              25.622013968639912
            ],
            [
              94.52199971069905,
              25.621838591163094
            ],
            [
              94.52174719021048,
              25.621687236206956
            ],
            [
              94.52148105029708,
              25.621561361402467
            ],
            [
              94.52120385403175,
              25.621462178992804
            ],
            [
              94.52091827096604,
              25.62139064415879
            ],
            [
              94.52062705142099,
              25.621347445819982
            ],
            [
              94.520333,
              25.621333
            ],
            [
              94.520038948579,
              25.621347445819982
            ],
            [
              94.51974772903395,
              25.62139064415879
            ],
            [
              94.51946214596823,
              25.621462178992804
            ],
            [
              94.5191849497029,
              25.621561361402467
            ],
            [
              94.51891880978951,
              25.621687236206956
            ],
            [
              94.51866628930094,
              25.621838591163094
            ],
            [
              94.5184298201475,
              25.622013968639912
            ],
            [
              94.51821167965643,
              25.62221167965644
            ],
            [
              94.5180139686399,
              25.62242982014751
            ],
            [
              94.51783859116308,
              25.62266628930094
            ],
            [
              94.51768723620695,
              25.62291880978952
            ],
            [
              94.51756136140246,
              25.623184949702903
            ],
            [
              94.5174621789928,
              25.623462145968237
            ],
            [
              94.51739064415878,
              25.62374772903395
            ],
            [
              94.51734744581998,
              25.62403894857901
            ],
            [
              94.517333,
              25.624333
            ],
            [
              94.51734744581998,
              25.62462705142099
            ],
            [
              94.51739064415878,
              25.62491827096605
            ],
            [
              94.5174621789928,
              25.625203854031763
            ],
            [
              94.51756136140246,
              25.625481050297097
            ],
            [
              94.51768723620695,
              25.62574719021048
            ],
            [
              94.51783859116308,
              25.62599971069906
            ],
            [
              94.5180139686399,
              25.62623617985249
            ],
            [
              94.51821167965643,
              25.62645432034356
            ],
            [
              94.5184298201475,
              25.626652031360088
            ],
            [
              94.51866628930094,
              25.626827408836906
            ],
            [
              94.51891880978951,
              25.626978763793044
            ],
            [
              94.5191849497029,
              25.627104638597533
            ],
            [
              94.51946214596823,
              25.627203821007196
            ],
            [
              94.51974772903395,
              25.62727535584121
            ],
            [
              94.520038948579,
              25.627318554180018
            ],
            [
              94.520333,
              25.627333
            ],
            [
              94.52062705142099,
              25.627318554180018
            ],
            [
              94.52091827096604,
              25.62727535584121
            ],
            [
              94.52120385403175,
              25.627203821007196
            ],
            [
              94.52148105029708,
              25.627104638597533
            ],
            [
              94.52174719021048,
              25.626978763793044
            ],
            [
              94.52199971069905,
              25.626827408836906
            ],
            [
              94.52223617985248,
              25.626652031360088
            ],
            [
              94.52245432034356,
              25.62645432034356
            ],
            [
              94.52265203136008,
              25.62623617985249
            ],
            [
              94.5228274088369,
              25.62599971069906
            ],
            [
              94.52297876379303,
              25.62574719021048
            ],
            [
              94.52310463859753,
              25.625481050297097
            ],
            [
              94.52320382100719,
              25.625203854031763
            ],
            [
              94.5232753558412,
              25.62491827096605
            ],
            [
              94.52331855418001,
              25.62462705142099
            ],
            [
              94.523333,
              25.624333
            ]
          ]
        ]
      }
    },
    {
      "type": "Feature",
      "properties": {
        "landslide_id": "UNKNOWN_ID",
        "zone_name": "Landslide Zone (Ukhrul)",
        "state": "Manipur",
        "district": "Ukhrul",
        "hazard_type": "LANDSLIDE",
        "risk_level": "HIGH",
        "historical_event_count": 1
      },
      "geometry": {
        "type": "Polygon",
        "coordinates": [
          [
            [
              94.514172,
              25.615953
            ],
            [
              94.51415755418002,
              25.61565894857901
            ],
            [
              94.51411435584122,
              25.615367729033952
            ],
            [
              94.5140428210072,
              25.615082145968238
            ],
            [
              94.51394363859754,
              25.614804949702904
            ],
            [
              94.51381776379304,
              25.614538809789522
            ],
            [
              94.51366640883691,
              25.614286289300942
            ],
            [
              94.51349103136009,
              25.61404982014751
            ],
            [
              94.51329332034356,
              25.613831679656442
            ],
            [
              94.51307517985249,
              25.613633968639913
            ],
            [
              94.51283871069906,
              25.613458591163095
            ],
            [
              94.51258619021048,
              25.613307236206957
            ],
            [
              94.51232005029709,
              25.613181361402468
            ],
            [
              94.51204285403176,
              25.613082178992805
            ],
            [
              94.51175727096604,
              25.61301064415879
            ],
            [
              94.511466051421,
              25.612967445819983
            ],
            [
              94.511172,
              25.612953
            ],
            [
              94.51087794857901,
              25.612967445819983
            ],
            [
              94.51058672903396,
              25.61301064415879
            ],
            [
              94.51030114596824,
              25.613082178992805
            ],
            [
              94.51002394970291,
              25.613181361402468
            ],
            [
              94.50975780978952,
              25.613307236206957
            ],
            [
              94.50950528930095,
              25.613458591163095
            ],
            [
              94.50926882014751,
              25.613633968639913
            ],
            [
              94.50905067965644,
              25.613831679656442
            ],
            [
              94.50885296863991,
              25.61404982014751
            ],
            [
              94.50867759116309,
              25.614286289300942
            ],
            [
              94.50852623620696,
              25.614538809789522
            ],
            [
              94.50840036140247,
              25.614804949702904
            ],
            [
              94.50830117899281,
              25.615082145968238
            ],
            [
              94.50822964415879,
              25.615367729033952
            ],
            [
              94.50818644581999,
              25.61565894857901
            ],
            [
              94.508172,
              25.615953
            ],
            [
              94.50818644581999,
              25.61624705142099
            ],
            [
              94.50822964415879,
              25.61653827096605
            ],
            [
              94.50830117899281,
              25.616823854031765
            ],
            [
              94.50840036140247,
              25.617101050297098
            ],
            [
              94.50852623620696,
              25.61736719021048
            ],
            [
              94.50867759116309,
              25.61761971069906
            ],
            [
              94.50885296863991,
              25.61785617985249
            ],
            [
              94.50905067965644,
              25.61807432034356
            ],
            [
              94.50926882014751,
              25.61827203136009
            ],
            [
              94.50950528930095,
              25.618447408836907
            ],
            [
              94.50975780978952,
              25.618598763793045
            ],
            [
              94.51002394970291,
              25.618724638597534
            ],
            [
              94.51030114596824,
              25.618823821007197
            ],
            [
              94.51058672903396,
              25.61889535584121
            ],
            [
              94.51087794857901,
              25.61893855418002
            ],
            [
              94.511172,
              25.618953
            ],
            [
              94.511466051421,
              25.61893855418002
            ],
            [
              94.51175727096604,
              25.61889535584121
            ],
            [
              94.51204285403176,
              25.618823821007197
            ],
            [
              94.51232005029709,
              25.618724638597534
            ],
            [
              94.51258619021048,
              25.618598763793045
            ],
            [
              94.51283871069906,
              25.618447408836907
            ],
            [
              94.51307517985249,
              25.61827203136009
            ],
            [
              94.51329332034356,
              25.61807432034356
            ],
            [
              94.51349103136009,
              25.61785617985249
            ],
            [
              94.51366640883691,
              25.61761971069906
            ],
            [
              94.51381776379304,
              25.61736719021048
            ],
            [
              94.51394363859754,
              25.617101050297098
            ],
            [
              94.5140428210072,
              25.616823854031765
            ],
            [
              94.51411435584122,
              25.61653827096605
            ],
            [
              94.51415755418002,
              25.61624705142099
            ],
            [
              94.514172,
              25.615953
            ]
          ]
        ]
      }
    },
    {
      "type": "Feature",
      "properties": {
        "landslide_id": "UNKNOWN_ID",
        "zone_name": "Landslide Zone (Ukhrul)",
        "state": "Manipur",
        "district": "Ukhrul",
        "hazard_type": "LANDSLIDE",
        "risk_level": "HIGH",
        "historical_event_count": 1
      },
      "geometry": {
        "type": "Polygon",
        "coordinates": [
          [
            [
              94.508386,
              25.619275
            ],
            [
              94.50837155418002,
              25.618980948579008
            ],
            [
              94.50832835584121,
              25.61868972903395
            ],
            [
              94.5082568210072,
              25.618404145968235
            ],
            [
              94.50815763859754,
              25.6181269497029
            ],
            [
              94.50803176379304,
              25.61786080978952
            ],
            [
              94.50788040883691,
              25.61760828930094
            ],
            [
              94.50770503136009,
              25.617371820147508
            ],
            [
              94.50750732034356,
              25.61715367965644
            ],
            [
              94.50728917985249,
              25.61695596863991
            ],
            [
              94.50705271069906,
              25.616780591163092
            ],
            [
              94.50680019021048,
              25.616629236206954
            ],
            [
              94.50653405029709,
              25.616503361402465
            ],
            [
              94.50625685403176,
              25.616404178992802
            ],
            [
              94.50597127096604,
              25.61633264415879
            ],
            [
              94.505680051421,
              25.61628944581998
            ],
            [
              94.505386,
              25.616274999999998
            ],
            [
              94.50509194857901,
              25.61628944581998
            ],
            [
              94.50480072903396,
              25.61633264415879
            ],
            [
              94.50451514596824,
              25.616404178992802
            ],
            [
              94.50423794970291,
              25.616503361402465
            ],
            [
              94.50397180978952,
              25.616629236206954
            ],
            [
              94.50371928930095,
              25.616780591163092
            ],
            [
              94.50348282014751,
              25.61695596863991
            ],
            [
              94.50326467965644,
              25.61715367965644
            ],
            [
              94.50306696863991,
              25.617371820147508
            ],
            [
              94.50289159116309,
              25.61760828930094
            ],
            [
              94.50274023620696,
              25.61786080978952
            ],
            [
              94.50261436140246,
              25.6181269497029
            ],
            [
              94.50251517899281,
              25.618404145968235
            ],
            [
              94.50244364415879,
              25.61868972903395
            ],
            [
              94.50240044581999,
              25.618980948579008
            ],
            [
              94.502386,
              25.619275
            ],
            [
              94.50240044581999,
              25.61956905142099
            ],
            [
              94.50244364415879,
              25.619860270966047
            ],
            [
              94.50251517899281,
              25.62014585403176
            ],
            [
              94.50261436140246,
              25.620423050297095
            ],
            [
              94.50274023620696,
              25.620689190210477
            ],
            [
              94.50289159116309,
              25.620941710699057
            ],
            [
              94.50306696863991,
              25.62117817985249
            ],
            [
              94.50326467965644,
              25.621396320343557
            ],
            [
              94.50348282014751,
              25.621594031360086
            ],
            [
              94.50371928930095,
              25.621769408836904
            ],
            [
              94.50397180978952,
              25.621920763793042
            ],
            [
              94.50423794970291,
              25.62204663859753
            ],
            [
              94.50451514596824,
              25.622145821007194
            ],
            [
              94.50480072903396,
              25.622217355841208
            ],
            [
              94.50509194857901,
              25.622260554180016
            ],
            [
              94.505386,
              25.622275
            ],
            [
              94.505680051421,
              25.622260554180016
            ],
            [
              94.50597127096604,
              25.622217355841208
            ],
            [
              94.50625685403176,
              25.622145821007194
            ],
            [
              94.50653405029709,
              25.62204663859753
            ],
            [
              94.50680019021048,
              25.621920763793042
            ],
            [
              94.50705271069906,
              25.621769408836904
            ],
            [
              94.50728917985249,
              25.621594031360086
            ],
            [
              94.50750732034356,
              25.621396320343557
            ],
            [
              94.50770503136009,
              25.62117817985249
            ],
            [
              94.50788040883691,
              25.620941710699057
            ],
            [
              94.50803176379304,
              25.620689190210477
            ],
            [
              94.50815763859754,
              25.620423050297095
            ],
            [
              94.5082568210072,
              25.62014585403176
            ],
            [
              94.50832835584121,
              25.619860270966047
            ],
            [
              94.50837155418002,
              25.61956905142099
            ],
            [
              94.508386,
              25.619275
            ]
          ]
        ]
      }
    },
    {
      "type": "Feature",
      "properties": {
        "landslide_id": "UNKNOWN_ID",
        "zone_name": "Landslide Zone (Ukhrul)",
        "state": "Manipur",
        "district": "Ukhrul",
        "hazard_type": "LANDSLIDE",
        "risk_level": "HIGH",
        "historical_event_count": 1
      },
      "geometry": {
        "type": "Polygon",
        "coordinates": [
          [
            [
              94.514322,
              25.611744
            ],
            [
              94.51430755418002,
              25.61144994857901
            ],
            [
              94.51426435584122,
              25.611158729033953
            ],
            [
              94.5141928210072,
              25.610873145968238
            ],
            [
              94.51409363859754,
              25.610595949702905
            ],
            [
              94.51396776379305,
              25.610329809789523
            ],
            [
              94.51381640883692,
              25.610077289300943
            ],
            [
              94.5136410313601,
              25.60984082014751
            ],
            [
              94.51344332034357,
              25.609622679656443
            ],
            [
              94.5132251798525,
              25.609424968639914
            ],
            [
              94.51298871069906,
              25.609249591163096
            ],
            [
              94.51273619021049,
              25.609098236206957
            ],
            [
              94.5124700502971,
              25.60897236140247
            ],
            [
              94.51219285403177,
              25.608873178992805
            ],
            [
              94.51190727096605,
              25.608801644158792
            ],
            [
              94.511616051421,
              25.608758445819984
            ],
            [
              94.511322,
              25.608744
            ],
            [
              94.51102794857901,
              25.608758445819984
            ],
            [
              94.51073672903397,
              25.608801644158792
            ],
            [
              94.51045114596825,
              25.608873178992805
            ],
            [
              94.51017394970292,
              25.60897236140247
            ],
            [
              94.50990780978952,
              25.609098236206957
            ],
            [
              94.50965528930095,
              25.609249591163096
            ],
            [
              94.50941882014752,
              25.609424968639914
            ],
            [
              94.50920067965644,
              25.609622679656443
            ],
            [
              94.50900296863992,
              25.60984082014751
            ],
            [
              94.5088275911631,
              25.610077289300943
            ],
            [
              94.50867623620697,
              25.610329809789523
            ],
            [
              94.50855036140247,
              25.610595949702905
            ],
            [
              94.50845117899281,
              25.610873145968238
            ],
            [
              94.5083796441588,
              25.611158729033953
            ],
            [
              94.50833644581999,
              25.61144994857901
            ],
            [
              94.508322,
              25.611744
            ],
            [
              94.50833644581999,
              25.612038051420992
            ],
            [
              94.5083796441588,
              25.61232927096605
            ],
            [
              94.50845117899281,
              25.612614854031765
            ],
            [
              94.50855036140247,
              25.6128920502971
            ],
            [
              94.50867623620697,
              25.61315819021048
            ],
            [
              94.5088275911631,
              25.61341071069906
            ],
            [
              94.50900296863992,
              25.613647179852492
            ],
            [
              94.50920067965644,
              25.61386532034356
            ],
            [
              94.50941882014752,
              25.61406303136009
            ],
            [
              94.50965528930095,
              25.614238408836908
            ],
            [
              94.50990780978952,
              25.614389763793046
            ],
            [
              94.51017394970292,
              25.614515638597535
            ],
            [
              94.51045114596825,
              25.614614821007198
            ],
            [
              94.51073672903397,
              25.61468635584121
            ],
            [
              94.51102794857901,
              25.61472955418002
            ],
            [
              94.511322,
              25.614744
            ],
            [
              94.511616051421,
              25.61472955418002
            ],
            [
              94.51190727096605,
              25.61468635584121
            ],
            [
              94.51219285403177,
              25.614614821007198
            ],
            [
              94.5124700502971,
              25.614515638597535
            ],
            [
              94.51273619021049,
              25.614389763793046
            ],
            [
              94.51298871069906,
              25.614238408836908
            ],
            [
              94.5132251798525,
              25.61406303136009
            ],
            [
              94.51344332034357,
              25.61386532034356
            ],
            [
              94.5136410313601,
              25.613647179852492
            ],
            [
              94.51381640883692,
              25.61341071069906
            ],
            [
              94.51396776379305,
              25.61315819021048
            ],
            [
              94.51409363859754,
              25.6128920502971
            ],
            [
              94.5141928210072,
              25.612614854031765
            ],
            [
              94.51426435584122,
              25.61232927096605
            ],
            [
              94.51430755418002,
              25.612038051420992
            ],
            [
              94.514322,
              25.611744
            ]
          ]
        ]
      }
    },
    {
      "type": "Feature",
      "properties": {
        "landslide_id": "UNKNOWN_ID",
        "zone_name": "Landslide Zone (Ukhrul)",
        "state": "Manipur",
        "district": "Ukhrul",
        "hazard_type": "LANDSLIDE",
        "risk_level": "HIGH",
        "historical_event_count": 1
      },
      "geometry": {
        "type": "Polygon",
        "coordinates": [
          [
            [
              94.509033,
              25.612494
            ],
            [
              94.50901855418002,
              25.61219994857901
            ],
            [
              94.50897535584122,
              25.611908729033953
            ],
            [
              94.5089038210072,
              25.611623145968238
            ],
            [
              94.50880463859754,
              25.611345949702905
            ],
            [
              94.50867876379304,
              25.611079809789523
            ],
            [
              94.50852740883691,
              25.610827289300943
            ],
            [
              94.50835203136009,
              25.61059082014751
            ],
            [
              94.50815432034356,
              25.610372679656443
            ],
            [
              94.50793617985249,
              25.610174968639914
            ],
            [
              94.50769971069906,
              25.609999591163096
            ],
            [
              94.50744719021048,
              25.609848236206957
            ],
            [
              94.50718105029709,
              25.60972236140247
            ],
            [
              94.50690385403176,
              25.609623178992805
            ],
            [
              94.50661827096604,
              25.609551644158792
            ],
            [
              94.506327051421,
              25.609508445819984
            ],
            [
              94.506033,
              25.609494
            ],
            [
              94.50573894857901,
              25.609508445819984
            ],
            [
              94.50544772903396,
              25.609551644158792
            ],
            [
              94.50516214596824,
              25.609623178992805
            ],
            [
              94.50488494970291,
              25.60972236140247
            ],
            [
              94.50461880978952,
              25.609848236206957
            ],
            [
              94.50436628930095,
              25.609999591163096
            ],
            [
              94.50412982014751,
              25.610174968639914
            ],
            [
              94.50391167965644,
              25.610372679656443
            ],
            [
              94.50371396863991,
              25.61059082014751
            ],
            [
              94.50353859116309,
              25.610827289300943
            ],
            [
              94.50338723620696,
              25.611079809789523
            ],
            [
              94.50326136140247,
              25.611345949702905
            ],
            [
              94.50316217899281,
              25.611623145968238
            ],
            [
              94.50309064415879,
              25.611908729033953
            ],
            [
              94.50304744581999,
              25.61219994857901
            ],
            [
              94.503033,
              25.612494
            ],
            [
              94.50304744581999,
              25.612788051420992
            ],
            [
              94.50309064415879,
              25.61307927096605
            ],
            [
              94.50316217899281,
              25.613364854031765
            ],
            [
              94.50326136140247,
              25.6136420502971
            ],
            [
              94.50338723620696,
              25.61390819021048
            ],
            [
              94.50353859116309,
              25.61416071069906
            ],
            [
              94.50371396863991,
              25.614397179852492
            ],
            [
              94.50391167965644,
              25.61461532034356
            ],
            [
              94.50412982014751,
              25.61481303136009
            ],
            [
              94.50436628930095,
              25.614988408836908
            ],
            [
              94.50461880978952,
              25.615139763793046
            ],
            [
              94.50488494970291,
              25.615265638597535
            ],
            [
              94.50516214596824,
              25.615364821007198
            ],
            [
              94.50544772903396,
              25.61543635584121
            ],
            [
              94.50573894857901,
              25.61547955418002
            ],
            [
              94.506033,
              25.615494
            ],
            [
              94.506327051421,
              25.61547955418002
            ],
            [
              94.50661827096604,
              25.61543635584121
            ],
            [
              94.50690385403176,
              25.615364821007198
            ],
            [
              94.50718105029709,
              25.615265638597535
            ],
            [
              94.50744719021048,
              25.615139763793046
            ],
            [
              94.50769971069906,
              25.614988408836908
            ],
            [
              94.50793617985249,
              25.61481303136009
            ],
            [
              94.50815432034356,
              25.61461532034356
            ],
            [
              94.50835203136009,
              25.614397179852492
            ],
            [
              94.50852740883691,
              25.61416071069906
            ],
            [
              94.50867876379304,
              25.61390819021048
            ],
            [
              94.50880463859754,
              25.6136420502971
            ],
            [
              94.5089038210072,
              25.613364854031765
            ],
            [
              94.50897535584122,
              25.61307927096605
            ],
            [
              94.50901855418002,
              25.612788051420992
            ],
            [
              94.509033,
              25.612494
            ]
          ]
        ]
      }
    },
    {
      "type": "Feature",
      "properties": {
        "landslide_id": "UNKNOWN_ID",
        "zone_name": "Landslide Zone (Ukhrul)",
        "state": "Manipur",
        "district": "Ukhrul",
        "hazard_type": "LANDSLIDE",
        "risk_level": "HIGH",
        "historical_event_count": 1
      },
      "geometry": {
        "type": "Polygon",
        "coordinates": [
          [
            [
              94.510497,
              25.612811
            ],
            [
              94.51048255418002,
              25.61251694857901
            ],
            [
              94.51043935584121,
              25.612225729033952
            ],
            [
              94.5103678210072,
              25.611940145968237
            ],
            [
              94.51026863859754,
              25.611662949702904
            ],
            [
              94.51014276379304,
              25.61139680978952
            ],
            [
              94.50999140883691,
              25.611144289300942
            ],
            [
              94.50981603136009,
              25.61090782014751
            ],
            [
              94.50961832034356,
              25.610689679656442
            ],
            [
              94.50940017985249,
              25.610491968639913
            ],
            [
              94.50916371069906,
              25.610316591163095
            ],
            [
              94.50891119021048,
              25.610165236206957
            ],
            [
              94.50864505029709,
              25.610039361402468
            ],
            [
              94.50836785403176,
              25.609940178992805
            ],
            [
              94.50808227096604,
              25.60986864415879
            ],
            [
              94.507791051421,
              25.609825445819983
            ],
            [
              94.507497,
              25.609811
            ],
            [
              94.507202948579,
              25.609825445819983
            ],
            [
              94.50691172903396,
              25.60986864415879
            ],
            [
              94.50662614596824,
              25.609940178992805
            ],
            [
              94.50634894970291,
              25.610039361402468
            ],
            [
              94.50608280978952,
              25.610165236206957
            ],
            [
              94.50583028930095,
              25.610316591163095
            ],
            [
              94.50559382014751,
              25.610491968639913
            ],
            [
              94.50537567965644,
              25.610689679656442
            ],
            [
              94.50517796863991,
              25.61090782014751
            ],
            [
              94.50500259116309,
              25.611144289300942
            ],
            [
              94.50485123620696,
              25.61139680978952
            ],
            [
              94.50472536140246,
              25.611662949702904
            ],
            [
              94.50462617899281,
              25.611940145968237
            ],
            [
              94.50455464415879,
              25.612225729033952
            ],
            [
              94.50451144581999,
              25.61251694857901
            ],
            [
              94.504497,
              25.612811
            ],
            [
              94.50451144581999,
              25.61310505142099
            ],
            [
              94.50455464415879,
              25.61339627096605
            ],
            [
              94.50462617899281,
              25.613681854031764
            ],
            [
              94.50472536140246,
              25.613959050297098
            ],
            [
              94.50485123620696,
              25.61422519021048
            ],
            [
              94.50500259116309,
              25.61447771069906
            ],
            [
              94.50517796863991,
              25.61471417985249
            ],
            [
              94.50537567965644,
              25.61493232034356
            ],
            [
              94.50559382014751,
              25.61513003136009
            ],
            [
              94.50583028930095,
              25.615305408836907
            ],
            [
              94.50608280978952,
              25.615456763793045
            ],
            [
              94.50634894970291,
              25.615582638597534
            ],
            [
              94.50662614596824,
              25.615681821007197
            ],
            [
              94.50691172903396,
              25.61575335584121
            ],
            [
              94.507202948579,
              25.61579655418002
            ],
            [
              94.507497,
              25.615811
            ],
            [
              94.507791051421,
              25.61579655418002
            ],
            [
              94.50808227096604,
              25.61575335584121
            ],
            [
              94.50836785403176,
              25.615681821007197
            ],
            [
              94.50864505029709,
              25.615582638597534
            ],
            [
              94.50891119021048,
              25.615456763793045
            ],
            [
              94.50916371069906,
              25.615305408836907
            ],
            [
              94.50940017985249,
              25.61513003136009
            ],
            [
              94.50961832034356,
              25.61493232034356
            ],
            [
              94.50981603136009,
              25.61471417985249
            ],
            [
              94.50999140883691,
              25.61447771069906
            ],
            [
              94.51014276379304,
              25.61422519021048
            ],
            [
              94.51026863859754,
              25.613959050297098
            ],
            [
              94.5103678210072,
              25.613681854031764
            ],
            [
              94.51043935584121,
              25.61339627096605
            ],
            [
              94.51048255418002,
              25.61310505142099
            ],
            [
              94.510497,
              25.612811
            ]
          ]
        ]
      }
    },
    {
      "type": "Feature",
      "properties": {
        "landslide_id": "UNKNOWN_ID",
        "zone_name": "Landslide Zone (Ukhrul)",
        "state": "Manipur",
        "district": "Ukhrul",
        "hazard_type": "LANDSLIDE",
        "risk_level": "HIGH",
        "historical_event_count": 1
      },
      "geometry": {
        "type": "Polygon",
        "coordinates": [
          [
            [
              94.510633,
              25.613819
            ],
            [
              94.51061855418001,
              25.61352494857901
            ],
            [
              94.51057535584121,
              25.61323372903395
            ],
            [
              94.51050382100719,
              25.612948145968236
            ],
            [
              94.51040463859754,
              25.612670949702903
            ],
            [
              94.51027876379304,
              25.61240480978952
            ],
            [
              94.51012740883691,
              25.61215228930094
            ],
            [
              94.50995203136009,
              25.61191582014751
            ],
            [
              94.50975432034356,
              25.61169767965644
            ],
            [
              94.50953617985249,
              25.61149996863991
            ],
            [
              94.50929971069905,
              25.611324591163093
            ],
            [
              94.50904719021048,
              25.611173236206955
            ],
            [
              94.50878105029709,
              25.611047361402466
            ],
            [
              94.50850385403176,
              25.610948178992803
            ],
            [
              94.50821827096604,
              25.61087664415879
            ],
            [
              94.50792705142099,
              25.61083344581998
            ],
            [
              94.507633,
              25.610819
            ],
            [
              94.507338948579,
              25.61083344581998
            ],
            [
              94.50704772903396,
              25.61087664415879
            ],
            [
              94.50676214596824,
              25.610948178992803
            ],
            [
              94.50648494970291,
              25.611047361402466
            ],
            [
              94.50621880978952,
              25.611173236206955
            ],
            [
              94.50596628930094,
              25.611324591163093
            ],
            [
              94.50572982014751,
              25.61149996863991
            ],
            [
              94.50551167965644,
              25.61169767965644
            ],
            [
              94.50531396863991,
              25.61191582014751
            ],
            [
              94.50513859116309,
              25.61215228930094
            ],
            [
              94.50498723620696,
              25.61240480978952
            ],
            [
              94.50486136140246,
              25.612670949702903
            ],
            [
              94.5047621789928,
              25.612948145968236
            ],
            [
              94.50469064415879,
              25.61323372903395
            ],
            [
              94.50464744581998,
              25.61352494857901
            ],
            [
              94.504633,
              25.613819
            ],
            [
              94.50464744581998,
              25.61411305142099
            ],
            [
              94.50469064415879,
              25.614404270966048
            ],
            [
              94.5047621789928,
              25.614689854031763
            ],
            [
              94.50486136140246,
              25.614967050297096
            ],
            [
              94.50498723620696,
              25.61523319021048
            ],
            [
              94.50513859116309,
              25.61548571069906
            ],
            [
              94.50531396863991,
              25.61572217985249
            ],
            [
              94.50551167965644,
              25.615940320343558
            ],
            [
              94.50572982014751,
              25.616138031360087
            ],
            [
              94.50596628930094,
              25.616313408836906
            ],
            [
              94.50621880978952,
              25.616464763793044
            ],
            [
              94.50648494970291,
              25.616590638597533
            ],
            [
              94.50676214596824,
              25.616689821007196
            ],
            [
              94.50704772903396,
              25.61676135584121
            ],
            [
              94.507338948579,
              25.616804554180018
            ],
            [
              94.507633,
              25.616819
            ],
            [
              94.50792705142099,
              25.616804554180018
            ],
            [
              94.50821827096604,
              25.61676135584121
            ],
            [
              94.50850385403176,
              25.616689821007196
            ],
            [
              94.50878105029709,
              25.616590638597533
            ],
            [
              94.50904719021048,
              25.616464763793044
            ],
            [
              94.50929971069905,
              25.616313408836906
            ],
            [
              94.50953617985249,
              25.616138031360087
            ],
            [
              94.50975432034356,
              25.615940320343558
            ],
            [
              94.50995203136009,
              25.61572217985249
            ],
            [
              94.51012740883691,
              25.61548571069906
            ],
            [
              94.51027876379304,
              25.61523319021048
            ],
            [
              94.51040463859754,
              25.614967050297096
            ],
            [
              94.51050382100719,
              25.614689854031763
            ],
            [
              94.51057535584121,
              25.614404270966048
            ],
            [
              94.51061855418001,
              25.61411305142099
            ],
            [
              94.510633,
              25.613819
            ]
          ]
        ]
      }
    },
    {
      "type": "Feature",
      "properties": {
        "landslide_id": "UNKNOWN_ID",
        "zone_name": "Landslide Zone (Ukhrul)",
        "state": "Manipur",
        "district": "Ukhrul",
        "hazard_type": "LANDSLIDE",
        "risk_level": "HIGH",
        "historical_event_count": 1
      },
      "geometry": {
        "type": "Polygon",
        "coordinates": [
          [
            [
              94.511158,
              25.615164
            ],
            [
              94.51114355418001,
              25.61486994857901
            ],
            [
              94.51110035584121,
              25.61457872903395
            ],
            [
              94.51102882100719,
              25.614293145968237
            ],
            [
              94.51092963859753,
              25.614015949702903
            ],
            [
              94.51080376379304,
              25.61374980978952
            ],
            [
              94.5106524088369,
              25.61349728930094
            ],
            [
              94.51047703136008,
              25.61326082014751
            ],
            [
              94.51027932034356,
              25.61304267965644
            ],
            [
              94.51006117985249,
              25.612844968639912
            ],
            [
              94.50982471069905,
              25.612669591163094
            ],
            [
              94.50957219021048,
              25.612518236206956
            ],
            [
              94.50930605029708,
              25.612392361402467
            ],
            [
              94.50902885403175,
              25.612293178992804
            ],
            [
              94.50874327096604,
              25.61222164415879
            ],
            [
              94.50845205142099,
              25.612178445819982
            ],
            [
              94.508158,
              25.612164
            ],
            [
              94.507863948579,
              25.612178445819982
            ],
            [
              94.50757272903395,
              25.61222164415879
            ],
            [
              94.50728714596823,
              25.612293178992804
            ],
            [
              94.5070099497029,
              25.612392361402467
            ],
            [
              94.50674380978951,
              25.612518236206956
            ],
            [
              94.50649128930094,
              25.612669591163094
            ],
            [
              94.5062548201475,
              25.612844968639912
            ],
            [
              94.50603667965643,
              25.61304267965644
            ],
            [
              94.5058389686399,
              25.61326082014751
            ],
            [
              94.50566359116308,
              25.61349728930094
            ],
            [
              94.50551223620695,
              25.61374980978952
            ],
            [
              94.50538636140246,
              25.614015949702903
            ],
            [
              94.5052871789928,
              25.614293145968237
            ],
            [
              94.50521564415878,
              25.61457872903395
            ],
            [
              94.50517244581998,
              25.61486994857901
            ],
            [
              94.505158,
              25.615164
            ],
            [
              94.50517244581998,
              25.61545805142099
            ],
            [
              94.50521564415878,
              25.61574927096605
            ],
            [
              94.5052871789928,
              25.616034854031764
            ],
            [
              94.50538636140246,
              25.616312050297097
            ],
            [
              94.50551223620695,
              25.61657819021048
            ],
            [
              94.50566359116308,
              25.61683071069906
            ],
            [
              94.5058389686399,
              25.61706717985249
            ],
            [
              94.50603667965643,
              25.61728532034356
            ],
            [
              94.5062548201475,
              25.617483031360088
            ],
            [
              94.50649128930094,
              25.617658408836906
            ],
            [
              94.50674380978951,
              25.617809763793044
            ],
            [
              94.5070099497029,
              25.617935638597533
            ],
            [
              94.50728714596823,
              25.618034821007196
            ],
            [
              94.50757272903395,
              25.61810635584121
            ],
            [
              94.507863948579,
              25.618149554180018
            ],
            [
              94.508158,
              25.618164
            ],
            [
              94.50845205142099,
              25.618149554180018
            ],
            [
              94.50874327096604,
              25.61810635584121
            ],
            [
              94.50902885403175,
              25.618034821007196
            ],
            [
              94.50930605029708,
              25.617935638597533
            ],
            [
              94.50957219021048,
              25.617809763793044
            ],
            [
              94.50982471069905,
              25.617658408836906
            ],
            [
              94.51006117985249,
              25.617483031360088
            ],
            [
              94.51027932034356,
              25.61728532034356
            ],
            [
              94.51047703136008,
              25.61706717985249
            ],
            [
              94.5106524088369,
              25.61683071069906
            ],
            [
              94.51080376379304,
              25.61657819021048
            ],
            [
              94.51092963859753,
              25.616312050297097
            ],
            [
              94.51102882100719,
              25.616034854031764
            ],
            [
              94.51110035584121,
              25.61574927096605
            ],
            [
              94.51114355418001,
              25.61545805142099
            ],
            [
              94.511158,
              25.615164
            ]
          ]
        ]
      }
    },
    {
      "type": "Feature",
      "properties": {
        "landslide_id": "UNKNOWN_ID",
        "zone_name": "Landslide Zone (Ukhrul)",
        "state": "Manipur",
        "district": "Ukhrul",
        "hazard_type": "LANDSLIDE",
        "risk_level": "HIGH",
        "historical_event_count": 1
      },
      "geometry": {
        "type": "Polygon",
        "coordinates": [
          [
            [
              94.589194,
              25.640278
            ],
            [
              94.58917955418002,
              25.639983948579008
            ],
            [
              94.58913635584122,
              25.63969272903395
            ],
            [
              94.5890648210072,
              25.639407145968235
            ],
            [
              94.58896563859754,
              25.6391299497029
            ],
            [
              94.58883976379305,
              25.63886380978952
            ],
            [
              94.58868840883692,
              25.63861128930094
            ],
            [
              94.5885130313601,
              25.638374820147508
            ],
            [
              94.58831532034357,
              25.63815667965644
            ],
            [
              94.5880971798525,
              25.63795896863991
            ],
            [
              94.58786071069906,
              25.637783591163092
            ],
            [
              94.58760819021049,
              25.637632236206954
            ],
            [
              94.5873420502971,
              25.637506361402465
            ],
            [
              94.58706485403177,
              25.637407178992802
            ],
            [
              94.58677927096605,
              25.63733564415879
            ],
            [
              94.586488051421,
              25.63729244581998
            ],
            [
              94.586194,
              25.637278
            ],
            [
              94.58589994857901,
              25.63729244581998
            ],
            [
              94.58560872903396,
              25.63733564415879
            ],
            [
              94.58532314596825,
              25.637407178992802
            ],
            [
              94.58504594970292,
              25.637506361402465
            ],
            [
              94.58477980978952,
              25.637632236206954
            ],
            [
              94.58452728930095,
              25.637783591163092
            ],
            [
              94.58429082014752,
              25.63795896863991
            ],
            [
              94.58407267965644,
              25.63815667965644
            ],
            [
              94.58387496863992,
              25.638374820147508
            ],
            [
              94.5836995911631,
              25.63861128930094
            ],
            [
              94.58354823620697,
              25.63886380978952
            ],
            [
              94.58342236140247,
              25.6391299497029
            ],
            [
              94.58332317899281,
              25.639407145968235
            ],
            [
              94.58325164415879,
              25.63969272903395
            ],
            [
              94.58320844581999,
              25.639983948579008
            ],
            [
              94.583194,
              25.640278
            ],
            [
              94.58320844581999,
              25.64057205142099
            ],
            [
              94.58325164415879,
              25.640863270966047
            ],
            [
              94.58332317899281,
              25.641148854031762
            ],
            [
              94.58342236140247,
              25.641426050297095
            ],
            [
              94.58354823620697,
              25.641692190210478
            ],
            [
              94.5836995911631,
              25.641944710699057
            ],
            [
              94.58387496863992,
              25.64218117985249
            ],
            [
              94.58407267965644,
              25.642399320343557
            ],
            [
              94.58429082014752,
              25.642597031360086
            ],
            [
              94.58452728930095,
              25.642772408836905
            ],
            [
              94.58477980978952,
              25.642923763793043
            ],
            [
              94.58504594970292,
              25.64304963859753
            ],
            [
              94.58532314596825,
              25.643148821007195
            ],
            [
              94.58560872903396,
              25.64322035584121
            ],
            [
              94.58589994857901,
              25.643263554180017
            ],
            [
              94.586194,
              25.643278
            ],
            [
              94.586488051421,
              25.643263554180017
            ],
            [
              94.58677927096605,
              25.64322035584121
            ],
            [
              94.58706485403177,
              25.643148821007195
            ],
            [
              94.5873420502971,
              25.64304963859753
            ],
            [
              94.58760819021049,
              25.642923763793043
            ],
            [
              94.58786071069906,
              25.642772408836905
            ],
            [
              94.5880971798525,
              25.642597031360086
            ],
            [
              94.58831532034357,
              25.642399320343557
            ],
            [
              94.5885130313601,
              25.64218117985249
            ],
            [
              94.58868840883692,
              25.641944710699057
            ],
            [
              94.58883976379305,
              25.641692190210478
            ],
            [
              94.58896563859754,
              25.641426050297095
            ],
            [
              94.5890648210072,
              25.641148854031762
            ],
            [
              94.58913635584122,
              25.640863270966047
            ],
            [
              94.58917955418002,
              25.64057205142099
            ],
            [
              94.589194,
              25.640278
            ]
          ]
        ]
      }
    },
    {
      "type": "Feature",
      "properties": {
        "landslide_id": "UNKNOWN_ID",
        "zone_name": "Landslide Zone (Phek)",
        "state": "Nagaland",
        "district": "Phek",
        "hazard_type": "LANDSLIDE",
        "risk_level": "HIGH",
        "historical_event_count": 1
      },
      "geometry": {
        "type": "Polygon",
        "coordinates": [
          [
            [
              94.721944,
              25.667
            ],
            [
              94.72192955418001,
              25.66670594857901
            ],
            [
              94.7218863558412,
              25.666414729033953
            ],
            [
              94.72181482100719,
              25.666129145968238
            ],
            [
              94.72171563859753,
              25.665851949702905
            ],
            [
              94.72158976379303,
              25.665585809789523
            ],
            [
              94.7214384088369,
              25.665333289300943
            ],
            [
              94.72126303136008,
              25.66509682014751
            ],
            [
              94.72106532034356,
              25.664878679656443
            ],
            [
              94.72084717985248,
              25.664680968639914
            ],
            [
              94.72061071069905,
              25.664505591163095
            ],
            [
              94.72035819021048,
              25.664354236206957
            ],
            [
              94.72009205029708,
              25.66422836140247
            ],
            [
              94.71981485403175,
              25.664129178992805
            ],
            [
              94.71952927096604,
              25.66405764415879
            ],
            [
              94.71923805142099,
              25.664014445819983
            ],
            [
              94.718944,
              25.664
            ],
            [
              94.718649948579,
              25.664014445819983
            ],
            [
              94.71835872903395,
              25.66405764415879
            ],
            [
              94.71807314596823,
              25.664129178992805
            ],
            [
              94.7177959497029,
              25.66422836140247
            ],
            [
              94.71752980978951,
              25.664354236206957
            ],
            [
              94.71727728930094,
              25.664505591163095
            ],
            [
              94.7170408201475,
              25.664680968639914
            ],
            [
              94.71682267965643,
              25.664878679656443
            ],
            [
              94.7166249686399,
              25.66509682014751
            ],
            [
              94.71644959116308,
              25.665333289300943
            ],
            [
              94.71629823620695,
              25.665585809789523
            ],
            [
              94.71617236140246,
              25.665851949702905
            ],
            [
              94.7160731789928,
              25.666129145968238
            ],
            [
              94.71600164415878,
              25.666414729033953
            ],
            [
              94.71595844581998,
              25.66670594857901
            ],
            [
              94.715944,
              25.667
            ],
            [
              94.71595844581998,
              25.667294051420992
            ],
            [
              94.71600164415878,
              25.66758527096605
            ],
            [
              94.7160731789928,
              25.667870854031765
            ],
            [
              94.71617236140246,
              25.6681480502971
            ],
            [
              94.71629823620695,
              25.66841419021048
            ],
            [
              94.71644959116308,
              25.66866671069906
            ],
            [
              94.7166249686399,
              25.668903179852492
            ],
            [
              94.71682267965643,
              25.66912132034356
            ],
            [
              94.7170408201475,
              25.66931903136009
            ],
            [
              94.71727728930094,
              25.669494408836908
            ],
            [
              94.71752980978951,
              25.669645763793046
            ],
            [
              94.7177959497029,
              25.669771638597535
            ],
            [
              94.71807314596823,
              25.669870821007198
            ],
            [
              94.71835872903395,
              25.66994235584121
            ],
            [
              94.718649948579,
              25.66998555418002
            ],
            [
              94.718944,
              25.67
            ],
            [
              94.71923805142099,
              25.66998555418002
            ],
            [
              94.71952927096604,
              25.66994235584121
            ],
            [
              94.71981485403175,
              25.669870821007198
            ],
            [
              94.72009205029708,
              25.669771638597535
            ],
            [
              94.72035819021048,
              25.669645763793046
            ],
            [
              94.72061071069905,
              25.669494408836908
            ],
            [
              94.72084717985248,
              25.66931903136009
            ],
            [
              94.72106532034356,
              25.66912132034356
            ],
            [
              94.72126303136008,
              25.668903179852492
            ],
            [
              94.7214384088369,
              25.66866671069906
            ],
            [
              94.72158976379303,
              25.66841419021048
            ],
            [
              94.72171563859753,
              25.6681480502971
            ],
            [
              94.72181482100719,
              25.667870854031765
            ],
            [
              94.7218863558412,
              25.66758527096605
            ],
            [
              94.72192955418001,
              25.667294051420992
            ],
            [
              94.721944,
              25.667
            ]
          ]
        ]
      }
    },
    {
      "type": "Feature",
      "properties": {
        "landslide_id": "UNKNOWN_ID",
        "zone_name": "Landslide Zone (Phek)",
        "state": "Nagaland",
        "district": "Phek",
        "hazard_type": "LANDSLIDE",
        "risk_level": "HIGH",
        "historical_event_count": 1
      },
      "geometry": {
        "type": "Polygon",
        "coordinates": [
          [
            [
              94.719222,
              25.673472
            ],
            [
              94.71920755418002,
              25.67317794857901
            ],
            [
              94.71916435584122,
              25.67288672903395
            ],
            [
              94.7190928210072,
              25.672601145968237
            ],
            [
              94.71899363859754,
              25.672323949702903
            ],
            [
              94.71886776379304,
              25.67205780978952
            ],
            [
              94.71871640883691,
              25.67180528930094
            ],
            [
              94.71854103136009,
              25.67156882014751
            ],
            [
              94.71834332034356,
              25.67135067965644
            ],
            [
              94.71812517985249,
              25.671152968639912
            ],
            [
              94.71788871069906,
              25.670977591163094
            ],
            [
              94.71763619021048,
              25.670826236206956
            ],
            [
              94.71737005029709,
              25.670700361402467
            ],
            [
              94.71709285403176,
              25.670601178992804
            ],
            [
              94.71680727096604,
              25.67052964415879
            ],
            [
              94.716516051421,
              25.670486445819982
            ],
            [
              94.716222,
              25.670472
            ],
            [
              94.71592794857901,
              25.670486445819982
            ],
            [
              94.71563672903396,
              25.67052964415879
            ],
            [
              94.71535114596824,
              25.670601178992804
            ],
            [
              94.71507394970291,
              25.670700361402467
            ],
            [
              94.71480780978952,
              25.670826236206956
            ],
            [
              94.71455528930095,
              25.670977591163094
            ],
            [
              94.71431882014751,
              25.671152968639912
            ],
            [
              94.71410067965644,
              25.67135067965644
            ],
            [
              94.71390296863991,
              25.67156882014751
            ],
            [
              94.71372759116309,
              25.67180528930094
            ],
            [
              94.71357623620696,
              25.67205780978952
            ],
            [
              94.71345036140247,
              25.672323949702903
            ],
            [
              94.71335117899281,
              25.672601145968237
            ],
            [
              94.71327964415879,
              25.67288672903395
            ],
            [
              94.71323644581999,
              25.67317794857901
            ],
            [
              94.713222,
              25.673472
            ],
            [
              94.71323644581999,
              25.67376605142099
            ],
            [
              94.71327964415879,
              25.67405727096605
            ],
            [
              94.71335117899281,
              25.674342854031764
            ],
            [
              94.71345036140247,
              25.674620050297097
            ],
            [
              94.71357623620696,
              25.67488619021048
            ],
            [
              94.71372759116309,
              25.67513871069906
            ],
            [
              94.71390296863991,
              25.67537517985249
            ],
            [
              94.71410067965644,
              25.67559332034356
            ],
            [
              94.71431882014751,
              25.675791031360088
            ],
            [
              94.71455528930095,
              25.675966408836906
            ],
            [
              94.71480780978952,
              25.676117763793044
            ],
            [
              94.71507394970291,
              25.676243638597533
            ],
            [
              94.71535114596824,
              25.676342821007196
            ],
            [
              94.71563672903396,
              25.67641435584121
            ],
            [
              94.71592794857901,
              25.67645755418002
            ],
            [
              94.716222,
              25.676472
            ],
            [
              94.716516051421,
              25.67645755418002
            ],
            [
              94.71680727096604,
              25.67641435584121
            ],
            [
              94.71709285403176,
              25.676342821007196
            ],
            [
              94.71737005029709,
              25.676243638597533
            ],
            [
              94.71763619021048,
              25.676117763793044
            ],
            [
              94.71788871069906,
              25.675966408836906
            ],
            [
              94.71812517985249,
              25.675791031360088
            ],
            [
              94.71834332034356,
              25.67559332034356
            ],
            [
              94.71854103136009,
              25.67537517985249
            ],
            [
              94.71871640883691,
              25.67513871069906
            ],
            [
              94.71886776379304,
              25.67488619021048
            ],
            [
              94.71899363859754,
              25.674620050297097
            ],
            [
              94.7190928210072,
              25.674342854031764
            ],
            [
              94.71916435584122,
              25.67405727096605
            ],
            [
              94.71920755418002,
              25.67376605142099
            ],
            [
              94.719222,
              25.673472
            ]
          ]
        ]
      }
    },
    {
      "type": "Feature",
      "properties": {
        "landslide_id": "UNKNOWN_ID",
        "zone_name": "Landslide Zone (Phek)",
        "state": "Nagaland",
        "district": "Phek",
        "hazard_type": "LANDSLIDE",
        "risk_level": "HIGH",
        "historical_event_count": 1
      },
      "geometry": {
        "type": "Polygon",
        "coordinates": [
          [
            [
              94.722444,
              25.662222
            ],
            [
              94.72242955418001,
              25.66192794857901
            ],
            [
              94.72238635584121,
              25.66163672903395
            ],
            [
              94.72231482100719,
              25.661351145968236
            ],
            [
              94.72221563859753,
              25.661073949702903
            ],
            [
              94.72208976379304,
              25.66080780978952
            ],
            [
              94.7219384088369,
              25.66055528930094
            ],
            [
              94.72176303136008,
              25.66031882014751
            ],
            [
              94.72156532034356,
              25.66010067965644
            ],
            [
              94.72134717985249,
              25.659902968639912
            ],
            [
              94.72111071069905,
              25.659727591163094
            ],
            [
              94.72085819021048,
              25.659576236206956
            ],
            [
              94.72059205029709,
              25.659450361402467
            ],
            [
              94.72031485403176,
              25.659351178992804
            ],
            [
              94.72002927096604,
              25.65927964415879
            ],
            [
              94.71973805142099,
              25.65923644581998
            ],
            [
              94.719444,
              25.659222
            ],
            [
              94.719149948579,
              25.65923644581998
            ],
            [
              94.71885872903395,
              25.65927964415879
            ],
            [
              94.71857314596824,
              25.659351178992804
            ],
            [
              94.7182959497029,
              25.659450361402467
            ],
            [
              94.71802980978951,
              25.659576236206956
            ],
            [
              94.71777728930094,
              25.659727591163094
            ],
            [
              94.7175408201475,
              25.659902968639912
            ],
            [
              94.71732267965643,
              25.66010067965644
            ],
            [
              94.71712496863991,
              25.66031882014751
            ],
            [
              94.71694959116309,
              25.66055528930094
            ],
            [
              94.71679823620696,
              25.66080780978952
            ],
            [
              94.71667236140246,
              25.661073949702903
            ],
            [
              94.7165731789928,
              25.661351145968236
            ],
            [
              94.71650164415878,
              25.66163672903395
            ],
            [
              94.71645844581998,
              25.66192794857901
            ],
            [
              94.716444,
              25.662222
            ],
            [
              94.71645844581998,
              25.66251605142099
            ],
            [
              94.71650164415878,
              25.66280727096605
            ],
            [
              94.7165731789928,
              25.663092854031763
            ],
            [
              94.71667236140246,
              25.663370050297097
            ],
            [
              94.71679823620696,
              25.66363619021048
            ],
            [
              94.71694959116309,
              25.66388871069906
            ],
            [
              94.71712496863991,
              25.66412517985249
            ],
            [
              94.71732267965643,
              25.66434332034356
            ],
            [
              94.7175408201475,
              25.664541031360088
            ],
            [
              94.71777728930094,
              25.664716408836906
            ],
            [
              94.71802980978951,
              25.664867763793044
            ],
            [
              94.7182959497029,
              25.664993638597533
            ],
            [
              94.71857314596824,
              25.665092821007196
            ],
            [
              94.71885872903395,
              25.66516435584121
            ],
            [
              94.719149948579,
              25.665207554180018
            ],
            [
              94.719444,
              25.665222
            ],
            [
              94.71973805142099,
              25.665207554180018
            ],
            [
              94.72002927096604,
              25.66516435584121
            ],
            [
              94.72031485403176,
              25.665092821007196
            ],
            [
              94.72059205029709,
              25.664993638597533
            ],
            [
              94.72085819021048,
              25.664867763793044
            ],
            [
              94.72111071069905,
              25.664716408836906
            ],
            [
              94.72134717985249,
              25.664541031360088
            ],
            [
              94.72156532034356,
              25.66434332034356
            ],
            [
              94.72176303136008,
              25.66412517985249
            ],
            [
              94.7219384088369,
              25.66388871069906
            ],
            [
              94.72208976379304,
              25.66363619021048
            ],
            [
              94.72221563859753,
              25.663370050297097
            ],
            [
              94.72231482100719,
              25.663092854031763
            ],
            [
              94.72238635584121,
              25.66280727096605
            ],
            [
              94.72242955418001,
              25.66251605142099
            ],
            [
              94.722444,
              25.662222
            ]
          ]
        ]
      }
    },
    {
      "type": "Feature",
      "properties": {
        "landslide_id": "UNKNOWN_ID",
        "zone_name": "Landslide Zone (Phek)",
        "state": "Nagaland",
        "district": "Phek",
        "hazard_type": "LANDSLIDE",
        "risk_level": "HIGH",
        "historical_event_count": 1
      },
      "geometry": {
        "type": "Polygon",
        "coordinates": [
          [
            [
              94.751497,
              25.631122
            ],
            [
              94.75148255418001,
              25.63082794857901
            ],
            [
              94.75143935584121,
              25.630536729033953
            ],
            [
              94.7513678210072,
              25.630251145968238
            ],
            [
              94.75126863859754,
              25.629973949702904
            ],
            [
              94.75114276379304,
              25.629707809789522
            ],
            [
              94.75099140883691,
              25.629455289300942
            ],
            [
              94.75081603136009,
              25.62921882014751
            ],
            [
              94.75061832034356,
              25.629000679656443
            ],
            [
              94.75040017985249,
              25.628802968639913
            ],
            [
              94.75016371069906,
              25.628627591163095
            ],
            [
              94.74991119021048,
              25.628476236206957
            ],
            [
              94.74964505029709,
              25.628350361402468
            ],
            [
              94.74936785403176,
              25.628251178992805
            ],
            [
              94.74908227096604,
              25.62817964415879
            ],
            [
              94.748791051421,
              25.628136445819983
            ],
            [
              94.748497,
              25.628122
            ],
            [
              94.748202948579,
              25.628136445819983
            ],
            [
              94.74791172903396,
              25.62817964415879
            ],
            [
              94.74762614596824,
              25.628251178992805
            ],
            [
              94.74734894970291,
              25.628350361402468
            ],
            [
              94.74708280978952,
              25.628476236206957
            ],
            [
              94.74683028930095,
              25.628627591163095
            ],
            [
              94.74659382014751,
              25.628802968639913
            ],
            [
              94.74637567965644,
              25.629000679656443
            ],
            [
              94.74617796863991,
              25.62921882014751
            ],
            [
              94.74600259116309,
              25.629455289300942
            ],
            [
              94.74585123620696,
              25.629707809789522
            ],
            [
              94.74572536140246,
              25.629973949702904
            ],
            [
              94.74562617899281,
              25.630251145968238
            ],
            [
              94.74555464415879,
              25.630536729033953
            ],
            [
              94.74551144581999,
              25.63082794857901
            ],
            [
              94.745497,
              25.631122
            ],
            [
              94.74551144581999,
              25.63141605142099
            ],
            [
              94.74555464415879,
              25.63170727096605
            ],
            [
              94.74562617899281,
              25.631992854031765
            ],
            [
              94.74572536140246,
              25.632270050297098
            ],
            [
              94.74585123620696,
              25.63253619021048
            ],
            [
              94.74600259116309,
              25.63278871069906
            ],
            [
              94.74617796863991,
              25.633025179852492
            ],
            [
              94.74637567965644,
              25.63324332034356
            ],
            [
              94.74659382014751,
              25.63344103136009
            ],
            [
              94.74683028930095,
              25.633616408836907
            ],
            [
              94.74708280978952,
              25.633767763793045
            ],
            [
              94.74734894970291,
              25.633893638597534
            ],
            [
              94.74762614596824,
              25.633992821007197
            ],
            [
              94.74791172903396,
              25.63406435584121
            ],
            [
              94.748202948579,
              25.63410755418002
            ],
            [
              94.748497,
              25.634122
            ],
            [
              94.748791051421,
              25.63410755418002
            ],
            [
              94.74908227096604,
              25.63406435584121
            ],
            [
              94.74936785403176,
              25.633992821007197
            ],
            [
              94.74964505029709,
              25.633893638597534
            ],
            [
              94.74991119021048,
              25.633767763793045
            ],
            [
              94.75016371069906,
              25.633616408836907
            ],
            [
              94.75040017985249,
              25.63344103136009
            ],
            [
              94.75061832034356,
              25.63324332034356
            ],
            [
              94.75081603136009,
              25.633025179852492
            ],
            [
              94.75099140883691,
              25.63278871069906
            ],
            [
              94.75114276379304,
              25.63253619021048
            ],
            [
              94.75126863859754,
              25.632270050297098
            ],
            [
              94.7513678210072,
              25.631992854031765
            ],
            [
              94.75143935584121,
              25.63170727096605
            ],
            [
              94.75148255418001,
              25.63141605142099
            ],
            [
              94.751497,
              25.631122
            ]
          ]
        ]
      }
    },
    {
      "type": "Feature",
      "properties": {
        "landslide_id": "UNKNOWN_ID",
        "zone_name": "Landslide Zone (Phek)",
        "state": "Nagaland",
        "district": "Phek",
        "hazard_type": "LANDSLIDE",
        "risk_level": "HIGH",
        "historical_event_count": 1
      },
      "geometry": {
        "type": "Polygon",
        "coordinates": [
          [
            [
              94.753139,
              25.631833
            ],
            [
              94.75312455418002,
              25.63153894857901
            ],
            [
              94.75308135584122,
              25.63124772903395
            ],
            [
              94.7530098210072,
              25.630962145968237
            ],
            [
              94.75291063859754,
              25.630684949702903
            ],
            [
              94.75278476379304,
              25.63041880978952
            ],
            [
              94.75263340883691,
              25.63016628930094
            ],
            [
              94.75245803136009,
              25.62992982014751
            ],
            [
              94.75226032034357,
              25.62971167965644
            ],
            [
              94.7520421798525,
              25.629513968639912
            ],
            [
              94.75180571069906,
              25.629338591163094
            ],
            [
              94.75155319021049,
              25.629187236206956
            ],
            [
              94.7512870502971,
              25.629061361402467
            ],
            [
              94.75100985403176,
              25.628962178992804
            ],
            [
              94.75072427096605,
              25.62889064415879
            ],
            [
              94.750433051421,
              25.628847445819982
            ],
            [
              94.750139,
              25.628833
            ],
            [
              94.74984494857901,
              25.628847445819982
            ],
            [
              94.74955372903396,
              25.62889064415879
            ],
            [
              94.74926814596824,
              25.628962178992804
            ],
            [
              94.74899094970291,
              25.629061361402467
            ],
            [
              94.74872480978952,
              25.629187236206956
            ],
            [
              94.74847228930095,
              25.629338591163094
            ],
            [
              94.74823582014751,
              25.629513968639912
            ],
            [
              94.74801767965644,
              25.62971167965644
            ],
            [
              94.74781996863992,
              25.62992982014751
            ],
            [
              94.7476445911631,
              25.63016628930094
            ],
            [
              94.74749323620696,
              25.63041880978952
            ],
            [
              94.74736736140247,
              25.630684949702903
            ],
            [
              94.74726817899281,
              25.630962145968237
            ],
            [
              94.74719664415879,
              25.63124772903395
            ],
            [
              94.74715344581999,
              25.63153894857901
            ],
            [
              94.747139,
              25.631833
            ],
            [
              94.74715344581999,
              25.63212705142099
            ],
            [
              94.74719664415879,
              25.63241827096605
            ],
            [
              94.74726817899281,
              25.632703854031764
            ],
            [
              94.74736736140247,
              25.632981050297097
            ],
            [
              94.74749323620696,
              25.63324719021048
            ],
            [
              94.7476445911631,
              25.63349971069906
            ],
            [
              94.74781996863992,
              25.63373617985249
            ],
            [
              94.74801767965644,
              25.63395432034356
            ],
            [
              94.74823582014751,
              25.634152031360088
            ],
            [
              94.74847228930095,
              25.634327408836906
            ],
            [
              94.74872480978952,
              25.634478763793044
            ],
            [
              94.74899094970291,
              25.634604638597533
            ],
            [
              94.74926814596824,
              25.634703821007196
            ],
            [
              94.74955372903396,
              25.63477535584121
            ],
            [
              94.74984494857901,
              25.63481855418002
            ],
            [
              94.750139,
              25.634833
            ],
            [
              94.750433051421,
              25.63481855418002
            ],
            [
              94.75072427096605,
              25.63477535584121
            ],
            [
              94.75100985403176,
              25.634703821007196
            ],
            [
              94.7512870502971,
              25.634604638597533
            ],
            [
              94.75155319021049,
              25.634478763793044
            ],
            [
              94.75180571069906,
              25.634327408836906
            ],
            [
              94.7520421798525,
              25.634152031360088
            ],
            [
              94.75226032034357,
              25.63395432034356
            ],
            [
              94.75245803136009,
              25.63373617985249
            ],
            [
              94.75263340883691,
              25.63349971069906
            ],
            [
              94.75278476379304,
              25.63324719021048
            ],
            [
              94.75291063859754,
              25.632981050297097
            ],
            [
              94.7530098210072,
              25.632703854031764
            ],
            [
              94.75308135584122,
              25.63241827096605
            ],
            [
              94.75312455418002,
              25.63212705142099
            ],
            [
              94.753139,
              25.631833
            ]
          ]
        ]
      }
    },
    {
      "type": "Feature",
      "properties": {
        "landslide_id": "UNKNOWN_ID",
        "zone_name": "Landslide Zone (Phek)",
        "state": "Nagaland",
        "district": "Phek",
        "hazard_type": "LANDSLIDE",
        "risk_level": "HIGH",
        "historical_event_count": 1
      },
      "geometry": {
        "type": "Polygon",
        "coordinates": [
          [
            [
              94.760556,
              25.6375
            ],
            [
              94.76054155418001,
              25.63720594857901
            ],
            [
              94.76049835584121,
              25.63691472903395
            ],
            [
              94.76042682100719,
              25.636629145968236
            ],
            [
              94.76032763859753,
              25.636351949702902
            ],
            [
              94.76020176379303,
              25.63608580978952
            ],
            [
              94.7600504088369,
              25.63583328930094
            ],
            [
              94.75987503136008,
              25.63559682014751
            ],
            [
              94.75967732034356,
              25.63537867965644
            ],
            [
              94.75945917985248,
              25.63518096863991
            ],
            [
              94.75922271069905,
              25.635005591163093
            ],
            [
              94.75897019021048,
              25.634854236206955
            ],
            [
              94.75870405029708,
              25.634728361402466
            ],
            [
              94.75842685403175,
              25.634629178992803
            ],
            [
              94.75814127096604,
              25.63455764415879
            ],
            [
              94.75785005142099,
              25.63451444581998
            ],
            [
              94.757556,
              25.6345
            ],
            [
              94.757261948579,
              25.63451444581998
            ],
            [
              94.75697072903395,
              25.63455764415879
            ],
            [
              94.75668514596823,
              25.634629178992803
            ],
            [
              94.7564079497029,
              25.634728361402466
            ],
            [
              94.75614180978951,
              25.634854236206955
            ],
            [
              94.75588928930094,
              25.635005591163093
            ],
            [
              94.7556528201475,
              25.63518096863991
            ],
            [
              94.75543467965643,
              25.63537867965644
            ],
            [
              94.7552369686399,
              25.63559682014751
            ],
            [
              94.75506159116308,
              25.63583328930094
            ],
            [
              94.75491023620695,
              25.63608580978952
            ],
            [
              94.75478436140246,
              25.636351949702902
            ],
            [
              94.7546851789928,
              25.636629145968236
            ],
            [
              94.75461364415878,
              25.63691472903395
            ],
            [
              94.75457044581998,
              25.63720594857901
            ],
            [
              94.754556,
              25.6375
            ],
            [
              94.75457044581998,
              25.63779405142099
            ],
            [
              94.75461364415878,
              25.638085270966048
            ],
            [
              94.7546851789928,
              25.638370854031763
            ],
            [
              94.75478436140246,
              25.638648050297096
            ],
            [
              94.75491023620695,
              25.63891419021048
            ],
            [
              94.75506159116308,
              25.639166710699058
            ],
            [
              94.7552369686399,
              25.63940317985249
            ],
            [
              94.75543467965643,
              25.639621320343558
            ],
            [
              94.7556528201475,
              25.639819031360087
            ],
            [
              94.75588928930094,
              25.639994408836905
            ],
            [
              94.75614180978951,
              25.640145763793043
            ],
            [
              94.7564079497029,
              25.640271638597532
            ],
            [
              94.75668514596823,
              25.640370821007195
            ],
            [
              94.75697072903395,
              25.64044235584121
            ],
            [
              94.757261948579,
              25.640485554180017
            ],
            [
              94.757556,
              25.6405
            ],
            [
              94.75785005142099,
              25.640485554180017
            ],
            [
              94.75814127096604,
              25.64044235584121
            ],
            [
              94.75842685403175,
              25.640370821007195
            ],
            [
              94.75870405029708,
              25.640271638597532
            ],
            [
              94.75897019021048,
              25.640145763793043
            ],
            [
              94.75922271069905,
              25.639994408836905
            ],
            [
              94.75945917985248,
              25.639819031360087
            ],
            [
              94.75967732034356,
              25.639621320343558
            ],
            [
              94.75987503136008,
              25.63940317985249
            ],
            [
              94.7600504088369,
              25.639166710699058
            ],
            [
              94.76020176379303,
              25.63891419021048
            ],
            [
              94.76032763859753,
              25.638648050297096
            ],
            [
              94.76042682100719,
              25.638370854031763
            ],
            [
              94.76049835584121,
              25.638085270966048
            ],
            [
              94.76054155418001,
              25.63779405142099
            ],
            [
              94.760556,
              25.6375
            ]
          ]
        ]
      }
    },
    {
      "type": "Feature",
      "properties": {
        "landslide_id": "UNKNOWN_ID",
        "zone_name": "Landslide Zone (Phek)",
        "state": "Nagaland",
        "district": "Phek",
        "hazard_type": "LANDSLIDE",
        "risk_level": "HIGH",
        "historical_event_count": 1
      },
      "geometry": {
        "type": "Polygon",
        "coordinates": [
          [
            [
              94.768278,
              25.640056
            ],
            [
              94.76826355418001,
              25.63976194857901
            ],
            [
              94.76822035584121,
              25.639470729033953
            ],
            [
              94.76814882100719,
              25.639185145968238
            ],
            [
              94.76804963859753,
              25.638907949702904
            ],
            [
              94.76792376379304,
              25.638641809789522
            ],
            [
              94.7677724088369,
              25.638389289300942
            ],
            [
              94.76759703136008,
              25.63815282014751
            ],
            [
              94.76739932034356,
              25.637934679656443
            ],
            [
              94.76718117985249,
              25.637736968639913
            ],
            [
              94.76694471069905,
              25.637561591163095
            ],
            [
              94.76669219021048,
              25.637410236206957
            ],
            [
              94.76642605029708,
              25.637284361402468
            ],
            [
              94.76614885403175,
              25.637185178992805
            ],
            [
              94.76586327096604,
              25.63711364415879
            ],
            [
              94.76557205142099,
              25.637070445819983
            ],
            [
              94.765278,
              25.637056
            ],
            [
              94.764983948579,
              25.637070445819983
            ],
            [
              94.76469272903395,
              25.63711364415879
            ],
            [
              94.76440714596824,
              25.637185178992805
            ],
            [
              94.7641299497029,
              25.637284361402468
            ],
            [
              94.76386380978951,
              25.637410236206957
            ],
            [
              94.76361128930094,
              25.637561591163095
            ],
            [
              94.7633748201475,
              25.637736968639913
            ],
            [
              94.76315667965643,
              25.637934679656443
            ],
            [
              94.76295896863991,
              25.63815282014751
            ],
            [
              94.76278359116309,
              25.638389289300942
            ],
            [
              94.76263223620695,
              25.638641809789522
            ],
            [
              94.76250636140246,
              25.638907949702904
            ],
            [
              94.7624071789928,
              25.639185145968238
            ],
            [
              94.76233564415878,
              25.639470729033953
            ],
            [
              94.76229244581998,
              25.63976194857901
            ],
            [
              94.762278,
              25.640056
            ],
            [
              94.76229244581998,
              25.64035005142099
            ],
            [
              94.76233564415878,
              25.64064127096605
            ],
            [
              94.7624071789928,
              25.640926854031765
            ],
            [
              94.76250636140246,
              25.641204050297098
            ],
            [
              94.76263223620695,
              25.64147019021048
            ],
            [
              94.76278359116309,
              25.64172271069906
            ],
            [
              94.76295896863991,
              25.641959179852492
            ],
            [
              94.76315667965643,
              25.64217732034356
            ],
            [
              94.7633748201475,
              25.64237503136009
            ],
            [
              94.76361128930094,
              25.642550408836907
            ],
            [
              94.76386380978951,
              25.642701763793045
            ],
            [
              94.7641299497029,
              25.642827638597534
            ],
            [
              94.76440714596824,
              25.642926821007197
            ],
            [
              94.76469272903395,
              25.64299835584121
            ],
            [
              94.764983948579,
              25.64304155418002
            ],
            [
              94.765278,
              25.643056
            ],
            [
              94.76557205142099,
              25.64304155418002
            ],
            [
              94.76586327096604,
              25.64299835584121
            ],
            [
              94.76614885403175,
              25.642926821007197
            ],
            [
              94.76642605029708,
              25.642827638597534
            ],
            [
              94.76669219021048,
              25.642701763793045
            ],
            [
              94.76694471069905,
              25.642550408836907
            ],
            [
              94.76718117985249,
              25.64237503136009
            ],
            [
              94.76739932034356,
              25.64217732034356
            ],
            [
              94.76759703136008,
              25.641959179852492
            ],
            [
              94.7677724088369,
              25.64172271069906
            ],
            [
              94.76792376379304,
              25.64147019021048
            ],
            [
              94.76804963859753,
              25.641204050297098
            ],
            [
              94.76814882100719,
              25.640926854031765
            ],
            [
              94.76822035584121,
              25.64064127096605
            ],
            [
              94.76826355418001,
              25.64035005142099
            ],
            [
              94.768278,
              25.640056
            ]
          ]
        ]
      }
    },
    {
      "type": "Feature",
      "properties": {
        "landslide_id": "UNKNOWN_ID",
        "zone_name": "Landslide Zone (Phek)",
        "state": "Nagaland",
        "district": "Phek",
        "hazard_type": "LANDSLIDE",
        "risk_level": "HIGH",
        "historical_event_count": 1
      },
      "geometry": {
        "type": "Polygon",
        "coordinates": [
          [
            [
              94.769389,
              25.646389
            ],
            [
              94.76937455418002,
              25.64609494857901
            ],
            [
              94.76933135584122,
              25.64580372903395
            ],
            [
              94.7692598210072,
              25.645518145968236
            ],
            [
              94.76916063859754,
              25.645240949702902
            ],
            [
              94.76903476379304,
              25.64497480978952
            ],
            [
              94.76888340883691,
              25.64472228930094
            ],
            [
              94.76870803136009,
              25.64448582014751
            ],
            [
              94.76851032034357,
              25.64426767965644
            ],
            [
              94.7682921798525,
              25.64406996863991
            ],
            [
              94.76805571069906,
              25.643894591163093
            ],
            [
              94.76780319021049,
              25.643743236206955
            ],
            [
              94.7675370502971,
              25.643617361402466
            ],
            [
              94.76725985403176,
              25.643518178992803
            ],
            [
              94.76697427096605,
              25.64344664415879
            ],
            [
              94.766683051421,
              25.64340344581998
            ],
            [
              94.766389,
              25.643389
            ],
            [
              94.76609494857901,
              25.64340344581998
            ],
            [
              94.76580372903396,
              25.64344664415879
            ],
            [
              94.76551814596824,
              25.643518178992803
            ],
            [
              94.76524094970291,
              25.643617361402466
            ],
            [
              94.76497480978952,
              25.643743236206955
            ],
            [
              94.76472228930095,
              25.643894591163093
            ],
            [
              94.76448582014751,
              25.64406996863991
            ],
            [
              94.76426767965644,
              25.64426767965644
            ],
            [
              94.76406996863992,
              25.64448582014751
            ],
            [
              94.7638945911631,
              25.64472228930094
            ],
            [
              94.76374323620696,
              25.64497480978952
            ],
            [
              94.76361736140247,
              25.645240949702902
            ],
            [
              94.76351817899281,
              25.645518145968236
            ],
            [
              94.76344664415879,
              25.64580372903395
            ],
            [
              94.76340344581999,
              25.64609494857901
            ],
            [
              94.763389,
              25.646389
            ],
            [
              94.76340344581999,
              25.64668305142099
            ],
            [
              94.76344664415879,
              25.646974270966048
            ],
            [
              94.76351817899281,
              25.647259854031763
            ],
            [
              94.76361736140247,
              25.647537050297096
            ],
            [
              94.76374323620696,
              25.647803190210478
            ],
            [
              94.7638945911631,
              25.648055710699058
            ],
            [
              94.76406996863992,
              25.64829217985249
            ],
            [
              94.76426767965644,
              25.648510320343558
            ],
            [
              94.76448582014751,
              25.648708031360087
            ],
            [
              94.76472228930095,
              25.648883408836905
            ],
            [
              94.76497480978952,
              25.649034763793043
            ],
            [
              94.76524094970291,
              25.649160638597532
            ],
            [
              94.76551814596824,
              25.649259821007195
            ],
            [
              94.76580372903396,
              25.64933135584121
            ],
            [
              94.76609494857901,
              25.649374554180017
            ],
            [
              94.766389,
              25.649389
            ],
            [
              94.766683051421,
              25.649374554180017
            ],
            [
              94.76697427096605,
              25.64933135584121
            ],
            [
              94.76725985403176,
              25.649259821007195
            ],
            [
              94.7675370502971,
              25.649160638597532
            ],
            [
              94.76780319021049,
              25.649034763793043
            ],
            [
              94.76805571069906,
              25.648883408836905
            ],
            [
              94.7682921798525,
              25.648708031360087
            ],
            [
              94.76851032034357,
              25.648510320343558
            ],
            [
              94.76870803136009,
              25.64829217985249
            ],
            [
              94.76888340883691,
              25.648055710699058
            ],
            [
              94.76903476379304,
              25.647803190210478
            ],
            [
              94.76916063859754,
              25.647537050297096
            ],
            [
              94.7692598210072,
              25.647259854031763
            ],
            [
              94.76933135584122,
              25.646974270966048
            ],
            [
              94.76937455418002,
              25.64668305142099
            ],
            [
              94.769389,
              25.646389
            ]
          ]
        ]
      }
    },
    {
      "type": "Feature",
      "properties": {
        "landslide_id": "UNKNOWN_ID",
        "zone_name": "Landslide Zone (Phek)",
        "state": "Nagaland",
        "district": "Phek",
        "hazard_type": "LANDSLIDE",
        "risk_level": "HIGH",
        "historical_event_count": 1
      },
      "geometry": {
        "type": "Polygon",
        "coordinates": [
          [
            [
              94.7735,
              25.652639
            ],
            [
              94.77348555418001,
              25.65234494857901
            ],
            [
              94.77344235584121,
              25.652053729033952
            ],
            [
              94.77337082100719,
              25.651768145968237
            ],
            [
              94.77327163859754,
              25.651490949702904
            ],
            [
              94.77314576379304,
              25.65122480978952
            ],
            [
              94.77299440883691,
              25.65097228930094
            ],
            [
              94.77281903136009,
              25.65073582014751
            ],
            [
              94.77262132034356,
              25.650517679656442
            ],
            [
              94.77240317985249,
              25.650319968639913
            ],
            [
              94.77216671069905,
              25.650144591163095
            ],
            [
              94.77191419021048,
              25.649993236206956
            ],
            [
              94.77164805029709,
              25.649867361402467
            ],
            [
              94.77137085403176,
              25.649768178992804
            ],
            [
              94.77108527096604,
              25.64969664415879
            ],
            [
              94.77079405142099,
              25.649653445819983
            ],
            [
              94.7705,
              25.649639
            ],
            [
              94.770205948579,
              25.649653445819983
            ],
            [
              94.76991472903396,
              25.64969664415879
            ],
            [
              94.76962914596824,
              25.649768178992804
            ],
            [
              94.76935194970291,
              25.649867361402467
            ],
            [
              94.76908580978952,
              25.649993236206956
            ],
            [
              94.76883328930094,
              25.650144591163095
            ],
            [
              94.76859682014751,
              25.650319968639913
            ],
            [
              94.76837867965644,
              25.650517679656442
            ],
            [
              94.76818096863991,
              25.65073582014751
            ],
            [
              94.76800559116309,
              25.65097228930094
            ],
            [
              94.76785423620696,
              25.65122480978952
            ],
            [
              94.76772836140246,
              25.651490949702904
            ],
            [
              94.7676291789928,
              25.651768145968237
            ],
            [
              94.76755764415879,
              25.652053729033952
            ],
            [
              94.76751444581998,
              25.65234494857901
            ],
            [
              94.7675,
              25.652639
            ],
            [
              94.76751444581998,
              25.65293305142099
            ],
            [
              94.76755764415879,
              25.65322427096605
            ],
            [
              94.7676291789928,
              25.653509854031764
            ],
            [
              94.76772836140246,
              25.653787050297097
            ],
            [
              94.76785423620696,
              25.65405319021048
            ],
            [
              94.76800559116309,
              25.65430571069906
            ],
            [
              94.76818096863991,
              25.65454217985249
            ],
            [
              94.76837867965644,
              25.65476032034356
            ],
            [
              94.76859682014751,
              25.65495803136009
            ],
            [
              94.76883328930094,
              25.655133408836907
            ],
            [
              94.76908580978952,
              25.655284763793045
            ],
            [
              94.76935194970291,
              25.655410638597534
            ],
            [
              94.76962914596824,
              25.655509821007197
            ],
            [
              94.76991472903396,
              25.65558135584121
            ],
            [
              94.770205948579,
              25.65562455418002
            ],
            [
              94.7705,
              25.655639
            ],
            [
              94.77079405142099,
              25.65562455418002
            ],
            [
              94.77108527096604,
              25.65558135584121
            ],
            [
              94.77137085403176,
              25.655509821007197
            ],
            [
              94.77164805029709,
              25.655410638597534
            ],
            [
              94.77191419021048,
              25.655284763793045
            ],
            [
              94.77216671069905,
              25.655133408836907
            ],
            [
              94.77240317985249,
              25.65495803136009
            ],
            [
              94.77262132034356,
              25.65476032034356
            ],
            [
              94.77281903136009,
              25.65454217985249
            ],
            [
              94.77299440883691,
              25.65430571069906
            ],
            [
              94.77314576379304,
              25.65405319021048
            ],
            [
              94.77327163859754,
              25.653787050297097
            ],
            [
              94.77337082100719,
              25.653509854031764
            ],
            [
              94.77344235584121,
              25.65322427096605
            ],
            [
              94.77348555418001,
              25.65293305142099
            ],
            [
              94.7735,
              25.652639
            ]
          ]
        ]
      }
    },
    {
      "type": "Feature",
      "properties": {
        "landslide_id": "UNKNOWN_ID",
        "zone_name": "Landslide Zone (Phek)",
        "state": "Nagaland",
        "district": "Phek",
        "hazard_type": "LANDSLIDE",
        "risk_level": "HIGH",
        "historical_event_count": 1
      },
      "geometry": {
        "type": "Polygon",
        "coordinates": [
          [
            [
              94.775156,
              25.605061
            ],
            [
              94.77514155418001,
              25.60476694857901
            ],
            [
              94.77509835584121,
              25.60447572903395
            ],
            [
              94.77502682100719,
              25.604190145968236
            ],
            [
              94.77492763859753,
              25.603912949702902
            ],
            [
              94.77480176379304,
              25.60364680978952
            ],
            [
              94.7746504088369,
              25.60339428930094
            ],
            [
              94.77447503136008,
              25.60315782014751
            ],
            [
              94.77427732034356,
              25.60293967965644
            ],
            [
              94.77405917985249,
              25.60274196863991
            ],
            [
              94.77382271069905,
              25.602566591163093
            ],
            [
              94.77357019021048,
              25.602415236206955
            ],
            [
              94.77330405029709,
              25.602289361402466
            ],
            [
              94.77302685403176,
              25.602190178992803
            ],
            [
              94.77274127096604,
              25.60211864415879
            ],
            [
              94.77245005142099,
              25.60207544581998
            ],
            [
              94.772156,
              25.602061
            ],
            [
              94.771861948579,
              25.60207544581998
            ],
            [
              94.77157072903395,
              25.60211864415879
            ],
            [
              94.77128514596824,
              25.602190178992803
            ],
            [
              94.7710079497029,
              25.602289361402466
            ],
            [
              94.77074180978951,
              25.602415236206955
            ],
            [
              94.77048928930094,
              25.602566591163093
            ],
            [
              94.7702528201475,
              25.60274196863991
            ],
            [
              94.77003467965643,
              25.60293967965644
            ],
            [
              94.76983696863991,
              25.60315782014751
            ],
            [
              94.76966159116309,
              25.60339428930094
            ],
            [
              94.76951023620695,
              25.60364680978952
            ],
            [
              94.76938436140246,
              25.603912949702902
            ],
            [
              94.7692851789928,
              25.604190145968236
            ],
            [
              94.76921364415878,
              25.60447572903395
            ],
            [
              94.76917044581998,
              25.60476694857901
            ],
            [
              94.769156,
              25.605061
            ],
            [
              94.76917044581998,
              25.60535505142099
            ],
            [
              94.76921364415878,
              25.605646270966048
            ],
            [
              94.7692851789928,
              25.605931854031763
            ],
            [
              94.76938436140246,
              25.606209050297096
            ],
            [
              94.76951023620695,
              25.606475190210478
            ],
            [
              94.76966159116309,
              25.606727710699058
            ],
            [
              94.76983696863991,
              25.60696417985249
            ],
            [
              94.77003467965643,
              25.607182320343558
            ],
            [
              94.7702528201475,
              25.607380031360087
            ],
            [
              94.77048928930094,
              25.607555408836905
            ],
            [
              94.77074180978951,
              25.607706763793043
            ],
            [
              94.7710079497029,
              25.607832638597532
            ],
            [
              94.77128514596824,
              25.607931821007195
            ],
            [
              94.77157072903395,
              25.60800335584121
            ],
            [
              94.771861948579,
              25.608046554180017
            ],
            [
              94.772156,
              25.608061
            ],
            [
              94.77245005142099,
              25.608046554180017
            ],
            [
              94.77274127096604,
              25.60800335584121
            ],
            [
              94.77302685403176,
              25.607931821007195
            ],
            [
              94.77330405029709,
              25.607832638597532
            ],
            [
              94.77357019021048,
              25.607706763793043
            ],
            [
              94.77382271069905,
              25.607555408836905
            ],
            [
              94.77405917985249,
              25.607380031360087
            ],
            [
              94.77427732034356,
              25.607182320343558
            ],
            [
              94.77447503136008,
              25.60696417985249
            ],
            [
              94.7746504088369,
              25.606727710699058
            ],
            [
              94.77480176379304,
              25.606475190210478
            ],
            [
              94.77492763859753,
              25.606209050297096
            ],
            [
              94.77502682100719,
              25.605931854031763
            ],
            [
              94.77509835584121,
              25.605646270966048
            ],
            [
              94.77514155418001,
              25.60535505142099
            ],
            [
              94.775156,
              25.605061
            ]
          ]
        ]
      }
    },
    {
      "type": "Feature",
      "properties": {
        "landslide_id": "UNKNOWN_ID",
        "zone_name": "Landslide Zone (Phek)",
        "state": "Nagaland",
        "district": "Phek",
        "hazard_type": "LANDSLIDE",
        "risk_level": "HIGH",
        "historical_event_count": 1
      },
      "geometry": {
        "type": "Polygon",
        "coordinates": [
          [
            [
              94.813925,
              25.593944
            ],
            [
              94.81391055418001,
              25.59364994857901
            ],
            [
              94.81386735584121,
              25.59335872903395
            ],
            [
              94.81379582100719,
              25.593073145968237
            ],
            [
              94.81369663859753,
              25.592795949702904
            ],
            [
              94.81357076379304,
              25.59252980978952
            ],
            [
              94.81341940883691,
              25.59227728930094
            ],
            [
              94.81324403136009,
              25.59204082014751
            ],
            [
              94.81304632034356,
              25.591822679656442
            ],
            [
              94.81282817985249,
              25.591624968639913
            ],
            [
              94.81259171069905,
              25.591449591163094
            ],
            [
              94.81233919021048,
              25.591298236206956
            ],
            [
              94.81207305029709,
              25.591172361402467
            ],
            [
              94.81179585403176,
              25.591073178992804
            ],
            [
              94.81151027096604,
              25.59100164415879
            ],
            [
              94.81121905142099,
              25.590958445819982
            ],
            [
              94.810925,
              25.590944
            ],
            [
              94.810630948579,
              25.590958445819982
            ],
            [
              94.81033972903396,
              25.59100164415879
            ],
            [
              94.81005414596824,
              25.591073178992804
            ],
            [
              94.80977694970291,
              25.591172361402467
            ],
            [
              94.80951080978951,
              25.591298236206956
            ],
            [
              94.80925828930094,
              25.591449591163094
            ],
            [
              94.8090218201475,
              25.591624968639913
            ],
            [
              94.80880367965644,
              25.591822679656442
            ],
            [
              94.80860596863991,
              25.59204082014751
            ],
            [
              94.80843059116309,
              25.59227728930094
            ],
            [
              94.80827923620696,
              25.59252980978952
            ],
            [
              94.80815336140246,
              25.592795949702904
            ],
            [
              94.8080541789928,
              25.593073145968237
            ],
            [
              94.80798264415878,
              25.59335872903395
            ],
            [
              94.80793944581998,
              25.59364994857901
            ],
            [
              94.807925,
              25.593944
            ],
            [
              94.80793944581998,
              25.59423805142099
            ],
            [
              94.80798264415878,
              25.59452927096605
            ],
            [
              94.8080541789928,
              25.594814854031764
            ],
            [
              94.80815336140246,
              25.595092050297097
            ],
            [
              94.80827923620696,
              25.59535819021048
            ],
            [
              94.80843059116309,
              25.59561071069906
            ],
            [
              94.80860596863991,
              25.59584717985249
            ],
            [
              94.80880367965644,
              25.59606532034356
            ],
            [
              94.8090218201475,
              25.59626303136009
            ],
            [
              94.80925828930094,
              25.596438408836907
            ],
            [
              94.80951080978951,
              25.596589763793045
            ],
            [
              94.80977694970291,
              25.596715638597534
            ],
            [
              94.81005414596824,
              25.596814821007197
            ],
            [
              94.81033972903396,
              25.59688635584121
            ],
            [
              94.810630948579,
              25.59692955418002
            ],
            [
              94.810925,
              25.596944
            ],
            [
              94.81121905142099,
              25.59692955418002
            ],
            [
              94.81151027096604,
              25.59688635584121
            ],
            [
              94.81179585403176,
              25.596814821007197
            ],
            [
              94.81207305029709,
              25.596715638597534
            ],
            [
              94.81233919021048,
              25.596589763793045
            ],
            [
              94.81259171069905,
              25.596438408836907
            ],
            [
              94.81282817985249,
              25.59626303136009
            ],
            [
              94.81304632034356,
              25.59606532034356
            ],
            [
              94.81324403136009,
              25.59584717985249
            ],
            [
              94.81341940883691,
              25.59561071069906
            ],
            [
              94.81357076379304,
              25.59535819021048
            ],
            [
              94.81369663859753,
              25.595092050297097
            ],
            [
              94.81379582100719,
              25.594814854031764
            ],
            [
              94.81386735584121,
              25.59452927096605
            ],
            [
              94.81391055418001,
              25.59423805142099
            ],
            [
              94.813925,
              25.593944
            ]
          ]
        ]
      }
    },
    {
      "type": "Feature",
      "properties": {
        "landslide_id": "UNKNOWN_ID",
        "zone_name": "Landslide Zone (Ukhrul)",
        "state": "Manipur",
        "district": "Ukhrul",
        "hazard_type": "LANDSLIDE",
        "risk_level": "HIGH",
        "historical_event_count": 1
      },
      "geometry": {
        "type": "Polygon",
        "coordinates": [
          [
            [
              94.517361,
              25.587167
            ],
            [
              94.51734655418001,
              25.58687294857901
            ],
            [
              94.51730335584121,
              25.586581729033952
            ],
            [
              94.51723182100719,
              25.586296145968237
            ],
            [
              94.51713263859753,
              25.586018949702904
            ],
            [
              94.51700676379303,
              25.585752809789522
            ],
            [
              94.5168554088369,
              25.585500289300942
            ],
            [
              94.51668003136008,
              25.58526382014751
            ],
            [
              94.51648232034356,
              25.585045679656442
            ],
            [
              94.51626417985248,
              25.584847968639913
            ],
            [
              94.51602771069905,
              25.584672591163095
            ],
            [
              94.51577519021048,
              25.584521236206957
            ],
            [
              94.51550905029708,
              25.584395361402468
            ],
            [
              94.51523185403175,
              25.584296178992805
            ],
            [
              94.51494627096604,
              25.58422464415879
            ],
            [
              94.51465505142099,
              25.584181445819983
            ],
            [
              94.514361,
              25.584167
            ],
            [
              94.514066948579,
              25.584181445819983
            ],
            [
              94.51377572903395,
              25.58422464415879
            ],
            [
              94.51349014596823,
              25.584296178992805
            ],
            [
              94.5132129497029,
              25.584395361402468
            ],
            [
              94.51294680978951,
              25.584521236206957
            ],
            [
              94.51269428930094,
              25.584672591163095
            ],
            [
              94.5124578201475,
              25.584847968639913
            ],
            [
              94.51223967965643,
              25.585045679656442
            ],
            [
              94.5120419686399,
              25.58526382014751
            ],
            [
              94.51186659116308,
              25.585500289300942
            ],
            [
              94.51171523620695,
              25.585752809789522
            ],
            [
              94.51158936140246,
              25.586018949702904
            ],
            [
              94.5114901789928,
              25.586296145968237
            ],
            [
              94.51141864415878,
              25.586581729033952
            ],
            [
              94.51137544581998,
              25.58687294857901
            ],
            [
              94.511361,
              25.587167
            ],
            [
              94.51137544581998,
              25.58746105142099
            ],
            [
              94.51141864415878,
              25.58775227096605
            ],
            [
              94.5114901789928,
              25.588037854031764
            ],
            [
              94.51158936140246,
              25.588315050297098
            ],
            [
              94.51171523620695,
              25.58858119021048
            ],
            [
              94.51186659116308,
              25.58883371069906
            ],
            [
              94.5120419686399,
              25.58907017985249
            ],
            [
              94.51223967965643,
              25.58928832034356
            ],
            [
              94.5124578201475,
              25.58948603136009
            ],
            [
              94.51269428930094,
              25.589661408836907
            ],
            [
              94.51294680978951,
              25.589812763793045
            ],
            [
              94.5132129497029,
              25.589938638597534
            ],
            [
              94.51349014596823,
              25.590037821007197
            ],
            [
              94.51377572903395,
              25.59010935584121
            ],
            [
              94.514066948579,
              25.59015255418002
            ],
            [
              94.514361,
              25.590167
            ],
            [
              94.51465505142099,
              25.59015255418002
            ],
            [
              94.51494627096604,
              25.59010935584121
            ],
            [
              94.51523185403175,
              25.590037821007197
            ],
            [
              94.51550905029708,
              25.589938638597534
            ],
            [
              94.51577519021048,
              25.589812763793045
            ],
            [
              94.51602771069905,
              25.589661408836907
            ],
            [
              94.51626417985248,
              25.58948603136009
            ],
            [
              94.51648232034356,
              25.58928832034356
            ],
            [
              94.51668003136008,
              25.58907017985249
            ],
            [
              94.5168554088369,
              25.58883371069906
            ],
            [
              94.51700676379303,
              25.58858119021048
            ],
            [
              94.51713263859753,
              25.588315050297098
            ],
            [
              94.51723182100719,
              25.588037854031764
            ],
            [
              94.51730335584121,
              25.58775227096605
            ],
            [
              94.51734655418001,
              25.58746105142099
            ],
            [
              94.517361,
              25.587167
            ]
          ]
        ]
      }
    },
    {
      "type": "Feature",
      "properties": {
        "landslide_id": "UNKNOWN_ID",
        "zone_name": "Landslide Zone (Phek)",
        "state": "Nagaland",
        "district": "Phek",
        "hazard_type": "LANDSLIDE",
        "risk_level": "HIGH",
        "historical_event_count": 1
      },
      "geometry": {
        "type": "Polygon",
        "coordinates": [
          [
            [
              94.894208,
              25.602511
            ],
            [
              94.89419355418002,
              25.60221694857901
            ],
            [
              94.89415035584122,
              25.60192572903395
            ],
            [
              94.8940788210072,
              25.601640145968236
            ],
            [
              94.89397963859754,
              25.601362949702903
            ],
            [
              94.89385376379305,
              25.60109680978952
            ],
            [
              94.89370240883692,
              25.60084428930094
            ],
            [
              94.8935270313601,
              25.60060782014751
            ],
            [
              94.89332932034357,
              25.60038967965644
            ],
            [
              94.8931111798525,
              25.600191968639912
            ],
            [
              94.89287471069906,
              25.600016591163094
            ],
            [
              94.89262219021049,
              25.599865236206956
            ],
            [
              94.8923560502971,
              25.599739361402467
            ],
            [
              94.89207885403177,
              25.599640178992804
            ],
            [
              94.89179327096605,
              25.59956864415879
            ],
            [
              94.891502051421,
              25.59952544581998
            ],
            [
              94.891208,
              25.599511
            ],
            [
              94.89091394857901,
              25.59952544581998
            ],
            [
              94.89062272903396,
              25.59956864415879
            ],
            [
              94.89033714596825,
              25.599640178992804
            ],
            [
              94.89005994970292,
              25.599739361402467
            ],
            [
              94.88979380978952,
              25.599865236206956
            ],
            [
              94.88954128930095,
              25.600016591163094
            ],
            [
              94.88930482014752,
              25.600191968639912
            ],
            [
              94.88908667965644,
              25.60038967965644
            ],
            [
              94.88888896863992,
              25.60060782014751
            ],
            [
              94.8887135911631,
              25.60084428930094
            ],
            [
              94.88856223620697,
              25.60109680978952
            ],
            [
              94.88843636140247,
              25.601362949702903
            ],
            [
              94.88833717899281,
              25.601640145968236
            ],
            [
              94.88826564415879,
              25.60192572903395
            ],
            [
              94.88822244581999,
              25.60221694857901
            ],
            [
              94.888208,
              25.602511
            ],
            [
              94.88822244581999,
              25.60280505142099
            ],
            [
              94.88826564415879,
              25.60309627096605
            ],
            [
              94.88833717899281,
              25.603381854031763
            ],
            [
              94.88843636140247,
              25.603659050297097
            ],
            [
              94.88856223620697,
              25.60392519021048
            ],
            [
              94.8887135911631,
              25.60417771069906
            ],
            [
              94.88888896863992,
              25.60441417985249
            ],
            [
              94.88908667965644,
              25.60463232034356
            ],
            [
              94.88930482014752,
              25.604830031360088
            ],
            [
              94.88954128930095,
              25.605005408836906
            ],
            [
              94.88979380978952,
              25.605156763793044
            ],
            [
              94.89005994970292,
              25.605282638597533
            ],
            [
              94.89033714596825,
              25.605381821007196
            ],
            [
              94.89062272903396,
              25.60545335584121
            ],
            [
              94.89091394857901,
              25.605496554180018
            ],
            [
              94.891208,
              25.605511
            ],
            [
              94.891502051421,
              25.605496554180018
            ],
            [
              94.89179327096605,
              25.60545335584121
            ],
            [
              94.89207885403177,
              25.605381821007196
            ],
            [
              94.8923560502971,
              25.605282638597533
            ],
            [
              94.89262219021049,
              25.605156763793044
            ],
            [
              94.89287471069906,
              25.605005408836906
            ],
            [
              94.8931111798525,
              25.604830031360088
            ],
            [
              94.89332932034357,
              25.60463232034356
            ],
            [
              94.8935270313601,
              25.60441417985249
            ],
            [
              94.89370240883692,
              25.60417771069906
            ],
            [
              94.89385376379305,
              25.60392519021048
            ],
            [
              94.89397963859754,
              25.603659050297097
            ],
            [
              94.8940788210072,
              25.603381854031763
            ],
            [
              94.89415035584122,
              25.60309627096605
            ],
            [
              94.89419355418002,
              25.60280505142099
            ],
            [
              94.894208,
              25.602511
            ]
          ]
        ]
      }
    },
    {
      "type": "Feature",
      "properties": {
        "landslide_id": "UNKNOWN_ID",
        "zone_name": "Landslide Zone (Phek)",
        "state": "Nagaland",
        "district": "Phek",
        "hazard_type": "LANDSLIDE",
        "risk_level": "HIGH",
        "historical_event_count": 1
      },
      "geometry": {
        "type": "Polygon",
        "coordinates": [
          [
            [
              94.880278,
              25.570222
            ],
            [
              94.88026355418002,
              25.56992794857901
            ],
            [
              94.88022035584122,
              25.569636729033952
            ],
            [
              94.8801488210072,
              25.569351145968238
            ],
            [
              94.88004963859754,
              25.569073949702904
            ],
            [
              94.87992376379304,
              25.568807809789522
            ],
            [
              94.87977240883691,
              25.568555289300942
            ],
            [
              94.87959703136009,
              25.56831882014751
            ],
            [
              94.87939932034357,
              25.568100679656443
            ],
            [
              94.8791811798525,
              25.567902968639913
            ],
            [
              94.87894471069906,
              25.567727591163095
            ],
            [
              94.87869219021049,
              25.567576236206957
            ],
            [
              94.8784260502971,
              25.567450361402468
            ],
            [
              94.87814885403176,
              25.567351178992805
            ],
            [
              94.87786327096605,
              25.56727964415879
            ],
            [
              94.877572051421,
              25.567236445819983
            ],
            [
              94.877278,
              25.567222
            ],
            [
              94.87698394857901,
              25.567236445819983
            ],
            [
              94.87669272903396,
              25.56727964415879
            ],
            [
              94.87640714596824,
              25.567351178992805
            ],
            [
              94.87612994970291,
              25.567450361402468
            ],
            [
              94.87586380978952,
              25.567576236206957
            ],
            [
              94.87561128930095,
              25.567727591163095
            ],
            [
              94.87537482014751,
              25.567902968639913
            ],
            [
              94.87515667965644,
              25.568100679656443
            ],
            [
              94.87495896863992,
              25.56831882014751
            ],
            [
              94.8747835911631,
              25.568555289300942
            ],
            [
              94.87463223620696,
              25.568807809789522
            ],
            [
              94.87450636140247,
              25.569073949702904
            ],
            [
              94.87440717899281,
              25.569351145968238
            ],
            [
              94.87433564415879,
              25.569636729033952
            ],
            [
              94.87429244581999,
              25.56992794857901
            ],
            [
              94.874278,
              25.570222
            ],
            [
              94.87429244581999,
              25.57051605142099
            ],
            [
              94.87433564415879,
              25.57080727096605
            ],
            [
              94.87440717899281,
              25.571092854031765
            ],
            [
              94.87450636140247,
              25.571370050297098
            ],
            [
              94.87463223620696,
              25.57163619021048
            ],
            [
              94.8747835911631,
              25.57188871069906
            ],
            [
              94.87495896863992,
              25.572125179852492
            ],
            [
              94.87515667965644,
              25.57234332034356
            ],
            [
              94.87537482014751,
              25.57254103136009
            ],
            [
              94.87561128930095,
              25.572716408836907
            ],
            [
              94.87586380978952,
              25.572867763793045
            ],
            [
              94.87612994970291,
              25.572993638597534
            ],
            [
              94.87640714596824,
              25.573092821007197
            ],
            [
              94.87669272903396,
              25.57316435584121
            ],
            [
              94.87698394857901,
              25.57320755418002
            ],
            [
              94.877278,
              25.573222
            ],
            [
              94.877572051421,
              25.57320755418002
            ],
            [
              94.87786327096605,
              25.57316435584121
            ],
            [
              94.87814885403176,
              25.573092821007197
            ],
            [
              94.8784260502971,
              25.572993638597534
            ],
            [
              94.87869219021049,
              25.572867763793045
            ],
            [
              94.87894471069906,
              25.572716408836907
            ],
            [
              94.8791811798525,
              25.57254103136009
            ],
            [
              94.87939932034357,
              25.57234332034356
            ],
            [
              94.87959703136009,
              25.572125179852492
            ],
            [
              94.87977240883691,
              25.57188871069906
            ],
            [
              94.87992376379304,
              25.57163619021048
            ],
            [
              94.88004963859754,
              25.571370050297098
            ],
            [
              94.8801488210072,
              25.571092854031765
            ],
            [
              94.88022035584122,
              25.57080727096605
            ],
            [
              94.88026355418002,
              25.57051605142099
            ],
            [
              94.880278,
              25.570222
            ]
          ]
        ]
      }
    },
    {
      "type": "Feature",
      "properties": {
        "landslide_id": "UNKNOWN_ID",
        "zone_name": "Landslide Zone (Phek)",
        "state": "Nagaland",
        "district": "Phek",
        "hazard_type": "LANDSLIDE",
        "risk_level": "HIGH",
        "historical_event_count": 1
      },
      "geometry": {
        "type": "Polygon",
        "coordinates": [
          [
            [
              94.866694,
              25.581
            ],
            [
              94.86667955418001,
              25.58070594857901
            ],
            [
              94.86663635584121,
              25.58041472903395
            ],
            [
              94.86656482100719,
              25.580129145968236
            ],
            [
              94.86646563859753,
              25.579851949702903
            ],
            [
              94.86633976379304,
              25.57958580978952
            ],
            [
              94.8661884088369,
              25.57933328930094
            ],
            [
              94.86601303136008,
              25.57909682014751
            ],
            [
              94.86581532034356,
              25.57887867965644
            ],
            [
              94.86559717985249,
              25.57868096863991
            ],
            [
              94.86536071069905,
              25.578505591163093
            ],
            [
              94.86510819021048,
              25.578354236206955
            ],
            [
              94.86484205029709,
              25.578228361402466
            ],
            [
              94.86456485403176,
              25.578129178992803
            ],
            [
              94.86427927096604,
              25.57805764415879
            ],
            [
              94.86398805142099,
              25.57801444581998
            ],
            [
              94.863694,
              25.578
            ],
            [
              94.863399948579,
              25.57801444581998
            ],
            [
              94.86310872903395,
              25.57805764415879
            ],
            [
              94.86282314596824,
              25.578129178992803
            ],
            [
              94.8625459497029,
              25.578228361402466
            ],
            [
              94.86227980978951,
              25.578354236206955
            ],
            [
              94.86202728930094,
              25.578505591163093
            ],
            [
              94.8617908201475,
              25.57868096863991
            ],
            [
              94.86157267965643,
              25.57887867965644
            ],
            [
              94.86137496863991,
              25.57909682014751
            ],
            [
              94.86119959116309,
              25.57933328930094
            ],
            [
              94.86104823620695,
              25.57958580978952
            ],
            [
              94.86092236140246,
              25.579851949702903
            ],
            [
              94.8608231789928,
              25.580129145968236
            ],
            [
              94.86075164415878,
              25.58041472903395
            ],
            [
              94.86070844581998,
              25.58070594857901
            ],
            [
              94.860694,
              25.581
            ],
            [
              94.86070844581998,
              25.58129405142099
            ],
            [
              94.86075164415878,
              25.58158527096605
            ],
            [
              94.8608231789928,
              25.581870854031763
            ],
            [
              94.86092236140246,
              25.582148050297096
            ],
            [
              94.86104823620695,
              25.58241419021048
            ],
            [
              94.86119959116309,
              25.58266671069906
            ],
            [
              94.86137496863991,
              25.58290317985249
            ],
            [
              94.86157267965643,
              25.583121320343558
            ],
            [
              94.8617908201475,
              25.583319031360087
            ],
            [
              94.86202728930094,
              25.583494408836906
            ],
            [
              94.86227980978951,
              25.583645763793044
            ],
            [
              94.8625459497029,
              25.583771638597533
            ],
            [
              94.86282314596824,
              25.583870821007196
            ],
            [
              94.86310872903395,
              25.58394235584121
            ],
            [
              94.863399948579,
              25.583985554180018
            ],
            [
              94.863694,
              25.584
            ],
            [
              94.86398805142099,
              25.583985554180018
            ],
            [
              94.86427927096604,
              25.58394235584121
            ],
            [
              94.86456485403176,
              25.583870821007196
            ],
            [
              94.86484205029709,
              25.583771638597533
            ],
            [
              94.86510819021048,
              25.583645763793044
            ],
            [
              94.86536071069905,
              25.583494408836906
            ],
            [
              94.86559717985249,
              25.583319031360087
            ],
            [
              94.86581532034356,
              25.583121320343558
            ],
            [
              94.86601303136008,
              25.58290317985249
            ],
            [
              94.8661884088369,
              25.58266671069906
            ],
            [
              94.86633976379304,
              25.58241419021048
            ],
            [
              94.86646563859753,
              25.582148050297096
            ],
            [
              94.86656482100719,
              25.581870854031763
            ],
            [
              94.86663635584121,
              25.58158527096605
            ],
            [
              94.86667955418001,
              25.58129405142099
            ],
            [
              94.866694,
              25.581
            ]
          ]
        ]
      }
    },
    {
      "type": "Feature",
      "properties": {
        "landslide_id": "UNKNOWN_ID",
        "zone_name": "Landslide Zone (Phek)",
        "state": "Nagaland",
        "district": "Phek",
        "hazard_type": "LANDSLIDE",
        "risk_level": "HIGH",
        "historical_event_count": 1
      },
      "geometry": {
        "type": "Polygon",
        "coordinates": [
          [
            [
              94.861,
              25.583833
            ],
            [
              94.86098555418002,
              25.583538948579008
            ],
            [
              94.86094235584122,
              25.58324772903395
            ],
            [
              94.8608708210072,
              25.582962145968235
            ],
            [
              94.86077163859754,
              25.5826849497029
            ],
            [
              94.86064576379304,
              25.58241880978952
            ],
            [
              94.86049440883691,
              25.58216628930094
            ],
            [
              94.86031903136009,
              25.581929820147508
            ],
            [
              94.86012132034357,
              25.58171167965644
            ],
            [
              94.8599031798525,
              25.58151396863991
            ],
            [
              94.85966671069906,
              25.581338591163092
            ],
            [
              94.85941419021049,
              25.581187236206954
            ],
            [
              94.8591480502971,
              25.581061361402465
            ],
            [
              94.85887085403176,
              25.580962178992802
            ],
            [
              94.85858527096605,
              25.58089064415879
            ],
            [
              94.858294051421,
              25.58084744581998
            ],
            [
              94.858,
              25.580833
            ],
            [
              94.85770594857901,
              25.58084744581998
            ],
            [
              94.85741472903396,
              25.58089064415879
            ],
            [
              94.85712914596824,
              25.580962178992802
            ],
            [
              94.85685194970291,
              25.581061361402465
            ],
            [
              94.85658580978952,
              25.581187236206954
            ],
            [
              94.85633328930095,
              25.581338591163092
            ],
            [
              94.85609682014751,
              25.58151396863991
            ],
            [
              94.85587867965644,
              25.58171167965644
            ],
            [
              94.85568096863992,
              25.581929820147508
            ],
            [
              94.8555055911631,
              25.58216628930094
            ],
            [
              94.85535423620696,
              25.58241880978952
            ],
            [
              94.85522836140247,
              25.5826849497029
            ],
            [
              94.85512917899281,
              25.582962145968235
            ],
            [
              94.85505764415879,
              25.58324772903395
            ],
            [
              94.85501444581999,
              25.583538948579008
            ],
            [
              94.855,
              25.583833
            ],
            [
              94.85501444581999,
              25.58412705142099
            ],
            [
              94.85505764415879,
              25.584418270966047
            ],
            [
              94.85512917899281,
              25.584703854031762
            ],
            [
              94.85522836140247,
              25.584981050297095
            ],
            [
              94.85535423620696,
              25.585247190210477
            ],
            [
              94.8555055911631,
              25.585499710699057
            ],
            [
              94.85568096863992,
              25.58573617985249
            ],
            [
              94.85587867965644,
              25.585954320343557
            ],
            [
              94.85609682014751,
              25.586152031360086
            ],
            [
              94.85633328930095,
              25.586327408836905
            ],
            [
              94.85658580978952,
              25.586478763793043
            ],
            [
              94.85685194970291,
              25.58660463859753
            ],
            [
              94.85712914596824,
              25.586703821007195
            ],
            [
              94.85741472903396,
              25.58677535584121
            ],
            [
              94.85770594857901,
              25.586818554180017
            ],
            [
              94.858,
              25.586833
            ],
            [
              94.858294051421,
              25.586818554180017
            ],
            [
              94.85858527096605,
              25.58677535584121
            ],
            [
              94.85887085403176,
              25.586703821007195
            ],
            [
              94.8591480502971,
              25.58660463859753
            ],
            [
              94.85941419021049,
              25.586478763793043
            ],
            [
              94.85966671069906,
              25.586327408836905
            ],
            [
              94.8599031798525,
              25.586152031360086
            ],
            [
              94.86012132034357,
              25.585954320343557
            ],
            [
              94.86031903136009,
              25.58573617985249
            ],
            [
              94.86049440883691,
              25.585499710699057
            ],
            [
              94.86064576379304,
              25.585247190210477
            ],
            [
              94.86077163859754,
              25.584981050297095
            ],
            [
              94.8608708210072,
              25.584703854031762
            ],
            [
              94.86094235584122,
              25.584418270966047
            ],
            [
              94.86098555418002,
              25.58412705142099
            ],
            [
              94.861,
              25.583833
            ]
          ]
        ]
      }
    },
    {
      "type": "Feature",
      "properties": {
        "landslide_id": "UNKNOWN_ID",
        "zone_name": "Landslide Zone (Phek)",
        "state": "Nagaland",
        "district": "Phek",
        "hazard_type": "LANDSLIDE",
        "risk_level": "HIGH",
        "historical_event_count": 1
      },
      "geometry": {
        "type": "Polygon",
        "coordinates": [
          [
            [
              94.8612,
              25.584147
            ],
            [
              94.86118555418001,
              25.58385294857901
            ],
            [
              94.86114235584121,
              25.583561729033953
            ],
            [
              94.86107082100719,
              25.583276145968238
            ],
            [
              94.86097163859753,
              25.582998949702905
            ],
            [
              94.86084576379304,
              25.582732809789523
            ],
            [
              94.8606944088369,
              25.582480289300943
            ],
            [
              94.86051903136008,
              25.58224382014751
            ],
            [
              94.86032132034356,
              25.582025679656443
            ],
            [
              94.86010317985249,
              25.581827968639914
            ],
            [
              94.85986671069905,
              25.581652591163095
            ],
            [
              94.85961419021048,
              25.581501236206957
            ],
            [
              94.85934805029709,
              25.58137536140247
            ],
            [
              94.85907085403176,
              25.581276178992805
            ],
            [
              94.85878527096604,
              25.58120464415879
            ],
            [
              94.85849405142099,
              25.581161445819983
            ],
            [
              94.8582,
              25.581147
            ],
            [
              94.857905948579,
              25.581161445819983
            ],
            [
              94.85761472903395,
              25.58120464415879
            ],
            [
              94.85732914596824,
              25.581276178992805
            ],
            [
              94.8570519497029,
              25.58137536140247
            ],
            [
              94.85678580978951,
              25.581501236206957
            ],
            [
              94.85653328930094,
              25.581652591163095
            ],
            [
              94.8562968201475,
              25.581827968639914
            ],
            [
              94.85607867965643,
              25.582025679656443
            ],
            [
              94.85588096863991,
              25.58224382014751
            ],
            [
              94.85570559116309,
              25.582480289300943
            ],
            [
              94.85555423620696,
              25.582732809789523
            ],
            [
              94.85542836140246,
              25.582998949702905
            ],
            [
              94.8553291789928,
              25.583276145968238
            ],
            [
              94.85525764415878,
              25.583561729033953
            ],
            [
              94.85521444581998,
              25.58385294857901
            ],
            [
              94.8552,
              25.584147
            ],
            [
              94.85521444581998,
              25.584441051420992
            ],
            [
              94.85525764415878,
              25.58473227096605
            ],
            [
              94.8553291789928,
              25.585017854031765
            ],
            [
              94.85542836140246,
              25.5852950502971
            ],
            [
              94.85555423620696,
              25.58556119021048
            ],
            [
              94.85570559116309,
              25.58581371069906
            ],
            [
              94.85588096863991,
              25.586050179852492
            ],
            [
              94.85607867965643,
              25.58626832034356
            ],
            [
              94.8562968201475,
              25.58646603136009
            ],
            [
              94.85653328930094,
              25.586641408836908
            ],
            [
              94.85678580978951,
              25.586792763793046
            ],
            [
              94.8570519497029,
              25.586918638597535
            ],
            [
              94.85732914596824,
              25.587017821007198
            ],
            [
              94.85761472903395,
              25.58708935584121
            ],
            [
              94.857905948579,
              25.58713255418002
            ],
            [
              94.8582,
              25.587147
            ],
            [
              94.85849405142099,
              25.58713255418002
            ],
            [
              94.85878527096604,
              25.58708935584121
            ],
            [
              94.85907085403176,
              25.587017821007198
            ],
            [
              94.85934805029709,
              25.586918638597535
            ],
            [
              94.85961419021048,
              25.586792763793046
            ],
            [
              94.85986671069905,
              25.586641408836908
            ],
            [
              94.86010317985249,
              25.58646603136009
            ],
            [
              94.86032132034356,
              25.58626832034356
            ],
            [
              94.86051903136008,
              25.586050179852492
            ],
            [
              94.8606944088369,
              25.58581371069906
            ],
            [
              94.86084576379304,
              25.58556119021048
            ],
            [
              94.86097163859753,
              25.5852950502971
            ],
            [
              94.86107082100719,
              25.585017854031765
            ],
            [
              94.86114235584121,
              25.58473227096605
            ],
            [
              94.86118555418001,
              25.584441051420992
            ],
            [
              94.8612,
              25.584147
            ]
          ]
        ]
      }
    },
    {
      "type": "Feature",
      "properties": {
        "landslide_id": "UNKNOWN_ID",
        "zone_name": "Landslide Zone (Phek)",
        "state": "Nagaland",
        "district": "Phek",
        "hazard_type": "LANDSLIDE",
        "risk_level": "HIGH",
        "historical_event_count": 1
      },
      "geometry": {
        "type": "Polygon",
        "coordinates": [
          [
            [
              94.861222,
              25.586389
            ],
            [
              94.86120755418001,
              25.58609494857901
            ],
            [
              94.86116435584121,
              25.58580372903395
            ],
            [
              94.86109282100719,
              25.585518145968237
            ],
            [
              94.86099363859753,
              25.585240949702904
            ],
            [
              94.86086776379304,
              25.58497480978952
            ],
            [
              94.86071640883691,
              25.58472228930094
            ],
            [
              94.86054103136009,
              25.58448582014751
            ],
            [
              94.86034332034356,
              25.584267679656442
            ],
            [
              94.86012517985249,
              25.584069968639913
            ],
            [
              94.85988871069905,
              25.583894591163094
            ],
            [
              94.85963619021048,
              25.583743236206956
            ],
            [
              94.85937005029709,
              25.583617361402467
            ],
            [
              94.85909285403176,
              25.583518178992804
            ],
            [
              94.85880727096604,
              25.58344664415879
            ],
            [
              94.85851605142099,
              25.583403445819982
            ],
            [
              94.858222,
              25.583389
            ],
            [
              94.857927948579,
              25.583403445819982
            ],
            [
              94.85763672903396,
              25.58344664415879
            ],
            [
              94.85735114596824,
              25.583518178992804
            ],
            [
              94.85707394970291,
              25.583617361402467
            ],
            [
              94.85680780978952,
              25.583743236206956
            ],
            [
              94.85655528930094,
              25.583894591163094
            ],
            [
              94.85631882014751,
              25.584069968639913
            ],
            [
              94.85610067965644,
              25.584267679656442
            ],
            [
              94.85590296863991,
              25.58448582014751
            ],
            [
              94.85572759116309,
              25.58472228930094
            ],
            [
              94.85557623620696,
              25.58497480978952
            ],
            [
              94.85545036140246,
              25.585240949702904
            ],
            [
              94.8553511789928,
              25.585518145968237
            ],
            [
              94.85527964415878,
              25.58580372903395
            ],
            [
              94.85523644581998,
              25.58609494857901
            ],
            [
              94.855222,
              25.586389
            ],
            [
              94.85523644581998,
              25.58668305142099
            ],
            [
              94.85527964415878,
              25.58697427096605
            ],
            [
              94.8553511789928,
              25.587259854031764
            ],
            [
              94.85545036140246,
              25.587537050297097
            ],
            [
              94.85557623620696,
              25.58780319021048
            ],
            [
              94.85572759116309,
              25.58805571069906
            ],
            [
              94.85590296863991,
              25.58829217985249
            ],
            [
              94.85610067965644,
              25.58851032034356
            ],
            [
              94.85631882014751,
              25.58870803136009
            ],
            [
              94.85655528930094,
              25.588883408836907
            ],
            [
              94.85680780978952,
              25.589034763793045
            ],
            [
              94.85707394970291,
              25.589160638597534
            ],
            [
              94.85735114596824,
              25.589259821007197
            ],
            [
              94.85763672903396,
              25.58933135584121
            ],
            [
              94.857927948579,
              25.58937455418002
            ],
            [
              94.858222,
              25.589389
            ],
            [
              94.85851605142099,
              25.58937455418002
            ],
            [
              94.85880727096604,
              25.58933135584121
            ],
            [
              94.85909285403176,
              25.589259821007197
            ],
            [
              94.85937005029709,
              25.589160638597534
            ],
            [
              94.85963619021048,
              25.589034763793045
            ],
            [
              94.85988871069905,
              25.588883408836907
            ],
            [
              94.86012517985249,
              25.58870803136009
            ],
            [
              94.86034332034356,
              25.58851032034356
            ],
            [
              94.86054103136009,
              25.58829217985249
            ],
            [
              94.86071640883691,
              25.58805571069906
            ],
            [
              94.86086776379304,
              25.58780319021048
            ],
            [
              94.86099363859753,
              25.587537050297097
            ],
            [
              94.86109282100719,
              25.587259854031764
            ],
            [
              94.86116435584121,
              25.58697427096605
            ],
            [
              94.86120755418001,
              25.58668305142099
            ],
            [
              94.861222,
              25.586389
            ]
          ]
        ]
      }
    },
    {
      "type": "Feature",
      "properties": {
        "landslide_id": "UNKNOWN_ID",
        "zone_name": "Landslide Zone (Phek)",
        "state": "Nagaland",
        "district": "Phek",
        "hazard_type": "LANDSLIDE",
        "risk_level": "HIGH",
        "historical_event_count": 1
      },
      "geometry": {
        "type": "Polygon",
        "coordinates": [
          [
            [
              94.861222,
              25.586389
            ],
            [
              94.86120755418001,
              25.58609494857901
            ],
            [
              94.86116435584121,
              25.58580372903395
            ],
            [
              94.86109282100719,
              25.585518145968237
            ],
            [
              94.86099363859753,
              25.585240949702904
            ],
            [
              94.86086776379304,
              25.58497480978952
            ],
            [
              94.86071640883691,
              25.58472228930094
            ],
            [
              94.86054103136009,
              25.58448582014751
            ],
            [
              94.86034332034356,
              25.584267679656442
            ],
            [
              94.86012517985249,
              25.584069968639913
            ],
            [
              94.85988871069905,
              25.583894591163094
            ],
            [
              94.85963619021048,
              25.583743236206956
            ],
            [
              94.85937005029709,
              25.583617361402467
            ],
            [
              94.85909285403176,
              25.583518178992804
            ],
            [
              94.85880727096604,
              25.58344664415879
            ],
            [
              94.85851605142099,
              25.583403445819982
            ],
            [
              94.858222,
              25.583389
            ],
            [
              94.857927948579,
              25.583403445819982
            ],
            [
              94.85763672903396,
              25.58344664415879
            ],
            [
              94.85735114596824,
              25.583518178992804
            ],
            [
              94.85707394970291,
              25.583617361402467
            ],
            [
              94.85680780978952,
              25.583743236206956
            ],
            [
              94.85655528930094,
              25.583894591163094
            ],
            [
              94.85631882014751,
              25.584069968639913
            ],
            [
              94.85610067965644,
              25.584267679656442
            ],
            [
              94.85590296863991,
              25.58448582014751
            ],
            [
              94.85572759116309,
              25.58472228930094
            ],
            [
              94.85557623620696,
              25.58497480978952
            ],
            [
              94.85545036140246,
              25.585240949702904
            ],
            [
              94.8553511789928,
              25.585518145968237
            ],
            [
              94.85527964415878,
              25.58580372903395
            ],
            [
              94.85523644581998,
              25.58609494857901
            ],
            [
              94.855222,
              25.586389
            ],
            [
              94.85523644581998,
              25.58668305142099
            ],
            [
              94.85527964415878,
              25.58697427096605
            ],
            [
              94.8553511789928,
              25.587259854031764
            ],
            [
              94.85545036140246,
              25.587537050297097
            ],
            [
              94.85557623620696,
              25.58780319021048
            ],
            [
              94.85572759116309,
              25.58805571069906
            ],
            [
              94.85590296863991,
              25.58829217985249
            ],
            [
              94.85610067965644,
              25.58851032034356
            ],
            [
              94.85631882014751,
              25.58870803136009
            ],
            [
              94.85655528930094,
              25.588883408836907
            ],
            [
              94.85680780978952,
              25.589034763793045
            ],
            [
              94.85707394970291,
              25.589160638597534
            ],
            [
              94.85735114596824,
              25.589259821007197
            ],
            [
              94.85763672903396,
              25.58933135584121
            ],
            [
              94.857927948579,
              25.58937455418002
            ],
            [
              94.858222,
              25.589389
            ],
            [
              94.85851605142099,
              25.58937455418002
            ],
            [
              94.85880727096604,
              25.58933135584121
            ],
            [
              94.85909285403176,
              25.589259821007197
            ],
            [
              94.85937005029709,
              25.589160638597534
            ],
            [
              94.85963619021048,
              25.589034763793045
            ],
            [
              94.85988871069905,
              25.588883408836907
            ],
            [
              94.86012517985249,
              25.58870803136009
            ],
            [
              94.86034332034356,
              25.58851032034356
            ],
            [
              94.86054103136009,
              25.58829217985249
            ],
            [
              94.86071640883691,
              25.58805571069906
            ],
            [
              94.86086776379304,
              25.58780319021048
            ],
            [
              94.86099363859753,
              25.587537050297097
            ],
            [
              94.86109282100719,
              25.587259854031764
            ],
            [
              94.86116435584121,
              25.58697427096605
            ],
            [
              94.86120755418001,
              25.58668305142099
            ],
            [
              94.861222,
              25.586389
            ]
          ]
        ]
      }
    },
    {
      "type": "Feature",
      "properties": {
        "landslide_id": "UNKNOWN_ID",
        "zone_name": "Landslide Zone (Phek)",
        "state": "Nagaland",
        "district": "Phek",
        "hazard_type": "LANDSLIDE",
        "risk_level": "HIGH",
        "historical_event_count": 1
      },
      "geometry": {
        "type": "Polygon",
        "coordinates": [
          [
            [
              94.861722,
              25.587778
            ],
            [
              94.86170755418001,
              25.58748394857901
            ],
            [
              94.86166435584121,
              25.58719272903395
            ],
            [
              94.86159282100719,
              25.586907145968237
            ],
            [
              94.86149363859754,
              25.586629949702903
            ],
            [
              94.86136776379304,
              25.58636380978952
            ],
            [
              94.86121640883691,
              25.58611128930094
            ],
            [
              94.86104103136009,
              25.58587482014751
            ],
            [
              94.86084332034356,
              25.58565667965644
            ],
            [
              94.86062517985249,
              25.585458968639912
            ],
            [
              94.86038871069906,
              25.585283591163094
            ],
            [
              94.86013619021048,
              25.585132236206956
            ],
            [
              94.85987005029709,
              25.585006361402467
            ],
            [
              94.85959285403176,
              25.584907178992804
            ],
            [
              94.85930727096604,
              25.58483564415879
            ],
            [
              94.859016051421,
              25.584792445819982
            ],
            [
              94.858722,
              25.584778
            ],
            [
              94.858427948579,
              25.584792445819982
            ],
            [
              94.85813672903396,
              25.58483564415879
            ],
            [
              94.85785114596824,
              25.584907178992804
            ],
            [
              94.85757394970291,
              25.585006361402467
            ],
            [
              94.85730780978952,
              25.585132236206956
            ],
            [
              94.85705528930094,
              25.585283591163094
            ],
            [
              94.85681882014751,
              25.585458968639912
            ],
            [
              94.85660067965644,
              25.58565667965644
            ],
            [
              94.85640296863991,
              25.58587482014751
            ],
            [
              94.85622759116309,
              25.58611128930094
            ],
            [
              94.85607623620696,
              25.58636380978952
            ],
            [
              94.85595036140246,
              25.586629949702903
            ],
            [
              94.85585117899281,
              25.586907145968237
            ],
            [
              94.85577964415879,
              25.58719272903395
            ],
            [
              94.85573644581999,
              25.58748394857901
            ],
            [
              94.855722,
              25.587778
            ],
            [
              94.85573644581999,
              25.58807205142099
            ],
            [
              94.85577964415879,
              25.58836327096605
            ],
            [
              94.85585117899281,
              25.588648854031764
            ],
            [
              94.85595036140246,
              25.588926050297097
            ],
            [
              94.85607623620696,
              25.58919219021048
            ],
            [
              94.85622759116309,
              25.58944471069906
            ],
            [
              94.85640296863991,
              25.58968117985249
            ],
            [
              94.85660067965644,
              25.58989932034356
            ],
            [
              94.85681882014751,
              25.590097031360088
            ],
            [
              94.85705528930094,
              25.590272408836906
            ],
            [
              94.85730780978952,
              25.590423763793044
            ],
            [
              94.85757394970291,
              25.590549638597533
            ],
            [
              94.85785114596824,
              25.590648821007196
            ],
            [
              94.85813672903396,
              25.59072035584121
            ],
            [
              94.858427948579,
              25.59076355418002
            ],
            [
              94.858722,
              25.590778
            ],
            [
              94.859016051421,
              25.59076355418002
            ],
            [
              94.85930727096604,
              25.59072035584121
            ],
            [
              94.85959285403176,
              25.590648821007196
            ],
            [
              94.85987005029709,
              25.590549638597533
            ],
            [
              94.86013619021048,
              25.590423763793044
            ],
            [
              94.86038871069906,
              25.590272408836906
            ],
            [
              94.86062517985249,
              25.590097031360088
            ],
            [
              94.86084332034356,
              25.58989932034356
            ],
            [
              94.86104103136009,
              25.58968117985249
            ],
            [
              94.86121640883691,
              25.58944471069906
            ],
            [
              94.86136776379304,
              25.58919219021048
            ],
            [
              94.86149363859754,
              25.588926050297097
            ],
            [
              94.86159282100719,
              25.588648854031764
            ],
            [
              94.86166435584121,
              25.58836327096605
            ],
            [
              94.86170755418001,
              25.58807205142099
            ],
            [
              94.861722,
              25.587778
            ]
          ]
        ]
      }
    },
    {
      "type": "Feature",
      "properties": {
        "landslide_id": "UNKNOWN_ID",
        "zone_name": "Landslide Zone (Phek)",
        "state": "Nagaland",
        "district": "Phek",
        "hazard_type": "LANDSLIDE",
        "risk_level": "HIGH",
        "historical_event_count": 1
      },
      "geometry": {
        "type": "Polygon",
        "coordinates": [
          [
            [
              94.862428,
              25.588806
            ],
            [
              94.86241355418001,
              25.58851194857901
            ],
            [
              94.86237035584121,
              25.588220729033953
            ],
            [
              94.86229882100719,
              25.58793514596824
            ],
            [
              94.86219963859753,
              25.587657949702905
            ],
            [
              94.86207376379303,
              25.587391809789523
            ],
            [
              94.8619224088369,
              25.587139289300943
            ],
            [
              94.86174703136008,
              25.58690282014751
            ],
            [
              94.86154932034356,
              25.586684679656443
            ],
            [
              94.86133117985248,
              25.586486968639914
            ],
            [
              94.86109471069905,
              25.586311591163096
            ],
            [
              94.86084219021048,
              25.586160236206958
            ],
            [
              94.86057605029708,
              25.58603436140247
            ],
            [
              94.86029885403175,
              25.585935178992806
            ],
            [
              94.86001327096604,
              25.585863644158792
            ],
            [
              94.85972205142099,
              25.585820445819984
            ],
            [
              94.859428,
              25.585806
            ],
            [
              94.859133948579,
              25.585820445819984
            ],
            [
              94.85884272903395,
              25.585863644158792
            ],
            [
              94.85855714596823,
              25.585935178992806
            ],
            [
              94.8582799497029,
              25.58603436140247
            ],
            [
              94.85801380978951,
              25.586160236206958
            ],
            [
              94.85776128930094,
              25.586311591163096
            ],
            [
              94.8575248201475,
              25.586486968639914
            ],
            [
              94.85730667965643,
              25.586684679656443
            ],
            [
              94.8571089686399,
              25.58690282014751
            ],
            [
              94.85693359116308,
              25.587139289300943
            ],
            [
              94.85678223620695,
              25.587391809789523
            ],
            [
              94.85665636140246,
              25.587657949702905
            ],
            [
              94.8565571789928,
              25.58793514596824
            ],
            [
              94.85648564415878,
              25.588220729033953
            ],
            [
              94.85644244581998,
              25.58851194857901
            ],
            [
              94.856428,
              25.588806
            ],
            [
              94.85644244581998,
              25.589100051420992
            ],
            [
              94.85648564415878,
              25.58939127096605
            ],
            [
              94.8565571789928,
              25.589676854031765
            ],
            [
              94.85665636140246,
              25.5899540502971
            ],
            [
              94.85678223620695,
              25.59022019021048
            ],
            [
              94.85693359116308,
              25.59047271069906
            ],
            [
              94.8571089686399,
              25.590709179852492
            ],
            [
              94.85730667965643,
              25.59092732034356
            ],
            [
              94.8575248201475,
              25.59112503136009
            ],
            [
              94.85776128930094,
              25.591300408836908
            ],
            [
              94.85801380978951,
              25.591451763793046
            ],
            [
              94.8582799497029,
              25.591577638597535
            ],
            [
              94.85855714596823,
              25.591676821007198
            ],
            [
              94.85884272903395,
              25.59174835584121
            ],
            [
              94.859133948579,
              25.59179155418002
            ],
            [
              94.859428,
              25.591806000000002
            ],
            [
              94.85972205142099,
              25.59179155418002
            ],
            [
              94.86001327096604,
              25.59174835584121
            ],
            [
              94.86029885403175,
              25.591676821007198
            ],
            [
              94.86057605029708,
              25.591577638597535
            ],
            [
              94.86084219021048,
              25.591451763793046
            ],
            [
              94.86109471069905,
              25.591300408836908
            ],
            [
              94.86133117985248,
              25.59112503136009
            ],
            [
              94.86154932034356,
              25.59092732034356
            ],
            [
              94.86174703136008,
              25.590709179852492
            ],
            [
              94.8619224088369,
              25.59047271069906
            ],
            [
              94.86207376379303,
              25.59022019021048
            ],
            [
              94.86219963859753,
              25.5899540502971
            ],
            [
              94.86229882100719,
              25.589676854031765
            ],
            [
              94.86237035584121,
              25.58939127096605
            ],
            [
              94.86241355418001,
              25.589100051420992
            ],
            [
              94.862428,
              25.588806
            ]
          ]
        ]
      }
    },
    {
      "type": "Feature",
      "properties": {
        "landslide_id": "UNKNOWN_ID",
        "zone_name": "Landslide Zone (Phek)",
        "state": "Nagaland",
        "district": "Phek",
        "hazard_type": "LANDSLIDE",
        "risk_level": "HIGH",
        "historical_event_count": 1
      },
      "geometry": {
        "type": "Polygon",
        "coordinates": [
          [
            [
              94.860778,
              25.595083
            ],
            [
              94.86076355418001,
              25.59478894857901
            ],
            [
              94.86072035584121,
              25.59449772903395
            ],
            [
              94.86064882100719,
              25.594212145968235
            ],
            [
              94.86054963859753,
              25.593934949702902
            ],
            [
              94.86042376379304,
              25.59366880978952
            ],
            [
              94.8602724088369,
              25.59341628930094
            ],
            [
              94.86009703136008,
              25.59317982014751
            ],
            [
              94.85989932034356,
              25.59296167965644
            ],
            [
              94.85968117985249,
              25.59276396863991
            ],
            [
              94.85944471069905,
              25.592588591163093
            ],
            [
              94.85919219021048,
              25.592437236206955
            ],
            [
              94.85892605029709,
              25.592311361402466
            ],
            [
              94.85864885403176,
              25.592212178992803
            ],
            [
              94.85836327096604,
              25.59214064415879
            ],
            [
              94.85807205142099,
              25.59209744581998
            ],
            [
              94.857778,
              25.592083
            ],
            [
              94.857483948579,
              25.59209744581998
            ],
            [
              94.85719272903395,
              25.59214064415879
            ],
            [
              94.85690714596824,
              25.592212178992803
            ],
            [
              94.8566299497029,
              25.592311361402466
            ],
            [
              94.85636380978951,
              25.592437236206955
            ],
            [
              94.85611128930094,
              25.592588591163093
            ],
            [
              94.8558748201475,
              25.59276396863991
            ],
            [
              94.85565667965643,
              25.59296167965644
            ],
            [
              94.85545896863991,
              25.59317982014751
            ],
            [
              94.85528359116309,
              25.59341628930094
            ],
            [
              94.85513223620696,
              25.59366880978952
            ],
            [
              94.85500636140246,
              25.593934949702902
            ],
            [
              94.8549071789928,
              25.594212145968235
            ],
            [
              94.85483564415878,
              25.59449772903395
            ],
            [
              94.85479244581998,
              25.59478894857901
            ],
            [
              94.854778,
              25.595083
            ],
            [
              94.85479244581998,
              25.59537705142099
            ],
            [
              94.85483564415878,
              25.595668270966048
            ],
            [
              94.8549071789928,
              25.595953854031762
            ],
            [
              94.85500636140246,
              25.596231050297096
            ],
            [
              94.85513223620696,
              25.596497190210478
            ],
            [
              94.85528359116309,
              25.596749710699058
            ],
            [
              94.85545896863991,
              25.59698617985249
            ],
            [
              94.85565667965643,
              25.597204320343558
            ],
            [
              94.8558748201475,
              25.597402031360087
            ],
            [
              94.85611128930094,
              25.597577408836905
            ],
            [
              94.85636380978951,
              25.597728763793043
            ],
            [
              94.8566299497029,
              25.597854638597532
            ],
            [
              94.85690714596824,
              25.597953821007195
            ],
            [
              94.85719272903395,
              25.59802535584121
            ],
            [
              94.857483948579,
              25.598068554180017
            ],
            [
              94.857778,
              25.598083
            ],
            [
              94.85807205142099,
              25.598068554180017
            ],
            [
              94.85836327096604,
              25.59802535584121
            ],
            [
              94.85864885403176,
              25.597953821007195
            ],
            [
              94.85892605029709,
              25.597854638597532
            ],
            [
              94.85919219021048,
              25.597728763793043
            ],
            [
              94.85944471069905,
              25.597577408836905
            ],
            [
              94.85968117985249,
              25.597402031360087
            ],
            [
              94.85989932034356,
              25.597204320343558
            ],
            [
              94.86009703136008,
              25.59698617985249
            ],
            [
              94.8602724088369,
              25.596749710699058
            ],
            [
              94.86042376379304,
              25.596497190210478
            ],
            [
              94.86054963859753,
              25.596231050297096
            ],
            [
              94.86064882100719,
              25.595953854031762
            ],
            [
              94.86072035584121,
              25.595668270966048
            ],
            [
              94.86076355418001,
              25.59537705142099
            ],
            [
              94.860778,
              25.595083
            ]
          ]
        ]
      }
    },
    {
      "type": "Feature",
      "properties": {
        "landslide_id": "UNKNOWN_ID",
        "zone_name": "Landslide Zone (Phek)",
        "state": "Nagaland",
        "district": "Phek",
        "hazard_type": "LANDSLIDE",
        "risk_level": "HIGH",
        "historical_event_count": 1
      },
      "geometry": {
        "type": "Polygon",
        "coordinates": [
          [
            [
              94.858194,
              25.593333
            ],
            [
              94.85817955418001,
              25.59303894857901
            ],
            [
              94.85813635584121,
              25.592747729033952
            ],
            [
              94.85806482100719,
              25.592462145968238
            ],
            [
              94.85796563859753,
              25.592184949702904
            ],
            [
              94.85783976379304,
              25.591918809789522
            ],
            [
              94.8576884088369,
              25.591666289300942
            ],
            [
              94.85751303136009,
              25.59142982014751
            ],
            [
              94.85731532034356,
              25.591211679656443
            ],
            [
              94.85709717985249,
              25.591013968639913
            ],
            [
              94.85686071069905,
              25.590838591163095
            ],
            [
              94.85660819021048,
              25.590687236206957
            ],
            [
              94.85634205029709,
              25.590561361402468
            ],
            [
              94.85606485403176,
              25.590462178992805
            ],
            [
              94.85577927096604,
              25.59039064415879
            ],
            [
              94.85548805142099,
              25.590347445819983
            ],
            [
              94.855194,
              25.590333
            ],
            [
              94.854899948579,
              25.590347445819983
            ],
            [
              94.85460872903396,
              25.59039064415879
            ],
            [
              94.85432314596824,
              25.590462178992805
            ],
            [
              94.85404594970291,
              25.590561361402468
            ],
            [
              94.85377980978951,
              25.590687236206957
            ],
            [
              94.85352728930094,
              25.590838591163095
            ],
            [
              94.8532908201475,
              25.591013968639913
            ],
            [
              94.85307267965644,
              25.591211679656443
            ],
            [
              94.85287496863991,
              25.59142982014751
            ],
            [
              94.85269959116309,
              25.591666289300942
            ],
            [
              94.85254823620696,
              25.591918809789522
            ],
            [
              94.85242236140246,
              25.592184949702904
            ],
            [
              94.8523231789928,
              25.592462145968238
            ],
            [
              94.85225164415878,
              25.592747729033952
            ],
            [
              94.85220844581998,
              25.59303894857901
            ],
            [
              94.852194,
              25.593333
            ],
            [
              94.85220844581998,
              25.59362705142099
            ],
            [
              94.85225164415878,
              25.59391827096605
            ],
            [
              94.8523231789928,
              25.594203854031765
            ],
            [
              94.85242236140246,
              25.594481050297098
            ],
            [
              94.85254823620696,
              25.59474719021048
            ],
            [
              94.85269959116309,
              25.59499971069906
            ],
            [
              94.85287496863991,
              25.595236179852492
            ],
            [
              94.85307267965644,
              25.59545432034356
            ],
            [
              94.8532908201475,
              25.59565203136009
            ],
            [
              94.85352728930094,
              25.595827408836907
            ],
            [
              94.85377980978951,
              25.595978763793045
            ],
            [
              94.85404594970291,
              25.596104638597534
            ],
            [
              94.85432314596824,
              25.596203821007197
            ],
            [
              94.85460872903396,
              25.59627535584121
            ],
            [
              94.854899948579,
              25.59631855418002
            ],
            [
              94.855194,
              25.596333
            ],
            [
              94.85548805142099,
              25.59631855418002
            ],
            [
              94.85577927096604,
              25.59627535584121
            ],
            [
              94.85606485403176,
              25.596203821007197
            ],
            [
              94.85634205029709,
              25.596104638597534
            ],
            [
              94.85660819021048,
              25.595978763793045
            ],
            [
              94.85686071069905,
              25.595827408836907
            ],
            [
              94.85709717985249,
              25.59565203136009
            ],
            [
              94.85731532034356,
              25.59545432034356
            ],
            [
              94.85751303136009,
              25.595236179852492
            ],
            [
              94.8576884088369,
              25.59499971069906
            ],
            [
              94.85783976379304,
              25.59474719021048
            ],
            [
              94.85796563859753,
              25.594481050297098
            ],
            [
              94.85806482100719,
              25.594203854031765
            ],
            [
              94.85813635584121,
              25.59391827096605
            ],
            [
              94.85817955418001,
              25.59362705142099
            ],
            [
              94.858194,
              25.593333
            ]
          ]
        ]
      }
    },
    {
      "type": "Feature",
      "properties": {
        "landslide_id": "UNKNOWN_ID",
        "zone_name": "Landslide Zone (Phek)",
        "state": "Nagaland",
        "district": "Phek",
        "hazard_type": "LANDSLIDE",
        "risk_level": "HIGH",
        "historical_event_count": 1
      },
      "geometry": {
        "type": "Polygon",
        "coordinates": [
          [
            [
              94.850053,
              25.626833
            ],
            [
              94.85003855418002,
              25.62653894857901
            ],
            [
              94.84999535584122,
              25.626247729033953
            ],
            [
              94.8499238210072,
              25.625962145968238
            ],
            [
              94.84982463859754,
              25.625684949702904
            ],
            [
              94.84969876379304,
              25.625418809789522
            ],
            [
              94.84954740883691,
              25.625166289300942
            ],
            [
              94.84937203136009,
              25.62492982014751
            ],
            [
              94.84917432034356,
              25.624711679656443
            ],
            [
              94.8489561798525,
              25.624513968639913
            ],
            [
              94.84871971069906,
              25.624338591163095
            ],
            [
              94.84846719021049,
              25.624187236206957
            ],
            [
              94.84820105029709,
              25.624061361402468
            ],
            [
              94.84792385403176,
              25.623962178992805
            ],
            [
              94.84763827096604,
              25.62389064415879
            ],
            [
              94.847347051421,
              25.623847445819983
            ],
            [
              94.847053,
              25.623833
            ],
            [
              94.84675894857901,
              25.623847445819983
            ],
            [
              94.84646772903396,
              25.62389064415879
            ],
            [
              94.84618214596824,
              25.623962178992805
            ],
            [
              94.84590494970291,
              25.624061361402468
            ],
            [
              94.84563880978952,
              25.624187236206957
            ],
            [
              94.84538628930095,
              25.624338591163095
            ],
            [
              94.84514982014751,
              25.624513968639913
            ],
            [
              94.84493167965644,
              25.624711679656443
            ],
            [
              94.84473396863991,
              25.62492982014751
            ],
            [
              94.84455859116309,
              25.625166289300942
            ],
            [
              94.84440723620696,
              25.625418809789522
            ],
            [
              94.84428136140247,
              25.625684949702904
            ],
            [
              94.84418217899281,
              25.625962145968238
            ],
            [
              94.84411064415879,
              25.626247729033953
            ],
            [
              94.84406744581999,
              25.62653894857901
            ],
            [
              94.844053,
              25.626833
            ],
            [
              94.84406744581999,
              25.62712705142099
            ],
            [
              94.84411064415879,
              25.62741827096605
            ],
            [
              94.84418217899281,
              25.627703854031765
            ],
            [
              94.84428136140247,
              25.627981050297098
            ],
            [
              94.84440723620696,
              25.62824719021048
            ],
            [
              94.84455859116309,
              25.62849971069906
            ],
            [
              94.84473396863991,
              25.628736179852492
            ],
            [
              94.84493167965644,
              25.62895432034356
            ],
            [
              94.84514982014751,
              25.62915203136009
            ],
            [
              94.84538628930095,
              25.629327408836907
            ],
            [
              94.84563880978952,
              25.629478763793045
            ],
            [
              94.84590494970291,
              25.629604638597534
            ],
            [
              94.84618214596824,
              25.629703821007197
            ],
            [
              94.84646772903396,
              25.62977535584121
            ],
            [
              94.84675894857901,
              25.62981855418002
            ],
            [
              94.847053,
              25.629833
            ],
            [
              94.847347051421,
              25.62981855418002
            ],
            [
              94.84763827096604,
              25.62977535584121
            ],
            [
              94.84792385403176,
              25.629703821007197
            ],
            [
              94.84820105029709,
              25.629604638597534
            ],
            [
              94.84846719021049,
              25.629478763793045
            ],
            [
              94.84871971069906,
              25.629327408836907
            ],
            [
              94.8489561798525,
              25.62915203136009
            ],
            [
              94.84917432034356,
              25.62895432034356
            ],
            [
              94.84937203136009,
              25.628736179852492
            ],
            [
              94.84954740883691,
              25.62849971069906
            ],
            [
              94.84969876379304,
              25.62824719021048
            ],
            [
              94.84982463859754,
              25.627981050297098
            ],
            [
              94.8499238210072,
              25.627703854031765
            ],
            [
              94.84999535584122,
              25.62741827096605
            ],
            [
              94.85003855418002,
              25.62712705142099
            ],
            [
              94.850053,
              25.626833
            ]
          ]
        ]
      }
    },
    {
      "type": "Feature",
      "properties": {
        "landslide_id": "UNKNOWN_ID",
        "zone_name": "Landslide Zone (Phek)",
        "state": "Nagaland",
        "district": "Phek",
        "hazard_type": "LANDSLIDE",
        "risk_level": "HIGH",
        "historical_event_count": 1
      },
      "geometry": {
        "type": "Polygon",
        "coordinates": [
          [
            [
              94.849833,
              25.585472
            ],
            [
              94.84981855418002,
              25.58517794857901
            ],
            [
              94.84977535584122,
              25.58488672903395
            ],
            [
              94.8497038210072,
              25.584601145968236
            ],
            [
              94.84960463859754,
              25.584323949702902
            ],
            [
              94.84947876379304,
              25.58405780978952
            ],
            [
              94.84932740883691,
              25.58380528930094
            ],
            [
              94.84915203136009,
              25.58356882014751
            ],
            [
              94.84895432034357,
              25.58335067965644
            ],
            [
              94.8487361798525,
              25.58315296863991
            ],
            [
              94.84849971069906,
              25.582977591163093
            ],
            [
              94.84824719021049,
              25.582826236206955
            ],
            [
              94.8479810502971,
              25.582700361402466
            ],
            [
              94.84770385403176,
              25.582601178992803
            ],
            [
              94.84741827096605,
              25.58252964415879
            ],
            [
              94.847127051421,
              25.58248644581998
            ],
            [
              94.846833,
              25.582472
            ],
            [
              94.84653894857901,
              25.58248644581998
            ],
            [
              94.84624772903396,
              25.58252964415879
            ],
            [
              94.84596214596824,
              25.582601178992803
            ],
            [
              94.84568494970291,
              25.582700361402466
            ],
            [
              94.84541880978952,
              25.582826236206955
            ],
            [
              94.84516628930095,
              25.582977591163093
            ],
            [
              94.84492982014751,
              25.58315296863991
            ],
            [
              94.84471167965644,
              25.58335067965644
            ],
            [
              94.84451396863992,
              25.58356882014751
            ],
            [
              94.8443385911631,
              25.58380528930094
            ],
            [
              94.84418723620696,
              25.58405780978952
            ],
            [
              94.84406136140247,
              25.584323949702902
            ],
            [
              94.84396217899281,
              25.584601145968236
            ],
            [
              94.84389064415879,
              25.58488672903395
            ],
            [
              94.84384744581999,
              25.58517794857901
            ],
            [
              94.843833,
              25.585472
            ],
            [
              94.84384744581999,
              25.58576605142099
            ],
            [
              94.84389064415879,
              25.586057270966048
            ],
            [
              94.84396217899281,
              25.586342854031763
            ],
            [
              94.84406136140247,
              25.586620050297096
            ],
            [
              94.84418723620696,
              25.58688619021048
            ],
            [
              94.8443385911631,
              25.587138710699058
            ],
            [
              94.84451396863992,
              25.58737517985249
            ],
            [
              94.84471167965644,
              25.587593320343558
            ],
            [
              94.84492982014751,
              25.587791031360087
            ],
            [
              94.84516628930095,
              25.587966408836905
            ],
            [
              94.84541880978952,
              25.588117763793043
            ],
            [
              94.84568494970291,
              25.588243638597532
            ],
            [
              94.84596214596824,
              25.588342821007195
            ],
            [
              94.84624772903396,
              25.58841435584121
            ],
            [
              94.84653894857901,
              25.588457554180017
            ],
            [
              94.846833,
              25.588472
            ],
            [
              94.847127051421,
              25.588457554180017
            ],
            [
              94.84741827096605,
              25.58841435584121
            ],
            [
              94.84770385403176,
              25.588342821007195
            ],
            [
              94.8479810502971,
              25.588243638597532
            ],
            [
              94.84824719021049,
              25.588117763793043
            ],
            [
              94.84849971069906,
              25.587966408836905
            ],
            [
              94.8487361798525,
              25.587791031360087
            ],
            [
              94.84895432034357,
              25.587593320343558
            ],
            [
              94.84915203136009,
              25.58737517985249
            ],
            [
              94.84932740883691,
              25.587138710699058
            ],
            [
              94.84947876379304,
              25.58688619021048
            ],
            [
              94.84960463859754,
              25.586620050297096
            ],
            [
              94.8497038210072,
              25.586342854031763
            ],
            [
              94.84977535584122,
              25.586057270966048
            ],
            [
              94.84981855418002,
              25.58576605142099
            ],
            [
              94.849833,
              25.585472
            ]
          ]
        ]
      }
    },
    {
      "type": "Feature",
      "properties": {
        "landslide_id": "UNKNOWN_ID",
        "zone_name": "Landslide Zone (Phek)",
        "state": "Nagaland",
        "district": "Phek",
        "hazard_type": "LANDSLIDE",
        "risk_level": "HIGH",
        "historical_event_count": 1
      },
      "geometry": {
        "type": "Polygon",
        "coordinates": [
          [
            [
              94.849333,
              25.590139
            ],
            [
              94.84931855418002,
              25.58984494857901
            ],
            [
              94.84927535584121,
              25.589553729033952
            ],
            [
              94.8492038210072,
              25.589268145968237
            ],
            [
              94.84910463859754,
              25.588990949702904
            ],
            [
              94.84897876379304,
              25.58872480978952
            ],
            [
              94.84882740883691,
              25.58847228930094
            ],
            [
              94.84865203136009,
              25.58823582014751
            ],
            [
              94.84845432034356,
              25.588017679656442
            ],
            [
              94.84823617985249,
              25.587819968639913
            ],
            [
              94.84799971069906,
              25.587644591163095
            ],
            [
              94.84774719021048,
              25.587493236206956
            ],
            [
              94.84748105029709,
              25.587367361402467
            ],
            [
              94.84720385403176,
              25.587268178992804
            ],
            [
              94.84691827096604,
              25.58719664415879
            ],
            [
              94.846627051421,
              25.587153445819983
            ],
            [
              94.846333,
              25.587139
            ],
            [
              94.84603894857901,
              25.587153445819983
            ],
            [
              94.84574772903396,
              25.58719664415879
            ],
            [
              94.84546214596824,
              25.587268178992804
            ],
            [
              94.84518494970291,
              25.587367361402467
            ],
            [
              94.84491880978952,
              25.587493236206956
            ],
            [
              94.84466628930095,
              25.587644591163095
            ],
            [
              94.84442982014751,
              25.587819968639913
            ],
            [
              94.84421167965644,
              25.588017679656442
            ],
            [
              94.84401396863991,
              25.58823582014751
            ],
            [
              94.84383859116309,
              25.58847228930094
            ],
            [
              94.84368723620696,
              25.58872480978952
            ],
            [
              94.84356136140246,
              25.588990949702904
            ],
            [
              94.84346217899281,
              25.589268145968237
            ],
            [
              94.84339064415879,
              25.589553729033952
            ],
            [
              94.84334744581999,
              25.58984494857901
            ],
            [
              94.843333,
              25.590139
            ],
            [
              94.84334744581999,
              25.59043305142099
            ],
            [
              94.84339064415879,
              25.59072427096605
            ],
            [
              94.84346217899281,
              25.591009854031764
            ],
            [
              94.84356136140246,
              25.591287050297097
            ],
            [
              94.84368723620696,
              25.59155319021048
            ],
            [
              94.84383859116309,
              25.59180571069906
            ],
            [
              94.84401396863991,
              25.59204217985249
            ],
            [
              94.84421167965644,
              25.59226032034356
            ],
            [
              94.84442982014751,
              25.59245803136009
            ],
            [
              94.84466628930095,
              25.592633408836907
            ],
            [
              94.84491880978952,
              25.592784763793045
            ],
            [
              94.84518494970291,
              25.592910638597534
            ],
            [
              94.84546214596824,
              25.593009821007197
            ],
            [
              94.84574772903396,
              25.59308135584121
            ],
            [
              94.84603894857901,
              25.59312455418002
            ],
            [
              94.846333,
              25.593139
            ],
            [
              94.846627051421,
              25.59312455418002
            ],
            [
              94.84691827096604,
              25.59308135584121
            ],
            [
              94.84720385403176,
              25.593009821007197
            ],
            [
              94.84748105029709,
              25.592910638597534
            ],
            [
              94.84774719021048,
              25.592784763793045
            ],
            [
              94.84799971069906,
              25.592633408836907
            ],
            [
              94.84823617985249,
              25.59245803136009
            ],
            [
              94.84845432034356,
              25.59226032034356
            ],
            [
              94.84865203136009,
              25.59204217985249
            ],
            [
              94.84882740883691,
              25.59180571069906
            ],
            [
              94.84897876379304,
              25.59155319021048
            ],
            [
              94.84910463859754,
              25.591287050297097
            ],
            [
              94.8492038210072,
              25.591009854031764
            ],
            [
              94.84927535584121,
              25.59072427096605
            ],
            [
              94.84931855418002,
              25.59043305142099
            ],
            [
              94.849333,
              25.590139
            ]
          ]
        ]
      }
    },
    {
      "type": "Feature",
      "properties": {
        "landslide_id": "UNKNOWN_ID",
        "zone_name": "Landslide Zone (Phek)",
        "state": "Nagaland",
        "district": "Phek",
        "hazard_type": "LANDSLIDE",
        "risk_level": "HIGH",
        "historical_event_count": 1
      },
      "geometry": {
        "type": "Polygon",
        "coordinates": [
          [
            [
              94.845444,
              25.594639
            ],
            [
              94.84542955418001,
              25.59434494857901
            ],
            [
              94.84538635584121,
              25.594053729033952
            ],
            [
              94.8453148210072,
              25.593768145968237
            ],
            [
              94.84521563859754,
              25.593490949702904
            ],
            [
              94.84508976379304,
              25.593224809789522
            ],
            [
              94.84493840883691,
              25.592972289300942
            ],
            [
              94.84476303136009,
              25.59273582014751
            ],
            [
              94.84456532034356,
              25.592517679656442
            ],
            [
              94.84434717985249,
              25.592319968639913
            ],
            [
              94.84411071069906,
              25.592144591163095
            ],
            [
              94.84385819021048,
              25.591993236206957
            ],
            [
              94.84359205029709,
              25.591867361402468
            ],
            [
              94.84331485403176,
              25.591768178992805
            ],
            [
              94.84302927096604,
              25.59169664415879
            ],
            [
              94.842738051421,
              25.591653445819983
            ],
            [
              94.842444,
              25.591639
            ],
            [
              94.842149948579,
              25.591653445819983
            ],
            [
              94.84185872903396,
              25.59169664415879
            ],
            [
              94.84157314596824,
              25.591768178992805
            ],
            [
              94.84129594970291,
              25.591867361402468
            ],
            [
              94.84102980978952,
              25.591993236206957
            ],
            [
              94.84077728930095,
              25.592144591163095
            ],
            [
              94.84054082014751,
              25.592319968639913
            ],
            [
              94.84032267965644,
              25.592517679656442
            ],
            [
              94.84012496863991,
              25.59273582014751
            ],
            [
              94.83994959116309,
              25.592972289300942
            ],
            [
              94.83979823620696,
              25.593224809789522
            ],
            [
              94.83967236140246,
              25.593490949702904
            ],
            [
              94.83957317899281,
              25.593768145968237
            ],
            [
              94.83950164415879,
              25.594053729033952
            ],
            [
              94.83945844581999,
              25.59434494857901
            ],
            [
              94.839444,
              25.594639
            ],
            [
              94.83945844581999,
              25.59493305142099
            ],
            [
              94.83950164415879,
              25.59522427096605
            ],
            [
              94.83957317899281,
              25.595509854031764
            ],
            [
              94.83967236140246,
              25.595787050297098
            ],
            [
              94.83979823620696,
              25.59605319021048
            ],
            [
              94.83994959116309,
              25.59630571069906
            ],
            [
              94.84012496863991,
              25.59654217985249
            ],
            [
              94.84032267965644,
              25.59676032034356
            ],
            [
              94.84054082014751,
              25.59695803136009
            ],
            [
              94.84077728930095,
              25.597133408836907
            ],
            [
              94.84102980978952,
              25.597284763793045
            ],
            [
              94.84129594970291,
              25.597410638597534
            ],
            [
              94.84157314596824,
              25.597509821007197
            ],
            [
              94.84185872903396,
              25.59758135584121
            ],
            [
              94.842149948579,
              25.59762455418002
            ],
            [
              94.842444,
              25.597639
            ],
            [
              94.842738051421,
              25.59762455418002
            ],
            [
              94.84302927096604,
              25.59758135584121
            ],
            [
              94.84331485403176,
              25.597509821007197
            ],
            [
              94.84359205029709,
              25.597410638597534
            ],
            [
              94.84385819021048,
              25.597284763793045
            ],
            [
              94.84411071069906,
              25.597133408836907
            ],
            [
              94.84434717985249,
              25.59695803136009
            ],
            [
              94.84456532034356,
              25.59676032034356
            ],
            [
              94.84476303136009,
              25.59654217985249
            ],
            [
              94.84493840883691,
              25.59630571069906
            ],
            [
              94.84508976379304,
              25.59605319021048
            ],
            [
              94.84521563859754,
              25.595787050297098
            ],
            [
              94.8453148210072,
              25.595509854031764
            ],
            [
              94.84538635584121,
              25.59522427096605
            ],
            [
              94.84542955418001,
              25.59493305142099
            ],
            [
              94.845444,
              25.594639
            ]
          ]
        ]
      }
    },
    {
      "type": "Feature",
      "properties": {
        "landslide_id": "UNKNOWN_ID",
        "zone_name": "Landslide Zone (Phek)",
        "state": "Nagaland",
        "district": "Phek",
        "hazard_type": "LANDSLIDE",
        "risk_level": "HIGH",
        "historical_event_count": 1
      },
      "geometry": {
        "type": "Polygon",
        "coordinates": [
          [
            [
              94.845028,
              25.597167
            ],
            [
              94.84501355418001,
              25.59687294857901
            ],
            [
              94.84497035584121,
              25.59658172903395
            ],
            [
              94.84489882100719,
              25.596296145968235
            ],
            [
              94.84479963859754,
              25.596018949702902
            ],
            [
              94.84467376379304,
              25.59575280978952
            ],
            [
              94.84452240883691,
              25.59550028930094
            ],
            [
              94.84434703136009,
              25.59526382014751
            ],
            [
              94.84414932034356,
              25.59504567965644
            ],
            [
              94.84393117985249,
              25.59484796863991
            ],
            [
              94.84369471069905,
              25.594672591163093
            ],
            [
              94.84344219021048,
              25.594521236206955
            ],
            [
              94.84317605029709,
              25.594395361402466
            ],
            [
              94.84289885403176,
              25.594296178992803
            ],
            [
              94.84261327096604,
              25.59422464415879
            ],
            [
              94.842322051421,
              25.59418144581998
            ],
            [
              94.842028,
              25.594167
            ],
            [
              94.841733948579,
              25.59418144581998
            ],
            [
              94.84144272903396,
              25.59422464415879
            ],
            [
              94.84115714596824,
              25.594296178992803
            ],
            [
              94.84087994970291,
              25.594395361402466
            ],
            [
              94.84061380978952,
              25.594521236206955
            ],
            [
              94.84036128930094,
              25.594672591163093
            ],
            [
              94.84012482014751,
              25.59484796863991
            ],
            [
              94.83990667965644,
              25.59504567965644
            ],
            [
              94.83970896863991,
              25.59526382014751
            ],
            [
              94.83953359116309,
              25.59550028930094
            ],
            [
              94.83938223620696,
              25.59575280978952
            ],
            [
              94.83925636140246,
              25.596018949702902
            ],
            [
              94.8391571789928,
              25.596296145968235
            ],
            [
              94.83908564415879,
              25.59658172903395
            ],
            [
              94.83904244581998,
              25.59687294857901
            ],
            [
              94.839028,
              25.597167
            ],
            [
              94.83904244581998,
              25.59746105142099
            ],
            [
              94.83908564415879,
              25.597752270966048
            ],
            [
              94.8391571789928,
              25.598037854031762
            ],
            [
              94.83925636140246,
              25.598315050297096
            ],
            [
              94.83938223620696,
              25.598581190210478
            ],
            [
              94.83953359116309,
              25.598833710699058
            ],
            [
              94.83970896863991,
              25.59907017985249
            ],
            [
              94.83990667965644,
              25.599288320343558
            ],
            [
              94.84012482014751,
              25.599486031360087
            ],
            [
              94.84036128930094,
              25.599661408836905
            ],
            [
              94.84061380978952,
              25.599812763793043
            ],
            [
              94.84087994970291,
              25.599938638597532
            ],
            [
              94.84115714596824,
              25.600037821007195
            ],
            [
              94.84144272903396,
              25.60010935584121
            ],
            [
              94.841733948579,
              25.600152554180017
            ],
            [
              94.842028,
              25.600167
            ],
            [
              94.842322051421,
              25.600152554180017
            ],
            [
              94.84261327096604,
              25.60010935584121
            ],
            [
              94.84289885403176,
              25.600037821007195
            ],
            [
              94.84317605029709,
              25.599938638597532
            ],
            [
              94.84344219021048,
              25.599812763793043
            ],
            [
              94.84369471069905,
              25.599661408836905
            ],
            [
              94.84393117985249,
              25.599486031360087
            ],
            [
              94.84414932034356,
              25.599288320343558
            ],
            [
              94.84434703136009,
              25.59907017985249
            ],
            [
              94.84452240883691,
              25.598833710699058
            ],
            [
              94.84467376379304,
              25.598581190210478
            ],
            [
              94.84479963859754,
              25.598315050297096
            ],
            [
              94.84489882100719,
              25.598037854031762
            ],
            [
              94.84497035584121,
              25.597752270966048
            ],
            [
              94.84501355418001,
              25.59746105142099
            ],
            [
              94.845028,
              25.597167
            ]
          ]
        ]
      }
    },
    {
      "type": "Feature",
      "properties": {
        "landslide_id": "UNKNOWN_ID",
        "zone_name": "Landslide Zone (Phek)",
        "state": "Nagaland",
        "district": "Phek",
        "hazard_type": "LANDSLIDE",
        "risk_level": "HIGH",
        "historical_event_count": 1
      },
      "geometry": {
        "type": "Polygon",
        "coordinates": [
          [
            [
              94.844389,
              25.6
            ],
            [
              94.84437455418002,
              25.59970594857901
            ],
            [
              94.84433135584122,
              25.599414729033953
            ],
            [
              94.8442598210072,
              25.599129145968238
            ],
            [
              94.84416063859754,
              25.598851949702905
            ],
            [
              94.84403476379305,
              25.598585809789522
            ],
            [
              94.84388340883692,
              25.598333289300943
            ],
            [
              94.8437080313601,
              25.59809682014751
            ],
            [
              94.84351032034357,
              25.597878679656443
            ],
            [
              94.8432921798525,
              25.597680968639914
            ],
            [
              94.84305571069906,
              25.597505591163095
            ],
            [
              94.84280319021049,
              25.597354236206957
            ],
            [
              94.8425370502971,
              25.59722836140247
            ],
            [
              94.84225985403177,
              25.597129178992805
            ],
            [
              94.84197427096605,
              25.59705764415879
            ],
            [
              94.841683051421,
              25.597014445819983
            ],
            [
              94.841389,
              25.597
            ],
            [
              94.84109494857901,
              25.597014445819983
            ],
            [
              94.84080372903396,
              25.59705764415879
            ],
            [
              94.84051814596825,
              25.597129178992805
            ],
            [
              94.84024094970292,
              25.59722836140247
            ],
            [
              94.83997480978952,
              25.597354236206957
            ],
            [
              94.83972228930095,
              25.597505591163095
            ],
            [
              94.83948582014752,
              25.597680968639914
            ],
            [
              94.83926767965644,
              25.597878679656443
            ],
            [
              94.83906996863992,
              25.59809682014751
            ],
            [
              94.8388945911631,
              25.598333289300943
            ],
            [
              94.83874323620697,
              25.598585809789522
            ],
            [
              94.83861736140247,
              25.598851949702905
            ],
            [
              94.83851817899281,
              25.599129145968238
            ],
            [
              94.8384466441588,
              25.599414729033953
            ],
            [
              94.83840344581999,
              25.59970594857901
            ],
            [
              94.838389,
              25.6
            ],
            [
              94.83840344581999,
              25.600294051420992
            ],
            [
              94.8384466441588,
              25.60058527096605
            ],
            [
              94.83851817899281,
              25.600870854031765
            ],
            [
              94.83861736140247,
              25.6011480502971
            ],
            [
              94.83874323620697,
              25.60141419021048
            ],
            [
              94.8388945911631,
              25.60166671069906
            ],
            [
              94.83906996863992,
              25.601903179852492
            ],
            [
              94.83926767965644,
              25.60212132034356
            ],
            [
              94.83948582014752,
              25.60231903136009
            ],
            [
              94.83972228930095,
              25.602494408836908
            ],
            [
              94.83997480978952,
              25.602645763793046
            ],
            [
              94.84024094970292,
              25.602771638597535
            ],
            [
              94.84051814596825,
              25.602870821007198
            ],
            [
              94.84080372903396,
              25.60294235584121
            ],
            [
              94.84109494857901,
              25.60298555418002
            ],
            [
              94.841389,
              25.603
            ],
            [
              94.841683051421,
              25.60298555418002
            ],
            [
              94.84197427096605,
              25.60294235584121
            ],
            [
              94.84225985403177,
              25.602870821007198
            ],
            [
              94.8425370502971,
              25.602771638597535
            ],
            [
              94.84280319021049,
              25.602645763793046
            ],
            [
              94.84305571069906,
              25.602494408836908
            ],
            [
              94.8432921798525,
              25.60231903136009
            ],
            [
              94.84351032034357,
              25.60212132034356
            ],
            [
              94.8437080313601,
              25.601903179852492
            ],
            [
              94.84388340883692,
              25.60166671069906
            ],
            [
              94.84403476379305,
              25.60141419021048
            ],
            [
              94.84416063859754,
              25.6011480502971
            ],
            [
              94.8442598210072,
              25.600870854031765
            ],
            [
              94.84433135584122,
              25.60058527096605
            ],
            [
              94.84437455418002,
              25.600294051420992
            ],
            [
              94.844389,
              25.6
            ]
          ]
        ]
      }
    },
    {
      "type": "Feature",
      "properties": {
        "landslide_id": "UNKNOWN_ID",
        "zone_name": "Landslide Zone (Phek)",
        "state": "Nagaland",
        "district": "Phek",
        "hazard_type": "LANDSLIDE",
        "risk_level": "HIGH",
        "historical_event_count": 1
      },
      "geometry": {
        "type": "Polygon",
        "coordinates": [
          [
            [
              94.842583,
              25.604389
            ],
            [
              94.84256855418002,
              25.60409494857901
            ],
            [
              94.84252535584122,
              25.603803729033952
            ],
            [
              94.8424538210072,
              25.603518145968238
            ],
            [
              94.84235463859754,
              25.603240949702904
            ],
            [
              94.84222876379305,
              25.602974809789522
            ],
            [
              94.84207740883691,
              25.602722289300942
            ],
            [
              94.84190203136009,
              25.60248582014751
            ],
            [
              94.84170432034357,
              25.602267679656443
            ],
            [
              94.8414861798525,
              25.602069968639913
            ],
            [
              94.84124971069906,
              25.601894591163095
            ],
            [
              94.84099719021049,
              25.601743236206957
            ],
            [
              94.8407310502971,
              25.601617361402468
            ],
            [
              94.84045385403176,
              25.601518178992805
            ],
            [
              94.84016827096605,
              25.60144664415879
            ],
            [
              94.839877051421,
              25.601403445819983
            ],
            [
              94.839583,
              25.601389
            ],
            [
              94.83928894857901,
              25.601403445819983
            ],
            [
              94.83899772903396,
              25.60144664415879
            ],
            [
              94.83871214596824,
              25.601518178992805
            ],
            [
              94.83843494970291,
              25.601617361402468
            ],
            [
              94.83816880978952,
              25.601743236206957
            ],
            [
              94.83791628930095,
              25.601894591163095
            ],
            [
              94.83767982014751,
              25.602069968639913
            ],
            [
              94.83746167965644,
              25.602267679656443
            ],
            [
              94.83726396863992,
              25.60248582014751
            ],
            [
              94.8370885911631,
              25.602722289300942
            ],
            [
              94.83693723620696,
              25.602974809789522
            ],
            [
              94.83681136140247,
              25.603240949702904
            ],
            [
              94.83671217899281,
              25.603518145968238
            ],
            [
              94.83664064415879,
              25.603803729033952
            ],
            [
              94.83659744581999,
              25.60409494857901
            ],
            [
              94.836583,
              25.604389
            ],
            [
              94.83659744581999,
              25.60468305142099
            ],
            [
              94.83664064415879,
              25.60497427096605
            ],
            [
              94.83671217899281,
              25.605259854031765
            ],
            [
              94.83681136140247,
              25.605537050297098
            ],
            [
              94.83693723620696,
              25.60580319021048
            ],
            [
              94.8370885911631,
              25.60605571069906
            ],
            [
              94.83726396863992,
              25.606292179852492
            ],
            [
              94.83746167965644,
              25.60651032034356
            ],
            [
              94.83767982014751,
              25.60670803136009
            ],
            [
              94.83791628930095,
              25.606883408836907
            ],
            [
              94.83816880978952,
              25.607034763793045
            ],
            [
              94.83843494970291,
              25.607160638597534
            ],
            [
              94.83871214596824,
              25.607259821007197
            ],
            [
              94.83899772903396,
              25.60733135584121
            ],
            [
              94.83928894857901,
              25.60737455418002
            ],
            [
              94.839583,
              25.607389
            ],
            [
              94.839877051421,
              25.60737455418002
            ],
            [
              94.84016827096605,
              25.60733135584121
            ],
            [
              94.84045385403176,
              25.607259821007197
            ],
            [
              94.8407310502971,
              25.607160638597534
            ],
            [
              94.84099719021049,
              25.607034763793045
            ],
            [
              94.84124971069906,
              25.606883408836907
            ],
            [
              94.8414861798525,
              25.60670803136009
            ],
            [
              94.84170432034357,
              25.60651032034356
            ],
            [
              94.84190203136009,
              25.606292179852492
            ],
            [
              94.84207740883691,
              25.60605571069906
            ],
            [
              94.84222876379305,
              25.60580319021048
            ],
            [
              94.84235463859754,
              25.605537050297098
            ],
            [
              94.8424538210072,
              25.605259854031765
            ],
            [
              94.84252535584122,
              25.60497427096605
            ],
            [
              94.84256855418002,
              25.60468305142099
            ],
            [
              94.842583,
              25.604389
            ]
          ]
        ]
      }
    },
    {
      "type": "Feature",
      "properties": {
        "landslide_id": "UNKNOWN_ID",
        "zone_name": "Landslide Zone (Phek)",
        "state": "Nagaland",
        "district": "Phek",
        "hazard_type": "LANDSLIDE",
        "risk_level": "HIGH",
        "historical_event_count": 1
      },
      "geometry": {
        "type": "Polygon",
        "coordinates": [
          [
            [
              94.842083,
              25.605458
            ],
            [
              94.84206855418002,
              25.60516394857901
            ],
            [
              94.84202535584122,
              25.60487272903395
            ],
            [
              94.8419538210072,
              25.604587145968235
            ],
            [
              94.84185463859754,
              25.604309949702902
            ],
            [
              94.84172876379304,
              25.60404380978952
            ],
            [
              94.84157740883691,
              25.60379128930094
            ],
            [
              94.84140203136009,
              25.603554820147508
            ],
            [
              94.84120432034356,
              25.60333667965644
            ],
            [
              94.8409861798525,
              25.60313896863991
            ],
            [
              94.84074971069906,
              25.602963591163093
            ],
            [
              94.84049719021048,
              25.602812236206955
            ],
            [
              94.84023105029709,
              25.602686361402466
            ],
            [
              94.83995385403176,
              25.602587178992803
            ],
            [
              94.83966827096604,
              25.60251564415879
            ],
            [
              94.839377051421,
              25.60247244581998
            ],
            [
              94.839083,
              25.602458
            ],
            [
              94.83878894857901,
              25.60247244581998
            ],
            [
              94.83849772903396,
              25.60251564415879
            ],
            [
              94.83821214596824,
              25.602587178992803
            ],
            [
              94.83793494970291,
              25.602686361402466
            ],
            [
              94.83766880978952,
              25.602812236206955
            ],
            [
              94.83741628930095,
              25.602963591163093
            ],
            [
              94.83717982014751,
              25.60313896863991
            ],
            [
              94.83696167965644,
              25.60333667965644
            ],
            [
              94.83676396863991,
              25.603554820147508
            ],
            [
              94.83658859116309,
              25.60379128930094
            ],
            [
              94.83643723620696,
              25.60404380978952
            ],
            [
              94.83631136140247,
              25.604309949702902
            ],
            [
              94.83621217899281,
              25.604587145968235
            ],
            [
              94.83614064415879,
              25.60487272903395
            ],
            [
              94.83609744581999,
              25.60516394857901
            ],
            [
              94.836083,
              25.605458
            ],
            [
              94.83609744581999,
              25.60575205142099
            ],
            [
              94.83614064415879,
              25.606043270966047
            ],
            [
              94.83621217899281,
              25.606328854031762
            ],
            [
              94.83631136140247,
              25.606606050297096
            ],
            [
              94.83643723620696,
              25.606872190210478
            ],
            [
              94.83658859116309,
              25.607124710699058
            ],
            [
              94.83676396863991,
              25.60736117985249
            ],
            [
              94.83696167965644,
              25.607579320343557
            ],
            [
              94.83717982014751,
              25.607777031360087
            ],
            [
              94.83741628930095,
              25.607952408836905
            ],
            [
              94.83766880978952,
              25.608103763793043
            ],
            [
              94.83793494970291,
              25.608229638597532
            ],
            [
              94.83821214596824,
              25.608328821007195
            ],
            [
              94.83849772903396,
              25.60840035584121
            ],
            [
              94.83878894857901,
              25.608443554180017
            ],
            [
              94.839083,
              25.608458
            ],
            [
              94.839377051421,
              25.608443554180017
            ],
            [
              94.83966827096604,
              25.60840035584121
            ],
            [
              94.83995385403176,
              25.608328821007195
            ],
            [
              94.84023105029709,
              25.608229638597532
            ],
            [
              94.84049719021048,
              25.608103763793043
            ],
            [
              94.84074971069906,
              25.607952408836905
            ],
            [
              94.8409861798525,
              25.607777031360087
            ],
            [
              94.84120432034356,
              25.607579320343557
            ],
            [
              94.84140203136009,
              25.60736117985249
            ],
            [
              94.84157740883691,
              25.607124710699058
            ],
            [
              94.84172876379304,
              25.606872190210478
            ],
            [
              94.84185463859754,
              25.606606050297096
            ],
            [
              94.8419538210072,
              25.606328854031762
            ],
            [
              94.84202535584122,
              25.606043270966047
            ],
            [
              94.84206855418002,
              25.60575205142099
            ],
            [
              94.842083,
              25.605458
            ]
          ]
        ]
      }
    },
    {
      "type": "Feature",
      "properties": {
        "landslide_id": "UNKNOWN_ID",
        "zone_name": "Landslide Zone (Phek)",
        "state": "Nagaland",
        "district": "Phek",
        "hazard_type": "LANDSLIDE",
        "risk_level": "HIGH",
        "historical_event_count": 1
      },
      "geometry": {
        "type": "Polygon",
        "coordinates": [
          [
            [
              94.840944,
              25.607778
            ],
            [
              94.84092955418001,
              25.60748394857901
            ],
            [
              94.8408863558412,
              25.60719272903395
            ],
            [
              94.84081482100719,
              25.606907145968236
            ],
            [
              94.84071563859753,
              25.606629949702903
            ],
            [
              94.84058976379303,
              25.60636380978952
            ],
            [
              94.8404384088369,
              25.60611128930094
            ],
            [
              94.84026303136008,
              25.60587482014751
            ],
            [
              94.84006532034356,
              25.60565667965644
            ],
            [
              94.83984717985248,
              25.605458968639912
            ],
            [
              94.83961071069905,
              25.605283591163094
            ],
            [
              94.83935819021048,
              25.605132236206956
            ],
            [
              94.83909205029708,
              25.605006361402467
            ],
            [
              94.83881485403175,
              25.604907178992804
            ],
            [
              94.83852927096603,
              25.60483564415879
            ],
            [
              94.83823805142099,
              25.60479244581998
            ],
            [
              94.837944,
              25.604778
            ],
            [
              94.837649948579,
              25.60479244581998
            ],
            [
              94.83735872903395,
              25.60483564415879
            ],
            [
              94.83707314596823,
              25.604907178992804
            ],
            [
              94.8367959497029,
              25.605006361402467
            ],
            [
              94.83652980978951,
              25.605132236206956
            ],
            [
              94.83627728930094,
              25.605283591163094
            ],
            [
              94.8360408201475,
              25.605458968639912
            ],
            [
              94.83582267965643,
              25.60565667965644
            ],
            [
              94.8356249686399,
              25.60587482014751
            ],
            [
              94.83544959116308,
              25.60611128930094
            ],
            [
              94.83529823620695,
              25.60636380978952
            ],
            [
              94.83517236140246,
              25.606629949702903
            ],
            [
              94.8350731789928,
              25.606907145968236
            ],
            [
              94.83500164415878,
              25.60719272903395
            ],
            [
              94.83495844581998,
              25.60748394857901
            ],
            [
              94.834944,
              25.607778
            ],
            [
              94.83495844581998,
              25.60807205142099
            ],
            [
              94.83500164415878,
              25.60836327096605
            ],
            [
              94.8350731789928,
              25.608648854031763
            ],
            [
              94.83517236140246,
              25.608926050297097
            ],
            [
              94.83529823620695,
              25.60919219021048
            ],
            [
              94.83544959116308,
              25.60944471069906
            ],
            [
              94.8356249686399,
              25.60968117985249
            ],
            [
              94.83582267965643,
              25.60989932034356
            ],
            [
              94.8360408201475,
              25.610097031360088
            ],
            [
              94.83627728930094,
              25.610272408836906
            ],
            [
              94.83652980978951,
              25.610423763793044
            ],
            [
              94.8367959497029,
              25.610549638597533
            ],
            [
              94.83707314596823,
              25.610648821007196
            ],
            [
              94.83735872903395,
              25.61072035584121
            ],
            [
              94.837649948579,
              25.610763554180018
            ],
            [
              94.837944,
              25.610778
            ],
            [
              94.83823805142099,
              25.610763554180018
            ],
            [
              94.83852927096603,
              25.61072035584121
            ],
            [
              94.83881485403175,
              25.610648821007196
            ],
            [
              94.83909205029708,
              25.610549638597533
            ],
            [
              94.83935819021048,
              25.610423763793044
            ],
            [
              94.83961071069905,
              25.610272408836906
            ],
            [
              94.83984717985248,
              25.610097031360088
            ],
            [
              94.84006532034356,
              25.60989932034356
            ],
            [
              94.84026303136008,
              25.60968117985249
            ],
            [
              94.8404384088369,
              25.60944471069906
            ],
            [
              94.84058976379303,
              25.60919219021048
            ],
            [
              94.84071563859753,
              25.608926050297097
            ],
            [
              94.84081482100719,
              25.608648854031763
            ],
            [
              94.8408863558412,
              25.60836327096605
            ],
            [
              94.84092955418001,
              25.60807205142099
            ],
            [
              94.840944,
              25.607778
            ]
          ]
        ]
      }
    },
    {
      "type": "Feature",
      "properties": {
        "landslide_id": "UNKNOWN_ID",
        "zone_name": "Landslide Zone (Phek)",
        "state": "Nagaland",
        "district": "Phek",
        "hazard_type": "LANDSLIDE",
        "risk_level": "HIGH",
        "historical_event_count": 1
      },
      "geometry": {
        "type": "Polygon",
        "coordinates": [
          [
            [
              94.832722,
              25.601028
            ],
            [
              94.83270755418002,
              25.60073394857901
            ],
            [
              94.83266435584122,
              25.60044272903395
            ],
            [
              94.8325928210072,
              25.600157145968236
            ],
            [
              94.83249363859754,
              25.599879949702903
            ],
            [
              94.83236776379304,
              25.59961380978952
            ],
            [
              94.83221640883691,
              25.59936128930094
            ],
            [
              94.83204103136009,
              25.59912482014751
            ],
            [
              94.83184332034357,
              25.59890667965644
            ],
            [
              94.8316251798525,
              25.59870896863991
            ],
            [
              94.83138871069906,
              25.598533591163093
            ],
            [
              94.83113619021049,
              25.598382236206955
            ],
            [
              94.8308700502971,
              25.598256361402466
            ],
            [
              94.83059285403176,
              25.598157178992803
            ],
            [
              94.83030727096605,
              25.59808564415879
            ],
            [
              94.830016051421,
              25.59804244581998
            ],
            [
              94.829722,
              25.598028
            ],
            [
              94.82942794857901,
              25.59804244581998
            ],
            [
              94.82913672903396,
              25.59808564415879
            ],
            [
              94.82885114596824,
              25.598157178992803
            ],
            [
              94.82857394970291,
              25.598256361402466
            ],
            [
              94.82830780978952,
              25.598382236206955
            ],
            [
              94.82805528930095,
              25.598533591163093
            ],
            [
              94.82781882014751,
              25.59870896863991
            ],
            [
              94.82760067965644,
              25.59890667965644
            ],
            [
              94.82740296863992,
              25.59912482014751
            ],
            [
              94.8272275911631,
              25.59936128930094
            ],
            [
              94.82707623620696,
              25.59961380978952
            ],
            [
              94.82695036140247,
              25.599879949702903
            ],
            [
              94.82685117899281,
              25.600157145968236
            ],
            [
              94.82677964415879,
              25.60044272903395
            ],
            [
              94.82673644581999,
              25.60073394857901
            ],
            [
              94.826722,
              25.601028
            ],
            [
              94.82673644581999,
              25.60132205142099
            ],
            [
              94.82677964415879,
              25.601613270966048
            ],
            [
              94.82685117899281,
              25.601898854031763
            ],
            [
              94.82695036140247,
              25.602176050297096
            ],
            [
              94.82707623620696,
              25.60244219021048
            ],
            [
              94.8272275911631,
              25.60269471069906
            ],
            [
              94.82740296863992,
              25.60293117985249
            ],
            [
              94.82760067965644,
              25.603149320343558
            ],
            [
              94.82781882014751,
              25.603347031360087
            ],
            [
              94.82805528930095,
              25.603522408836906
            ],
            [
              94.82830780978952,
              25.603673763793044
            ],
            [
              94.82857394970291,
              25.603799638597533
            ],
            [
              94.82885114596824,
              25.603898821007196
            ],
            [
              94.82913672903396,
              25.60397035584121
            ],
            [
              94.82942794857901,
              25.604013554180018
            ],
            [
              94.829722,
              25.604028
            ],
            [
              94.830016051421,
              25.604013554180018
            ],
            [
              94.83030727096605,
              25.60397035584121
            ],
            [
              94.83059285403176,
              25.603898821007196
            ],
            [
              94.8308700502971,
              25.603799638597533
            ],
            [
              94.83113619021049,
              25.603673763793044
            ],
            [
              94.83138871069906,
              25.603522408836906
            ],
            [
              94.8316251798525,
              25.603347031360087
            ],
            [
              94.83184332034357,
              25.603149320343558
            ],
            [
              94.83204103136009,
              25.60293117985249
            ],
            [
              94.83221640883691,
              25.60269471069906
            ],
            [
              94.83236776379304,
              25.60244219021048
            ],
            [
              94.83249363859754,
              25.602176050297096
            ],
            [
              94.8325928210072,
              25.601898854031763
            ],
            [
              94.83266435584122,
              25.601613270966048
            ],
            [
              94.83270755418002,
              25.60132205142099
            ],
            [
              94.832722,
              25.601028
            ]
          ]
        ]
      }
    },
    {
      "type": "Feature",
      "properties": {
        "landslide_id": "UNKNOWN_ID",
        "zone_name": "Landslide Zone (Phek)",
        "state": "Nagaland",
        "district": "Phek",
        "hazard_type": "LANDSLIDE",
        "risk_level": "HIGH",
        "historical_event_count": 1
      },
      "geometry": {
        "type": "Polygon",
        "coordinates": [
          [
            [
              94.822272,
              25.623364
            ],
            [
              94.82225755418001,
              25.62306994857901
            ],
            [
              94.82221435584121,
              25.62277872903395
            ],
            [
              94.82214282100719,
              25.622493145968235
            ],
            [
              94.82204363859753,
              25.622215949702902
            ],
            [
              94.82191776379304,
              25.62194980978952
            ],
            [
              94.82176640883691,
              25.62169728930094
            ],
            [
              94.82159103136009,
              25.621460820147508
            ],
            [
              94.82139332034356,
              25.62124267965644
            ],
            [
              94.82117517985249,
              25.62104496863991
            ],
            [
              94.82093871069905,
              25.620869591163093
            ],
            [
              94.82068619021048,
              25.620718236206955
            ],
            [
              94.82042005029709,
              25.620592361402466
            ],
            [
              94.82014285403176,
              25.620493178992803
            ],
            [
              94.81985727096604,
              25.62042164415879
            ],
            [
              94.81956605142099,
              25.62037844581998
            ],
            [
              94.819272,
              25.620364
            ],
            [
              94.818977948579,
              25.62037844581998
            ],
            [
              94.81868672903396,
              25.62042164415879
            ],
            [
              94.81840114596824,
              25.620493178992803
            ],
            [
              94.81812394970291,
              25.620592361402466
            ],
            [
              94.81785780978952,
              25.620718236206955
            ],
            [
              94.81760528930094,
              25.620869591163093
            ],
            [
              94.81736882014751,
              25.62104496863991
            ],
            [
              94.81715067965644,
              25.62124267965644
            ],
            [
              94.81695296863991,
              25.621460820147508
            ],
            [
              94.81677759116309,
              25.62169728930094
            ],
            [
              94.81662623620696,
              25.62194980978952
            ],
            [
              94.81650036140246,
              25.622215949702902
            ],
            [
              94.8164011789928,
              25.622493145968235
            ],
            [
              94.81632964415878,
              25.62277872903395
            ],
            [
              94.81628644581998,
              25.62306994857901
            ],
            [
              94.816272,
              25.623364
            ],
            [
              94.81628644581998,
              25.62365805142099
            ],
            [
              94.81632964415878,
              25.623949270966047
            ],
            [
              94.8164011789928,
              25.624234854031762
            ],
            [
              94.81650036140246,
              25.624512050297096
            ],
            [
              94.81662623620696,
              25.624778190210478
            ],
            [
              94.81677759116309,
              25.625030710699058
            ],
            [
              94.81695296863991,
              25.62526717985249
            ],
            [
              94.81715067965644,
              25.625485320343557
            ],
            [
              94.81736882014751,
              25.625683031360087
            ],
            [
              94.81760528930094,
              25.625858408836905
            ],
            [
              94.81785780978952,
              25.626009763793043
            ],
            [
              94.81812394970291,
              25.626135638597532
            ],
            [
              94.81840114596824,
              25.626234821007195
            ],
            [
              94.81868672903396,
              25.62630635584121
            ],
            [
              94.818977948579,
              25.626349554180017
            ],
            [
              94.819272,
              25.626364
            ],
            [
              94.81956605142099,
              25.626349554180017
            ],
            [
              94.81985727096604,
              25.62630635584121
            ],
            [
              94.82014285403176,
              25.626234821007195
            ],
            [
              94.82042005029709,
              25.626135638597532
            ],
            [
              94.82068619021048,
              25.626009763793043
            ],
            [
              94.82093871069905,
              25.625858408836905
            ],
            [
              94.82117517985249,
              25.625683031360087
            ],
            [
              94.82139332034356,
              25.625485320343557
            ],
            [
              94.82159103136009,
              25.62526717985249
            ],
            [
              94.82176640883691,
              25.625030710699058
            ],
            [
              94.82191776379304,
              25.624778190210478
            ],
            [
              94.82204363859753,
              25.624512050297096
            ],
            [
              94.82214282100719,
              25.624234854031762
            ],
            [
              94.82221435584121,
              25.623949270966047
            ],
            [
              94.82225755418001,
              25.62365805142099
            ],
            [
              94.822272,
              25.623364
            ]
          ]
        ]
      }
    },
    {
      "type": "Feature",
      "properties": {
        "landslide_id": "UNKNOWN_ID",
        "zone_name": "Landslide Zone (Phek)",
        "state": "Nagaland",
        "district": "Phek",
        "hazard_type": "LANDSLIDE",
        "risk_level": "HIGH",
        "historical_event_count": 1
      },
      "geometry": {
        "type": "Polygon",
        "coordinates": [
          [
            [
              94.795014,
              25.680917
            ],
            [
              94.79499955418001,
              25.68062294857901
            ],
            [
              94.79495635584121,
              25.680331729033952
            ],
            [
              94.79488482100719,
              25.680046145968237
            ],
            [
              94.79478563859753,
              25.679768949702904
            ],
            [
              94.79465976379304,
              25.679502809789522
            ],
            [
              94.7945084088369,
              25.679250289300942
            ],
            [
              94.79433303136008,
              25.67901382014751
            ],
            [
              94.79413532034356,
              25.678795679656442
            ],
            [
              94.79391717985249,
              25.678597968639913
            ],
            [
              94.79368071069905,
              25.678422591163095
            ],
            [
              94.79342819021048,
              25.678271236206957
            ],
            [
              94.79316205029708,
              25.678145361402468
            ],
            [
              94.79288485403175,
              25.678046178992805
            ],
            [
              94.79259927096604,
              25.67797464415879
            ],
            [
              94.79230805142099,
              25.677931445819983
            ],
            [
              94.792014,
              25.677917
            ],
            [
              94.791719948579,
              25.677931445819983
            ],
            [
              94.79142872903395,
              25.67797464415879
            ],
            [
              94.79114314596823,
              25.678046178992805
            ],
            [
              94.7908659497029,
              25.678145361402468
            ],
            [
              94.79059980978951,
              25.678271236206957
            ],
            [
              94.79034728930094,
              25.678422591163095
            ],
            [
              94.7901108201475,
              25.678597968639913
            ],
            [
              94.78989267965643,
              25.678795679656442
            ],
            [
              94.7896949686399,
              25.67901382014751
            ],
            [
              94.78951959116309,
              25.679250289300942
            ],
            [
              94.78936823620695,
              25.679502809789522
            ],
            [
              94.78924236140246,
              25.679768949702904
            ],
            [
              94.7891431789928,
              25.680046145968237
            ],
            [
              94.78907164415878,
              25.680331729033952
            ],
            [
              94.78902844581998,
              25.68062294857901
            ],
            [
              94.789014,
              25.680917
            ],
            [
              94.78902844581998,
              25.68121105142099
            ],
            [
              94.78907164415878,
              25.68150227096605
            ],
            [
              94.7891431789928,
              25.681787854031764
            ],
            [
              94.78924236140246,
              25.682065050297098
            ],
            [
              94.78936823620695,
              25.68233119021048
            ],
            [
              94.78951959116309,
              25.68258371069906
            ],
            [
              94.7896949686399,
              25.68282017985249
            ],
            [
              94.78989267965643,
              25.68303832034356
            ],
            [
              94.7901108201475,
              25.68323603136009
            ],
            [
              94.79034728930094,
              25.683411408836907
            ],
            [
              94.79059980978951,
              25.683562763793045
            ],
            [
              94.7908659497029,
              25.683688638597534
            ],
            [
              94.79114314596823,
              25.683787821007197
            ],
            [
              94.79142872903395,
              25.68385935584121
            ],
            [
              94.791719948579,
              25.68390255418002
            ],
            [
              94.792014,
              25.683917
            ],
            [
              94.79230805142099,
              25.68390255418002
            ],
            [
              94.79259927096604,
              25.68385935584121
            ],
            [
              94.79288485403175,
              25.683787821007197
            ],
            [
              94.79316205029708,
              25.683688638597534
            ],
            [
              94.79342819021048,
              25.683562763793045
            ],
            [
              94.79368071069905,
              25.683411408836907
            ],
            [
              94.79391717985249,
              25.68323603136009
            ],
            [
              94.79413532034356,
              25.68303832034356
            ],
            [
              94.79433303136008,
              25.68282017985249
            ],
            [
              94.7945084088369,
              25.68258371069906
            ],
            [
              94.79465976379304,
              25.68233119021048
            ],
            [
              94.79478563859753,
              25.682065050297098
            ],
            [
              94.79488482100719,
              25.681787854031764
            ],
            [
              94.79495635584121,
              25.68150227096605
            ],
            [
              94.79499955418001,
              25.68121105142099
            ],
            [
              94.795014,
              25.680917
            ]
          ]
        ]
      }
    },
    {
      "type": "Feature",
      "properties": {
        "landslide_id": "UNKNOWN_ID",
        "zone_name": "Landslide Zone (Phek)",
        "state": "Nagaland",
        "district": "Phek",
        "hazard_type": "LANDSLIDE",
        "risk_level": "HIGH",
        "historical_event_count": 1
      },
      "geometry": {
        "type": "Polygon",
        "coordinates": [
          [
            [
              94.772978,
              25.559211
            ],
            [
              94.77296355418001,
              25.55891694857901
            ],
            [
              94.77292035584121,
              25.558625729033952
            ],
            [
              94.77284882100719,
              25.558340145968238
            ],
            [
              94.77274963859753,
              25.558062949702904
            ],
            [
              94.77262376379304,
              25.557796809789522
            ],
            [
              94.7724724088369,
              25.557544289300942
            ],
            [
              94.77229703136008,
              25.55730782014751
            ],
            [
              94.77209932034356,
              25.557089679656443
            ],
            [
              94.77188117985249,
              25.556891968639913
            ],
            [
              94.77164471069905,
              25.556716591163095
            ],
            [
              94.77139219021048,
              25.556565236206957
            ],
            [
              94.77112605029708,
              25.556439361402468
            ],
            [
              94.77084885403175,
              25.556340178992805
            ],
            [
              94.77056327096604,
              25.55626864415879
            ],
            [
              94.77027205142099,
              25.556225445819983
            ],
            [
              94.769978,
              25.556211
            ],
            [
              94.769683948579,
              25.556225445819983
            ],
            [
              94.76939272903395,
              25.55626864415879
            ],
            [
              94.76910714596823,
              25.556340178992805
            ],
            [
              94.7688299497029,
              25.556439361402468
            ],
            [
              94.76856380978951,
              25.556565236206957
            ],
            [
              94.76831128930094,
              25.556716591163095
            ],
            [
              94.7680748201475,
              25.556891968639913
            ],
            [
              94.76785667965643,
              25.557089679656443
            ],
            [
              94.7676589686399,
              25.55730782014751
            ],
            [
              94.76748359116309,
              25.557544289300942
            ],
            [
              94.76733223620695,
              25.557796809789522
            ],
            [
              94.76720636140246,
              25.558062949702904
            ],
            [
              94.7671071789928,
              25.558340145968238
            ],
            [
              94.76703564415878,
              25.558625729033952
            ],
            [
              94.76699244581998,
              25.55891694857901
            ],
            [
              94.766978,
              25.559211
            ],
            [
              94.76699244581998,
              25.55950505142099
            ],
            [
              94.76703564415878,
              25.55979627096605
            ],
            [
              94.7671071789928,
              25.560081854031765
            ],
            [
              94.76720636140246,
              25.560359050297098
            ],
            [
              94.76733223620695,
              25.56062519021048
            ],
            [
              94.76748359116309,
              25.56087771069906
            ],
            [
              94.7676589686399,
              25.561114179852492
            ],
            [
              94.76785667965643,
              25.56133232034356
            ],
            [
              94.7680748201475,
              25.56153003136009
            ],
            [
              94.76831128930094,
              25.561705408836907
            ],
            [
              94.76856380978951,
              25.561856763793045
            ],
            [
              94.7688299497029,
              25.561982638597534
            ],
            [
              94.76910714596823,
              25.562081821007197
            ],
            [
              94.76939272903395,
              25.56215335584121
            ],
            [
              94.769683948579,
              25.56219655418002
            ],
            [
              94.769978,
              25.562211
            ],
            [
              94.77027205142099,
              25.56219655418002
            ],
            [
              94.77056327096604,
              25.56215335584121
            ],
            [
              94.77084885403175,
              25.562081821007197
            ],
            [
              94.77112605029708,
              25.561982638597534
            ],
            [
              94.77139219021048,
              25.561856763793045
            ],
            [
              94.77164471069905,
              25.561705408836907
            ],
            [
              94.77188117985249,
              25.56153003136009
            ],
            [
              94.77209932034356,
              25.56133232034356
            ],
            [
              94.77229703136008,
              25.561114179852492
            ],
            [
              94.7724724088369,
              25.56087771069906
            ],
            [
              94.77262376379304,
              25.56062519021048
            ],
            [
              94.77274963859753,
              25.560359050297098
            ],
            [
              94.77284882100719,
              25.560081854031765
            ],
            [
              94.77292035584121,
              25.55979627096605
            ],
            [
              94.77296355418001,
              25.55950505142099
            ],
            [
              94.772978,
              25.559211
            ]
          ]
        ]
      }
    },
    {
      "type": "Feature",
      "properties": {
        "landslide_id": "UNKNOWN_ID",
        "zone_name": "Landslide Zone (Phek)",
        "state": "Nagaland",
        "district": "Phek",
        "hazard_type": "LANDSLIDE",
        "risk_level": "HIGH",
        "historical_event_count": 1
      },
      "geometry": {
        "type": "Polygon",
        "coordinates": [
          [
            [
              94.77161100000001,
              25.555056
            ],
            [
              94.77159655418002,
              25.55476194857901
            ],
            [
              94.77155335584122,
              25.55447072903395
            ],
            [
              94.7714818210072,
              25.554185145968237
            ],
            [
              94.77138263859754,
              25.553907949702904
            ],
            [
              94.77125676379305,
              25.55364180978952
            ],
            [
              94.77110540883692,
              25.55338928930094
            ],
            [
              94.7709300313601,
              25.55315282014751
            ],
            [
              94.77073232034357,
              25.552934679656442
            ],
            [
              94.7705141798525,
              25.552736968639913
            ],
            [
              94.77027771069906,
              25.552561591163094
            ],
            [
              94.77002519021049,
              25.552410236206956
            ],
            [
              94.7697590502971,
              25.552284361402467
            ],
            [
              94.76948185403177,
              25.552185178992804
            ],
            [
              94.76919627096605,
              25.55211364415879
            ],
            [
              94.768905051421,
              25.552070445819982
            ],
            [
              94.768611,
              25.552056
            ],
            [
              94.76831694857901,
              25.552070445819982
            ],
            [
              94.76802572903397,
              25.55211364415879
            ],
            [
              94.76774014596825,
              25.552185178992804
            ],
            [
              94.76746294970292,
              25.552284361402467
            ],
            [
              94.76719680978952,
              25.552410236206956
            ],
            [
              94.76694428930095,
              25.552561591163094
            ],
            [
              94.76670782014752,
              25.552736968639913
            ],
            [
              94.76648967965644,
              25.552934679656442
            ],
            [
              94.76629196863992,
              25.55315282014751
            ],
            [
              94.7661165911631,
              25.55338928930094
            ],
            [
              94.76596523620697,
              25.55364180978952
            ],
            [
              94.76583936140247,
              25.553907949702904
            ],
            [
              94.76574017899281,
              25.554185145968237
            ],
            [
              94.7656686441588,
              25.55447072903395
            ],
            [
              94.76562544581999,
              25.55476194857901
            ],
            [
              94.765611,
              25.555056
            ],
            [
              94.76562544581999,
              25.55535005142099
            ],
            [
              94.7656686441588,
              25.55564127096605
            ],
            [
              94.76574017899281,
              25.555926854031764
            ],
            [
              94.76583936140247,
              25.556204050297097
            ],
            [
              94.76596523620697,
              25.55647019021048
            ],
            [
              94.7661165911631,
              25.55672271069906
            ],
            [
              94.76629196863992,
              25.55695917985249
            ],
            [
              94.76648967965644,
              25.55717732034356
            ],
            [
              94.76670782014752,
              25.55737503136009
            ],
            [
              94.76694428930095,
              25.557550408836907
            ],
            [
              94.76719680978952,
              25.557701763793045
            ],
            [
              94.76746294970292,
              25.557827638597534
            ],
            [
              94.76774014596825,
              25.557926821007197
            ],
            [
              94.76802572903397,
              25.55799835584121
            ],
            [
              94.76831694857901,
              25.55804155418002
            ],
            [
              94.768611,
              25.558056
            ],
            [
              94.768905051421,
              25.55804155418002
            ],
            [
              94.76919627096605,
              25.55799835584121
            ],
            [
              94.76948185403177,
              25.557926821007197
            ],
            [
              94.7697590502971,
              25.557827638597534
            ],
            [
              94.77002519021049,
              25.557701763793045
            ],
            [
              94.77027771069906,
              25.557550408836907
            ],
            [
              94.7705141798525,
              25.55737503136009
            ],
            [
              94.77073232034357,
              25.55717732034356
            ],
            [
              94.7709300313601,
              25.55695917985249
            ],
            [
              94.77110540883692,
              25.55672271069906
            ],
            [
              94.77125676379305,
              25.55647019021048
            ],
            [
              94.77138263859754,
              25.556204050297097
            ],
            [
              94.7714818210072,
              25.555926854031764
            ],
            [
              94.77155335584122,
              25.55564127096605
            ],
            [
              94.77159655418002,
              25.55535005142099
            ],
            [
              94.77161100000001,
              25.555056
            ]
          ]
        ]
      }
    },
    {
      "type": "Feature",
      "properties": {
        "landslide_id": "UNKNOWN_ID",
        "zone_name": "Landslide Zone (Phek)",
        "state": "Nagaland",
        "district": "Phek",
        "hazard_type": "LANDSLIDE",
        "risk_level": "HIGH",
        "historical_event_count": 1
      },
      "geometry": {
        "type": "Polygon",
        "coordinates": [
          [
            [
              94.767325,
              25.555969
            ],
            [
              94.76731055418001,
              25.55567494857901
            ],
            [
              94.76726735584121,
              25.555383729033952
            ],
            [
              94.76719582100719,
              25.555098145968238
            ],
            [
              94.76709663859754,
              25.554820949702904
            ],
            [
              94.76697076379304,
              25.554554809789522
            ],
            [
              94.76681940883691,
              25.554302289300942
            ],
            [
              94.76664403136009,
              25.55406582014751
            ],
            [
              94.76644632034356,
              25.553847679656442
            ],
            [
              94.76622817985249,
              25.553649968639913
            ],
            [
              94.76599171069905,
              25.553474591163095
            ],
            [
              94.76573919021048,
              25.553323236206957
            ],
            [
              94.76547305029709,
              25.553197361402468
            ],
            [
              94.76519585403176,
              25.553098178992805
            ],
            [
              94.76491027096604,
              25.55302664415879
            ],
            [
              94.764619051421,
              25.552983445819983
            ],
            [
              94.764325,
              25.552969
            ],
            [
              94.764030948579,
              25.552983445819983
            ],
            [
              94.76373972903396,
              25.55302664415879
            ],
            [
              94.76345414596824,
              25.553098178992805
            ],
            [
              94.76317694970291,
              25.553197361402468
            ],
            [
              94.76291080978952,
              25.553323236206957
            ],
            [
              94.76265828930094,
              25.553474591163095
            ],
            [
              94.76242182014751,
              25.553649968639913
            ],
            [
              94.76220367965644,
              25.553847679656442
            ],
            [
              94.76200596863991,
              25.55406582014751
            ],
            [
              94.76183059116309,
              25.554302289300942
            ],
            [
              94.76167923620696,
              25.554554809789522
            ],
            [
              94.76155336140246,
              25.554820949702904
            ],
            [
              94.7614541789928,
              25.555098145968238
            ],
            [
              94.76138264415879,
              25.555383729033952
            ],
            [
              94.76133944581998,
              25.55567494857901
            ],
            [
              94.761325,
              25.555969
            ],
            [
              94.76133944581998,
              25.55626305142099
            ],
            [
              94.76138264415879,
              25.55655427096605
            ],
            [
              94.7614541789928,
              25.556839854031765
            ],
            [
              94.76155336140246,
              25.557117050297098
            ],
            [
              94.76167923620696,
              25.55738319021048
            ],
            [
              94.76183059116309,
              25.55763571069906
            ],
            [
              94.76200596863991,
              25.55787217985249
            ],
            [
              94.76220367965644,
              25.55809032034356
            ],
            [
              94.76242182014751,
              25.55828803136009
            ],
            [
              94.76265828930094,
              25.558463408836907
            ],
            [
              94.76291080978952,
              25.558614763793045
            ],
            [
              94.76317694970291,
              25.558740638597534
            ],
            [
              94.76345414596824,
              25.558839821007197
            ],
            [
              94.76373972903396,
              25.55891135584121
            ],
            [
              94.764030948579,
              25.55895455418002
            ],
            [
              94.764325,
              25.558969
            ],
            [
              94.764619051421,
              25.55895455418002
            ],
            [
              94.76491027096604,
              25.55891135584121
            ],
            [
              94.76519585403176,
              25.558839821007197
            ],
            [
              94.76547305029709,
              25.558740638597534
            ],
            [
              94.76573919021048,
              25.558614763793045
            ],
            [
              94.76599171069905,
              25.558463408836907
            ],
            [
              94.76622817985249,
              25.55828803136009
            ],
            [
              94.76644632034356,
              25.55809032034356
            ],
            [
              94.76664403136009,
              25.55787217985249
            ],
            [
              94.76681940883691,
              25.55763571069906
            ],
            [
              94.76697076379304,
              25.55738319021048
            ],
            [
              94.76709663859754,
              25.557117050297098
            ],
            [
              94.76719582100719,
              25.556839854031765
            ],
            [
              94.76726735584121,
              25.55655427096605
            ],
            [
              94.76731055418001,
              25.55626305142099
            ],
            [
              94.767325,
              25.555969
            ]
          ]
        ]
      }
    },
    {
      "type": "Feature",
      "properties": {
        "landslide_id": "UNKNOWN_ID",
        "zone_name": "Landslide Zone (Phek)",
        "state": "Nagaland",
        "district": "Phek",
        "hazard_type": "LANDSLIDE",
        "risk_level": "HIGH",
        "historical_event_count": 1
      },
      "geometry": {
        "type": "Polygon",
        "coordinates": [
          [
            [
              94.765389,
              25.553833
            ],
            [
              94.76537455418001,
              25.55353894857901
            ],
            [
              94.76533135584121,
              25.553247729033952
            ],
            [
              94.76525982100719,
              25.552962145968237
            ],
            [
              94.76516063859754,
              25.552684949702904
            ],
            [
              94.76503476379304,
              25.552418809789522
            ],
            [
              94.76488340883691,
              25.552166289300942
            ],
            [
              94.76470803136009,
              25.55192982014751
            ],
            [
              94.76451032034356,
              25.551711679656442
            ],
            [
              94.76429217985249,
              25.551513968639913
            ],
            [
              94.76405571069905,
              25.551338591163095
            ],
            [
              94.76380319021048,
              25.551187236206957
            ],
            [
              94.76353705029709,
              25.551061361402468
            ],
            [
              94.76325985403176,
              25.550962178992805
            ],
            [
              94.76297427096604,
              25.55089064415879
            ],
            [
              94.76268305142099,
              25.550847445819983
            ],
            [
              94.762389,
              25.550833
            ],
            [
              94.762094948579,
              25.550847445819983
            ],
            [
              94.76180372903396,
              25.55089064415879
            ],
            [
              94.76151814596824,
              25.550962178992805
            ],
            [
              94.76124094970291,
              25.551061361402468
            ],
            [
              94.76097480978952,
              25.551187236206957
            ],
            [
              94.76072228930094,
              25.551338591163095
            ],
            [
              94.76048582014751,
              25.551513968639913
            ],
            [
              94.76026767965644,
              25.551711679656442
            ],
            [
              94.76006996863991,
              25.55192982014751
            ],
            [
              94.75989459116309,
              25.552166289300942
            ],
            [
              94.75974323620696,
              25.552418809789522
            ],
            [
              94.75961736140246,
              25.552684949702904
            ],
            [
              94.7595181789928,
              25.552962145968237
            ],
            [
              94.75944664415879,
              25.553247729033952
            ],
            [
              94.75940344581998,
              25.55353894857901
            ],
            [
              94.759389,
              25.553833
            ],
            [
              94.75940344581998,
              25.55412705142099
            ],
            [
              94.75944664415879,
              25.55441827096605
            ],
            [
              94.7595181789928,
              25.554703854031764
            ],
            [
              94.75961736140246,
              25.554981050297098
            ],
            [
              94.75974323620696,
              25.55524719021048
            ],
            [
              94.75989459116309,
              25.55549971069906
            ],
            [
              94.76006996863991,
              25.55573617985249
            ],
            [
              94.76026767965644,
              25.55595432034356
            ],
            [
              94.76048582014751,
              25.55615203136009
            ],
            [
              94.76072228930094,
              25.556327408836907
            ],
            [
              94.76097480978952,
              25.556478763793045
            ],
            [
              94.76124094970291,
              25.556604638597534
            ],
            [
              94.76151814596824,
              25.556703821007197
            ],
            [
              94.76180372903396,
              25.55677535584121
            ],
            [
              94.762094948579,
              25.55681855418002
            ],
            [
              94.762389,
              25.556833
            ],
            [
              94.76268305142099,
              25.55681855418002
            ],
            [
              94.76297427096604,
              25.55677535584121
            ],
            [
              94.76325985403176,
              25.556703821007197
            ],
            [
              94.76353705029709,
              25.556604638597534
            ],
            [
              94.76380319021048,
              25.556478763793045
            ],
            [
              94.76405571069905,
              25.556327408836907
            ],
            [
              94.76429217985249,
              25.55615203136009
            ],
            [
              94.76451032034356,
              25.55595432034356
            ],
            [
              94.76470803136009,
              25.55573617985249
            ],
            [
              94.76488340883691,
              25.55549971069906
            ],
            [
              94.76503476379304,
              25.55524719021048
            ],
            [
              94.76516063859754,
              25.554981050297098
            ],
            [
              94.76525982100719,
              25.554703854031764
            ],
            [
              94.76533135584121,
              25.55441827096605
            ],
            [
              94.76537455418001,
              25.55412705142099
            ],
            [
              94.765389,
              25.553833
            ]
          ]
        ]
      }
    },
    {
      "type": "Feature",
      "properties": {
        "landslide_id": "UNKNOWN_ID",
        "zone_name": "Landslide Zone (Phek)",
        "state": "Nagaland",
        "district": "Phek",
        "hazard_type": "LANDSLIDE",
        "risk_level": "HIGH",
        "historical_event_count": 1
      },
      "geometry": {
        "type": "Polygon",
        "coordinates": [
          [
            [
              94.763944,
              25.554167
            ],
            [
              94.76392955418001,
              25.55387294857901
            ],
            [
              94.76388635584121,
              25.55358172903395
            ],
            [
              94.76381482100719,
              25.553296145968236
            ],
            [
              94.76371563859753,
              25.553018949702903
            ],
            [
              94.76358976379304,
              25.55275280978952
            ],
            [
              94.7634384088369,
              25.55250028930094
            ],
            [
              94.76326303136008,
              25.55226382014751
            ],
            [
              94.76306532034356,
              25.55204567965644
            ],
            [
              94.76284717985249,
              25.551847968639912
            ],
            [
              94.76261071069905,
              25.551672591163094
            ],
            [
              94.76235819021048,
              25.551521236206955
            ],
            [
              94.76209205029708,
              25.551395361402466
            ],
            [
              94.76181485403175,
              25.551296178992803
            ],
            [
              94.76152927096604,
              25.55122464415879
            ],
            [
              94.76123805142099,
              25.55118144581998
            ],
            [
              94.760944,
              25.551167
            ],
            [
              94.760649948579,
              25.55118144581998
            ],
            [
              94.76035872903395,
              25.55122464415879
            ],
            [
              94.76007314596824,
              25.551296178992803
            ],
            [
              94.7597959497029,
              25.551395361402466
            ],
            [
              94.75952980978951,
              25.551521236206955
            ],
            [
              94.75927728930094,
              25.551672591163094
            ],
            [
              94.7590408201475,
              25.551847968639912
            ],
            [
              94.75882267965643,
              25.55204567965644
            ],
            [
              94.75862496863991,
              25.55226382014751
            ],
            [
              94.75844959116309,
              25.55250028930094
            ],
            [
              94.75829823620695,
              25.55275280978952
            ],
            [
              94.75817236140246,
              25.553018949702903
            ],
            [
              94.7580731789928,
              25.553296145968236
            ],
            [
              94.75800164415878,
              25.55358172903395
            ],
            [
              94.75795844581998,
              25.55387294857901
            ],
            [
              94.757944,
              25.554167
            ],
            [
              94.75795844581998,
              25.55446105142099
            ],
            [
              94.75800164415878,
              25.55475227096605
            ],
            [
              94.7580731789928,
              25.555037854031763
            ],
            [
              94.75817236140246,
              25.555315050297096
            ],
            [
              94.75829823620695,
              25.55558119021048
            ],
            [
              94.75844959116309,
              25.55583371069906
            ],
            [
              94.75862496863991,
              25.55607017985249
            ],
            [
              94.75882267965643,
              25.55628832034356
            ],
            [
              94.7590408201475,
              25.556486031360087
            ],
            [
              94.75927728930094,
              25.556661408836906
            ],
            [
              94.75952980978951,
              25.556812763793044
            ],
            [
              94.7597959497029,
              25.556938638597533
            ],
            [
              94.76007314596824,
              25.557037821007196
            ],
            [
              94.76035872903395,
              25.55710935584121
            ],
            [
              94.760649948579,
              25.557152554180018
            ],
            [
              94.760944,
              25.557167
            ],
            [
              94.76123805142099,
              25.557152554180018
            ],
            [
              94.76152927096604,
              25.55710935584121
            ],
            [
              94.76181485403175,
              25.557037821007196
            ],
            [
              94.76209205029708,
              25.556938638597533
            ],
            [
              94.76235819021048,
              25.556812763793044
            ],
            [
              94.76261071069905,
              25.556661408836906
            ],
            [
              94.76284717985249,
              25.556486031360087
            ],
            [
              94.76306532034356,
              25.55628832034356
            ],
            [
              94.76326303136008,
              25.55607017985249
            ],
            [
              94.7634384088369,
              25.55583371069906
            ],
            [
              94.76358976379304,
              25.55558119021048
            ],
            [
              94.76371563859753,
              25.555315050297096
            ],
            [
              94.76381482100719,
              25.555037854031763
            ],
            [
              94.76388635584121,
              25.55475227096605
            ],
            [
              94.76392955418001,
              25.55446105142099
            ],
            [
              94.763944,
              25.554167
            ]
          ]
        ]
      }
    },
    {
      "type": "Feature",
      "properties": {
        "landslide_id": "UNKNOWN_ID",
        "zone_name": "Landslide Zone (Phek)",
        "state": "Nagaland",
        "district": "Phek",
        "hazard_type": "LANDSLIDE",
        "risk_level": "HIGH",
        "historical_event_count": 1
      },
      "geometry": {
        "type": "Polygon",
        "coordinates": [
          [
            [
              94.776222,
              25.566944
            ],
            [
              94.77620755418002,
              25.56664994857901
            ],
            [
              94.77616435584122,
              25.56635872903395
            ],
            [
              94.7760928210072,
              25.566073145968236
            ],
            [
              94.77599363859754,
              25.565795949702903
            ],
            [
              94.77586776379304,
              25.56552980978952
            ],
            [
              94.77571640883691,
              25.56527728930094
            ],
            [
              94.77554103136009,
              25.56504082014751
            ],
            [
              94.77534332034357,
              25.56482267965644
            ],
            [
              94.7751251798525,
              25.56462496863991
            ],
            [
              94.77488871069906,
              25.564449591163093
            ],
            [
              94.77463619021049,
              25.564298236206955
            ],
            [
              94.7743700502971,
              25.564172361402466
            ],
            [
              94.77409285403176,
              25.564073178992803
            ],
            [
              94.77380727096605,
              25.56400164415879
            ],
            [
              94.773516051421,
              25.56395844581998
            ],
            [
              94.773222,
              25.563944
            ],
            [
              94.77292794857901,
              25.56395844581998
            ],
            [
              94.77263672903396,
              25.56400164415879
            ],
            [
              94.77235114596824,
              25.564073178992803
            ],
            [
              94.77207394970291,
              25.564172361402466
            ],
            [
              94.77180780978952,
              25.564298236206955
            ],
            [
              94.77155528930095,
              25.564449591163093
            ],
            [
              94.77131882014751,
              25.56462496863991
            ],
            [
              94.77110067965644,
              25.56482267965644
            ],
            [
              94.77090296863992,
              25.56504082014751
            ],
            [
              94.7707275911631,
              25.56527728930094
            ],
            [
              94.77057623620696,
              25.56552980978952
            ],
            [
              94.77045036140247,
              25.565795949702903
            ],
            [
              94.77035117899281,
              25.566073145968236
            ],
            [
              94.77027964415879,
              25.56635872903395
            ],
            [
              94.77023644581999,
              25.56664994857901
            ],
            [
              94.770222,
              25.566944
            ],
            [
              94.77023644581999,
              25.56723805142099
            ],
            [
              94.77027964415879,
              25.567529270966048
            ],
            [
              94.77035117899281,
              25.567814854031763
            ],
            [
              94.77045036140247,
              25.568092050297096
            ],
            [
              94.77057623620696,
              25.56835819021048
            ],
            [
              94.7707275911631,
              25.56861071069906
            ],
            [
              94.77090296863992,
              25.56884717985249
            ],
            [
              94.77110067965644,
              25.569065320343558
            ],
            [
              94.77131882014751,
              25.569263031360087
            ],
            [
              94.77155528930095,
              25.569438408836906
            ],
            [
              94.77180780978952,
              25.569589763793044
            ],
            [
              94.77207394970291,
              25.569715638597533
            ],
            [
              94.77235114596824,
              25.569814821007196
            ],
            [
              94.77263672903396,
              25.56988635584121
            ],
            [
              94.77292794857901,
              25.569929554180018
            ],
            [
              94.773222,
              25.569944
            ],
            [
              94.773516051421,
              25.569929554180018
            ],
            [
              94.77380727096605,
              25.56988635584121
            ],
            [
              94.77409285403176,
              25.569814821007196
            ],
            [
              94.7743700502971,
              25.569715638597533
            ],
            [
              94.77463619021049,
              25.569589763793044
            ],
            [
              94.77488871069906,
              25.569438408836906
            ],
            [
              94.7751251798525,
              25.569263031360087
            ],
            [
              94.77534332034357,
              25.569065320343558
            ],
            [
              94.77554103136009,
              25.56884717985249
            ],
            [
              94.77571640883691,
              25.56861071069906
            ],
            [
              94.77586776379304,
              25.56835819021048
            ],
            [
              94.77599363859754,
              25.568092050297096
            ],
            [
              94.7760928210072,
              25.567814854031763
            ],
            [
              94.77616435584122,
              25.567529270966048
            ],
            [
              94.77620755418002,
              25.56723805142099
            ],
            [
              94.776222,
              25.566944
            ]
          ]
        ]
      }
    },
    {
      "type": "Feature",
      "properties": {
        "landslide_id": "UNKNOWN_ID",
        "zone_name": "Landslide Zone (Phek)",
        "state": "Nagaland",
        "district": "Phek",
        "hazard_type": "LANDSLIDE",
        "risk_level": "HIGH",
        "historical_event_count": 1
      },
      "geometry": {
        "type": "Polygon",
        "coordinates": [
          [
            [
              94.766722,
              25.566583
            ],
            [
              94.76670755418002,
              25.56628894857901
            ],
            [
              94.76666435584121,
              25.565997729033953
            ],
            [
              94.7665928210072,
              25.565712145968238
            ],
            [
              94.76649363859754,
              25.565434949702905
            ],
            [
              94.76636776379304,
              25.565168809789522
            ],
            [
              94.76621640883691,
              25.564916289300943
            ],
            [
              94.76604103136009,
              25.56467982014751
            ],
            [
              94.76584332034356,
              25.564461679656443
            ],
            [
              94.76562517985249,
              25.564263968639914
            ],
            [
              94.76538871069906,
              25.564088591163095
            ],
            [
              94.76513619021048,
              25.563937236206957
            ],
            [
              94.76487005029709,
              25.56381136140247
            ],
            [
              94.76459285403176,
              25.563712178992805
            ],
            [
              94.76430727096604,
              25.56364064415879
            ],
            [
              94.764016051421,
              25.563597445819983
            ],
            [
              94.763722,
              25.563583
            ],
            [
              94.76342794857901,
              25.563597445819983
            ],
            [
              94.76313672903396,
              25.56364064415879
            ],
            [
              94.76285114596824,
              25.563712178992805
            ],
            [
              94.76257394970291,
              25.56381136140247
            ],
            [
              94.76230780978952,
              25.563937236206957
            ],
            [
              94.76205528930095,
              25.564088591163095
            ],
            [
              94.76181882014751,
              25.564263968639914
            ],
            [
              94.76160067965644,
              25.564461679656443
            ],
            [
              94.76140296863991,
              25.56467982014751
            ],
            [
              94.76122759116309,
              25.564916289300943
            ],
            [
              94.76107623620696,
              25.565168809789522
            ],
            [
              94.76095036140246,
              25.565434949702905
            ],
            [
              94.76085117899281,
              25.565712145968238
            ],
            [
              94.76077964415879,
              25.565997729033953
            ],
            [
              94.76073644581999,
              25.56628894857901
            ],
            [
              94.760722,
              25.566583
            ],
            [
              94.76073644581999,
              25.56687705142099
            ],
            [
              94.76077964415879,
              25.56716827096605
            ],
            [
              94.76085117899281,
              25.567453854031765
            ],
            [
              94.76095036140246,
              25.5677310502971
            ],
            [
              94.76107623620696,
              25.56799719021048
            ],
            [
              94.76122759116309,
              25.56824971069906
            ],
            [
              94.76140296863991,
              25.568486179852492
            ],
            [
              94.76160067965644,
              25.56870432034356
            ],
            [
              94.76181882014751,
              25.56890203136009
            ],
            [
              94.76205528930095,
              25.569077408836907
            ],
            [
              94.76230780978952,
              25.569228763793046
            ],
            [
              94.76257394970291,
              25.569354638597535
            ],
            [
              94.76285114596824,
              25.569453821007198
            ],
            [
              94.76313672903396,
              25.56952535584121
            ],
            [
              94.76342794857901,
              25.56956855418002
            ],
            [
              94.763722,
              25.569583
            ],
            [
              94.764016051421,
              25.56956855418002
            ],
            [
              94.76430727096604,
              25.56952535584121
            ],
            [
              94.76459285403176,
              25.569453821007198
            ],
            [
              94.76487005029709,
              25.569354638597535
            ],
            [
              94.76513619021048,
              25.569228763793046
            ],
            [
              94.76538871069906,
              25.569077408836907
            ],
            [
              94.76562517985249,
              25.56890203136009
            ],
            [
              94.76584332034356,
              25.56870432034356
            ],
            [
              94.76604103136009,
              25.568486179852492
            ],
            [
              94.76621640883691,
              25.56824971069906
            ],
            [
              94.76636776379304,
              25.56799719021048
            ],
            [
              94.76649363859754,
              25.5677310502971
            ],
            [
              94.7665928210072,
              25.567453854031765
            ],
            [
              94.76666435584121,
              25.56716827096605
            ],
            [
              94.76670755418002,
              25.56687705142099
            ],
            [
              94.766722,
              25.566583
            ]
          ]
        ]
      }
    },
    {
      "type": "Feature",
      "properties": {
        "landslide_id": "UNKNOWN_ID",
        "zone_name": "Landslide Zone (Phek)",
        "state": "Nagaland",
        "district": "Phek",
        "hazard_type": "LANDSLIDE",
        "risk_level": "HIGH",
        "historical_event_count": 1
      },
      "geometry": {
        "type": "Polygon",
        "coordinates": [
          [
            [
              94.763111,
              25.682333
            ],
            [
              94.76309655418001,
              25.68203894857901
            ],
            [
              94.76305335584121,
              25.68174772903395
            ],
            [
              94.76298182100719,
              25.681462145968236
            ],
            [
              94.76288263859753,
              25.681184949702903
            ],
            [
              94.76275676379304,
              25.68091880978952
            ],
            [
              94.7626054088369,
              25.68066628930094
            ],
            [
              94.76243003136008,
              25.68042982014751
            ],
            [
              94.76223232034356,
              25.68021167965644
            ],
            [
              94.76201417985249,
              25.680013968639912
            ],
            [
              94.76177771069905,
              25.679838591163094
            ],
            [
              94.76152519021048,
              25.679687236206956
            ],
            [
              94.76125905029708,
              25.679561361402467
            ],
            [
              94.76098185403175,
              25.679462178992804
            ],
            [
              94.76069627096604,
              25.67939064415879
            ],
            [
              94.76040505142099,
              25.67934744581998
            ],
            [
              94.760111,
              25.679333
            ],
            [
              94.759816948579,
              25.67934744581998
            ],
            [
              94.75952572903395,
              25.67939064415879
            ],
            [
              94.75924014596823,
              25.679462178992804
            ],
            [
              94.7589629497029,
              25.679561361402467
            ],
            [
              94.75869680978951,
              25.679687236206956
            ],
            [
              94.75844428930094,
              25.679838591163094
            ],
            [
              94.7582078201475,
              25.680013968639912
            ],
            [
              94.75798967965643,
              25.68021167965644
            ],
            [
              94.7577919686399,
              25.68042982014751
            ],
            [
              94.75761659116309,
              25.68066628930094
            ],
            [
              94.75746523620695,
              25.68091880978952
            ],
            [
              94.75733936140246,
              25.681184949702903
            ],
            [
              94.7572401789928,
              25.681462145968236
            ],
            [
              94.75716864415878,
              25.68174772903395
            ],
            [
              94.75712544581998,
              25.68203894857901
            ],
            [
              94.757111,
              25.682333
            ],
            [
              94.75712544581998,
              25.68262705142099
            ],
            [
              94.75716864415878,
              25.68291827096605
            ],
            [
              94.7572401789928,
              25.683203854031763
            ],
            [
              94.75733936140246,
              25.683481050297097
            ],
            [
              94.75746523620695,
              25.68374719021048
            ],
            [
              94.75761659116309,
              25.68399971069906
            ],
            [
              94.7577919686399,
              25.68423617985249
            ],
            [
              94.75798967965643,
              25.68445432034356
            ],
            [
              94.7582078201475,
              25.684652031360088
            ],
            [
              94.75844428930094,
              25.684827408836906
            ],
            [
              94.75869680978951,
              25.684978763793044
            ],
            [
              94.7589629497029,
              25.685104638597533
            ],
            [
              94.75924014596823,
              25.685203821007196
            ],
            [
              94.75952572903395,
              25.68527535584121
            ],
            [
              94.759816948579,
              25.685318554180018
            ],
            [
              94.760111,
              25.685333
            ],
            [
              94.76040505142099,
              25.685318554180018
            ],
            [
              94.76069627096604,
              25.68527535584121
            ],
            [
              94.76098185403175,
              25.685203821007196
            ],
            [
              94.76125905029708,
              25.685104638597533
            ],
            [
              94.76152519021048,
              25.684978763793044
            ],
            [
              94.76177771069905,
              25.684827408836906
            ],
            [
              94.76201417985249,
              25.684652031360088
            ],
            [
              94.76223232034356,
              25.68445432034356
            ],
            [
              94.76243003136008,
              25.68423617985249
            ],
            [
              94.7626054088369,
              25.68399971069906
            ],
            [
              94.76275676379304,
              25.68374719021048
            ],
            [
              94.76288263859753,
              25.683481050297097
            ],
            [
              94.76298182100719,
              25.683203854031763
            ],
            [
              94.76305335584121,
              25.68291827096605
            ],
            [
              94.76309655418001,
              25.68262705142099
            ],
            [
              94.763111,
              25.682333
            ]
          ]
        ]
      }
    },
    {
      "type": "Feature",
      "properties": {
        "landslide_id": "UNKNOWN_ID",
        "zone_name": "Landslide Zone (Phek)",
        "state": "Nagaland",
        "district": "Phek",
        "hazard_type": "LANDSLIDE",
        "risk_level": "HIGH",
        "historical_event_count": 1
      },
      "geometry": {
        "type": "Polygon",
        "coordinates": [
          [
            [
              94.765694,
              25.674944
            ],
            [
              94.76567955418001,
              25.67464994857901
            ],
            [
              94.76563635584121,
              25.67435872903395
            ],
            [
              94.76556482100719,
              25.674073145968237
            ],
            [
              94.76546563859753,
              25.673795949702903
            ],
            [
              94.76533976379304,
              25.67352980978952
            ],
            [
              94.7651884088369,
              25.67327728930094
            ],
            [
              94.76501303136008,
              25.67304082014751
            ],
            [
              94.76481532034356,
              25.67282267965644
            ],
            [
              94.76459717985249,
              25.672624968639912
            ],
            [
              94.76436071069905,
              25.672449591163094
            ],
            [
              94.76410819021048,
              25.672298236206956
            ],
            [
              94.76384205029709,
              25.672172361402467
            ],
            [
              94.76356485403176,
              25.672073178992804
            ],
            [
              94.76327927096604,
              25.67200164415879
            ],
            [
              94.76298805142099,
              25.671958445819982
            ],
            [
              94.762694,
              25.671944
            ],
            [
              94.762399948579,
              25.671958445819982
            ],
            [
              94.76210872903395,
              25.67200164415879
            ],
            [
              94.76182314596824,
              25.672073178992804
            ],
            [
              94.7615459497029,
              25.672172361402467
            ],
            [
              94.76127980978951,
              25.672298236206956
            ],
            [
              94.76102728930094,
              25.672449591163094
            ],
            [
              94.7607908201475,
              25.672624968639912
            ],
            [
              94.76057267965643,
              25.67282267965644
            ],
            [
              94.76037496863991,
              25.67304082014751
            ],
            [
              94.76019959116309,
              25.67327728930094
            ],
            [
              94.76004823620696,
              25.67352980978952
            ],
            [
              94.75992236140246,
              25.673795949702903
            ],
            [
              94.7598231789928,
              25.674073145968237
            ],
            [
              94.75975164415878,
              25.67435872903395
            ],
            [
              94.75970844581998,
              25.67464994857901
            ],
            [
              94.759694,
              25.674944
            ],
            [
              94.75970844581998,
              25.67523805142099
            ],
            [
              94.75975164415878,
              25.67552927096605
            ],
            [
              94.7598231789928,
              25.675814854031763
            ],
            [
              94.75992236140246,
              25.676092050297097
            ],
            [
              94.76004823620696,
              25.67635819021048
            ],
            [
              94.76019959116309,
              25.67661071069906
            ],
            [
              94.76037496863991,
              25.67684717985249
            ],
            [
              94.76057267965643,
              25.67706532034356
            ],
            [
              94.7607908201475,
              25.677263031360088
            ],
            [
              94.76102728930094,
              25.677438408836906
            ],
            [
              94.76127980978951,
              25.677589763793044
            ],
            [
              94.7615459497029,
              25.677715638597533
            ],
            [
              94.76182314596824,
              25.677814821007196
            ],
            [
              94.76210872903395,
              25.67788635584121
            ],
            [
              94.762399948579,
              25.677929554180018
            ],
            [
              94.762694,
              25.677944
            ],
            [
              94.76298805142099,
              25.677929554180018
            ],
            [
              94.76327927096604,
              25.67788635584121
            ],
            [
              94.76356485403176,
              25.677814821007196
            ],
            [
              94.76384205029709,
              25.677715638597533
            ],
            [
              94.76410819021048,
              25.677589763793044
            ],
            [
              94.76436071069905,
              25.677438408836906
            ],
            [
              94.76459717985249,
              25.677263031360088
            ],
            [
              94.76481532034356,
              25.67706532034356
            ],
            [
              94.76501303136008,
              25.67684717985249
            ],
            [
              94.7651884088369,
              25.67661071069906
            ],
            [
              94.76533976379304,
              25.67635819021048
            ],
            [
              94.76546563859753,
              25.676092050297097
            ],
            [
              94.76556482100719,
              25.675814854031763
            ],
            [
              94.76563635584121,
              25.67552927096605
            ],
            [
              94.76567955418001,
              25.67523805142099
            ],
            [
              94.765694,
              25.674944
            ]
          ]
        ]
      }
    },
    {
      "type": "Feature",
      "properties": {
        "landslide_id": "UNKNOWN_ID",
        "zone_name": "Landslide Zone (Phek)",
        "state": "Nagaland",
        "district": "Phek",
        "hazard_type": "LANDSLIDE",
        "risk_level": "HIGH",
        "historical_event_count": 1
      },
      "geometry": {
        "type": "Polygon",
        "coordinates": [
          [
            [
              94.758389,
              25.660583
            ],
            [
              94.75837455418001,
              25.66028894857901
            ],
            [
              94.75833135584121,
              25.65999772903395
            ],
            [
              94.75825982100719,
              25.659712145968236
            ],
            [
              94.75816063859753,
              25.659434949702902
            ],
            [
              94.75803476379303,
              25.65916880978952
            ],
            [
              94.7578834088369,
              25.65891628930094
            ],
            [
              94.75770803136008,
              25.65867982014751
            ],
            [
              94.75751032034356,
              25.65846167965644
            ],
            [
              94.75729217985248,
              25.65826396863991
            ],
            [
              94.75705571069905,
              25.658088591163093
            ],
            [
              94.75680319021048,
              25.657937236206955
            ],
            [
              94.75653705029708,
              25.657811361402466
            ],
            [
              94.75625985403175,
              25.657712178992803
            ],
            [
              94.75597427096604,
              25.65764064415879
            ],
            [
              94.75568305142099,
              25.65759744581998
            ],
            [
              94.755389,
              25.657583
            ],
            [
              94.755094948579,
              25.65759744581998
            ],
            [
              94.75480372903395,
              25.65764064415879
            ],
            [
              94.75451814596823,
              25.657712178992803
            ],
            [
              94.7542409497029,
              25.657811361402466
            ],
            [
              94.75397480978951,
              25.657937236206955
            ],
            [
              94.75372228930094,
              25.658088591163093
            ],
            [
              94.7534858201475,
              25.65826396863991
            ],
            [
              94.75326767965643,
              25.65846167965644
            ],
            [
              94.7530699686399,
              25.65867982014751
            ],
            [
              94.75289459116308,
              25.65891628930094
            ],
            [
              94.75274323620695,
              25.65916880978952
            ],
            [
              94.75261736140246,
              25.659434949702902
            ],
            [
              94.7525181789928,
              25.659712145968236
            ],
            [
              94.75244664415878,
              25.65999772903395
            ],
            [
              94.75240344581998,
              25.66028894857901
            ],
            [
              94.752389,
              25.660583
            ],
            [
              94.75240344581998,
              25.66087705142099
            ],
            [
              94.75244664415878,
              25.661168270966048
            ],
            [
              94.7525181789928,
              25.661453854031762
            ],
            [
              94.75261736140246,
              25.661731050297096
            ],
            [
              94.75274323620695,
              25.661997190210478
            ],
            [
              94.75289459116308,
              25.662249710699058
            ],
            [
              94.7530699686399,
              25.66248617985249
            ],
            [
              94.75326767965643,
              25.662704320343558
            ],
            [
              94.7534858201475,
              25.662902031360087
            ],
            [
              94.75372228930094,
              25.663077408836905
            ],
            [
              94.75397480978951,
              25.663228763793043
            ],
            [
              94.7542409497029,
              25.663354638597532
            ],
            [
              94.75451814596823,
              25.663453821007195
            ],
            [
              94.75480372903395,
              25.66352535584121
            ],
            [
              94.755094948579,
              25.663568554180017
            ],
            [
              94.755389,
              25.663583
            ],
            [
              94.75568305142099,
              25.663568554180017
            ],
            [
              94.75597427096604,
              25.66352535584121
            ],
            [
              94.75625985403175,
              25.663453821007195
            ],
            [
              94.75653705029708,
              25.663354638597532
            ],
            [
              94.75680319021048,
              25.663228763793043
            ],
            [
              94.75705571069905,
              25.663077408836905
            ],
            [
              94.75729217985248,
              25.662902031360087
            ],
            [
              94.75751032034356,
              25.662704320343558
            ],
            [
              94.75770803136008,
              25.66248617985249
            ],
            [
              94.7578834088369,
              25.662249710699058
            ],
            [
              94.75803476379303,
              25.661997190210478
            ],
            [
              94.75816063859753,
              25.661731050297096
            ],
            [
              94.75825982100719,
              25.661453854031762
            ],
            [
              94.75833135584121,
              25.661168270966048
            ],
            [
              94.75837455418001,
              25.66087705142099
            ],
            [
              94.758389,
              25.660583
            ]
          ]
        ]
      }
    },
    {
      "type": "Feature",
      "properties": {
        "landslide_id": "UNKNOWN_ID",
        "zone_name": "Landslide Zone (Phek)",
        "state": "Nagaland",
        "district": "Phek",
        "hazard_type": "LANDSLIDE",
        "risk_level": "HIGH",
        "historical_event_count": 1
      },
      "geometry": {
        "type": "Polygon",
        "coordinates": [
          [
            [
              94.7565,
              25.660194
            ],
            [
              94.75648555418002,
              25.65989994857901
            ],
            [
              94.75644235584122,
              25.659608729033952
            ],
            [
              94.7563708210072,
              25.659323145968237
            ],
            [
              94.75627163859754,
              25.659045949702904
            ],
            [
              94.75614576379304,
              25.65877980978952
            ],
            [
              94.75599440883691,
              25.65852728930094
            ],
            [
              94.75581903136009,
              25.65829082014751
            ],
            [
              94.75562132034356,
              25.658072679656442
            ],
            [
              94.7554031798525,
              25.657874968639913
            ],
            [
              94.75516671069906,
              25.657699591163095
            ],
            [
              94.75491419021049,
              25.657548236206956
            ],
            [
              94.75464805029709,
              25.657422361402467
            ],
            [
              94.75437085403176,
              25.657323178992804
            ],
            [
              94.75408527096604,
              25.65725164415879
            ],
            [
              94.753794051421,
              25.657208445819983
            ],
            [
              94.7535,
              25.657194
            ],
            [
              94.75320594857901,
              25.657208445819983
            ],
            [
              94.75291472903396,
              25.65725164415879
            ],
            [
              94.75262914596824,
              25.657323178992804
            ],
            [
              94.75235194970291,
              25.657422361402467
            ],
            [
              94.75208580978952,
              25.657548236206956
            ],
            [
              94.75183328930095,
              25.657699591163095
            ],
            [
              94.75159682014751,
              25.657874968639913
            ],
            [
              94.75137867965644,
              25.658072679656442
            ],
            [
              94.75118096863991,
              25.65829082014751
            ],
            [
              94.75100559116309,
              25.65852728930094
            ],
            [
              94.75085423620696,
              25.65877980978952
            ],
            [
              94.75072836140247,
              25.659045949702904
            ],
            [
              94.75062917899281,
              25.659323145968237
            ],
            [
              94.75055764415879,
              25.659608729033952
            ],
            [
              94.75051444581999,
              25.65989994857901
            ],
            [
              94.7505,
              25.660194
            ],
            [
              94.75051444581999,
              25.66048805142099
            ],
            [
              94.75055764415879,
              25.66077927096605
            ],
            [
              94.75062917899281,
              25.661064854031764
            ],
            [
              94.75072836140247,
              25.661342050297097
            ],
            [
              94.75085423620696,
              25.66160819021048
            ],
            [
              94.75100559116309,
              25.66186071069906
            ],
            [
              94.75118096863991,
              25.66209717985249
            ],
            [
              94.75137867965644,
              25.66231532034356
            ],
            [
              94.75159682014751,
              25.66251303136009
            ],
            [
              94.75183328930095,
              25.662688408836907
            ],
            [
              94.75208580978952,
              25.662839763793045
            ],
            [
              94.75235194970291,
              25.662965638597534
            ],
            [
              94.75262914596824,
              25.663064821007197
            ],
            [
              94.75291472903396,
              25.66313635584121
            ],
            [
              94.75320594857901,
              25.66317955418002
            ],
            [
              94.7535,
              25.663194
            ],
            [
              94.753794051421,
              25.66317955418002
            ],
            [
              94.75408527096604,
              25.66313635584121
            ],
            [
              94.75437085403176,
              25.663064821007197
            ],
            [
              94.75464805029709,
              25.662965638597534
            ],
            [
              94.75491419021049,
              25.662839763793045
            ],
            [
              94.75516671069906,
              25.662688408836907
            ],
            [
              94.7554031798525,
              25.66251303136009
            ],
            [
              94.75562132034356,
              25.66231532034356
            ],
            [
              94.75581903136009,
              25.66209717985249
            ],
            [
              94.75599440883691,
              25.66186071069906
            ],
            [
              94.75614576379304,
              25.66160819021048
            ],
            [
              94.75627163859754,
              25.661342050297097
            ],
            [
              94.7563708210072,
              25.661064854031764
            ],
            [
              94.75644235584122,
              25.66077927096605
            ],
            [
              94.75648555418002,
              25.66048805142099
            ],
            [
              94.7565,
              25.660194
            ]
          ]
        ]
      }
    },
    {
      "type": "Feature",
      "properties": {
        "landslide_id": "UNKNOWN_ID",
        "zone_name": "Landslide Zone (Phek)",
        "state": "Nagaland",
        "district": "Phek",
        "hazard_type": "LANDSLIDE",
        "risk_level": "HIGH",
        "historical_event_count": 1
      },
      "geometry": {
        "type": "Polygon",
        "coordinates": [
          [
            [
              94.753278,
              25.657361
            ],
            [
              94.75326355418001,
              25.65706694857901
            ],
            [
              94.75322035584121,
              25.656775729033953
            ],
            [
              94.75314882100719,
              25.656490145968238
            ],
            [
              94.75304963859753,
              25.656212949702905
            ],
            [
              94.75292376379304,
              25.655946809789523
            ],
            [
              94.7527724088369,
              25.655694289300943
            ],
            [
              94.75259703136008,
              25.65545782014751
            ],
            [
              94.75239932034356,
              25.655239679656443
            ],
            [
              94.75218117985249,
              25.655041968639914
            ],
            [
              94.75194471069905,
              25.654866591163096
            ],
            [
              94.75169219021048,
              25.654715236206957
            ],
            [
              94.75142605029708,
              25.65458936140247
            ],
            [
              94.75114885403175,
              25.654490178992805
            ],
            [
              94.75086327096604,
              25.654418644158792
            ],
            [
              94.75057205142099,
              25.654375445819984
            ],
            [
              94.750278,
              25.654361
            ],
            [
              94.749983948579,
              25.654375445819984
            ],
            [
              94.74969272903395,
              25.654418644158792
            ],
            [
              94.74940714596823,
              25.654490178992805
            ],
            [
              94.7491299497029,
              25.65458936140247
            ],
            [
              94.74886380978951,
              25.654715236206957
            ],
            [
              94.74861128930094,
              25.654866591163096
            ],
            [
              94.7483748201475,
              25.655041968639914
            ],
            [
              94.74815667965643,
              25.655239679656443
            ],
            [
              94.7479589686399,
              25.65545782014751
            ],
            [
              94.74778359116308,
              25.655694289300943
            ],
            [
              94.74763223620695,
              25.655946809789523
            ],
            [
              94.74750636140246,
              25.656212949702905
            ],
            [
              94.7474071789928,
              25.656490145968238
            ],
            [
              94.74733564415878,
              25.656775729033953
            ],
            [
              94.74729244581998,
              25.65706694857901
            ],
            [
              94.747278,
              25.657361
            ],
            [
              94.74729244581998,
              25.657655051420992
            ],
            [
              94.74733564415878,
              25.65794627096605
            ],
            [
              94.7474071789928,
              25.658231854031765
            ],
            [
              94.74750636140246,
              25.6585090502971
            ],
            [
              94.74763223620695,
              25.65877519021048
            ],
            [
              94.74778359116308,
              25.65902771069906
            ],
            [
              94.7479589686399,
              25.659264179852492
            ],
            [
              94.74815667965643,
              25.65948232034356
            ],
            [
              94.7483748201475,
              25.65968003136009
            ],
            [
              94.74861128930094,
              25.659855408836908
            ],
            [
              94.74886380978951,
              25.660006763793046
            ],
            [
              94.7491299497029,
              25.660132638597535
            ],
            [
              94.74940714596823,
              25.660231821007198
            ],
            [
              94.74969272903395,
              25.66030335584121
            ],
            [
              94.749983948579,
              25.66034655418002
            ],
            [
              94.750278,
              25.660361
            ],
            [
              94.75057205142099,
              25.66034655418002
            ],
            [
              94.75086327096604,
              25.66030335584121
            ],
            [
              94.75114885403175,
              25.660231821007198
            ],
            [
              94.75142605029708,
              25.660132638597535
            ],
            [
              94.75169219021048,
              25.660006763793046
            ],
            [
              94.75194471069905,
              25.659855408836908
            ],
            [
              94.75218117985249,
              25.65968003136009
            ],
            [
              94.75239932034356,
              25.65948232034356
            ],
            [
              94.75259703136008,
              25.659264179852492
            ],
            [
              94.7527724088369,
              25.65902771069906
            ],
            [
              94.75292376379304,
              25.65877519021048
            ],
            [
              94.75304963859753,
              25.6585090502971
            ],
            [
              94.75314882100719,
              25.658231854031765
            ],
            [
              94.75322035584121,
              25.65794627096605
            ],
            [
              94.75326355418001,
              25.657655051420992
            ],
            [
              94.753278,
              25.657361
            ]
          ]
        ]
      }
    },
    {
      "type": "Feature",
      "properties": {
        "landslide_id": "UNKNOWN_ID",
        "zone_name": "Landslide Zone (Phek)",
        "state": "Nagaland",
        "district": "Phek",
        "hazard_type": "LANDSLIDE",
        "risk_level": "HIGH",
        "historical_event_count": 1
      },
      "geometry": {
        "type": "Polygon",
        "coordinates": [
          [
            [
              94.840944,
              25.680167
            ],
            [
              94.84092955418001,
              25.67987294857901
            ],
            [
              94.8408863558412,
              25.679581729033952
            ],
            [
              94.84081482100719,
              25.679296145968237
            ],
            [
              94.84071563859753,
              25.679018949702904
            ],
            [
              94.84058976379303,
              25.678752809789522
            ],
            [
              94.8404384088369,
              25.678500289300942
            ],
            [
              94.84026303136008,
              25.67826382014751
            ],
            [
              94.84006532034356,
              25.678045679656442
            ],
            [
              94.83984717985248,
              25.677847968639913
            ],
            [
              94.83961071069905,
              25.677672591163095
            ],
            [
              94.83935819021048,
              25.677521236206957
            ],
            [
              94.83909205029708,
              25.677395361402468
            ],
            [
              94.83881485403175,
              25.677296178992805
            ],
            [
              94.83852927096603,
              25.67722464415879
            ],
            [
              94.83823805142099,
              25.677181445819983
            ],
            [
              94.837944,
              25.677167
            ],
            [
              94.837649948579,
              25.677181445819983
            ],
            [
              94.83735872903395,
              25.67722464415879
            ],
            [
              94.83707314596823,
              25.677296178992805
            ],
            [
              94.8367959497029,
              25.677395361402468
            ],
            [
              94.83652980978951,
              25.677521236206957
            ],
            [
              94.83627728930094,
              25.677672591163095
            ],
            [
              94.8360408201475,
              25.677847968639913
            ],
            [
              94.83582267965643,
              25.678045679656442
            ],
            [
              94.8356249686399,
              25.67826382014751
            ],
            [
              94.83544959116308,
              25.678500289300942
            ],
            [
              94.83529823620695,
              25.678752809789522
            ],
            [
              94.83517236140246,
              25.679018949702904
            ],
            [
              94.8350731789928,
              25.679296145968237
            ],
            [
              94.83500164415878,
              25.679581729033952
            ],
            [
              94.83495844581998,
              25.67987294857901
            ],
            [
              94.834944,
              25.680167
            ],
            [
              94.83495844581998,
              25.68046105142099
            ],
            [
              94.83500164415878,
              25.68075227096605
            ],
            [
              94.8350731789928,
              25.681037854031764
            ],
            [
              94.83517236140246,
              25.681315050297098
            ],
            [
              94.83529823620695,
              25.68158119021048
            ],
            [
              94.83544959116308,
              25.68183371069906
            ],
            [
              94.8356249686399,
              25.68207017985249
            ],
            [
              94.83582267965643,
              25.68228832034356
            ],
            [
              94.8360408201475,
              25.68248603136009
            ],
            [
              94.83627728930094,
              25.682661408836907
            ],
            [
              94.83652980978951,
              25.682812763793045
            ],
            [
              94.8367959497029,
              25.682938638597534
            ],
            [
              94.83707314596823,
              25.683037821007197
            ],
            [
              94.83735872903395,
              25.68310935584121
            ],
            [
              94.837649948579,
              25.68315255418002
            ],
            [
              94.837944,
              25.683167
            ],
            [
              94.83823805142099,
              25.68315255418002
            ],
            [
              94.83852927096603,
              25.68310935584121
            ],
            [
              94.83881485403175,
              25.683037821007197
            ],
            [
              94.83909205029708,
              25.682938638597534
            ],
            [
              94.83935819021048,
              25.682812763793045
            ],
            [
              94.83961071069905,
              25.682661408836907
            ],
            [
              94.83984717985248,
              25.68248603136009
            ],
            [
              94.84006532034356,
              25.68228832034356
            ],
            [
              94.84026303136008,
              25.68207017985249
            ],
            [
              94.8404384088369,
              25.68183371069906
            ],
            [
              94.84058976379303,
              25.68158119021048
            ],
            [
              94.84071563859753,
              25.681315050297098
            ],
            [
              94.84081482100719,
              25.681037854031764
            ],
            [
              94.8408863558412,
              25.68075227096605
            ],
            [
              94.84092955418001,
              25.68046105142099
            ],
            [
              94.840944,
              25.680167
            ]
          ]
        ]
      }
    },
    {
      "type": "Feature",
      "properties": {
        "landslide_id": "UNKNOWN_ID",
        "zone_name": "Landslide Zone (Phek)",
        "state": "Nagaland",
        "district": "Phek",
        "hazard_type": "LANDSLIDE",
        "risk_level": "HIGH",
        "historical_event_count": 1
      },
      "geometry": {
        "type": "Polygon",
        "coordinates": [
          [
            [
              94.845917,
              25.742178
            ],
            [
              94.84590255418001,
              25.74188394857901
            ],
            [
              94.84585935584121,
              25.74159272903395
            ],
            [
              94.84578782100719,
              25.741307145968236
            ],
            [
              94.84568863859754,
              25.741029949702902
            ],
            [
              94.84556276379304,
              25.74076380978952
            ],
            [
              94.84541140883691,
              25.74051128930094
            ],
            [
              94.84523603136009,
              25.74027482014751
            ],
            [
              94.84503832034356,
              25.74005667965644
            ],
            [
              94.84482017985249,
              25.73985896863991
            ],
            [
              94.84458371069906,
              25.739683591163093
            ],
            [
              94.84433119021048,
              25.739532236206955
            ],
            [
              94.84406505029709,
              25.739406361402466
            ],
            [
              94.84378785403176,
              25.739307178992803
            ],
            [
              94.84350227096604,
              25.73923564415879
            ],
            [
              94.843211051421,
              25.73919244581998
            ],
            [
              94.842917,
              25.739178
            ],
            [
              94.842622948579,
              25.73919244581998
            ],
            [
              94.84233172903396,
              25.73923564415879
            ],
            [
              94.84204614596824,
              25.739307178992803
            ],
            [
              94.84176894970291,
              25.739406361402466
            ],
            [
              94.84150280978952,
              25.739532236206955
            ],
            [
              94.84125028930094,
              25.739683591163093
            ],
            [
              94.84101382014751,
              25.73985896863991
            ],
            [
              94.84079567965644,
              25.74005667965644
            ],
            [
              94.84059796863991,
              25.74027482014751
            ],
            [
              94.84042259116309,
              25.74051128930094
            ],
            [
              94.84027123620696,
              25.74076380978952
            ],
            [
              94.84014536140246,
              25.741029949702902
            ],
            [
              94.84004617899281,
              25.741307145968236
            ],
            [
              94.83997464415879,
              25.74159272903395
            ],
            [
              94.83993144581999,
              25.74188394857901
            ],
            [
              94.839917,
              25.742178
            ],
            [
              94.83993144581999,
              25.74247205142099
            ],
            [
              94.83997464415879,
              25.742763270966048
            ],
            [
              94.84004617899281,
              25.743048854031763
            ],
            [
              94.84014536140246,
              25.743326050297096
            ],
            [
              94.84027123620696,
              25.743592190210478
            ],
            [
              94.84042259116309,
              25.743844710699058
            ],
            [
              94.84059796863991,
              25.74408117985249
            ],
            [
              94.84079567965644,
              25.744299320343558
            ],
            [
              94.84101382014751,
              25.744497031360087
            ],
            [
              94.84125028930094,
              25.744672408836905
            ],
            [
              94.84150280978952,
              25.744823763793043
            ],
            [
              94.84176894970291,
              25.744949638597532
            ],
            [
              94.84204614596824,
              25.745048821007195
            ],
            [
              94.84233172903396,
              25.74512035584121
            ],
            [
              94.842622948579,
              25.745163554180017
            ],
            [
              94.842917,
              25.745178
            ],
            [
              94.843211051421,
              25.745163554180017
            ],
            [
              94.84350227096604,
              25.74512035584121
            ],
            [
              94.84378785403176,
              25.745048821007195
            ],
            [
              94.84406505029709,
              25.744949638597532
            ],
            [
              94.84433119021048,
              25.744823763793043
            ],
            [
              94.84458371069906,
              25.744672408836905
            ],
            [
              94.84482017985249,
              25.744497031360087
            ],
            [
              94.84503832034356,
              25.744299320343558
            ],
            [
              94.84523603136009,
              25.74408117985249
            ],
            [
              94.84541140883691,
              25.743844710699058
            ],
            [
              94.84556276379304,
              25.743592190210478
            ],
            [
              94.84568863859754,
              25.743326050297096
            ],
            [
              94.84578782100719,
              25.743048854031763
            ],
            [
              94.84585935584121,
              25.742763270966048
            ],
            [
              94.84590255418001,
              25.74247205142099
            ],
            [
              94.845917,
              25.742178
            ]
          ]
        ]
      }
    },
    {
      "type": "Feature",
      "properties": {
        "landslide_id": "UNKNOWN_ID",
        "zone_name": "Landslide Zone (Phek)",
        "state": "Nagaland",
        "district": "Phek",
        "hazard_type": "LANDSLIDE",
        "risk_level": "HIGH",
        "historical_event_count": 1
      },
      "geometry": {
        "type": "Polygon",
        "coordinates": [
          [
            [
              94.798675,
              25.729639
            ],
            [
              94.79866055418002,
              25.72934494857901
            ],
            [
              94.79861735584122,
              25.72905372903395
            ],
            [
              94.7985458210072,
              25.728768145968235
            ],
            [
              94.79844663859754,
              25.728490949702902
            ],
            [
              94.79832076379304,
              25.72822480978952
            ],
            [
              94.79816940883691,
              25.72797228930094
            ],
            [
              94.79799403136009,
              25.727735820147508
            ],
            [
              94.79779632034356,
              25.72751767965644
            ],
            [
              94.7975781798525,
              25.72731996863991
            ],
            [
              94.79734171069906,
              25.727144591163093
            ],
            [
              94.79708919021049,
              25.726993236206955
            ],
            [
              94.79682305029709,
              25.726867361402466
            ],
            [
              94.79654585403176,
              25.726768178992803
            ],
            [
              94.79626027096604,
              25.72669664415879
            ],
            [
              94.795969051421,
              25.72665344581998
            ],
            [
              94.795675,
              25.726639
            ],
            [
              94.79538094857901,
              25.72665344581998
            ],
            [
              94.79508972903396,
              25.72669664415879
            ],
            [
              94.79480414596824,
              25.726768178992803
            ],
            [
              94.79452694970291,
              25.726867361402466
            ],
            [
              94.79426080978952,
              25.726993236206955
            ],
            [
              94.79400828930095,
              25.727144591163093
            ],
            [
              94.79377182014751,
              25.72731996863991
            ],
            [
              94.79355367965644,
              25.72751767965644
            ],
            [
              94.79335596863991,
              25.727735820147508
            ],
            [
              94.7931805911631,
              25.72797228930094
            ],
            [
              94.79302923620696,
              25.72822480978952
            ],
            [
              94.79290336140247,
              25.728490949702902
            ],
            [
              94.79280417899281,
              25.728768145968235
            ],
            [
              94.79273264415879,
              25.72905372903395
            ],
            [
              94.79268944581999,
              25.72934494857901
            ],
            [
              94.792675,
              25.729639
            ],
            [
              94.79268944581999,
              25.72993305142099
            ],
            [
              94.79273264415879,
              25.730224270966048
            ],
            [
              94.79280417899281,
              25.730509854031762
            ],
            [
              94.79290336140247,
              25.730787050297096
            ],
            [
              94.79302923620696,
              25.731053190210478
            ],
            [
              94.7931805911631,
              25.731305710699058
            ],
            [
              94.79335596863991,
              25.73154217985249
            ],
            [
              94.79355367965644,
              25.731760320343557
            ],
            [
              94.79377182014751,
              25.731958031360087
            ],
            [
              94.79400828930095,
              25.732133408836905
            ],
            [
              94.79426080978952,
              25.732284763793043
            ],
            [
              94.79452694970291,
              25.732410638597532
            ],
            [
              94.79480414596824,
              25.732509821007195
            ],
            [
              94.79508972903396,
              25.73258135584121
            ],
            [
              94.79538094857901,
              25.732624554180017
            ],
            [
              94.795675,
              25.732639
            ],
            [
              94.795969051421,
              25.732624554180017
            ],
            [
              94.79626027096604,
              25.73258135584121
            ],
            [
              94.79654585403176,
              25.732509821007195
            ],
            [
              94.79682305029709,
              25.732410638597532
            ],
            [
              94.79708919021049,
              25.732284763793043
            ],
            [
              94.79734171069906,
              25.732133408836905
            ],
            [
              94.7975781798525,
              25.731958031360087
            ],
            [
              94.79779632034356,
              25.731760320343557
            ],
            [
              94.79799403136009,
              25.73154217985249
            ],
            [
              94.79816940883691,
              25.731305710699058
            ],
            [
              94.79832076379304,
              25.731053190210478
            ],
            [
              94.79844663859754,
              25.730787050297096
            ],
            [
              94.7985458210072,
              25.730509854031762
            ],
            [
              94.79861735584122,
              25.730224270966048
            ],
            [
              94.79866055418002,
              25.72993305142099
            ],
            [
              94.798675,
              25.729639
            ]
          ]
        ]
      }
    },
    {
      "type": "Feature",
      "properties": {
        "landslide_id": "UNKNOWN_ID",
        "zone_name": "Landslide Zone (Phek)",
        "state": "Nagaland",
        "district": "Phek",
        "hazard_type": "LANDSLIDE",
        "risk_level": "HIGH",
        "historical_event_count": 1
      },
      "geometry": {
        "type": "Polygon",
        "coordinates": [
          [
            [
              94.798497,
              25.728964
            ],
            [
              94.79848255418001,
              25.72866994857901
            ],
            [
              94.79843935584121,
              25.728378729033953
            ],
            [
              94.79836782100719,
              25.728093145968238
            ],
            [
              94.79826863859753,
              25.727815949702904
            ],
            [
              94.79814276379304,
              25.727549809789522
            ],
            [
              94.79799140883691,
              25.727297289300942
            ],
            [
              94.79781603136009,
              25.72706082014751
            ],
            [
              94.79761832034356,
              25.726842679656443
            ],
            [
              94.79740017985249,
              25.726644968639913
            ],
            [
              94.79716371069905,
              25.726469591163095
            ],
            [
              94.79691119021048,
              25.726318236206957
            ],
            [
              94.79664505029709,
              25.726192361402468
            ],
            [
              94.79636785403176,
              25.726093178992805
            ],
            [
              94.79608227096604,
              25.72602164415879
            ],
            [
              94.79579105142099,
              25.725978445819983
            ],
            [
              94.795497,
              25.725964
            ],
            [
              94.795202948579,
              25.725978445819983
            ],
            [
              94.79491172903396,
              25.72602164415879
            ],
            [
              94.79462614596824,
              25.726093178992805
            ],
            [
              94.79434894970291,
              25.726192361402468
            ],
            [
              94.79408280978951,
              25.726318236206957
            ],
            [
              94.79383028930094,
              25.726469591163095
            ],
            [
              94.7935938201475,
              25.726644968639913
            ],
            [
              94.79337567965644,
              25.726842679656443
            ],
            [
              94.79317796863991,
              25.72706082014751
            ],
            [
              94.79300259116309,
              25.727297289300942
            ],
            [
              94.79285123620696,
              25.727549809789522
            ],
            [
              94.79272536140246,
              25.727815949702904
            ],
            [
              94.7926261789928,
              25.728093145968238
            ],
            [
              94.79255464415878,
              25.728378729033953
            ],
            [
              94.79251144581998,
              25.72866994857901
            ],
            [
              94.792497,
              25.728964
            ],
            [
              94.79251144581998,
              25.72925805142099
            ],
            [
              94.79255464415878,
              25.72954927096605
            ],
            [
              94.7926261789928,
              25.729834854031765
            ],
            [
              94.79272536140246,
              25.730112050297098
            ],
            [
              94.79285123620696,
              25.73037819021048
            ],
            [
              94.79300259116309,
              25.73063071069906
            ],
            [
              94.79317796863991,
              25.730867179852492
            ],
            [
              94.79337567965644,
              25.73108532034356
            ],
            [
              94.7935938201475,
              25.73128303136009
            ],
            [
              94.79383028930094,
              25.731458408836907
            ],
            [
              94.79408280978951,
              25.731609763793045
            ],
            [
              94.79434894970291,
              25.731735638597534
            ],
            [
              94.79462614596824,
              25.731834821007197
            ],
            [
              94.79491172903396,
              25.73190635584121
            ],
            [
              94.795202948579,
              25.73194955418002
            ],
            [
              94.795497,
              25.731964
            ],
            [
              94.79579105142099,
              25.73194955418002
            ],
            [
              94.79608227096604,
              25.73190635584121
            ],
            [
              94.79636785403176,
              25.731834821007197
            ],
            [
              94.79664505029709,
              25.731735638597534
            ],
            [
              94.79691119021048,
              25.731609763793045
            ],
            [
              94.79716371069905,
              25.731458408836907
            ],
            [
              94.79740017985249,
              25.73128303136009
            ],
            [
              94.79761832034356,
              25.73108532034356
            ],
            [
              94.79781603136009,
              25.730867179852492
            ],
            [
              94.79799140883691,
              25.73063071069906
            ],
            [
              94.79814276379304,
              25.73037819021048
            ],
            [
              94.79826863859753,
              25.730112050297098
            ],
            [
              94.79836782100719,
              25.729834854031765
            ],
            [
              94.79843935584121,
              25.72954927096605
            ],
            [
              94.79848255418001,
              25.72925805142099
            ],
            [
              94.798497,
              25.728964
            ]
          ]
        ]
      }
    },
    {
      "type": "Feature",
      "properties": {
        "landslide_id": "UNKNOWN_ID",
        "zone_name": "Landslide Zone (Phek)",
        "state": "Nagaland",
        "district": "Phek",
        "hazard_type": "LANDSLIDE",
        "risk_level": "HIGH",
        "historical_event_count": 1
      },
      "geometry": {
        "type": "Polygon",
        "coordinates": [
          [
            [
              94.780417,
              25.7345
            ],
            [
              94.78040255418001,
              25.73420594857901
            ],
            [
              94.78035935584121,
              25.733914729033952
            ],
            [
              94.78028782100719,
              25.733629145968237
            ],
            [
              94.78018863859754,
              25.733351949702904
            ],
            [
              94.78006276379304,
              25.73308580978952
            ],
            [
              94.77991140883691,
              25.73283328930094
            ],
            [
              94.77973603136009,
              25.73259682014751
            ],
            [
              94.77953832034356,
              25.732378679656442
            ],
            [
              94.77932017985249,
              25.732180968639913
            ],
            [
              94.77908371069906,
              25.732005591163094
            ],
            [
              94.77883119021048,
              25.731854236206956
            ],
            [
              94.77856505029709,
              25.731728361402467
            ],
            [
              94.77828785403176,
              25.731629178992804
            ],
            [
              94.77800227096604,
              25.73155764415879
            ],
            [
              94.777711051421,
              25.731514445819982
            ],
            [
              94.777417,
              25.7315
            ],
            [
              94.777122948579,
              25.731514445819982
            ],
            [
              94.77683172903396,
              25.73155764415879
            ],
            [
              94.77654614596824,
              25.731629178992804
            ],
            [
              94.77626894970291,
              25.731728361402467
            ],
            [
              94.77600280978952,
              25.731854236206956
            ],
            [
              94.77575028930094,
              25.732005591163094
            ],
            [
              94.77551382014751,
              25.732180968639913
            ],
            [
              94.77529567965644,
              25.732378679656442
            ],
            [
              94.77509796863991,
              25.73259682014751
            ],
            [
              94.77492259116309,
              25.73283328930094
            ],
            [
              94.77477123620696,
              25.73308580978952
            ],
            [
              94.77464536140246,
              25.733351949702904
            ],
            [
              94.77454617899281,
              25.733629145968237
            ],
            [
              94.77447464415879,
              25.733914729033952
            ],
            [
              94.77443144581999,
              25.73420594857901
            ],
            [
              94.774417,
              25.7345
            ],
            [
              94.77443144581999,
              25.73479405142099
            ],
            [
              94.77447464415879,
              25.73508527096605
            ],
            [
              94.77454617899281,
              25.735370854031764
            ],
            [
              94.77464536140246,
              25.735648050297097
            ],
            [
              94.77477123620696,
              25.73591419021048
            ],
            [
              94.77492259116309,
              25.73616671069906
            ],
            [
              94.77509796863991,
              25.73640317985249
            ],
            [
              94.77529567965644,
              25.73662132034356
            ],
            [
              94.77551382014751,
              25.73681903136009
            ],
            [
              94.77575028930094,
              25.736994408836907
            ],
            [
              94.77600280978952,
              25.737145763793045
            ],
            [
              94.77626894970291,
              25.737271638597534
            ],
            [
              94.77654614596824,
              25.737370821007197
            ],
            [
              94.77683172903396,
              25.73744235584121
            ],
            [
              94.777122948579,
              25.73748555418002
            ],
            [
              94.777417,
              25.7375
            ],
            [
              94.777711051421,
              25.73748555418002
            ],
            [
              94.77800227096604,
              25.73744235584121
            ],
            [
              94.77828785403176,
              25.737370821007197
            ],
            [
              94.77856505029709,
              25.737271638597534
            ],
            [
              94.77883119021048,
              25.737145763793045
            ],
            [
              94.77908371069906,
              25.736994408836907
            ],
            [
              94.77932017985249,
              25.73681903136009
            ],
            [
              94.77953832034356,
              25.73662132034356
            ],
            [
              94.77973603136009,
              25.73640317985249
            ],
            [
              94.77991140883691,
              25.73616671069906
            ],
            [
              94.78006276379304,
              25.73591419021048
            ],
            [
              94.78018863859754,
              25.735648050297097
            ],
            [
              94.78028782100719,
              25.735370854031764
            ],
            [
              94.78035935584121,
              25.73508527096605
            ],
            [
              94.78040255418001,
              25.73479405142099
            ],
            [
              94.780417,
              25.7345
            ]
          ]
        ]
      }
    },
    {
      "type": "Feature",
      "properties": {
        "landslide_id": "UNKNOWN_ID",
        "zone_name": "Landslide Zone (Phek)",
        "state": "Nagaland",
        "district": "Phek",
        "hazard_type": "LANDSLIDE",
        "risk_level": "HIGH",
        "historical_event_count": 1
      },
      "geometry": {
        "type": "Polygon",
        "coordinates": [
          [
            [
              94.733878,
              25.641
            ],
            [
              94.73386355418002,
              25.640705948579008
            ],
            [
              94.73382035584122,
              25.64041472903395
            ],
            [
              94.7337488210072,
              25.640129145968235
            ],
            [
              94.73364963859754,
              25.6398519497029
            ],
            [
              94.73352376379304,
              25.63958580978952
            ],
            [
              94.73337240883691,
              25.63933328930094
            ],
            [
              94.73319703136009,
              25.639096820147508
            ],
            [
              94.73299932034357,
              25.63887867965644
            ],
            [
              94.7327811798525,
              25.63868096863991
            ],
            [
              94.73254471069906,
              25.638505591163092
            ],
            [
              94.73229219021049,
              25.638354236206954
            ],
            [
              94.7320260502971,
              25.638228361402465
            ],
            [
              94.73174885403176,
              25.638129178992802
            ],
            [
              94.73146327096605,
              25.63805764415879
            ],
            [
              94.731172051421,
              25.63801444581998
            ],
            [
              94.730878,
              25.637999999999998
            ],
            [
              94.73058394857901,
              25.63801444581998
            ],
            [
              94.73029272903396,
              25.63805764415879
            ],
            [
              94.73000714596824,
              25.638129178992802
            ],
            [
              94.72972994970291,
              25.638228361402465
            ],
            [
              94.72946380978952,
              25.638354236206954
            ],
            [
              94.72921128930095,
              25.638505591163092
            ],
            [
              94.72897482014751,
              25.63868096863991
            ],
            [
              94.72875667965644,
              25.63887867965644
            ],
            [
              94.72855896863992,
              25.639096820147508
            ],
            [
              94.7283835911631,
              25.63933328930094
            ],
            [
              94.72823223620696,
              25.63958580978952
            ],
            [
              94.72810636140247,
              25.6398519497029
            ],
            [
              94.72800717899281,
              25.640129145968235
            ],
            [
              94.72793564415879,
              25.64041472903395
            ],
            [
              94.72789244581999,
              25.640705948579008
            ],
            [
              94.727878,
              25.641
            ],
            [
              94.72789244581999,
              25.64129405142099
            ],
            [
              94.72793564415879,
              25.641585270966047
            ],
            [
              94.72800717899281,
              25.64187085403176
            ],
            [
              94.72810636140247,
              25.642148050297095
            ],
            [
              94.72823223620696,
              25.642414190210477
            ],
            [
              94.7283835911631,
              25.642666710699057
            ],
            [
              94.72855896863992,
              25.64290317985249
            ],
            [
              94.72875667965644,
              25.643121320343557
            ],
            [
              94.72897482014751,
              25.643319031360086
            ],
            [
              94.72921128930095,
              25.643494408836904
            ],
            [
              94.72946380978952,
              25.643645763793042
            ],
            [
              94.72972994970291,
              25.64377163859753
            ],
            [
              94.73000714596824,
              25.643870821007194
            ],
            [
              94.73029272903396,
              25.643942355841208
            ],
            [
              94.73058394857901,
              25.643985554180016
            ],
            [
              94.730878,
              25.644
            ],
            [
              94.731172051421,
              25.643985554180016
            ],
            [
              94.73146327096605,
              25.643942355841208
            ],
            [
              94.73174885403176,
              25.643870821007194
            ],
            [
              94.7320260502971,
              25.64377163859753
            ],
            [
              94.73229219021049,
              25.643645763793042
            ],
            [
              94.73254471069906,
              25.643494408836904
            ],
            [
              94.7327811798525,
              25.643319031360086
            ],
            [
              94.73299932034357,
              25.643121320343557
            ],
            [
              94.73319703136009,
              25.64290317985249
            ],
            [
              94.73337240883691,
              25.642666710699057
            ],
            [
              94.73352376379304,
              25.642414190210477
            ],
            [
              94.73364963859754,
              25.642148050297095
            ],
            [
              94.7337488210072,
              25.64187085403176
            ],
            [
              94.73382035584122,
              25.641585270966047
            ],
            [
              94.73386355418002,
              25.64129405142099
            ],
            [
              94.733878,
              25.641
            ]
          ]
        ]
      }
    },
    {
      "type": "Feature",
      "properties": {
        "landslide_id": "UNKNOWN_ID",
        "zone_name": "Landslide Zone (Phek)",
        "state": "Nagaland",
        "district": "Phek",
        "hazard_type": "LANDSLIDE",
        "risk_level": "HIGH",
        "historical_event_count": 1
      },
      "geometry": {
        "type": "Polygon",
        "coordinates": [
          [
            [
              94.586333,
              25.613472
            ],
            [
              94.58631855418001,
              25.61317794857901
            ],
            [
              94.58627535584121,
              25.612886729033953
            ],
            [
              94.58620382100719,
              25.612601145968238
            ],
            [
              94.58610463859753,
              25.612323949702905
            ],
            [
              94.58597876379304,
              25.612057809789523
            ],
            [
              94.5858274088369,
              25.611805289300943
            ],
            [
              94.58565203136008,
              25.61156882014751
            ],
            [
              94.58545432034356,
              25.611350679656443
            ],
            [
              94.58523617985249,
              25.611152968639914
            ],
            [
              94.58499971069905,
              25.610977591163095
            ],
            [
              94.58474719021048,
              25.610826236206957
            ],
            [
              94.58448105029709,
              25.61070036140247
            ],
            [
              94.58420385403176,
              25.610601178992805
            ],
            [
              94.58391827096604,
              25.61052964415879
            ],
            [
              94.58362705142099,
              25.610486445819983
            ],
            [
              94.583333,
              25.610472
            ],
            [
              94.583038948579,
              25.610486445819983
            ],
            [
              94.58274772903395,
              25.61052964415879
            ],
            [
              94.58246214596824,
              25.610601178992805
            ],
            [
              94.5821849497029,
              25.61070036140247
            ],
            [
              94.58191880978951,
              25.610826236206957
            ],
            [
              94.58166628930094,
              25.610977591163095
            ],
            [
              94.5814298201475,
              25.611152968639914
            ],
            [
              94.58121167965643,
              25.611350679656443
            ],
            [
              94.58101396863991,
              25.61156882014751
            ],
            [
              94.58083859116309,
              25.611805289300943
            ],
            [
              94.58068723620696,
              25.612057809789523
            ],
            [
              94.58056136140246,
              25.612323949702905
            ],
            [
              94.5804621789928,
              25.612601145968238
            ],
            [
              94.58039064415878,
              25.612886729033953
            ],
            [
              94.58034744581998,
              25.61317794857901
            ],
            [
              94.580333,
              25.613472
            ],
            [
              94.58034744581998,
              25.613766051420992
            ],
            [
              94.58039064415878,
              25.61405727096605
            ],
            [
              94.5804621789928,
              25.614342854031765
            ],
            [
              94.58056136140246,
              25.6146200502971
            ],
            [
              94.58068723620696,
              25.61488619021048
            ],
            [
              94.58083859116309,
              25.61513871069906
            ],
            [
              94.58101396863991,
              25.615375179852492
            ],
            [
              94.58121167965643,
              25.61559332034356
            ],
            [
              94.5814298201475,
              25.61579103136009
            ],
            [
              94.58166628930094,
              25.615966408836908
            ],
            [
              94.58191880978951,
              25.616117763793046
            ],
            [
              94.5821849497029,
              25.616243638597535
            ],
            [
              94.58246214596824,
              25.616342821007198
            ],
            [
              94.58274772903395,
              25.61641435584121
            ],
            [
              94.583038948579,
              25.61645755418002
            ],
            [
              94.583333,
              25.616472
            ],
            [
              94.58362705142099,
              25.61645755418002
            ],
            [
              94.58391827096604,
              25.61641435584121
            ],
            [
              94.58420385403176,
              25.616342821007198
            ],
            [
              94.58448105029709,
              25.616243638597535
            ],
            [
              94.58474719021048,
              25.616117763793046
            ],
            [
              94.58499971069905,
              25.615966408836908
            ],
            [
              94.58523617985249,
              25.61579103136009
            ],
            [
              94.58545432034356,
              25.61559332034356
            ],
            [
              94.58565203136008,
              25.615375179852492
            ],
            [
              94.5858274088369,
              25.61513871069906
            ],
            [
              94.58597876379304,
              25.61488619021048
            ],
            [
              94.58610463859753,
              25.6146200502971
            ],
            [
              94.58620382100719,
              25.614342854031765
            ],
            [
              94.58627535584121,
              25.61405727096605
            ],
            [
              94.58631855418001,
              25.613766051420992
            ],
            [
              94.586333,
              25.613472
            ]
          ]
        ]
      }
    },
    {
      "type": "Feature",
      "properties": {
        "landslide_id": "UNKNOWN_ID",
        "zone_name": "Landslide Zone (Phek)",
        "state": "Nagaland",
        "district": "Phek",
        "hazard_type": "LANDSLIDE",
        "risk_level": "HIGH",
        "historical_event_count": 1
      },
      "geometry": {
        "type": "Polygon",
        "coordinates": [
          [
            [
              94.616222,
              25.600306
            ],
            [
              94.61620755418001,
              25.60001194857901
            ],
            [
              94.6161643558412,
              25.59972072903395
            ],
            [
              94.61609282100719,
              25.599435145968236
            ],
            [
              94.61599363859753,
              25.599157949702903
            ],
            [
              94.61586776379303,
              25.59889180978952
            ],
            [
              94.6157164088369,
              25.59863928930094
            ],
            [
              94.61554103136008,
              25.59840282014751
            ],
            [
              94.61534332034356,
              25.59818467965644
            ],
            [
              94.61512517985248,
              25.597986968639912
            ],
            [
              94.61488871069905,
              25.597811591163094
            ],
            [
              94.61463619021048,
              25.597660236206956
            ],
            [
              94.61437005029708,
              25.597534361402467
            ],
            [
              94.61409285403175,
              25.597435178992804
            ],
            [
              94.61380727096603,
              25.59736364415879
            ],
            [
              94.61351605142099,
              25.59732044581998
            ],
            [
              94.613222,
              25.597306
            ],
            [
              94.612927948579,
              25.59732044581998
            ],
            [
              94.61263672903395,
              25.59736364415879
            ],
            [
              94.61235114596823,
              25.597435178992804
            ],
            [
              94.6120739497029,
              25.597534361402467
            ],
            [
              94.61180780978951,
              25.597660236206956
            ],
            [
              94.61155528930094,
              25.597811591163094
            ],
            [
              94.6113188201475,
              25.597986968639912
            ],
            [
              94.61110067965643,
              25.59818467965644
            ],
            [
              94.6109029686399,
              25.59840282014751
            ],
            [
              94.61072759116308,
              25.59863928930094
            ],
            [
              94.61057623620695,
              25.59889180978952
            ],
            [
              94.61045036140246,
              25.599157949702903
            ],
            [
              94.6103511789928,
              25.599435145968236
            ],
            [
              94.61027964415878,
              25.59972072903395
            ],
            [
              94.61023644581998,
              25.60001194857901
            ],
            [
              94.610222,
              25.600306
            ],
            [
              94.61023644581998,
              25.60060005142099
            ],
            [
              94.61027964415878,
              25.60089127096605
            ],
            [
              94.6103511789928,
              25.601176854031763
            ],
            [
              94.61045036140246,
              25.601454050297097
            ],
            [
              94.61057623620695,
              25.60172019021048
            ],
            [
              94.61072759116308,
              25.60197271069906
            ],
            [
              94.6109029686399,
              25.60220917985249
            ],
            [
              94.61110067965643,
              25.60242732034356
            ],
            [
              94.6113188201475,
              25.602625031360088
            ],
            [
              94.61155528930094,
              25.602800408836906
            ],
            [
              94.61180780978951,
              25.602951763793044
            ],
            [
              94.6120739497029,
              25.603077638597533
            ],
            [
              94.61235114596823,
              25.603176821007196
            ],
            [
              94.61263672903395,
              25.60324835584121
            ],
            [
              94.612927948579,
              25.603291554180018
            ],
            [
              94.613222,
              25.603306
            ],
            [
              94.61351605142099,
              25.603291554180018
            ],
            [
              94.61380727096603,
              25.60324835584121
            ],
            [
              94.61409285403175,
              25.603176821007196
            ],
            [
              94.61437005029708,
              25.603077638597533
            ],
            [
              94.61463619021048,
              25.602951763793044
            ],
            [
              94.61488871069905,
              25.602800408836906
            ],
            [
              94.61512517985248,
              25.602625031360088
            ],
            [
              94.61534332034356,
              25.60242732034356
            ],
            [
              94.61554103136008,
              25.60220917985249
            ],
            [
              94.6157164088369,
              25.60197271069906
            ],
            [
              94.61586776379303,
              25.60172019021048
            ],
            [
              94.61599363859753,
              25.601454050297097
            ],
            [
              94.61609282100719,
              25.601176854031763
            ],
            [
              94.6161643558412,
              25.60089127096605
            ],
            [
              94.61620755418001,
              25.60060005142099
            ],
            [
              94.616222,
              25.600306
            ]
          ]
        ]
      }
    },
    {
      "type": "Feature",
      "properties": {
        "landslide_id": "UNKNOWN_ID",
        "zone_name": "Landslide Zone (Phek)",
        "state": "Nagaland",
        "district": "Phek",
        "hazard_type": "LANDSLIDE",
        "risk_level": "HIGH",
        "historical_event_count": 1
      },
      "geometry": {
        "type": "Polygon",
        "coordinates": [
          [
            [
              94.615972,
              25.599722
            ],
            [
              94.61595755418001,
              25.59942794857901
            ],
            [
              94.61591435584121,
              25.59913672903395
            ],
            [
              94.61584282100719,
              25.598851145968236
            ],
            [
              94.61574363859754,
              25.598573949702903
            ],
            [
              94.61561776379304,
              25.59830780978952
            ],
            [
              94.61546640883691,
              25.59805528930094
            ],
            [
              94.61529103136009,
              25.59781882014751
            ],
            [
              94.61509332034356,
              25.59760067965644
            ],
            [
              94.61487517985249,
              25.597402968639912
            ],
            [
              94.61463871069905,
              25.597227591163094
            ],
            [
              94.61438619021048,
              25.597076236206956
            ],
            [
              94.61412005029709,
              25.596950361402467
            ],
            [
              94.61384285403176,
              25.596851178992804
            ],
            [
              94.61355727096604,
              25.59677964415879
            ],
            [
              94.613266051421,
              25.59673644581998
            ],
            [
              94.612972,
              25.596722
            ],
            [
              94.612677948579,
              25.59673644581998
            ],
            [
              94.61238672903396,
              25.59677964415879
            ],
            [
              94.61210114596824,
              25.596851178992804
            ],
            [
              94.61182394970291,
              25.596950361402467
            ],
            [
              94.61155780978952,
              25.597076236206956
            ],
            [
              94.61130528930094,
              25.597227591163094
            ],
            [
              94.61106882014751,
              25.597402968639912
            ],
            [
              94.61085067965644,
              25.59760067965644
            ],
            [
              94.61065296863991,
              25.59781882014751
            ],
            [
              94.61047759116309,
              25.59805528930094
            ],
            [
              94.61032623620696,
              25.59830780978952
            ],
            [
              94.61020036140246,
              25.598573949702903
            ],
            [
              94.6101011789928,
              25.598851145968236
            ],
            [
              94.61002964415879,
              25.59913672903395
            ],
            [
              94.60998644581998,
              25.59942794857901
            ],
            [
              94.609972,
              25.599722
            ],
            [
              94.60998644581998,
              25.60001605142099
            ],
            [
              94.61002964415879,
              25.60030727096605
            ],
            [
              94.6101011789928,
              25.600592854031763
            ],
            [
              94.61020036140246,
              25.600870050297097
            ],
            [
              94.61032623620696,
              25.60113619021048
            ],
            [
              94.61047759116309,
              25.60138871069906
            ],
            [
              94.61065296863991,
              25.60162517985249
            ],
            [
              94.61085067965644,
              25.60184332034356
            ],
            [
              94.61106882014751,
              25.602041031360088
            ],
            [
              94.61130528930094,
              25.602216408836906
            ],
            [
              94.61155780978952,
              25.602367763793044
            ],
            [
              94.61182394970291,
              25.602493638597533
            ],
            [
              94.61210114596824,
              25.602592821007196
            ],
            [
              94.61238672903396,
              25.60266435584121
            ],
            [
              94.612677948579,
              25.602707554180018
            ],
            [
              94.612972,
              25.602722
            ],
            [
              94.613266051421,
              25.602707554180018
            ],
            [
              94.61355727096604,
              25.60266435584121
            ],
            [
              94.61384285403176,
              25.602592821007196
            ],
            [
              94.61412005029709,
              25.602493638597533
            ],
            [
              94.61438619021048,
              25.602367763793044
            ],
            [
              94.61463871069905,
              25.602216408836906
            ],
            [
              94.61487517985249,
              25.602041031360088
            ],
            [
              94.61509332034356,
              25.60184332034356
            ],
            [
              94.61529103136009,
              25.60162517985249
            ],
            [
              94.61546640883691,
              25.60138871069906
            ],
            [
              94.61561776379304,
              25.60113619021048
            ],
            [
              94.61574363859754,
              25.600870050297097
            ],
            [
              94.61584282100719,
              25.600592854031763
            ],
            [
              94.61591435584121,
              25.60030727096605
            ],
            [
              94.61595755418001,
              25.60001605142099
            ],
            [
              94.615972,
              25.599722
            ]
          ]
        ]
      }
    },
    {
      "type": "Feature",
      "properties": {
        "landslide_id": "UNKNOWN_ID",
        "zone_name": "Landslide Zone (Phek)",
        "state": "Nagaland",
        "district": "Phek",
        "hazard_type": "LANDSLIDE",
        "risk_level": "HIGH",
        "historical_event_count": 1
      },
      "geometry": {
        "type": "Polygon",
        "coordinates": [
          [
            [
              94.620222,
              25.599056
            ],
            [
              94.62020755418001,
              25.59876194857901
            ],
            [
              94.62016435584121,
              25.598470729033952
            ],
            [
              94.62009282100719,
              25.598185145968237
            ],
            [
              94.61999363859753,
              25.597907949702904
            ],
            [
              94.61986776379304,
              25.597641809789522
            ],
            [
              94.61971640883691,
              25.597389289300942
            ],
            [
              94.61954103136009,
              25.59715282014751
            ],
            [
              94.61934332034356,
              25.596934679656442
            ],
            [
              94.61912517985249,
              25.596736968639913
            ],
            [
              94.61888871069905,
              25.596561591163095
            ],
            [
              94.61863619021048,
              25.596410236206957
            ],
            [
              94.61837005029709,
              25.596284361402468
            ],
            [
              94.61809285403176,
              25.596185178992805
            ],
            [
              94.61780727096604,
              25.59611364415879
            ],
            [
              94.61751605142099,
              25.596070445819983
            ],
            [
              94.617222,
              25.596056
            ],
            [
              94.616927948579,
              25.596070445819983
            ],
            [
              94.61663672903396,
              25.59611364415879
            ],
            [
              94.61635114596824,
              25.596185178992805
            ],
            [
              94.61607394970291,
              25.596284361402468
            ],
            [
              94.61580780978952,
              25.596410236206957
            ],
            [
              94.61555528930094,
              25.596561591163095
            ],
            [
              94.61531882014751,
              25.596736968639913
            ],
            [
              94.61510067965644,
              25.596934679656442
            ],
            [
              94.61490296863991,
              25.59715282014751
            ],
            [
              94.61472759116309,
              25.597389289300942
            ],
            [
              94.61457623620696,
              25.597641809789522
            ],
            [
              94.61445036140246,
              25.597907949702904
            ],
            [
              94.6143511789928,
              25.598185145968237
            ],
            [
              94.61427964415878,
              25.598470729033952
            ],
            [
              94.61423644581998,
              25.59876194857901
            ],
            [
              94.614222,
              25.599056
            ],
            [
              94.61423644581998,
              25.59935005142099
            ],
            [
              94.61427964415878,
              25.59964127096605
            ],
            [
              94.6143511789928,
              25.599926854031764
            ],
            [
              94.61445036140246,
              25.600204050297098
            ],
            [
              94.61457623620696,
              25.60047019021048
            ],
            [
              94.61472759116309,
              25.60072271069906
            ],
            [
              94.61490296863991,
              25.60095917985249
            ],
            [
              94.61510067965644,
              25.60117732034356
            ],
            [
              94.61531882014751,
              25.60137503136009
            ],
            [
              94.61555528930094,
              25.601550408836907
            ],
            [
              94.61580780978952,
              25.601701763793045
            ],
            [
              94.61607394970291,
              25.601827638597534
            ],
            [
              94.61635114596824,
              25.601926821007197
            ],
            [
              94.61663672903396,
              25.60199835584121
            ],
            [
              94.616927948579,
              25.60204155418002
            ],
            [
              94.617222,
              25.602056
            ],
            [
              94.61751605142099,
              25.60204155418002
            ],
            [
              94.61780727096604,
              25.60199835584121
            ],
            [
              94.61809285403176,
              25.601926821007197
            ],
            [
              94.61837005029709,
              25.601827638597534
            ],
            [
              94.61863619021048,
              25.601701763793045
            ],
            [
              94.61888871069905,
              25.601550408836907
            ],
            [
              94.61912517985249,
              25.60137503136009
            ],
            [
              94.61934332034356,
              25.60117732034356
            ],
            [
              94.61954103136009,
              25.60095917985249
            ],
            [
              94.61971640883691,
              25.60072271069906
            ],
            [
              94.61986776379304,
              25.60047019021048
            ],
            [
              94.61999363859753,
              25.600204050297098
            ],
            [
              94.62009282100719,
              25.599926854031764
            ],
            [
              94.62016435584121,
              25.59964127096605
            ],
            [
              94.62020755418001,
              25.59935005142099
            ],
            [
              94.620222,
              25.599056
            ]
          ]
        ]
      }
    },
    {
      "type": "Feature",
      "properties": {
        "landslide_id": "UNKNOWN_ID",
        "zone_name": "Landslide Zone (Phek)",
        "state": "Nagaland",
        "district": "Phek",
        "hazard_type": "LANDSLIDE",
        "risk_level": "HIGH",
        "historical_event_count": 1
      },
      "geometry": {
        "type": "Polygon",
        "coordinates": [
          [
            [
              94.5125,
              25.650556
            ],
            [
              94.51248555418002,
              25.65026194857901
            ],
            [
              94.51244235584122,
              25.649970729033953
            ],
            [
              94.5123708210072,
              25.64968514596824
            ],
            [
              94.51227163859754,
              25.649407949702905
            ],
            [
              94.51214576379304,
              25.649141809789523
            ],
            [
              94.51199440883691,
              25.648889289300943
            ],
            [
              94.51181903136009,
              25.64865282014751
            ],
            [
              94.51162132034356,
              25.648434679656443
            ],
            [
              94.5114031798525,
              25.648236968639914
            ],
            [
              94.51116671069906,
              25.648061591163096
            ],
            [
              94.51091419021049,
              25.647910236206958
            ],
            [
              94.51064805029709,
              25.64778436140247
            ],
            [
              94.51037085403176,
              25.647685178992806
            ],
            [
              94.51008527096604,
              25.647613644158792
            ],
            [
              94.509794051421,
              25.647570445819984
            ],
            [
              94.5095,
              25.647556
            ],
            [
              94.50920594857901,
              25.647570445819984
            ],
            [
              94.50891472903396,
              25.647613644158792
            ],
            [
              94.50862914596824,
              25.647685178992806
            ],
            [
              94.50835194970291,
              25.64778436140247
            ],
            [
              94.50808580978952,
              25.647910236206958
            ],
            [
              94.50783328930095,
              25.648061591163096
            ],
            [
              94.50759682014751,
              25.648236968639914
            ],
            [
              94.50737867965644,
              25.648434679656443
            ],
            [
              94.50718096863991,
              25.64865282014751
            ],
            [
              94.5070055911631,
              25.648889289300943
            ],
            [
              94.50685423620696,
              25.649141809789523
            ],
            [
              94.50672836140247,
              25.649407949702905
            ],
            [
              94.50662917899281,
              25.64968514596824
            ],
            [
              94.50655764415879,
              25.649970729033953
            ],
            [
              94.50651444581999,
              25.65026194857901
            ],
            [
              94.5065,
              25.650556
            ],
            [
              94.50651444581999,
              25.650850051420992
            ],
            [
              94.50655764415879,
              25.65114127096605
            ],
            [
              94.50662917899281,
              25.651426854031765
            ],
            [
              94.50672836140247,
              25.6517040502971
            ],
            [
              94.50685423620696,
              25.65197019021048
            ],
            [
              94.5070055911631,
              25.65222271069906
            ],
            [
              94.50718096863991,
              25.652459179852492
            ],
            [
              94.50737867965644,
              25.65267732034356
            ],
            [
              94.50759682014751,
              25.65287503136009
            ],
            [
              94.50783328930095,
              25.653050408836908
            ],
            [
              94.50808580978952,
              25.653201763793046
            ],
            [
              94.50835194970291,
              25.653327638597535
            ],
            [
              94.50862914596824,
              25.653426821007198
            ],
            [
              94.50891472903396,
              25.65349835584121
            ],
            [
              94.50920594857901,
              25.65354155418002
            ],
            [
              94.5095,
              25.653556000000002
            ],
            [
              94.509794051421,
              25.65354155418002
            ],
            [
              94.51008527096604,
              25.65349835584121
            ],
            [
              94.51037085403176,
              25.653426821007198
            ],
            [
              94.51064805029709,
              25.653327638597535
            ],
            [
              94.51091419021049,
              25.653201763793046
            ],
            [
              94.51116671069906,
              25.653050408836908
            ],
            [
              94.5114031798525,
              25.65287503136009
            ],
            [
              94.51162132034356,
              25.65267732034356
            ],
            [
              94.51181903136009,
              25.652459179852492
            ],
            [
              94.51199440883691,
              25.65222271069906
            ],
            [
              94.51214576379304,
              25.65197019021048
            ],
            [
              94.51227163859754,
              25.6517040502971
            ],
            [
              94.5123708210072,
              25.651426854031765
            ],
            [
              94.51244235584122,
              25.65114127096605
            ],
            [
              94.51248555418002,
              25.650850051420992
            ],
            [
              94.5125,
              25.650556
            ]
          ]
        ]
      }
    },
    {
      "type": "Feature",
      "properties": {
        "landslide_id": "UNKNOWN_ID",
        "zone_name": "Landslide Zone (Phek)",
        "state": "Nagaland",
        "district": "Phek",
        "hazard_type": "LANDSLIDE",
        "risk_level": "HIGH",
        "historical_event_count": 1
      },
      "geometry": {
        "type": "Polygon",
        "coordinates": [
          [
            [
              94.513556,
              25.650111
            ],
            [
              94.51354155418001,
              25.64981694857901
            ],
            [
              94.51349835584121,
              25.64952572903395
            ],
            [
              94.51342682100719,
              25.649240145968236
            ],
            [
              94.51332763859753,
              25.648962949702902
            ],
            [
              94.51320176379303,
              25.64869680978952
            ],
            [
              94.5130504088369,
              25.64844428930094
            ],
            [
              94.51287503136008,
              25.64820782014751
            ],
            [
              94.51267732034356,
              25.64798967965644
            ],
            [
              94.51245917985248,
              25.64779196863991
            ],
            [
              94.51222271069905,
              25.647616591163093
            ],
            [
              94.51197019021048,
              25.647465236206955
            ],
            [
              94.51170405029708,
              25.647339361402466
            ],
            [
              94.51142685403175,
              25.647240178992803
            ],
            [
              94.51114127096604,
              25.64716864415879
            ],
            [
              94.51085005142099,
              25.64712544581998
            ],
            [
              94.510556,
              25.647111
            ],
            [
              94.510261948579,
              25.64712544581998
            ],
            [
              94.50997072903395,
              25.64716864415879
            ],
            [
              94.50968514596823,
              25.647240178992803
            ],
            [
              94.5094079497029,
              25.647339361402466
            ],
            [
              94.50914180978951,
              25.647465236206955
            ],
            [
              94.50888928930094,
              25.647616591163093
            ],
            [
              94.5086528201475,
              25.64779196863991
            ],
            [
              94.50843467965643,
              25.64798967965644
            ],
            [
              94.5082369686399,
              25.64820782014751
            ],
            [
              94.50806159116308,
              25.64844428930094
            ],
            [
              94.50791023620695,
              25.64869680978952
            ],
            [
              94.50778436140246,
              25.648962949702902
            ],
            [
              94.5076851789928,
              25.649240145968236
            ],
            [
              94.50761364415878,
              25.64952572903395
            ],
            [
              94.50757044581998,
              25.64981694857901
            ],
            [
              94.507556,
              25.650111
            ],
            [
              94.50757044581998,
              25.65040505142099
            ],
            [
              94.50761364415878,
              25.650696270966048
            ],
            [
              94.5076851789928,
              25.650981854031762
            ],
            [
              94.50778436140246,
              25.651259050297096
            ],
            [
              94.50791023620695,
              25.651525190210478
            ],
            [
              94.50806159116308,
              25.651777710699058
            ],
            [
              94.5082369686399,
              25.65201417985249
            ],
            [
              94.50843467965643,
              25.652232320343558
            ],
            [
              94.5086528201475,
              25.652430031360087
            ],
            [
              94.50888928930094,
              25.652605408836905
            ],
            [
              94.50914180978951,
              25.652756763793043
            ],
            [
              94.5094079497029,
              25.652882638597532
            ],
            [
              94.50968514596823,
              25.652981821007195
            ],
            [
              94.50997072903395,
              25.65305335584121
            ],
            [
              94.510261948579,
              25.653096554180017
            ],
            [
              94.510556,
              25.653111
            ],
            [
              94.51085005142099,
              25.653096554180017
            ],
            [
              94.51114127096604,
              25.65305335584121
            ],
            [
              94.51142685403175,
              25.652981821007195
            ],
            [
              94.51170405029708,
              25.652882638597532
            ],
            [
              94.51197019021048,
              25.652756763793043
            ],
            [
              94.51222271069905,
              25.652605408836905
            ],
            [
              94.51245917985248,
              25.652430031360087
            ],
            [
              94.51267732034356,
              25.652232320343558
            ],
            [
              94.51287503136008,
              25.65201417985249
            ],
            [
              94.5130504088369,
              25.651777710699058
            ],
            [
              94.51320176379303,
              25.651525190210478
            ],
            [
              94.51332763859753,
              25.651259050297096
            ],
            [
              94.51342682100719,
              25.650981854031762
            ],
            [
              94.51349835584121,
              25.650696270966048
            ],
            [
              94.51354155418001,
              25.65040505142099
            ],
            [
              94.513556,
              25.650111
            ]
          ]
        ]
      }
    },
    {
      "type": "Feature",
      "properties": {
        "landslide_id": "UNKNOWN_ID",
        "zone_name": "Landslide Zone (Phek)",
        "state": "Nagaland",
        "district": "Phek",
        "hazard_type": "LANDSLIDE",
        "risk_level": "HIGH",
        "historical_event_count": 1
      },
      "geometry": {
        "type": "Polygon",
        "coordinates": [
          [
            [
              94.517833,
              25.651
            ],
            [
              94.51781855418001,
              25.65070594857901
            ],
            [
              94.51777535584121,
              25.65041472903395
            ],
            [
              94.51770382100719,
              25.650129145968236
            ],
            [
              94.51760463859753,
              25.649851949702903
            ],
            [
              94.51747876379304,
              25.64958580978952
            ],
            [
              94.5173274088369,
              25.64933328930094
            ],
            [
              94.51715203136008,
              25.64909682014751
            ],
            [
              94.51695432034356,
              25.64887867965644
            ],
            [
              94.51673617985249,
              25.648680968639912
            ],
            [
              94.51649971069905,
              25.648505591163094
            ],
            [
              94.51624719021048,
              25.648354236206956
            ],
            [
              94.51598105029709,
              25.648228361402467
            ],
            [
              94.51570385403176,
              25.648129178992804
            ],
            [
              94.51541827096604,
              25.64805764415879
            ],
            [
              94.51512705142099,
              25.64801444581998
            ],
            [
              94.514833,
              25.648
            ],
            [
              94.514538948579,
              25.64801444581998
            ],
            [
              94.51424772903395,
              25.64805764415879
            ],
            [
              94.51396214596824,
              25.648129178992804
            ],
            [
              94.5136849497029,
              25.648228361402467
            ],
            [
              94.51341880978951,
              25.648354236206956
            ],
            [
              94.51316628930094,
              25.648505591163094
            ],
            [
              94.5129298201475,
              25.648680968639912
            ],
            [
              94.51271167965643,
              25.64887867965644
            ],
            [
              94.51251396863991,
              25.64909682014751
            ],
            [
              94.51233859116309,
              25.64933328930094
            ],
            [
              94.51218723620696,
              25.64958580978952
            ],
            [
              94.51206136140246,
              25.649851949702903
            ],
            [
              94.5119621789928,
              25.650129145968236
            ],
            [
              94.51189064415878,
              25.65041472903395
            ],
            [
              94.51184744581998,
              25.65070594857901
            ],
            [
              94.511833,
              25.651
            ],
            [
              94.51184744581998,
              25.65129405142099
            ],
            [
              94.51189064415878,
              25.65158527096605
            ],
            [
              94.5119621789928,
              25.651870854031763
            ],
            [
              94.51206136140246,
              25.652148050297097
            ],
            [
              94.51218723620696,
              25.65241419021048
            ],
            [
              94.51233859116309,
              25.65266671069906
            ],
            [
              94.51251396863991,
              25.65290317985249
            ],
            [
              94.51271167965643,
              25.65312132034356
            ],
            [
              94.5129298201475,
              25.653319031360088
            ],
            [
              94.51316628930094,
              25.653494408836906
            ],
            [
              94.51341880978951,
              25.653645763793044
            ],
            [
              94.5136849497029,
              25.653771638597533
            ],
            [
              94.51396214596824,
              25.653870821007196
            ],
            [
              94.51424772903395,
              25.65394235584121
            ],
            [
              94.514538948579,
              25.653985554180018
            ],
            [
              94.514833,
              25.654
            ],
            [
              94.51512705142099,
              25.653985554180018
            ],
            [
              94.51541827096604,
              25.65394235584121
            ],
            [
              94.51570385403176,
              25.653870821007196
            ],
            [
              94.51598105029709,
              25.653771638597533
            ],
            [
              94.51624719021048,
              25.653645763793044
            ],
            [
              94.51649971069905,
              25.653494408836906
            ],
            [
              94.51673617985249,
              25.653319031360088
            ],
            [
              94.51695432034356,
              25.65312132034356
            ],
            [
              94.51715203136008,
              25.65290317985249
            ],
            [
              94.5173274088369,
              25.65266671069906
            ],
            [
              94.51747876379304,
              25.65241419021048
            ],
            [
              94.51760463859753,
              25.652148050297097
            ],
            [
              94.51770382100719,
              25.651870854031763
            ],
            [
              94.51777535584121,
              25.65158527096605
            ],
            [
              94.51781855418001,
              25.65129405142099
            ],
            [
              94.517833,
              25.651
            ]
          ]
        ]
      }
    },
    {
      "type": "Feature",
      "properties": {
        "landslide_id": "UNKNOWN_ID",
        "zone_name": "Landslide Zone (Phek)",
        "state": "Nagaland",
        "district": "Phek",
        "hazard_type": "LANDSLIDE",
        "risk_level": "HIGH",
        "historical_event_count": 1
      },
      "geometry": {
        "type": "Polygon",
        "coordinates": [
          [
            [
              94.52525,
              25.651528
            ],
            [
              94.52523555418001,
              25.65123394857901
            ],
            [
              94.52519235584121,
              25.65094272903395
            ],
            [
              94.52512082100719,
              25.650657145968236
            ],
            [
              94.52502163859754,
              25.650379949702902
            ],
            [
              94.52489576379304,
              25.65011380978952
            ],
            [
              94.52474440883691,
              25.64986128930094
            ],
            [
              94.52456903136009,
              25.64962482014751
            ],
            [
              94.52437132034356,
              25.64940667965644
            ],
            [
              94.52415317985249,
              25.64920896863991
            ],
            [
              94.52391671069905,
              25.649033591163093
            ],
            [
              94.52366419021048,
              25.648882236206955
            ],
            [
              94.52339805029709,
              25.648756361402466
            ],
            [
              94.52312085403176,
              25.648657178992803
            ],
            [
              94.52283527096604,
              25.64858564415879
            ],
            [
              94.522544051421,
              25.64854244581998
            ],
            [
              94.52225,
              25.648528
            ],
            [
              94.521955948579,
              25.64854244581998
            ],
            [
              94.52166472903396,
              25.64858564415879
            ],
            [
              94.52137914596824,
              25.648657178992803
            ],
            [
              94.52110194970291,
              25.648756361402466
            ],
            [
              94.52083580978952,
              25.648882236206955
            ],
            [
              94.52058328930094,
              25.649033591163093
            ],
            [
              94.52034682014751,
              25.64920896863991
            ],
            [
              94.52012867965644,
              25.64940667965644
            ],
            [
              94.51993096863991,
              25.64962482014751
            ],
            [
              94.51975559116309,
              25.64986128930094
            ],
            [
              94.51960423620696,
              25.65011380978952
            ],
            [
              94.51947836140246,
              25.650379949702902
            ],
            [
              94.5193791789928,
              25.650657145968236
            ],
            [
              94.51930764415879,
              25.65094272903395
            ],
            [
              94.51926444581999,
              25.65123394857901
            ],
            [
              94.51925,
              25.651528
            ],
            [
              94.51926444581999,
              25.65182205142099
            ],
            [
              94.51930764415879,
              25.652113270966048
            ],
            [
              94.5193791789928,
              25.652398854031762
            ],
            [
              94.51947836140246,
              25.652676050297096
            ],
            [
              94.51960423620696,
              25.652942190210478
            ],
            [
              94.51975559116309,
              25.653194710699058
            ],
            [
              94.51993096863991,
              25.65343117985249
            ],
            [
              94.52012867965644,
              25.653649320343558
            ],
            [
              94.52034682014751,
              25.653847031360087
            ],
            [
              94.52058328930094,
              25.654022408836905
            ],
            [
              94.52083580978952,
              25.654173763793043
            ],
            [
              94.52110194970291,
              25.654299638597532
            ],
            [
              94.52137914596824,
              25.654398821007195
            ],
            [
              94.52166472903396,
              25.65447035584121
            ],
            [
              94.521955948579,
              25.654513554180017
            ],
            [
              94.52225,
              25.654528
            ],
            [
              94.522544051421,
              25.654513554180017
            ],
            [
              94.52283527096604,
              25.65447035584121
            ],
            [
              94.52312085403176,
              25.654398821007195
            ],
            [
              94.52339805029709,
              25.654299638597532
            ],
            [
              94.52366419021048,
              25.654173763793043
            ],
            [
              94.52391671069905,
              25.654022408836905
            ],
            [
              94.52415317985249,
              25.653847031360087
            ],
            [
              94.52437132034356,
              25.653649320343558
            ],
            [
              94.52456903136009,
              25.65343117985249
            ],
            [
              94.52474440883691,
              25.653194710699058
            ],
            [
              94.52489576379304,
              25.652942190210478
            ],
            [
              94.52502163859754,
              25.652676050297096
            ],
            [
              94.52512082100719,
              25.652398854031762
            ],
            [
              94.52519235584121,
              25.652113270966048
            ],
            [
              94.52523555418001,
              25.65182205142099
            ],
            [
              94.52525,
              25.651528
            ]
          ]
        ]
      }
    },
    {
      "type": "Feature",
      "properties": {
        "landslide_id": "UNKNOWN_ID",
        "zone_name": "Landslide Zone (Phek)",
        "state": "Nagaland",
        "district": "Phek",
        "hazard_type": "LANDSLIDE",
        "risk_level": "HIGH",
        "historical_event_count": 1
      },
      "geometry": {
        "type": "Polygon",
        "coordinates": [
          [
            [
              94.546194,
              25.668417
            ],
            [
              94.54617955418001,
              25.66812294857901
            ],
            [
              94.54613635584121,
              25.667831729033953
            ],
            [
              94.54606482100719,
              25.667546145968238
            ],
            [
              94.54596563859754,
              25.667268949702905
            ],
            [
              94.54583976379304,
              25.667002809789523
            ],
            [
              94.54568840883691,
              25.666750289300943
            ],
            [
              94.54551303136009,
              25.66651382014751
            ],
            [
              94.54531532034356,
              25.666295679656443
            ],
            [
              94.54509717985249,
              25.666097968639914
            ],
            [
              94.54486071069906,
              25.665922591163095
            ],
            [
              94.54460819021048,
              25.665771236206957
            ],
            [
              94.54434205029709,
              25.66564536140247
            ],
            [
              94.54406485403176,
              25.665546178992805
            ],
            [
              94.54377927096604,
              25.66547464415879
            ],
            [
              94.543488051421,
              25.665431445819983
            ],
            [
              94.543194,
              25.665417
            ],
            [
              94.542899948579,
              25.665431445819983
            ],
            [
              94.54260872903396,
              25.66547464415879
            ],
            [
              94.54232314596824,
              25.665546178992805
            ],
            [
              94.54204594970291,
              25.66564536140247
            ],
            [
              94.54177980978952,
              25.665771236206957
            ],
            [
              94.54152728930094,
              25.665922591163095
            ],
            [
              94.54129082014751,
              25.666097968639914
            ],
            [
              94.54107267965644,
              25.666295679656443
            ],
            [
              94.54087496863991,
              25.66651382014751
            ],
            [
              94.54069959116309,
              25.666750289300943
            ],
            [
              94.54054823620696,
              25.667002809789523
            ],
            [
              94.54042236140246,
              25.667268949702905
            ],
            [
              94.54032317899281,
              25.667546145968238
            ],
            [
              94.54025164415879,
              25.667831729033953
            ],
            [
              94.54020844581999,
              25.66812294857901
            ],
            [
              94.540194,
              25.668417
            ],
            [
              94.54020844581999,
              25.668711051420992
            ],
            [
              94.54025164415879,
              25.66900227096605
            ],
            [
              94.54032317899281,
              25.669287854031765
            ],
            [
              94.54042236140246,
              25.6695650502971
            ],
            [
              94.54054823620696,
              25.66983119021048
            ],
            [
              94.54069959116309,
              25.67008371069906
            ],
            [
              94.54087496863991,
              25.670320179852492
            ],
            [
              94.54107267965644,
              25.67053832034356
            ],
            [
              94.54129082014751,
              25.67073603136009
            ],
            [
              94.54152728930094,
              25.670911408836908
            ],
            [
              94.54177980978952,
              25.671062763793046
            ],
            [
              94.54204594970291,
              25.671188638597535
            ],
            [
              94.54232314596824,
              25.671287821007198
            ],
            [
              94.54260872903396,
              25.67135935584121
            ],
            [
              94.542899948579,
              25.67140255418002
            ],
            [
              94.543194,
              25.671417
            ],
            [
              94.543488051421,
              25.67140255418002
            ],
            [
              94.54377927096604,
              25.67135935584121
            ],
            [
              94.54406485403176,
              25.671287821007198
            ],
            [
              94.54434205029709,
              25.671188638597535
            ],
            [
              94.54460819021048,
              25.671062763793046
            ],
            [
              94.54486071069906,
              25.670911408836908
            ],
            [
              94.54509717985249,
              25.67073603136009
            ],
            [
              94.54531532034356,
              25.67053832034356
            ],
            [
              94.54551303136009,
              25.670320179852492
            ],
            [
              94.54568840883691,
              25.67008371069906
            ],
            [
              94.54583976379304,
              25.66983119021048
            ],
            [
              94.54596563859754,
              25.6695650502971
            ],
            [
              94.54606482100719,
              25.669287854031765
            ],
            [
              94.54613635584121,
              25.66900227096605
            ],
            [
              94.54617955418001,
              25.668711051420992
            ],
            [
              94.546194,
              25.668417
            ]
          ]
        ]
      }
    },
    {
      "type": "Feature",
      "properties": {
        "landslide_id": "UNKNOWN_ID",
        "zone_name": "Landslide Zone (Phek)",
        "state": "Nagaland",
        "district": "Phek",
        "hazard_type": "LANDSLIDE",
        "risk_level": "HIGH",
        "historical_event_count": 1
      },
      "geometry": {
        "type": "Polygon",
        "coordinates": [
          [
            [
              94.582944,
              25.711278
            ],
            [
              94.58292955418001,
              25.71098394857901
            ],
            [
              94.58288635584121,
              25.71069272903395
            ],
            [
              94.58281482100719,
              25.710407145968237
            ],
            [
              94.58271563859753,
              25.710129949702903
            ],
            [
              94.58258976379304,
              25.70986380978952
            ],
            [
              94.58243840883691,
              25.70961128930094
            ],
            [
              94.58226303136009,
              25.70937482014751
            ],
            [
              94.58206532034356,
              25.70915667965644
            ],
            [
              94.58184717985249,
              25.708958968639912
            ],
            [
              94.58161071069905,
              25.708783591163094
            ],
            [
              94.58135819021048,
              25.708632236206956
            ],
            [
              94.58109205029709,
              25.708506361402467
            ],
            [
              94.58081485403176,
              25.708407178992804
            ],
            [
              94.58052927096604,
              25.70833564415879
            ],
            [
              94.58023805142099,
              25.708292445819982
            ],
            [
              94.579944,
              25.708278
            ],
            [
              94.579649948579,
              25.708292445819982
            ],
            [
              94.57935872903396,
              25.70833564415879
            ],
            [
              94.57907314596824,
              25.708407178992804
            ],
            [
              94.57879594970291,
              25.708506361402467
            ],
            [
              94.57852980978952,
              25.708632236206956
            ],
            [
              94.57827728930094,
              25.708783591163094
            ],
            [
              94.5780408201475,
              25.708958968639912
            ],
            [
              94.57782267965644,
              25.70915667965644
            ],
            [
              94.57762496863991,
              25.70937482014751
            ],
            [
              94.57744959116309,
              25.70961128930094
            ],
            [
              94.57729823620696,
              25.70986380978952
            ],
            [
              94.57717236140246,
              25.710129949702903
            ],
            [
              94.5770731789928,
              25.710407145968237
            ],
            [
              94.57700164415878,
              25.71069272903395
            ],
            [
              94.57695844581998,
              25.71098394857901
            ],
            [
              94.576944,
              25.711278
            ],
            [
              94.57695844581998,
              25.71157205142099
            ],
            [
              94.57700164415878,
              25.71186327096605
            ],
            [
              94.5770731789928,
              25.712148854031764
            ],
            [
              94.57717236140246,
              25.712426050297097
            ],
            [
              94.57729823620696,
              25.71269219021048
            ],
            [
              94.57744959116309,
              25.71294471069906
            ],
            [
              94.57762496863991,
              25.71318117985249
            ],
            [
              94.57782267965644,
              25.71339932034356
            ],
            [
              94.5780408201475,
              25.713597031360088
            ],
            [
              94.57827728930094,
              25.713772408836906
            ],
            [
              94.57852980978952,
              25.713923763793044
            ],
            [
              94.57879594970291,
              25.714049638597533
            ],
            [
              94.57907314596824,
              25.714148821007196
            ],
            [
              94.57935872903396,
              25.71422035584121
            ],
            [
              94.579649948579,
              25.714263554180018
            ],
            [
              94.579944,
              25.714278
            ],
            [
              94.58023805142099,
              25.714263554180018
            ],
            [
              94.58052927096604,
              25.71422035584121
            ],
            [
              94.58081485403176,
              25.714148821007196
            ],
            [
              94.58109205029709,
              25.714049638597533
            ],
            [
              94.58135819021048,
              25.713923763793044
            ],
            [
              94.58161071069905,
              25.713772408836906
            ],
            [
              94.58184717985249,
              25.713597031360088
            ],
            [
              94.58206532034356,
              25.71339932034356
            ],
            [
              94.58226303136009,
              25.71318117985249
            ],
            [
              94.58243840883691,
              25.71294471069906
            ],
            [
              94.58258976379304,
              25.71269219021048
            ],
            [
              94.58271563859753,
              25.712426050297097
            ],
            [
              94.58281482100719,
              25.712148854031764
            ],
            [
              94.58288635584121,
              25.71186327096605
            ],
            [
              94.58292955418001,
              25.71157205142099
            ],
            [
              94.582944,
              25.711278
            ]
          ]
        ]
      }
    },
    {
      "type": "Feature",
      "properties": {
        "landslide_id": "UNKNOWN_ID",
        "zone_name": "Landslide Zone (Phek)",
        "state": "Nagaland",
        "district": "Phek",
        "hazard_type": "LANDSLIDE",
        "risk_level": "HIGH",
        "historical_event_count": 1
      },
      "geometry": {
        "type": "Polygon",
        "coordinates": [
          [
            [
              94.587722,
              25.692222
            ],
            [
              94.58770755418001,
              25.69192794857901
            ],
            [
              94.58766435584121,
              25.691636729033952
            ],
            [
              94.58759282100719,
              25.691351145968238
            ],
            [
              94.58749363859754,
              25.691073949702904
            ],
            [
              94.58736776379304,
              25.690807809789522
            ],
            [
              94.58721640883691,
              25.690555289300942
            ],
            [
              94.58704103136009,
              25.69031882014751
            ],
            [
              94.58684332034356,
              25.690100679656442
            ],
            [
              94.58662517985249,
              25.689902968639913
            ],
            [
              94.58638871069905,
              25.689727591163095
            ],
            [
              94.58613619021048,
              25.689576236206957
            ],
            [
              94.58587005029709,
              25.689450361402468
            ],
            [
              94.58559285403176,
              25.689351178992805
            ],
            [
              94.58530727096604,
              25.68927964415879
            ],
            [
              94.585016051421,
              25.689236445819983
            ],
            [
              94.584722,
              25.689222
            ],
            [
              94.584427948579,
              25.689236445819983
            ],
            [
              94.58413672903396,
              25.68927964415879
            ],
            [
              94.58385114596824,
              25.689351178992805
            ],
            [
              94.58357394970291,
              25.689450361402468
            ],
            [
              94.58330780978952,
              25.689576236206957
            ],
            [
              94.58305528930094,
              25.689727591163095
            ],
            [
              94.58281882014751,
              25.689902968639913
            ],
            [
              94.58260067965644,
              25.690100679656442
            ],
            [
              94.58240296863991,
              25.69031882014751
            ],
            [
              94.58222759116309,
              25.690555289300942
            ],
            [
              94.58207623620696,
              25.690807809789522
            ],
            [
              94.58195036140246,
              25.691073949702904
            ],
            [
              94.5818511789928,
              25.691351145968238
            ],
            [
              94.58177964415879,
              25.691636729033952
            ],
            [
              94.58173644581998,
              25.69192794857901
            ],
            [
              94.581722,
              25.692222
            ],
            [
              94.58173644581998,
              25.69251605142099
            ],
            [
              94.58177964415879,
              25.69280727096605
            ],
            [
              94.5818511789928,
              25.693092854031764
            ],
            [
              94.58195036140246,
              25.693370050297098
            ],
            [
              94.58207623620696,
              25.69363619021048
            ],
            [
              94.58222759116309,
              25.69388871069906
            ],
            [
              94.58240296863991,
              25.69412517985249
            ],
            [
              94.58260067965644,
              25.69434332034356
            ],
            [
              94.58281882014751,
              25.69454103136009
            ],
            [
              94.58305528930094,
              25.694716408836907
            ],
            [
              94.58330780978952,
              25.694867763793045
            ],
            [
              94.58357394970291,
              25.694993638597534
            ],
            [
              94.58385114596824,
              25.695092821007197
            ],
            [
              94.58413672903396,
              25.69516435584121
            ],
            [
              94.584427948579,
              25.69520755418002
            ],
            [
              94.584722,
              25.695222
            ],
            [
              94.585016051421,
              25.69520755418002
            ],
            [
              94.58530727096604,
              25.69516435584121
            ],
            [
              94.58559285403176,
              25.695092821007197
            ],
            [
              94.58587005029709,
              25.694993638597534
            ],
            [
              94.58613619021048,
              25.694867763793045
            ],
            [
              94.58638871069905,
              25.694716408836907
            ],
            [
              94.58662517985249,
              25.69454103136009
            ],
            [
              94.58684332034356,
              25.69434332034356
            ],
            [
              94.58704103136009,
              25.69412517985249
            ],
            [
              94.58721640883691,
              25.69388871069906
            ],
            [
              94.58736776379304,
              25.69363619021048
            ],
            [
              94.58749363859754,
              25.693370050297098
            ],
            [
              94.58759282100719,
              25.693092854031764
            ],
            [
              94.58766435584121,
              25.69280727096605
            ],
            [
              94.58770755418001,
              25.69251605142099
            ],
            [
              94.587722,
              25.692222
            ]
          ]
        ]
      }
    },
    {
      "type": "Feature",
      "properties": {
        "landslide_id": "UNKNOWN_ID",
        "zone_name": "Landslide Zone (Phek)",
        "state": "Nagaland",
        "district": "Phek",
        "hazard_type": "LANDSLIDE",
        "risk_level": "HIGH",
        "historical_event_count": 1
      },
      "geometry": {
        "type": "Polygon",
        "coordinates": [
          [
            [
              94.663694,
              25.515222
            ],
            [
              94.66367955418002,
              25.51492794857901
            ],
            [
              94.66363635584122,
              25.514636729033953
            ],
            [
              94.6635648210072,
              25.514351145968238
            ],
            [
              94.66346563859754,
              25.514073949702905
            ],
            [
              94.66333976379305,
              25.513807809789522
            ],
            [
              94.66318840883692,
              25.513555289300943
            ],
            [
              94.6630130313601,
              25.51331882014751
            ],
            [
              94.66281532034357,
              25.513100679656443
            ],
            [
              94.6625971798525,
              25.512902968639914
            ],
            [
              94.66236071069906,
              25.512727591163095
            ],
            [
              94.66210819021049,
              25.512576236206957
            ],
            [
              94.6618420502971,
              25.51245036140247
            ],
            [
              94.66156485403177,
              25.512351178992805
            ],
            [
              94.66127927096605,
              25.51227964415879
            ],
            [
              94.660988051421,
              25.512236445819983
            ],
            [
              94.660694,
              25.512222
            ],
            [
              94.66039994857901,
              25.512236445819983
            ],
            [
              94.66010872903396,
              25.51227964415879
            ],
            [
              94.65982314596825,
              25.512351178992805
            ],
            [
              94.65954594970292,
              25.51245036140247
            ],
            [
              94.65927980978952,
              25.512576236206957
            ],
            [
              94.65902728930095,
              25.512727591163095
            ],
            [
              94.65879082014752,
              25.512902968639914
            ],
            [
              94.65857267965644,
              25.513100679656443
            ],
            [
              94.65837496863992,
              25.51331882014751
            ],
            [
              94.6581995911631,
              25.513555289300943
            ],
            [
              94.65804823620697,
              25.513807809789522
            ],
            [
              94.65792236140247,
              25.514073949702905
            ],
            [
              94.65782317899281,
              25.514351145968238
            ],
            [
              94.6577516441588,
              25.514636729033953
            ],
            [
              94.65770844581999,
              25.51492794857901
            ],
            [
              94.657694,
              25.515222
            ],
            [
              94.65770844581999,
              25.51551605142099
            ],
            [
              94.6577516441588,
              25.51580727096605
            ],
            [
              94.65782317899281,
              25.516092854031765
            ],
            [
              94.65792236140247,
              25.5163700502971
            ],
            [
              94.65804823620697,
              25.51663619021048
            ],
            [
              94.6581995911631,
              25.51688871069906
            ],
            [
              94.65837496863992,
              25.517125179852492
            ],
            [
              94.65857267965644,
              25.51734332034356
            ],
            [
              94.65879082014752,
              25.51754103136009
            ],
            [
              94.65902728930095,
              25.517716408836908
            ],
            [
              94.65927980978952,
              25.517867763793046
            ],
            [
              94.65954594970292,
              25.517993638597535
            ],
            [
              94.65982314596825,
              25.518092821007198
            ],
            [
              94.66010872903396,
              25.51816435584121
            ],
            [
              94.66039994857901,
              25.51820755418002
            ],
            [
              94.660694,
              25.518222
            ],
            [
              94.660988051421,
              25.51820755418002
            ],
            [
              94.66127927096605,
              25.51816435584121
            ],
            [
              94.66156485403177,
              25.518092821007198
            ],
            [
              94.6618420502971,
              25.517993638597535
            ],
            [
              94.66210819021049,
              25.517867763793046
            ],
            [
              94.66236071069906,
              25.517716408836908
            ],
            [
              94.6625971798525,
              25.51754103136009
            ],
            [
              94.66281532034357,
              25.51734332034356
            ],
            [
              94.6630130313601,
              25.517125179852492
            ],
            [
              94.66318840883692,
              25.51688871069906
            ],
            [
              94.66333976379305,
              25.51663619021048
            ],
            [
              94.66346563859754,
              25.5163700502971
            ],
            [
              94.6635648210072,
              25.516092854031765
            ],
            [
              94.66363635584122,
              25.51580727096605
            ],
            [
              94.66367955418002,
              25.51551605142099
            ],
            [
              94.663694,
              25.515222
            ]
          ]
        ]
      }
    },
    {
      "type": "Feature",
      "properties": {
        "landslide_id": "UNKNOWN_ID",
        "zone_name": "Landslide Zone (Phek)",
        "state": "Nagaland",
        "district": "Phek",
        "hazard_type": "LANDSLIDE",
        "risk_level": "HIGH",
        "historical_event_count": 1
      },
      "geometry": {
        "type": "Polygon",
        "coordinates": [
          [
            [
              94.664194,
              25.502917
            ],
            [
              94.66417955418001,
              25.50262294857901
            ],
            [
              94.66413635584121,
              25.50233172903395
            ],
            [
              94.66406482100719,
              25.502046145968237
            ],
            [
              94.66396563859753,
              25.501768949702903
            ],
            [
              94.66383976379304,
              25.50150280978952
            ],
            [
              94.6636884088369,
              25.50125028930094
            ],
            [
              94.66351303136008,
              25.50101382014751
            ],
            [
              94.66331532034356,
              25.50079567965644
            ],
            [
              94.66309717985249,
              25.500597968639912
            ],
            [
              94.66286071069905,
              25.500422591163094
            ],
            [
              94.66260819021048,
              25.500271236206956
            ],
            [
              94.66234205029708,
              25.500145361402467
            ],
            [
              94.66206485403175,
              25.500046178992804
            ],
            [
              94.66177927096604,
              25.49997464415879
            ],
            [
              94.66148805142099,
              25.499931445819982
            ],
            [
              94.661194,
              25.499917
            ],
            [
              94.660899948579,
              25.499931445819982
            ],
            [
              94.66060872903395,
              25.49997464415879
            ],
            [
              94.66032314596823,
              25.500046178992804
            ],
            [
              94.6600459497029,
              25.500145361402467
            ],
            [
              94.65977980978951,
              25.500271236206956
            ],
            [
              94.65952728930094,
              25.500422591163094
            ],
            [
              94.6592908201475,
              25.500597968639912
            ],
            [
              94.65907267965643,
              25.50079567965644
            ],
            [
              94.6588749686399,
              25.50101382014751
            ],
            [
              94.65869959116309,
              25.50125028930094
            ],
            [
              94.65854823620695,
              25.50150280978952
            ],
            [
              94.65842236140246,
              25.501768949702903
            ],
            [
              94.6583231789928,
              25.502046145968237
            ],
            [
              94.65825164415878,
              25.50233172903395
            ],
            [
              94.65820844581998,
              25.50262294857901
            ],
            [
              94.658194,
              25.502917
            ],
            [
              94.65820844581998,
              25.50321105142099
            ],
            [
              94.65825164415878,
              25.50350227096605
            ],
            [
              94.6583231789928,
              25.503787854031764
            ],
            [
              94.65842236140246,
              25.504065050297097
            ],
            [
              94.65854823620695,
              25.50433119021048
            ],
            [
              94.65869959116309,
              25.50458371069906
            ],
            [
              94.6588749686399,
              25.50482017985249
            ],
            [
              94.65907267965643,
              25.50503832034356
            ],
            [
              94.6592908201475,
              25.505236031360088
            ],
            [
              94.65952728930094,
              25.505411408836906
            ],
            [
              94.65977980978951,
              25.505562763793044
            ],
            [
              94.6600459497029,
              25.505688638597533
            ],
            [
              94.66032314596823,
              25.505787821007196
            ],
            [
              94.66060872903395,
              25.50585935584121
            ],
            [
              94.660899948579,
              25.505902554180018
            ],
            [
              94.661194,
              25.505917
            ],
            [
              94.66148805142099,
              25.505902554180018
            ],
            [
              94.66177927096604,
              25.50585935584121
            ],
            [
              94.66206485403175,
              25.505787821007196
            ],
            [
              94.66234205029708,
              25.505688638597533
            ],
            [
              94.66260819021048,
              25.505562763793044
            ],
            [
              94.66286071069905,
              25.505411408836906
            ],
            [
              94.66309717985249,
              25.505236031360088
            ],
            [
              94.66331532034356,
              25.50503832034356
            ],
            [
              94.66351303136008,
              25.50482017985249
            ],
            [
              94.6636884088369,
              25.50458371069906
            ],
            [
              94.66383976379304,
              25.50433119021048
            ],
            [
              94.66396563859753,
              25.504065050297097
            ],
            [
              94.66406482100719,
              25.503787854031764
            ],
            [
              94.66413635584121,
              25.50350227096605
            ],
            [
              94.66417955418001,
              25.50321105142099
            ],
            [
              94.664194,
              25.502917
            ]
          ]
        ]
      }
    },
    {
      "type": "Feature",
      "properties": {
        "landslide_id": "UNKNOWN_ID",
        "zone_name": "Landslide Zone (Phek)",
        "state": "Nagaland",
        "district": "Phek",
        "hazard_type": "LANDSLIDE",
        "risk_level": "HIGH",
        "historical_event_count": 1
      },
      "geometry": {
        "type": "Polygon",
        "coordinates": [
          [
            [
              94.664194,
              25.502583
            ],
            [
              94.66417955418001,
              25.50228894857901
            ],
            [
              94.66413635584121,
              25.501997729033953
            ],
            [
              94.66406482100719,
              25.501712145968238
            ],
            [
              94.66396563859753,
              25.501434949702904
            ],
            [
              94.66383976379304,
              25.501168809789522
            ],
            [
              94.6636884088369,
              25.500916289300942
            ],
            [
              94.66351303136008,
              25.50067982014751
            ],
            [
              94.66331532034356,
              25.500461679656443
            ],
            [
              94.66309717985249,
              25.500263968639914
            ],
            [
              94.66286071069905,
              25.500088591163095
            ],
            [
              94.66260819021048,
              25.499937236206957
            ],
            [
              94.66234205029708,
              25.499811361402468
            ],
            [
              94.66206485403175,
              25.499712178992805
            ],
            [
              94.66177927096604,
              25.49964064415879
            ],
            [
              94.66148805142099,
              25.499597445819983
            ],
            [
              94.661194,
              25.499583
            ],
            [
              94.660899948579,
              25.499597445819983
            ],
            [
              94.66060872903395,
              25.49964064415879
            ],
            [
              94.66032314596823,
              25.499712178992805
            ],
            [
              94.6600459497029,
              25.499811361402468
            ],
            [
              94.65977980978951,
              25.499937236206957
            ],
            [
              94.65952728930094,
              25.500088591163095
            ],
            [
              94.6592908201475,
              25.500263968639914
            ],
            [
              94.65907267965643,
              25.500461679656443
            ],
            [
              94.6588749686399,
              25.50067982014751
            ],
            [
              94.65869959116309,
              25.500916289300942
            ],
            [
              94.65854823620695,
              25.501168809789522
            ],
            [
              94.65842236140246,
              25.501434949702904
            ],
            [
              94.6583231789928,
              25.501712145968238
            ],
            [
              94.65825164415878,
              25.501997729033953
            ],
            [
              94.65820844581998,
              25.50228894857901
            ],
            [
              94.658194,
              25.502583
            ],
            [
              94.65820844581998,
              25.50287705142099
            ],
            [
              94.65825164415878,
              25.50316827096605
            ],
            [
              94.6583231789928,
              25.503453854031765
            ],
            [
              94.65842236140246,
              25.503731050297098
            ],
            [
              94.65854823620695,
              25.50399719021048
            ],
            [
              94.65869959116309,
              25.50424971069906
            ],
            [
              94.6588749686399,
              25.504486179852492
            ],
            [
              94.65907267965643,
              25.50470432034356
            ],
            [
              94.6592908201475,
              25.50490203136009
            ],
            [
              94.65952728930094,
              25.505077408836907
            ],
            [
              94.65977980978951,
              25.505228763793045
            ],
            [
              94.6600459497029,
              25.505354638597534
            ],
            [
              94.66032314596823,
              25.505453821007197
            ],
            [
              94.66060872903395,
              25.50552535584121
            ],
            [
              94.660899948579,
              25.50556855418002
            ],
            [
              94.661194,
              25.505583
            ],
            [
              94.66148805142099,
              25.50556855418002
            ],
            [
              94.66177927096604,
              25.50552535584121
            ],
            [
              94.66206485403175,
              25.505453821007197
            ],
            [
              94.66234205029708,
              25.505354638597534
            ],
            [
              94.66260819021048,
              25.505228763793045
            ],
            [
              94.66286071069905,
              25.505077408836907
            ],
            [
              94.66309717985249,
              25.50490203136009
            ],
            [
              94.66331532034356,
              25.50470432034356
            ],
            [
              94.66351303136008,
              25.504486179852492
            ],
            [
              94.6636884088369,
              25.50424971069906
            ],
            [
              94.66383976379304,
              25.50399719021048
            ],
            [
              94.66396563859753,
              25.503731050297098
            ],
            [
              94.66406482100719,
              25.503453854031765
            ],
            [
              94.66413635584121,
              25.50316827096605
            ],
            [
              94.66417955418001,
              25.50287705142099
            ],
            [
              94.664194,
              25.502583
            ]
          ]
        ]
      }
    },
    {
      "type": "Feature",
      "properties": {
        "landslide_id": "UNKNOWN_ID",
        "zone_name": "Landslide Zone (Phek)",
        "state": "Nagaland",
        "district": "Phek",
        "hazard_type": "LANDSLIDE",
        "risk_level": "HIGH",
        "historical_event_count": 1
      },
      "geometry": {
        "type": "Polygon",
        "coordinates": [
          [
            [
              94.656806,
              25.505833
            ],
            [
              94.65679155418002,
              25.50553894857901
            ],
            [
              94.65674835584122,
              25.50524772903395
            ],
            [
              94.6566768210072,
              25.504962145968236
            ],
            [
              94.65657763859754,
              25.504684949702902
            ],
            [
              94.65645176379304,
              25.50441880978952
            ],
            [
              94.65630040883691,
              25.50416628930094
            ],
            [
              94.65612503136009,
              25.50392982014751
            ],
            [
              94.65592732034357,
              25.50371167965644
            ],
            [
              94.6557091798525,
              25.50351396863991
            ],
            [
              94.65547271069906,
              25.503338591163093
            ],
            [
              94.65522019021049,
              25.503187236206955
            ],
            [
              94.65495405029709,
              25.503061361402466
            ],
            [
              94.65467685403176,
              25.502962178992803
            ],
            [
              94.65439127096604,
              25.50289064415879
            ],
            [
              94.654100051421,
              25.50284744581998
            ],
            [
              94.653806,
              25.502833
            ],
            [
              94.65351194857901,
              25.50284744581998
            ],
            [
              94.65322072903396,
              25.50289064415879
            ],
            [
              94.65293514596824,
              25.502962178992803
            ],
            [
              94.65265794970291,
              25.503061361402466
            ],
            [
              94.65239180978952,
              25.503187236206955
            ],
            [
              94.65213928930095,
              25.503338591163093
            ],
            [
              94.65190282014751,
              25.50351396863991
            ],
            [
              94.65168467965644,
              25.50371167965644
            ],
            [
              94.65148696863992,
              25.50392982014751
            ],
            [
              94.6513115911631,
              25.50416628930094
            ],
            [
              94.65116023620696,
              25.50441880978952
            ],
            [
              94.65103436140247,
              25.504684949702902
            ],
            [
              94.65093517899281,
              25.504962145968236
            ],
            [
              94.65086364415879,
              25.50524772903395
            ],
            [
              94.65082044581999,
              25.50553894857901
            ],
            [
              94.650806,
              25.505833
            ],
            [
              94.65082044581999,
              25.50612705142099
            ],
            [
              94.65086364415879,
              25.506418270966048
            ],
            [
              94.65093517899281,
              25.506703854031763
            ],
            [
              94.65103436140247,
              25.506981050297096
            ],
            [
              94.65116023620696,
              25.507247190210478
            ],
            [
              94.6513115911631,
              25.507499710699058
            ],
            [
              94.65148696863992,
              25.50773617985249
            ],
            [
              94.65168467965644,
              25.507954320343558
            ],
            [
              94.65190282014751,
              25.508152031360087
            ],
            [
              94.65213928930095,
              25.508327408836905
            ],
            [
              94.65239180978952,
              25.508478763793043
            ],
            [
              94.65265794970291,
              25.508604638597532
            ],
            [
              94.65293514596824,
              25.508703821007195
            ],
            [
              94.65322072903396,
              25.50877535584121
            ],
            [
              94.65351194857901,
              25.508818554180017
            ],
            [
              94.653806,
              25.508833
            ],
            [
              94.654100051421,
              25.508818554180017
            ],
            [
              94.65439127096604,
              25.50877535584121
            ],
            [
              94.65467685403176,
              25.508703821007195
            ],
            [
              94.65495405029709,
              25.508604638597532
            ],
            [
              94.65522019021049,
              25.508478763793043
            ],
            [
              94.65547271069906,
              25.508327408836905
            ],
            [
              94.6557091798525,
              25.508152031360087
            ],
            [
              94.65592732034357,
              25.507954320343558
            ],
            [
              94.65612503136009,
              25.50773617985249
            ],
            [
              94.65630040883691,
              25.507499710699058
            ],
            [
              94.65645176379304,
              25.507247190210478
            ],
            [
              94.65657763859754,
              25.506981050297096
            ],
            [
              94.6566768210072,
              25.506703854031763
            ],
            [
              94.65674835584122,
              25.506418270966048
            ],
            [
              94.65679155418002,
              25.50612705142099
            ],
            [
              94.656806,
              25.505833
            ]
          ]
        ]
      }
    },
    {
      "type": "Feature",
      "properties": {
        "landslide_id": "UNKNOWN_ID",
        "zone_name": "Landslide Zone (Phek)",
        "state": "Nagaland",
        "district": "Phek",
        "hazard_type": "LANDSLIDE",
        "risk_level": "HIGH",
        "historical_event_count": 1
      },
      "geometry": {
        "type": "Polygon",
        "coordinates": [
          [
            [
              94.664028,
              25.507611
            ],
            [
              94.66401355418002,
              25.50731694857901
            ],
            [
              94.66397035584122,
              25.507025729033952
            ],
            [
              94.6638988210072,
              25.506740145968237
            ],
            [
              94.66379963859754,
              25.506462949702904
            ],
            [
              94.66367376379304,
              25.50619680978952
            ],
            [
              94.66352240883691,
              25.505944289300942
            ],
            [
              94.66334703136009,
              25.50570782014751
            ],
            [
              94.66314932034356,
              25.505489679656442
            ],
            [
              94.66293117985249,
              25.505291968639913
            ],
            [
              94.66269471069906,
              25.505116591163095
            ],
            [
              94.66244219021048,
              25.504965236206957
            ],
            [
              94.66217605029709,
              25.504839361402468
            ],
            [
              94.66189885403176,
              25.504740178992805
            ],
            [
              94.66161327096604,
              25.50466864415879
            ],
            [
              94.661322051421,
              25.504625445819983
            ],
            [
              94.661028,
              25.504611
            ],
            [
              94.66073394857901,
              25.504625445819983
            ],
            [
              94.66044272903396,
              25.50466864415879
            ],
            [
              94.66015714596824,
              25.504740178992805
            ],
            [
              94.65987994970291,
              25.504839361402468
            ],
            [
              94.65961380978952,
              25.504965236206957
            ],
            [
              94.65936128930095,
              25.505116591163095
            ],
            [
              94.65912482014751,
              25.505291968639913
            ],
            [
              94.65890667965644,
              25.505489679656442
            ],
            [
              94.65870896863991,
              25.50570782014751
            ],
            [
              94.65853359116309,
              25.505944289300942
            ],
            [
              94.65838223620696,
              25.50619680978952
            ],
            [
              94.65825636140247,
              25.506462949702904
            ],
            [
              94.65815717899281,
              25.506740145968237
            ],
            [
              94.65808564415879,
              25.507025729033952
            ],
            [
              94.65804244581999,
              25.50731694857901
            ],
            [
              94.658028,
              25.507611
            ],
            [
              94.65804244581999,
              25.50790505142099
            ],
            [
              94.65808564415879,
              25.50819627096605
            ],
            [
              94.65815717899281,
              25.508481854031764
            ],
            [
              94.65825636140247,
              25.508759050297098
            ],
            [
              94.65838223620696,
              25.50902519021048
            ],
            [
              94.65853359116309,
              25.50927771069906
            ],
            [
              94.65870896863991,
              25.50951417985249
            ],
            [
              94.65890667965644,
              25.50973232034356
            ],
            [
              94.65912482014751,
              25.50993003136009
            ],
            [
              94.65936128930095,
              25.510105408836907
            ],
            [
              94.65961380978952,
              25.510256763793045
            ],
            [
              94.65987994970291,
              25.510382638597534
            ],
            [
              94.66015714596824,
              25.510481821007197
            ],
            [
              94.66044272903396,
              25.51055335584121
            ],
            [
              94.66073394857901,
              25.51059655418002
            ],
            [
              94.661028,
              25.510611
            ],
            [
              94.661322051421,
              25.51059655418002
            ],
            [
              94.66161327096604,
              25.51055335584121
            ],
            [
              94.66189885403176,
              25.510481821007197
            ],
            [
              94.66217605029709,
              25.510382638597534
            ],
            [
              94.66244219021048,
              25.510256763793045
            ],
            [
              94.66269471069906,
              25.510105408836907
            ],
            [
              94.66293117985249,
              25.50993003136009
            ],
            [
              94.66314932034356,
              25.50973232034356
            ],
            [
              94.66334703136009,
              25.50951417985249
            ],
            [
              94.66352240883691,
              25.50927771069906
            ],
            [
              94.66367376379304,
              25.50902519021048
            ],
            [
              94.66379963859754,
              25.508759050297098
            ],
            [
              94.6638988210072,
              25.508481854031764
            ],
            [
              94.66397035584122,
              25.50819627096605
            ],
            [
              94.66401355418002,
              25.50790505142099
            ],
            [
              94.664028,
              25.507611
            ]
          ]
        ]
      }
    },
    {
      "type": "Feature",
      "properties": {
        "landslide_id": "UNKNOWN_ID",
        "zone_name": "Landslide Zone (Phek)",
        "state": "Nagaland",
        "district": "Phek",
        "hazard_type": "LANDSLIDE",
        "risk_level": "HIGH",
        "historical_event_count": 1
      },
      "geometry": {
        "type": "Polygon",
        "coordinates": [
          [
            [
              94.611,
              25.562667
            ],
            [
              94.61098555418002,
              25.56237294857901
            ],
            [
              94.61094235584122,
              25.562081729033952
            ],
            [
              94.6108708210072,
              25.561796145968238
            ],
            [
              94.61077163859754,
              25.561518949702904
            ],
            [
              94.61064576379304,
              25.561252809789522
            ],
            [
              94.61049440883691,
              25.561000289300942
            ],
            [
              94.61031903136009,
              25.56076382014751
            ],
            [
              94.61012132034357,
              25.560545679656443
            ],
            [
              94.6099031798525,
              25.560347968639913
            ],
            [
              94.60966671069906,
              25.560172591163095
            ],
            [
              94.60941419021049,
              25.560021236206957
            ],
            [
              94.6091480502971,
              25.559895361402468
            ],
            [
              94.60887085403176,
              25.559796178992805
            ],
            [
              94.60858527096605,
              25.55972464415879
            ],
            [
              94.608294051421,
              25.559681445819983
            ],
            [
              94.608,
              25.559667
            ],
            [
              94.60770594857901,
              25.559681445819983
            ],
            [
              94.60741472903396,
              25.55972464415879
            ],
            [
              94.60712914596824,
              25.559796178992805
            ],
            [
              94.60685194970291,
              25.559895361402468
            ],
            [
              94.60658580978952,
              25.560021236206957
            ],
            [
              94.60633328930095,
              25.560172591163095
            ],
            [
              94.60609682014751,
              25.560347968639913
            ],
            [
              94.60587867965644,
              25.560545679656443
            ],
            [
              94.60568096863992,
              25.56076382014751
            ],
            [
              94.6055055911631,
              25.561000289300942
            ],
            [
              94.60535423620696,
              25.561252809789522
            ],
            [
              94.60522836140247,
              25.561518949702904
            ],
            [
              94.60512917899281,
              25.561796145968238
            ],
            [
              94.60505764415879,
              25.562081729033952
            ],
            [
              94.60501444581999,
              25.56237294857901
            ],
            [
              94.605,
              25.562667
            ],
            [
              94.60501444581999,
              25.56296105142099
            ],
            [
              94.60505764415879,
              25.56325227096605
            ],
            [
              94.60512917899281,
              25.563537854031765
            ],
            [
              94.60522836140247,
              25.563815050297098
            ],
            [
              94.60535423620696,
              25.56408119021048
            ],
            [
              94.6055055911631,
              25.56433371069906
            ],
            [
              94.60568096863992,
              25.564570179852492
            ],
            [
              94.60587867965644,
              25.56478832034356
            ],
            [
              94.60609682014751,
              25.56498603136009
            ],
            [
              94.60633328930095,
              25.565161408836907
            ],
            [
              94.60658580978952,
              25.565312763793045
            ],
            [
              94.60685194970291,
              25.565438638597534
            ],
            [
              94.60712914596824,
              25.565537821007197
            ],
            [
              94.60741472903396,
              25.56560935584121
            ],
            [
              94.60770594857901,
              25.56565255418002
            ],
            [
              94.608,
              25.565667
            ],
            [
              94.608294051421,
              25.56565255418002
            ],
            [
              94.60858527096605,
              25.56560935584121
            ],
            [
              94.60887085403176,
              25.565537821007197
            ],
            [
              94.6091480502971,
              25.565438638597534
            ],
            [
              94.60941419021049,
              25.565312763793045
            ],
            [
              94.60966671069906,
              25.565161408836907
            ],
            [
              94.6099031798525,
              25.56498603136009
            ],
            [
              94.61012132034357,
              25.56478832034356
            ],
            [
              94.61031903136009,
              25.564570179852492
            ],
            [
              94.61049440883691,
              25.56433371069906
            ],
            [
              94.61064576379304,
              25.56408119021048
            ],
            [
              94.61077163859754,
              25.563815050297098
            ],
            [
              94.6108708210072,
              25.563537854031765
            ],
            [
              94.61094235584122,
              25.56325227096605
            ],
            [
              94.61098555418002,
              25.56296105142099
            ],
            [
              94.611,
              25.562667
            ]
          ]
        ]
      }
    },
    {
      "type": "Feature",
      "properties": {
        "landslide_id": "UNKNOWN_ID",
        "zone_name": "Landslide Zone (Phek)",
        "state": "Nagaland",
        "district": "Phek",
        "hazard_type": "LANDSLIDE",
        "risk_level": "HIGH",
        "historical_event_count": 1
      },
      "geometry": {
        "type": "Polygon",
        "coordinates": [
          [
            [
              94.630306,
              25.581333
            ],
            [
              94.63029155418002,
              25.58103894857901
            ],
            [
              94.63024835584122,
              25.580747729033952
            ],
            [
              94.6301768210072,
              25.580462145968237
            ],
            [
              94.63007763859754,
              25.580184949702904
            ],
            [
              94.62995176379304,
              25.579918809789522
            ],
            [
              94.62980040883691,
              25.579666289300942
            ],
            [
              94.62962503136009,
              25.57942982014751
            ],
            [
              94.62942732034357,
              25.579211679656442
            ],
            [
              94.6292091798525,
              25.579013968639913
            ],
            [
              94.62897271069906,
              25.578838591163095
            ],
            [
              94.62872019021049,
              25.578687236206957
            ],
            [
              94.6284540502971,
              25.578561361402468
            ],
            [
              94.62817685403176,
              25.578462178992805
            ],
            [
              94.62789127096605,
              25.57839064415879
            ],
            [
              94.627600051421,
              25.578347445819983
            ],
            [
              94.627306,
              25.578333
            ],
            [
              94.62701194857901,
              25.578347445819983
            ],
            [
              94.62672072903396,
              25.57839064415879
            ],
            [
              94.62643514596824,
              25.578462178992805
            ],
            [
              94.62615794970291,
              25.578561361402468
            ],
            [
              94.62589180978952,
              25.578687236206957
            ],
            [
              94.62563928930095,
              25.578838591163095
            ],
            [
              94.62540282014751,
              25.579013968639913
            ],
            [
              94.62518467965644,
              25.579211679656442
            ],
            [
              94.62498696863992,
              25.57942982014751
            ],
            [
              94.6248115911631,
              25.579666289300942
            ],
            [
              94.62466023620696,
              25.579918809789522
            ],
            [
              94.62453436140247,
              25.580184949702904
            ],
            [
              94.62443517899281,
              25.580462145968237
            ],
            [
              94.62436364415879,
              25.580747729033952
            ],
            [
              94.62432044581999,
              25.58103894857901
            ],
            [
              94.624306,
              25.581333
            ],
            [
              94.62432044581999,
              25.58162705142099
            ],
            [
              94.62436364415879,
              25.58191827096605
            ],
            [
              94.62443517899281,
              25.582203854031764
            ],
            [
              94.62453436140247,
              25.582481050297098
            ],
            [
              94.62466023620696,
              25.58274719021048
            ],
            [
              94.6248115911631,
              25.58299971069906
            ],
            [
              94.62498696863992,
              25.58323617985249
            ],
            [
              94.62518467965644,
              25.58345432034356
            ],
            [
              94.62540282014751,
              25.58365203136009
            ],
            [
              94.62563928930095,
              25.583827408836907
            ],
            [
              94.62589180978952,
              25.583978763793045
            ],
            [
              94.62615794970291,
              25.584104638597534
            ],
            [
              94.62643514596824,
              25.584203821007197
            ],
            [
              94.62672072903396,
              25.58427535584121
            ],
            [
              94.62701194857901,
              25.58431855418002
            ],
            [
              94.627306,
              25.584333
            ],
            [
              94.627600051421,
              25.58431855418002
            ],
            [
              94.62789127096605,
              25.58427535584121
            ],
            [
              94.62817685403176,
              25.584203821007197
            ],
            [
              94.6284540502971,
              25.584104638597534
            ],
            [
              94.62872019021049,
              25.583978763793045
            ],
            [
              94.62897271069906,
              25.583827408836907
            ],
            [
              94.6292091798525,
              25.58365203136009
            ],
            [
              94.62942732034357,
              25.58345432034356
            ],
            [
              94.62962503136009,
              25.58323617985249
            ],
            [
              94.62980040883691,
              25.58299971069906
            ],
            [
              94.62995176379304,
              25.58274719021048
            ],
            [
              94.63007763859754,
              25.582481050297098
            ],
            [
              94.6301768210072,
              25.582203854031764
            ],
            [
              94.63024835584122,
              25.58191827096605
            ],
            [
              94.63029155418002,
              25.58162705142099
            ],
            [
              94.630306,
              25.581333
            ]
          ]
        ]
      }
    },
    {
      "type": "Feature",
      "properties": {
        "landslide_id": "UNKNOWN_ID",
        "zone_name": "Landslide Zone (Phek)",
        "state": "Nagaland",
        "district": "Phek",
        "hazard_type": "LANDSLIDE",
        "risk_level": "HIGH",
        "historical_event_count": 1
      },
      "geometry": {
        "type": "Polygon",
        "coordinates": [
          [
            [
              94.631472,
              25.5925
            ],
            [
              94.63145755418002,
              25.59220594857901
            ],
            [
              94.63141435584122,
              25.591914729033952
            ],
            [
              94.6313428210072,
              25.591629145968238
            ],
            [
              94.63124363859754,
              25.591351949702904
            ],
            [
              94.63111776379304,
              25.591085809789522
            ],
            [
              94.63096640883691,
              25.590833289300942
            ],
            [
              94.63079103136009,
              25.59059682014751
            ],
            [
              94.63059332034356,
              25.590378679656443
            ],
            [
              94.63037517985249,
              25.590180968639913
            ],
            [
              94.63013871069906,
              25.590005591163095
            ],
            [
              94.62988619021048,
              25.589854236206957
            ],
            [
              94.62962005029709,
              25.589728361402468
            ],
            [
              94.62934285403176,
              25.589629178992805
            ],
            [
              94.62905727096604,
              25.58955764415879
            ],
            [
              94.628766051421,
              25.589514445819983
            ],
            [
              94.628472,
              25.5895
            ],
            [
              94.62817794857901,
              25.589514445819983
            ],
            [
              94.62788672903396,
              25.58955764415879
            ],
            [
              94.62760114596824,
              25.589629178992805
            ],
            [
              94.62732394970291,
              25.589728361402468
            ],
            [
              94.62705780978952,
              25.589854236206957
            ],
            [
              94.62680528930095,
              25.590005591163095
            ],
            [
              94.62656882014751,
              25.590180968639913
            ],
            [
              94.62635067965644,
              25.590378679656443
            ],
            [
              94.62615296863991,
              25.59059682014751
            ],
            [
              94.62597759116309,
              25.590833289300942
            ],
            [
              94.62582623620696,
              25.591085809789522
            ],
            [
              94.62570036140247,
              25.591351949702904
            ],
            [
              94.62560117899281,
              25.591629145968238
            ],
            [
              94.62552964415879,
              25.591914729033952
            ],
            [
              94.62548644581999,
              25.59220594857901
            ],
            [
              94.625472,
              25.5925
            ],
            [
              94.62548644581999,
              25.59279405142099
            ],
            [
              94.62552964415879,
              25.59308527096605
            ],
            [
              94.62560117899281,
              25.593370854031765
            ],
            [
              94.62570036140247,
              25.593648050297098
            ],
            [
              94.62582623620696,
              25.59391419021048
            ],
            [
              94.62597759116309,
              25.59416671069906
            ],
            [
              94.62615296863991,
              25.594403179852492
            ],
            [
              94.62635067965644,
              25.59462132034356
            ],
            [
              94.62656882014751,
              25.59481903136009
            ],
            [
              94.62680528930095,
              25.594994408836907
            ],
            [
              94.62705780978952,
              25.595145763793045
            ],
            [
              94.62732394970291,
              25.595271638597534
            ],
            [
              94.62760114596824,
              25.595370821007197
            ],
            [
              94.62788672903396,
              25.59544235584121
            ],
            [
              94.62817794857901,
              25.59548555418002
            ],
            [
              94.628472,
              25.5955
            ],
            [
              94.628766051421,
              25.59548555418002
            ],
            [
              94.62905727096604,
              25.59544235584121
            ],
            [
              94.62934285403176,
              25.595370821007197
            ],
            [
              94.62962005029709,
              25.595271638597534
            ],
            [
              94.62988619021048,
              25.595145763793045
            ],
            [
              94.63013871069906,
              25.594994408836907
            ],
            [
              94.63037517985249,
              25.59481903136009
            ],
            [
              94.63059332034356,
              25.59462132034356
            ],
            [
              94.63079103136009,
              25.594403179852492
            ],
            [
              94.63096640883691,
              25.59416671069906
            ],
            [
              94.63111776379304,
              25.59391419021048
            ],
            [
              94.63124363859754,
              25.593648050297098
            ],
            [
              94.6313428210072,
              25.593370854031765
            ],
            [
              94.63141435584122,
              25.59308527096605
            ],
            [
              94.63145755418002,
              25.59279405142099
            ],
            [
              94.631472,
              25.5925
            ]
          ]
        ]
      }
    }
  ]
}